Initiative_ID,Initiative_Name,Topic,Sub_Topic,Description,Why_Benefit,How_Text,KPI,Sector_Included,Sector_Not_Included,Source_Old_Initiative,Value_Card_Slots,Has_Case,Source_Workbook,Source_Sheet,Source_Row
INIT-0001,Adopt a net-zero buildings plan,Energy & Buildings,Buildings & Refrigerants & Fugitive Emissions,"Set the portfolio baseline, target pathway, technology sequence, governance, budget envelope and review cadence for buildings. This is a portfolio plan, not a substitute for individual measures.","Hospitality estates are energy-intensive, operate long hours and renew assets in recurring cycles. A costed portfolio plan sequences measures around refurbishments and replacements, reduces stranded capex and gives operators a credible path for investors, clients and customers.","1) Define ownership/lease boundary. 2) Baseline energy, refrigerants and capex cycles. 3) Model measure bundles and dependencies. 4) Approve annual portfolio roadmap. 5) Refresh with measured performance.","% of controlled floor area covered by an approved, costed pathway; % of annual pathway actions delivered on time; forecast portfolio tCO2e variance to pathway","Restaurants, QSRs, Pubs/Bars/Breweries, Hotels, Experiential Leisure; Contract Caterers only where delegated asset/capital control is documented","Exclude sites where the operator does not control the relevant asset, utility, specification or capital decision.",Adopt a net-zero buildings plan,4,YES,Consolidate.xlsx,工作表1,2
INIT-0002,Measure and verify building energy performance,Energy & Buildings,Buildings & Refrigerants & Fugitive Emissions,"Establish adjusted baselines and compare post-implementation energy, cost and carbon performance with forecast outcomes. Meter installation and BEMS control remain separate initiatives.","Thin margins and changing occupancy, trading hours and weather can make projected savings difficult to trust. Normalised measurement verifies which projects actually reduce bills and carbon, strengthens future investment cases and protects supplier performance guarantees.",Define baseline period and adjustment variables; record meter boundaries; verify installation; compare like-for-like post-period data; investigate variance; lock the approved result and evidence trail.,"% of completed measures with an approved baseline and 12-month verification; verified annual kWh, £ and tCO2e saving; forecast-to-realised saving variance (%)","Restaurants, QSRs, Pubs/Bars/Breweries, Hotels, Contract Caterers, Experiential Leisure",Exclude sites without sufficient interval or billing data until a baseline can be established.,,4,YES,Consolidate.xlsx,工作表1,3
INIT-0003,Optimise and upgrade HVAC systems and controls,Energy & Buildings,Buildings & Refrigerants & Fugitive Emissions,"Follow a repair-before-replace pathway: recommission sensors, valves, actuators, setpoints and sequencing to restore intended HVAC performance; replace chillers, air-handling units or packaged plant only where equipment is end-of-life, unreliable, incorrectly sized or materially less efficient than suitable modern alternatives.","A staged HVAC approach protects guest comfort and operational continuity while avoiding premature capital replacement. Recommissioning removes control-related waste at relatively low cost, while planned replacement of inefficient or unreliable plant can reduce energy exposure, emergency capex and service disruption.","Survey plant, controls, loads and fault history; correct sensor, valve and sequencing faults first; compare continued repair, recommissioning and replacement; right-size and procure efficient plant where justified; commission and verify comfort, ventilation and energy performance.","% of eligible HVAC capacity recommissioned or upgraded; seasonal plant efficiency (COP, SCOP or boiler efficiency); weather-adjusted HVAC kWh and tCO2e saved; comfort complaints or hours outside setpoint","Restaurants, QSRs, Pubs/Bars/Breweries, Hotels, Experiential Leisure; Contract Caterers only where delegated asset/capital control is documented","Exclude sites where the operator does not control the relevant asset, utility, specification or capital decision.",Install energy efficient HVAC systems,4,YES,Consolidate.xlsx,工作表1,4
INIT-0004,Install smart draught beverage dispense systems,Energy & Buildings,Energy Management,"Replace standard draught lines with a closed, continuously cooled keg-to-tap system combining insulated product lines, secondary gas control, foam management, efficient cooling and scheduled professional cleaning. The system maintains consistent beer and cider temperature, reduces fobbing and extends line-cleaning intervals from weekly to every 6–12 weeks.","Beer, water, dispense gas and cleaning chemicals are lost during line cleaning, while temperature hot spots increase foam, waste and inconsistent serves. Smart dispense systems reduce these losses, release staff time, improve saleable yield and protect drink quality and repeat sales.","Measure draught volume, taps, cleaning frequency, wastage and cellar energy; select a cellar-, bar- or underbar system; survey line routes and cooling; install insulated cooled lines, controls and compatible dispense equipment; train staff on keg changes, hygiene and perfect-pour routines; move to supplier-managed 6- or 12-week cleaning; track yield, water, energy, quality and sales.",Saleable draught yield (% of keg volume); cleaning loss (pints/tap/year) and cleaning labour (hours/tap/year); cellar cooling kWh/tap; sales £/tap and dispense-quality complaints,"Pubs, bars and breweries; restaurants, hotels, experiential leisure and contract caterers operating draught beer or cider","Sites without draught beer or cider service, including most QSR; concession sites without control of dispense equipment",Implement Smart Dispense Systems,4,YES,Consolidate.xlsx,工作表1,5
INIT-0005,Install timer controls across eligible equipment,Energy & Buildings,Buildings & Refrigerants & Fugitive Emissions,"Use plug-in timers, fused-spur timers, run-back timers, time clocks or BMS schedules to match equipment operation to trading hours and real demand. Suitable applications include domestic hot water, space heating, kitchen extraction, cellar remote coolers, pool and whirlpool blowers or pumps, exterior and back-of-house lighting, dishwashers, glasswashers, cutlery polishers, coffee machines, vending and other ancillary plug loads. Controls should retain required pre-heat, post-run and manual-boost periods.","A low-cost control measure that removes out-of-hours energy use without replacing serviceable equipment. It can reduce utility bills and emissions quickly, standardise opening and closing routines across sites, and provide a scalable first step before higher-capex equipment upgrades.","Inventory equipment and operating hours; identify avoidable out-of-hours runtime; classify critical and timer-eligible loads; select controls with the correct load rating and switching arrangement; pilot schedules against service needs; retain pre-heat, post-run and manual override; verify food temperatures, hot-water hygiene, ventilation and guest comfort; monitor overrides and roll out successful settings across the estate.",% of eligible equipment under automatic time control; out-of-hours runtime and kWh by equipment category; annual £ and tCO2e saving; override or exception rate,"Restaurants; QSR; pubs, bars and breweries; contract caterers with control of site equipment; hotels; experiential leisure","Life-safety, security and IT systems; food-storage refrigeration compressors without validated smart controls; 24/7 guest-critical loads; equipment without a safe shutdown sequence or asset-control rights","Install timer controls on domestic hot-water boilers; Roll out equipment timers across boilers, refrigeration and kitchen equipment",4,YES,Consolidate.xlsx,工作表1,6
INIT-0006,"Optimise fans and pumps with variable-speed drives, efficient motors and demand controls",Energy & Buildings,Buildings & Refrigerants & Fugitive Emissions,"Fit high-efficiency motors and variable-speed drives to eligible fans and pumps, and add temperature, optical, air-quality or flow sensing where commercial kitchen extract and make-up air should follow cooking demand. This is a component and controls measure, not whole-HVAC replacement.","Fans, pumps and kitchen extract often run at peak output despite variable hospitality demand. Matching motor and ventilation output to actual load reduces electricity, mechanical wear, noise and conditioned-air losses without compromising ventilation, circulation, food safety or customer comfort.","Profile fan and pump load and run hours; identify throttle/damper control and kitchen demand patterns; verify motor, hood and fire-safety compatibility; install VSDs, efficient motors and sensors; balance extract/make-up air and tune minimum speeds; commission across operating modes; verify kWh and service performance.",% of eligible variable-load motor kW under VSD or efficient-motor control; % of eligible kitchens with demand-controlled ventilation; fan and pump kWh per operating hour; annual kWh and tCO2e saved,"Restaurants, QSRs, Pubs/Bars/Breweries, Hotels, Contract Caterers, Experiential Leisure; kitchen demand controls apply only where commercial kitchens and relevant asset/control rights exist","Fixed-speed or process-critical loads where compatibility, duty profile or run hours do not support variable control; sites without commercial kitchens for DCKV; sites where the operator cannot modify ventilation or motor controls.",Use intelligent kitchen extract systems,4,YES,Consolidate.xlsx,工作表1,7
INIT-0007,"Recover and reuse waste heat from refrigeration, cooking or wastewater",Energy & Buildings,Buildings & Refrigerants & Fugitive Emissions,"Capture useful heat from process refrigeration, cooking or wastewater and transfer it to a coincident hot-water or space-heating load. Ventilation heat recovery is excluded.","Hospitality sites frequently reject heat from refrigeration, cooking or wastewater while simultaneously buying energy for hot water or space heating. Recovering this heat lowers boiler or electric demand, reduces plant stress and improves the value of existing equipment.",Map heat sources and temperature; map coincident heat sinks; model seasonal match; design heat exchanger/storage; protect hygiene; meter heat delivered and displaced fuel.,Recovered heat delivered (kWhth/year); useful-heat utilisation (% of available recovered heat); displaced gas or electricity kWh and £; tCO2e avoided,"Restaurants, QSRs, Pubs/Bars/Breweries, Hotels, Contract Caterers, Experiential Leisure","Sites without a stable heat source and coincident heat demand, or without asset/pipework control.",Recover and reuse commercial heat,4,YES,Consolidate.xlsx,工作表1,8
INIT-0008,Upgrade boiler burner controls and balance heat-distribution systems,Energy & Buildings,Buildings & Refrigerants & Fugitive Emissions,"Improve retained boiler performance through burner/combustion controls, turndown, hydraulic balancing, pipe insulation and maintenance. Excludes boiler replacement and generic HVAC scheduling.",Retained gas boilers commonly cycle and operate inefficiently at part load. Better burner control and balanced distribution reduce fuel waste and breakdown risk while extracting more value from assets that are not yet due for replacement.,Complete combustion and distribution survey; measure excess air/cycling; balance circuits; upgrade compatible controls; insulate exposed distribution; recommission and verify gas use.,"Combustion efficiency (%); boiler starts or cycles per operating hour; heat-distribution temperature or balance variance; weather-adjusted gas kWh, £ and tCO2e saved","Restaurants, QSRs, Pubs/Bars/Breweries, Hotels, Experiential Leisure; Contract Caterers only where delegated asset/capital control is documented","Exclude sites where the operator does not control the relevant asset, utility, specification or capital decision.",Use gas boiler additives,4,YES,Consolidate.xlsx,工作表1,9
INIT-0009,"Upgrade domestic hot-water generation, storage and circulation controls",Energy & Buildings,Buildings & Refrigerants & Fugitive Emissions,"Reduce hot-water energy through efficient generation, insulated storage/pipework, demand-based circulation and appropriate temperature control. Space heating and cooking are excluded.","Hotels, leisure venues and catering operations use large volumes of hot water and can lose energy through storage and continuous circulation. Better generation and circulation control reduce fuel and pump costs while protecting hygiene and hot-water availability.",Meter or estimate hot-water load; inspect storage and distribution; address leaks/insulation; optimise circulation; select efficient replacement plant; verify hygiene temperatures and energy.,"Hot-water energy intensity (kWh/guest-night, cover or litre delivered); storage and circulation loss (%); circulation-pump runtime or kWh; annual £ and tCO2e saved","Restaurants, QSRs, Pubs/Bars/Breweries, Hotels, Experiential Leisure; Contract Caterers only where delegated asset/capital control is documented","Exclude sites where the operator does not control the relevant asset, utility, specification or capital decision.",,4,YES,Consolidate.xlsx,工作表1,10
INIT-0010,"Automate shutdown of non-HVAC, non-lighting equipment outside operating hours",Energy & Buildings,Buildings & Refrigerants & Fugitive Emissions,"Use timers, smart relays or programmable controls to switch eligible small-power and operational equipment off when not needed. Lighting and HVAC controls are excluded.","Kitchen, bar, office and guest-service equipment is often left running after trading. Automated shutdown reduces persistent baseload across many low-cost control points, improves site margins and makes closing procedures more consistent.",Profile half-hourly baseload; identify safe controllable loads; define schedules and overrides; install controls; train staff; verify out-of-hours demand reduction.,% of eligible loads under automated shutdown; out-of-hours baseload kW and kWh; annual £ and tCO2e saving; manual override or exception rate,"Restaurants, QSRs, Pubs/Bars/Breweries, Hotels, Contract Caterers, Experiential Leisure","Safety-critical, food-safety, refrigeration, life-safety or continuously required loads.",Install equipment timers,4,YES,Consolidate.xlsx,工作表1,11
INIT-0011,"Implement power management for small-power, IT and server-room equipment",Energy & Buildings,Buildings & Refrigerants & Fugitive Emissions,"Apply device sleep settings, server consolidation, efficient uninterruptible power supplies, correctly sized cooling and managed shutdown to IT and other operator-controlled electrical loads.","POS systems, office devices, displays, network equipment and local servers can create a continuous electrical and cooling load. Power management cuts unnecessary 24-hour consumption and improves control of IT assets without affecting trading availability.",Inventory devices and run hours; measure baseload; enable power-management policy; consolidate/retire equipment; optimise UPS and cooling; verify kWh.,% of managed devices with sleep or shutdown policy enabled; out-of-hours IT and small-power kWh; kWh per workstation or site; server-room PUE where applicable,"Hotels, larger Restaurants/QSRs, Pubs/Bars/Breweries, Contract Caterers and Experiential Leisure with material managed IT loads",Sites with only negligible or landlord-controlled IT loads.,,4,YES,Consolidate.xlsx,工作表1,12
INIT-0012,Upgrade lift and escalator drives and controls,Energy & Buildings,Buildings & Refrigerants & Fugitive Emissions,"Improve operator-controlled vertical transport through efficient drives, regenerative braking where viable, sleep/standby controls and optimised operating schedules.","Lifts and escalators are essential to accessibility and guest movement in hotels and multi-storey leisure venues. Efficient drives and standby controls reduce electricity and peak demand while improving reliability, ride quality and service continuity.",Obtain controller/drive data and run profiles; assess standby and regeneration; prioritise controls before replacement; procure compliant upgrade; verify kWh and service quality.,"Lift or escalator kWh per trip or operating hour; standby energy share (%); % of eligible units using sleep or regeneration; annual kWh, £ and tCO2e saved","Hotels, Experiential Leisure and multi-storey hospitality sites with controlled lifts/escalators",Single-storey sites and landlord-controlled vertical transport.,,4,YES,Consolidate.xlsx,工作表1,13
INIT-0013,"Optimise swimming-pool circulation, heating, covers and backwashing",Energy & Buildings,Buildings & Refrigerants & Fugitive Emissions,"Reduce operator-controlled pool energy and water demand through covers, variable-speed circulation, efficient heating, optimised backwashing and safe temperature management.","Swimming pools are among the most energy- and water-intensive hospitality amenities. Optimising covers, circulation, heating and backwashing protects the guest offer while reducing pumping, evaporation, heating and water-treatment costs.",Submeter pool plant; review filtration/turnover and backwash; assess covers; optimise pump speed and schedules; review temperatures with safety team; verify energy and water.,Pool energy intensity (kWh/m² water surface or per bather); circulation-pump kWh; make-up and backwash water litres per bather; annual £ and tCO2e saved,Hotels and Experiential Leisure with swimming pools,All sites without pools; landlord-controlled pool plant.,,4,YES,Consolidate.xlsx,工作表1,14
INIT-0014,Replace high-GWP refrigerants with lower-GWP alternatives during planned plant intervention,Energy & Buildings,Buildings & Refrigerants & Fugitive Emissions,Move eligible refrigeration and cooling plant from high-GWP refrigerants to technically safe lower-GWP alternatives at replacement or major service points.,"Refrigeration and cooling are essential to hospitality operations, and leaked high-GWP refrigerant can be a major direct-emissions source. A planned transition reduces climate and regulatory exposure, improves refrigerant availability resilience and avoids rushed equipment decisions.",Build equipment/charge inventory; rank by charge × GWP × leakage; assess alternatives and safety class; plan conversion/replacement; recover old gas; update records and verify energy.,% of in-scope refrigerant charge converted to lower-GWP alternatives; charge-weighted average GWP; kg of high-GWP refrigerant retired; lifecycle leakage risk reduced (tCO2e),"Restaurants, QSRs, Pubs/Bars/Breweries, Hotels, Contract Caterers, Experiential Leisure","Equipment where the alternative is unsafe, unlawful or incompatible without full replacement.",,4,YES,Consolidate.xlsx,工作表1,15
INIT-0015,Install refrigerant leak detection and implement rapid repair,Energy & Buildings,Buildings & Refrigerants & Fugitive Emissions,"Use fixed or portable detection, alarms and a defined response process to find and repair refrigerant leakage earlier.","Refrigerant leaks increase recharge cost, equipment energy use and failure risk, with potential consequences for food stock, guest comfort and trading continuity. Early detection shortens the time to repair and reduces emissions, maintenance cost and product-loss risk.","Map charge and statutory thresholds; establish baseline leakage; select detection method; set alarm/escalation; train contractors; log leak, repair and recharge data.",Annual refrigerant leakage rate (% of installed charge); median alarm-to-repair time; kg of refrigerant lost or recharged; tCO2e leakage avoided,"Restaurants, QSRs, Pubs/Bars/Breweries, Hotels, Contract Caterers, Experiential Leisure",Equipment with no refrigerant charge or outside the operator's maintenance control.,,4,YES,Consolidate.xlsx,工作表1,16
INIT-0016,Maintain a governed refrigerant inventory and leakage record,Energy & Buildings,Buildings & Refrigerants & Fugitive Emissions,"Maintain asset-level refrigerant type, charge, location, ownership, service, leakage and end-of-life status to support compliance and abatement prioritisation.","Large estates and outsourced maintenance can leave operators without reliable refrigerant charge and leakage data. A governed inventory supports compliance, exposes high-GWP and high-leak assets and directs maintenance and replacement capital to the greatest risks.",Define asset ID and ownership; collect nameplate/service records; reconcile charge and top-ups; calculate annual leakage; flag missing records/high-risk assets; audit annually.,"% of in-scope assets with verified refrigerant type, charge, ownership and service history; % of total charge covered by leakage data; % of high-risk assets with an approved action plan","Restaurants, QSRs, Pubs/Bars/Breweries, Hotels, Contract Caterers, Experiential Leisure",Equipment demonstrably outside the reporting and maintenance boundary.,,4,YES,Consolidate.xlsx,工作表1,17
INIT-0017,Recover refrigerants at equipment end of life and document transfer,Energy & Buildings,Buildings & Refrigerants & Fugitive Emissions,"Recover, contain and transfer refrigerants for reclamation or destruction during equipment decommissioning rather than venting or unmanaged disposal.","Hospitality equipment is regularly replaced during kitchen, refrigeration and HVAC renewal. Documented refrigerant recovery prevents high-impact end-of-life emissions, demonstrates compliant contractor control and protects the organisation from unmanaged disposal liabilities.",Include recovery in decommissioning scope; record pre-work charge; use certified contractor; weigh recovered gas; obtain waste/transfer documentation; close asset record.,% of decommissioned refrigerant charge recovered; kg transferred for reclamation or destruction; % of disposals with complete transfer evidence; end-of-life tCO2e avoided,"Restaurants, QSRs, Pubs/Bars/Breweries, Hotels, Contract Caterers, Experiential Leisure",Equipment outside the organisation's decommissioning or procurement control.,,4,YES,Consolidate.xlsx,工作表1,18
INIT-0018,"Upgrade refrigeration equipment, doors, seals, fans and controls",Energy & Buildings,Buildings & Refrigerants & Fugitive Emissions,"Improve cold-storage energy performance through efficient equipment, EC fans, doors/lids, seals, insulation, defrost and control optimisation. Refrigerant GWP and leakage are separate.","Refrigeration operates continuously and directly protects food safety, beverage quality and product availability. Efficient cabinets, doors, seals, fans and controls reduce one of the largest controllable electricity loads while lowering spoilage, maintenance and failure risk.","Meter representative cabinets/plant; inspect seals, doors, fans, defrost and setpoints; repair low-cost defects; compare ETL products; replace at end-of-life; verify kWh.","Refrigeration electricity intensity (kWh/m³ refrigerated volume or per cover); door, seal and defrost exception rate; annual kWh, £ and tCO2e saved; product-loss incidents","Restaurants, QSRs, Pubs/Bars/Breweries, Hotels, Contract Caterers, Experiential Leisure",Landlord- or supplier-owned equipment without operator upgrade authority.,,4,YES,Consolidate.xlsx,工作表1,19
INIT-0019,Adopt a validated warmer freezer setpoint where product and food-safety rules allow,Energy & Buildings,Buildings & Refrigerants & Fugitive Emissions,"Raise freezer setpoints only for product categories and equipment validated for the change, with documented food-safety, quality and contractual approval.","Freezers run continuously, so even a small validated setpoint change can reduce annual electricity with little or no capex. The measure offers low-disruption savings where product quality, food safety requirements and equipment specifications permit.",Identify eligible products/equipment; secure technical and food-safety approval; pilot temperature stability and quality; adjust setpoint; monitor alarms and kWh; scale only after validation.,"% of eligible freezer load operating at the approved warmer setpoint; freezer kWh per m³ or tonne of product; annual kWh, £ and tCO2e saved; temperature or product-quality exceptions","Restaurants, QSRs, Pubs/Bars/Breweries, Hotels, Contract Caterers, Experiential Leisure",Products/equipment requiring colder temperatures or lacking technical and food-safety approval.,Switch freezer temperatures to -15.,4,YES,Consolidate.xlsx,工作表1,20
INIT-0020,Phase out fossil-fuelled patio heaters and avoid unnecessary outdoor heating,Energy & Buildings,Buildings & Refrigerants & Fugitive Emissions,"Eliminate outdoor heating where possible; where a justified customer need remains, assess targeted zonal electric infrared only after demand reduction and control.",Fossil patio heaters consume significant energy to provide a non-core service in an exposed area. Removing unnecessary heating or using targeted alternatives reduces fuel cost and emissions while retaining outdoor trading where it has clear customer value.,"Inventory heaters/fuel/run hours; challenge service need; improve shelter/blankets/controls; remove fossil units; if retained service is justified, trial targeted electric zoning; verify net energy.",Number and rated capacity of fossil patio heaters removed; annual fuel kWh and operating hours avoided; annual £ and tCO2e saved; outdoor-area sales or customer complaints during trial,"Restaurants, Pubs/Bars/Breweries and Hotels with outdoor trading areas",Sites without outdoor heating or without authority over the equipment/energy.,"Avoid outdoor patio heaters, or if you must use them, use infra-red electric heaters",4,YES,Consolidate.xlsx,工作表1,21
INIT-0021,Conduct whole-life carbon assessments for major capital projects,Energy & Buildings,Capital Goods (sub group supply chain),"Assess product, construction, use-stage and end-of-life carbon for major construction, refurbishment and fit-out projects using consistent boundaries and data hierarchy.","Hospitality businesses refurbish and refit sites frequently, so operational energy alone can overlook substantial construction and material impacts. Whole-life carbon assessment identifies the design choices that drive carbon and cost before they become difficult to change.",Set the project threshold; define the baseline option; quantify materials and operational scenarios using the RICS life-cycle modules; use environmental product declarations where available; test options; update the assessment at approval stages and completion.,"% of major projects assessed at concept, design and completion; whole-life carbon intensity (kgCO2e/m²); reduction versus baseline option (% and tCO2e); design-to-completion assessment variance","Restaurants, QSRs, Pubs/Bars/Breweries, Hotels, Contract Caterers, Experiential Leisure",Minor works below the organisation's approved materiality threshold.,,4,YES,Consolidate.xlsx,工作表1,22
INIT-0022,Set operational-energy and embodied-carbon targets for new construction and major refurbishment,Energy & Buildings,Capital Goods (sub group supply chain),"Set measurable operational-energy and upfront/whole-life-carbon targets at project brief stage, using consistent project type and life-cycle boundaries.","New sites and major refurbishments lock in energy performance and material choices for many years. Clear operational and embodied-carbon targets give designers and suppliers accountable thresholds, reducing performance gaps and expensive future retrofit requirements.",Select peer benchmark and project boundary; set operational and embodied targets; allocate targets to design team; include in employer's requirements; track at each stage.,% of projects with approved operational-energy and embodied-carbon targets before concept approval; target kWh/m² and kgCO2e/m²; % of projects forecast to meet target at each design gate,"Restaurants, QSRs, Pubs/Bars/Breweries, Hotels, Experiential Leisure; Contract Caterers only where delegated asset/capital control is documented","Exclude sites where the operator does not control the relevant asset, utility, specification or capital decision.","When undertaking new construction projects, design for performance and set embodied carbon targets",4,YES,Consolidate.xlsx,工作表1,23
INIT-0023,Apply carbon criteria at capital-project investment and design gates,Energy & Buildings,Capital Goods (sub group supply chain),"Require project teams to demonstrate performance against approved carbon targets before funding, design freeze, procurement and completion decisions.",Hospitality brands often repeat approved designs across many locations. Carbon criteria at investment and design gates prevent high-impact options from being committed and avoid multiplying poor material or energy decisions across the estate.,Add carbon deliverables to gate checklist; define accountable approver; require baseline/options/variance; record decision and conditions; verify completion against approval.,% of investment and design gates with complete carbon evidence; forecast tCO2e change arising from gate decisions; % of conditional approvals with actions closed before the next gate,"Restaurants, QSRs, Pubs/Bars/Breweries, Hotels, Experiential Leisure; Contract Caterers only where delegated asset/capital control is documented","Exclude sites where the operator does not control the relevant asset, utility, specification or capital decision.",,4,YES,Consolidate.xlsx,工作表1,24
INIT-0024,Require EPDs or product-specific carbon data for priority materials and equipment,Energy & Buildings,Capital Goods (sub group supply chain),Collect comparable product carbon data for high-impact materials and capital equipment so procurement and WLCA can compare like-for-like options.,"Repeated procurement across common materials and equipment can create a significant aggregate footprint. Comparable EPD and product data allow buyers to distinguish genuinely lower-carbon options, use purchasing scale and support credible customer and corporate reporting.",Define priority categories; specify accepted standards and expiry; request EPDs in tender; validate declared unit/modules; store source/version; link selected product to project calculation.,% of priority spend and material mass covered by valid product-specific EPD or LCA data; % of records with matched declared unit and life-cycle modules; average data-quality score,"Restaurants, QSRs, Pubs/Bars/Breweries, Hotels, Contract Caterers, Experiential Leisure",Low-materiality purchases outside the approved priority list.,,4,YES,Consolidate.xlsx,工作表1,25
INIT-0025,"Prioritise refurbishment, reuse and adaptation before new construction",Energy & Buildings,Capital Goods (sub group supply chain),"Evaluate whether existing buildings, structures and fit-outs can meet the need through retention or adaptation before approving demolition and new construction.","Hotels, pubs and restaurants often refresh concepts before the building structure reaches end of life. Retaining and adapting viable assets can reduce demolition, new-material demand, planning risk, closure time and capital cost while preserving established locations.","Define service need; survey existing asset; model retain/refurbish/new-build options; compare whole-life carbon, cost, time and operational performance; document approval rationale.","% of projects comparing retain, refurbish and new-build options; structural and fit-out mass retained (%); embodied tCO2e and capex avoided; closure or programme days avoided","Restaurants, QSRs, Pubs/Bars/Breweries, Hotels, Experiential Leisure; Contract Caterers only where delegated asset/capital control is documented","Exclude sites where the operator does not control the relevant asset, utility, specification or capital decision.",,4,YES,Consolidate.xlsx,工作表1,26
INIT-0026,Require component reuse and material recovery in building and fit-out projects,Energy & Buildings,Capital Goods (sub group supply chain),"Set project requirements for retention, reuse, refurbishment, salvage and high-value recovery of building and fit-out components.","Frequent hospitality fit-outs generate furniture, flooring, partitions, equipment and finishes with remaining value. Component reuse reduces replacement purchasing and disposal, can shorten lead times and supports a visible circular-economy story for customers and clients.",Pre-demolition/strip-out audit; identify reusable components; set reuse/recovery targets; allocate storage and warranties; procure take-back; evidence final destinations and avoided products.,"% of components retained or reused by mass and value; tonnes sent to reuse, recycling and disposal; replacement purchasing avoided (£); tCO2e avoided","Restaurants, QSRs, Pubs/Bars/Breweries, Hotels, Contract Caterers, Experiential Leisure","Projects with no controlled strip-out, fit-out or material scope.",Adopt reuse and recycling practices in buildings and fitouts,4,YES,Consolidate.xlsx,工作表1,27
INIT-0027,Specify lower-carbon and responsibly sourced construction materials,Energy & Buildings,Capital Goods (sub group supply chain),Use EPD/LCA and responsible-sourcing criteria to select functionally equivalent materials with lower embodied carbon and acceptable technical performance.,"Hospitality estates purchase similar materials repeatedly across new sites and refurbishments, so specification choices scale quickly. Lower-carbon and responsibly sourced materials reduce embodied emissions and supply-chain or reputation risk without changing the customer service delivered.",Identify carbon hotspots; define functional/specification requirements; establish baseline EPD; request alternatives; compare matched units/modules; approve and verify installed quantities.,Embodied carbon per functional unit for priority materials (kgCO2e); reduction versus baseline specification (%); % of priority material spend responsibly sourced; installed quantity with verified evidence (%),"Restaurants, QSRs, Pubs/Bars/Breweries, Hotels, Contract Caterers, Experiential Leisure",Purchases outside project/material specification control.,Use sustainable and locally-sourced materials in construction and maintenance,4,YES,Consolidate.xlsx,工作表1,28
INIT-0028,"Specify durability, repairability, modularity and supplier take-back for capital equipment",Energy & Buildings,Capital Goods (sub group supply chain),"Use procurement requirements that extend equipment life, enable component repair and replacement, and create a documented end-of-use route.","Kitchen, refrigeration and service equipment operates intensively and failures can immediately affect trading. Durability, repairability and take-back requirements reduce downtime, replacement capex, waste and lifetime cost while improving parts and service availability.","Prioritise equipment categories; set service-life/spares/repair/take-back requirements; score tenders; record warranty and parts availability; track failures, repairs and final route.","% of priority tenders meeting durability, repairability, modularity and take-back criteria; median expected service life; repair-versus-replace rate; % of end-of-use equipment returned through an approved route","Restaurants, QSRs, Pubs/Bars/Breweries, Hotels, Contract Caterers, Experiential Leisure",Consumables and low-value purchases outside the capital-equipment policy.,,4,YES,Consolidate.xlsx,工作表1,29
INIT-0029,"Design buildings and fit-outs for adaptability, disassembly and material recovery",Energy & Buildings,Capital Goods (sub group supply chain),"Design layouts, modules and reversible connections so future changes can occur with less demolition and components can be recovered intact.","Hospitality layouts and brand formats change frequently. Adaptable and demountable fit-outs allow future reconfiguration with less closure time, capex and waste, while preserving the recoverable value of partitions, finishes and components.",Define likely change scenarios; standardise modules; prefer reversible connections; document disassembly sequence and material passport; protect access for maintenance and removal.,% of projects with an approved adaptability and disassembly plan; % of fit-out mass or value using reversible connections; recoverable component mass and value; reconfiguration waste avoided,"Restaurants, QSRs, Pubs/Bars/Breweries, Hotels, Experiential Leisure; Contract Caterers only where delegated asset/capital control is documented","Exclude sites where the operator does not control the relevant asset, utility, specification or capital decision.",,4,YES,Consolidate.xlsx,工作表1,30
INIT-0030,Commission new buildings and major refurbishments against designed operational performance,Energy & Buildings,Capital Goods (sub group supply chain),"Test systems at handover and through seasonal operation, train operators and verify that controls and energy performance match design intent.","Complex building systems often consume more energy or deliver poorer comfort than the design intended. Commissioning identifies defects before they become routine, closes the design-to-operation gap and protects investment, guest comfort and operator training.",Define commissioning plan at design; witness installation/testing; validate controls and metering; train operators; complete seasonal reviews; compare 12-month energy with target and rectify defects.,% of projects completing handover and seasonal commissioning; defects closed within the agreed period (%); 12-month design-to-operation energy gap (%); comfort or service-performance exceptions,"Restaurants, QSRs, Pubs/Bars/Breweries, Hotels, Experiential Leisure; Contract Caterers only where delegated asset/capital control is documented","Exclude sites where the operator does not control the relevant asset, utility, specification or capital decision.",,4,YES,Consolidate.xlsx,工作表1,31
INIT-0031,Apply verified energy-efficiency criteria when replacing kitchen equipment,Energy & Buildings,Capital Goods (sub group supply chain),"Require replacement cooking, warewashing, refrigeration and food-service equipment to meet defined, independently verifiable energy-performance criteria.","Commercial kitchen equipment has high energy demand and remains in service for many years. Verified efficiency criteria lock lower running costs into normal replacement cycles across cooking, warewashing, refrigeration and food service without requiring a separate retrofit programme.",Identify replacement cycle and high-load categories; set test-standard/ETL criteria; compare lifetime energy and service; procure; record model; verify representative site consumption.,% of eligible replacement spend meeting ETL or equivalent verified criteria; lifetime energy cost versus baseline (£); annual kWh and tCO2e saved; % of purchased models recorded with evidence,"Restaurants, QSRs, Pubs/Bars/Breweries, Hotels, Contract Caterers",Sites without commercial kitchen equipment or procurement authority.,Replace old kitchen equipment with energy efficient alternatives,4,YES,Consolidate.xlsx,工作表1,32
INIT-0032,Assess the feasibility of hydrogen-ready kitchen equipment,Energy & Buildings,Capital Goods (sub group supply chain),"Monitor hydrogen-ready commercial-kitchen technology and assess it only where a credible fuel supply, infrastructure route, safety case and operational need exist. Do not treat the assessment as a commitment to purchase or install equipment.","Hydrogen supply, infrastructure, equipment availability and whole-system efficiency remain uncertain for commercial kitchens. A structured feasibility assessment prevents stranded investment and compares the option fairly with efficient electric alternatives before capital is committed.","Define use case; confirm supply/infrastructure horizon; assess safety, ventilation and training; compare whole-system efficiency/carbon/cost; record decision trigger and review date.","% of scheduled feasibility reviews completed; projected whole-system kWh, £ and tCO2e versus an efficient electric baseline; infrastructure and safety readiness status; next decision-trigger date","Restaurants, QSRs, Pubs/Bars/Breweries, Hotels and Contract Caterers with relevant gas cooking loads","Sites without a credible hydrogen supply, safety case, infrastructure route or equipment need.",Explore installation of hydrogen-ready kitchen equipment,4,YES,Consolidate.xlsx,工作表1,33
INIT-0033,Apply environmental-performance criteria when selecting leased sites,Energy & Buildings,"Leased, Tenanted & Franchised Sites","Assess building energy, EPC, utility/meter access, equipment control, renewable procurement and improvement rights before selecting a leased location.","A lease decision can lock an operator into poor energy performance, limited metering and weak improvement rights for years. Screening sites before commitment exposes hidden operating and upgrade costs and avoids locations where the operator cannot control material impacts.",Set minimum criteria; request bills/EPC/meter and plant data; assess control boundary; estimate normalised energy; price required improvements; include outcome in site approval.,"% of candidate leases assessed before commitment; % meeting the minimum energy, EPC, metering and control standard; forecast energy cost and remedial capex per site; approved exceptions (%)","Restaurants, QSRs, Pubs/Bars/Breweries, Hotels, Contract Caterers, Experiential Leisure",Owned freehold acquisitions assessed under the capital-project process.,Lease locations in low impact buildings.,4,YES,Consolidate.xlsx,工作表1,34
INIT-0034,Apply energy and carbon criteria to lease renewals and franchise onboarding,Energy & Buildings,"Leased, Tenanted & Franchised Sites",Use defined performance thresholds and improvement-plan requirements when renewing leases or onboarding franchise locations.,"Lease renewal and franchise onboarding are rare points of commercial leverage. Applying energy and carbon criteria before signature prevents long-term lock-in and secures data, standards or funded improvement actions while terms can still be negotiated.",Set threshold and evidence list; review historic energy and control; identify gaps; agree funded improvement plan and timeline; make approval conditional; track completion.,% of renewal and onboarding decisions meeting the standard or carrying a funded improvement plan; % of agreed actions delivered by the due date; post-action kWh and tCO2e improvement,"Restaurants, QSRs, Pubs/Bars/Breweries, Hotels, Contract Caterers, Experiential Leisure",Owned sites and existing franchise operations outside a renewal/onboarding event.,,4,YES,Consolidate.xlsx,工作表1,35
INIT-0035,"Include green performance, data and cooperation clauses in leases and franchise agreements",Energy & Buildings,"Leased, Tenanted & Franchised Sites","Embed responsibilities for performance, data access, metering, cooperation, improvement works and evidence in the governing agreement.","Split incentives and unclear responsibilities commonly prevent landlords, tenants and franchise partners from acting. Green clauses make data sharing, access, metering, renewable procurement and cost cooperation enforceable, turning viable projects into deliverable actions.",Map operational responsibilities; select BBP-aligned clause strength; adapt to asset and commercial terms; secure legal approval; store obligations; monitor compliance and renewal triggers.,% of agreements containing approved green clauses; % of required energy datasets received on time; clause compliance rate; improvement actions delivered under the clauses,"Restaurants, QSRs, Pubs/Bars/Breweries, Hotels, Contract Caterers, Experiential Leisure",Owned sites with no lease/franchise agreement.,,4,YES,Consolidate.xlsx,工作表1,36
INIT-0036,"Collect and quality-check energy and emissions data from leased, tenanted and franchised sites",Energy & Buildings,"Leased, Tenanted & Franchised Sites","Establish recurring collection, validation, estimation rules and reporting for energy and emissions across leased and franchised sites.","Leased, tenanted and franchised estates often lack complete and comparable energy data. Reliable site data identifies high-cost outliers and billing errors, supports credible disclosures and directs operational support and investment to the locations with the greatest opportunity.",Define boundary and fields; secure data rights; automate supplier/meter feeds where possible; validate completeness/outliers; document estimates; report trend by control type.,% of sites submitting complete data on time; % of consumption from primary meter or supplier data; estimated-data share; data-quality exceptions unresolved after 30 days,"Restaurants, QSRs, Pubs/Bars/Breweries, Hotels, Contract Caterers, Experiential Leisure",Sites outside the agreed organisational/reporting boundary.,,4,YES,Consolidate.xlsx,工作表1,37
INIT-0037,Secure rights and approval routes for environmental improvements in leased sites,Energy & Buildings,"Leased, Tenanted & Franchised Sites","Agree alterations, access, reinstatement, metering and plant-control rights so qualifying tenant or landlord improvements can be implemented.","Cost-effective improvements can remain blocked by consent, access, reinstatement or plant-control restrictions. Securing clear approval routes reduces project delays and wasted feasibility work and allows operators to deliver savings during practical maintenance or refurbishment windows.","Identify blocked measures; review lease and landlord process; propose rights/consent protocol; agree evidence, access and reinstatement; record approval route and responsible contacts.","% of priority leases with required alteration, access, metering and plant-control rights; median approval time; % of consent requests approved; blocked projects released","Restaurants, QSRs, Pubs/Bars/Breweries, Hotels, Contract Caterers, Experiential Leisure",Owned sites and leases where all relevant rights already exist.,,4,YES,Consolidate.xlsx,工作表1,38
INIT-0038,Enable renewable electricity procurement under lease and franchise arrangements,Energy & Buildings,"Leased, Tenanted & Franchised Sites","Establish landlord, tenant or franchisor routes for renewable electricity where responsibility, metering, evidence and contractual rights permit.","Electric kitchens, refrigeration and guest facilities make purchased electricity a material source of cost and emissions. An approved procurement route lets leased and franchised sites reduce market-based Scope 2 emissions without owning the building assets.",Map procurement responsibility; define quality criteria; review existing supply contract; select tariff/PPA/landlord route; secure evidence; track renewable share and renewal date.,% of eligible leased or franchised electricity under an approved renewable procurement route; renewable MWh and share of electricity (%); market-based Scope 2 tCO2e reduced; contracts or evidence expiring within 12 months,"Restaurants, QSRs, Pubs/Bars/Breweries, Hotels, Contract Caterers, Experiential Leisure",Sites where electricity procurement is outside operator influence and no cooperation route exists.,,4,YES,Consolidate.xlsx,工作表1,39
INIT-0039,"Agree landlord-tenant decarbonisation plans with actions, funding and accountability",Energy & Buildings,"Leased, Tenanted & Franchised Sites","Agree a site-level improvement plan that allocates actions, access, funding, cost sharing, data and review responsibilities between landlord and occupier.","Shared buildings create split responsibilities in which neither landlord nor occupier can deliver the full opportunity alone. A funded joint plan aligns maintenance, capex, access and lease timing, converting engagement into accountable actions and whole-building savings.",Build shared baseline; separate owner/occupier loads; prioritise measures; assign owner/funding/timeline; agree data and review forum; track implementation and verified results.,"% of priority leased sites with a signed, funded decarbonisation plan; % of actions delivered on time; owner and occupier kWh, £ and tCO2e saved; overdue actions by responsible party","Restaurants, QSRs, Pubs/Bars/Breweries, Hotels, Contract Caterers, Experiential Leisure",Owned sites or leases with no shared building/utility responsibility.,Engage with landlord to reduce emissions from leased facilities,4,YES,Consolidate.xlsx,工作表1,40
INIT-0040,Set and monitor energy-performance standards for franchisees,Energy & Buildings,"Leased, Tenanted & Franchised Sites","Define minimum operating, equipment, data and improvement standards for existing franchisees and monitor performance with proportionate escalation.","Franchise estates can have a large aggregate footprint but dispersed operational control. Minimum standards, normalised benchmarking and corrective plans scale proven practices, protect brand consistency and help franchisees reduce energy bills and equipment risk.",Segment franchise archetypes; define minimum standards and evidence; provide tools/training; collect normalised data; benchmark peers; require corrective plan; recognise and escalate performance.,"% of franchise sites meeting the minimum standard; normalised energy intensity (kWh/site, m² or cover) versus peer median; annual £ and tCO2e improvement; corrective plans closed by the due date","Restaurants, QSRs, Pubs/Bars/Breweries, Hotels and Experiential Leisure with franchise models",Contract Caterers and organisations without franchise operations.,,4,YES,Consolidate.xlsx,工作表1,41
INIT-0041,Complete an Energy Health Check,Energy & Buildings,Energy Management,"A structured audit of energy consumption across a site or estate that reviews energy usage, reduction and efficiency options, based on smart meter data.",Establish where energy is actually used to understand what the potential is to support improvements in energy efficinies through quick wins and behaviour change initaitves. The critical caveat is that an audit identifies savings but does not deliver them.,"1. Scope and qualify — confirm whether the group is ESOS-obligated, identify the assets and activities making up at least 95% of total energy consumption and appoint a registered Lead Assessor.
2. Collect verifiable data — gather 12 consecutive months of energy data across buildings, transport and processes from invoices, half-hourly data and meter reads, converted to a common unit.
3. Audit a representative sample — audit sites spanning the ages, sizes and trading formats in the estate, costing every opportunity for capex, annual kWh and £ saving, payback and tCO2e.
4. Convert the report into an action plan — rank measures by payback, scale sample findings to the full estate and feed approved measures into the capital plan with named owners and dates.",% of sites that have completed an Energy Health Check,"Restaurants, QSRs, Pubs/Bars/Breweries, Hotels, Contract Caterers, Experiential Leisure",None,"Complete an Energy Health Check, and identify opportunites for energy savings through behavioural change campaigns",4,YES,Consolidate.xlsx,工作表1,42
INIT-0042,Install battery storage (BESS),Energy & Buildings,Energy Procurement & Renewables,"Installing a behind-the-meter battery energy storage system (BESS) that charges when electricity is cheap or when on-site generation is in surplus, and discharges at times of peak price or peak site demand.","Lets a site use more of its own solar generation instead of exporting it, shaves peak demand charges, and provides resilience during outages so trading can continue. It also opens a grid-services revenue stream. The business case is tariff-driven rather than technology-driven: it only works where the price spread between charging and discharging periods exceeds the levelised cost of storage, so evening-weighted loads (pubs, restaurants, hotels) suit it far better than daytime-flat loads.","1. Screen the estate — shortlist sites with a pronounced evening demand peak, existing or planned rooftop solar, physical space and available DNO capacity, prioritising sites with high agreed-capacity charges.
2. Size against half-hourly data — model site load against solar generation to size kWh and kW for peak shaving, solar time-shifting and tariff arbitrage, and confirm the accessible revenue stack.
3. Fund and consent — decide between owned capex and third-party financed structures, and obtain the DNO connection agreement, planning consent and fire-safety and insurer sign-off.
4. Commission and verify — automate charge and discharge through an energy management system, then measure peak kW reduction, self-consumption uplift and any grid-service revenue.",Cumulative battery storage (BESS) capacity installed (kWh),"Restaurants, QSRs, Pubs/Bars/Breweries, Hotels, Contract Caterers, Experiential Leisure",None,,4,YES,Consolidate.xlsx,工作表1,43
INIT-0043,Upgrade to LED lighting with optimised design and controls,Energy & Buildings,Energy Management,"Replacing existing lamps and fittings with LED equivalents, designed to the lighting levels the space actually needs and paired with controls such as occupancy sensing, daylight harvesting and dimming, rather than a like-for-like lamp swap.","Lighting can account for up to half the electricity bill in a hospitality site, and LED retrofits are among the shortest-payback measures available - typically 1-3 years on energy alone. The saving is twofold: LEDs draw 50-75% less power than fluorescent, and they last four to five times as long, so relamping and access costs fall alongside energy. Adding controls rather than just changing lamps takes the total saving from around 50-75% to 70-80%.","1. Audit the lighting stock by trading format — inventory fittings by type, wattage and annual run hours and record lux levels, separating long-run-hour back-of-house and external areas from customer-facing space.
2. Design the scheme rather than swap lamps — specify fitting layout, output, colour temperature and controls, then pilot one site per format and sign the design off with operations.
3. Bundle into the capital cycle — procure at estate scale and align installation with planned refurbishments, sequencing by run hours so the longest-running areas go first.
4. Verify and report — compare half-hourly consumption before and after at pilot sites to set a per-format saving factor, and track avoided relamping and maintenance cost alongside energy.",% of lighting upgraded to LED with optimised design and controls,"Restaurants, QSRs, Pubs/Bars/Breweries, Hotels, Contract Caterers, Experiential Leisure",None,Switch to LED lights,4,YES,Consolidate.xlsx,工作表1,44
INIT-0044,Install heat/energy recovery ventilation units,Energy & Buildings,Energy Management,"Installing ventilation systems that recover heat from outgoing air and transfer it to incoming fresh air, reducing heating or cooling demand.","Ventilation is a large and continuous heat loss in hospitality buildings: warm air is extracted from kitchens, bedrooms and function spaces and replaced with cold outside air that must then be heated. Recovering that heat cuts heating demand directly, and is one of the few measures that works on a fully electrified building where there is no gas to switch. Payback is driven almost entirely by run hours and by which fuel the recovered heat displaces, so it should never be quoted as a single estate-wide figure.","1. Locate the waste heat — take extract points by temperature and run hours from the Energy Health Check output, covering kitchen canopies, cellar cooling condensers, hotel corridors and bathrooms, and function-room air handling.
2. Select the recovery route per application — air-to-air exchangers on general ventilation, run-around coils where extract air is contaminated and wastewater recovery on kitchen drains, matching recovered heat to a simultaneous demand.
3. Pilot with measurement — install at one site per format with temperature and flow monitoring and run it across a full heating season before committing to rollout.
4. Roll out at the refurbishment cycle — retrofit when ventilation plant is being replaced or a kitchen refitted, and record recovered kWh per site from the pilot monitoring.",% of sites with heat/energy recovery ventilation installed,"Restaurants, QSRs, Pubs/Bars/Breweries, Hotels, Contract Caterers, Experiential Leisure",None,Install Heat Recovery Ventilation Units,4,YES,Consolidate.xlsx,工作表1,45
INIT-0045,Deploy gas boiler additives,Energy & Buildings,Energy Management,"Dosing a wet (hydronic) central heating system with a chemical additive intended to improve heat transfer from radiators, so the boiler burns less gas to hold the same internal temperature. Dosed like a corrosion inhibitor, typically at the same time as a powerflush.","Heating is the largest single gas load in a hospitality estate - Fuller's discloses that heating accounts for over 50% of the gas used across its sites - so a small percentage gain applies to a large base. Dosing needs no capital works, no system downtime and takes 10-15 minutes per system, making it one of the few gas measures deployable across a whole estate inside a single heating season. The critical caveat is that the additive is almost always dosed alongside a powerflush, and the powerflush delivers a substantial share of the saving on its own.","1. Screen which boilers are eligible — additives work in closed-loop wet heating systems, so exclude sites already scheduled to come off gas and confirm boiler and inhibitor compatibility with the supplier in writing.
2. Establish a normalised baseline — collect at least one full heating season of gas consumption per site and normalise it to heating degree days, or a mild winter will manufacture a saving that does not exist.
3. Run a controlled pilot — dose a sample of sites and leave comparable sites undosed over the same period, changing nothing else, then compare degree-day-normalised consumption between the two groups.
4. Decide, then roll out or stop — extend only if the pilot shows a saving exceeding measurement uncertainty, then track treated boilers alongside normalised gas consumption and re-dose at the supplier's interval.",% of gas boilers treated with additives,"Restaurants, QSRs, Pubs/Bars/Breweries, Hotels, Contract Caterers, Experiential Leisure",None,Use gas boiler additives,4,YES,Consolidate.xlsx,工作表1,46
INIT-0046,Install air or ground source heat pumps,Energy & Buildings,Energy Procurement & Renewables,"Replacing gas or LPG boilers with air source or ground source heat pumps, which move heat from outside air or the ground into the building rather than burning fuel to create it. In hospitality this is normally done at boiler end of life and paired with kitchen and hot-water electrification, since a heat pump alone does not take a site off gas.","Gas and LPG equipment is the dominant source of direct emissions in a hospitality estate - Whitbread discloses that over 70% of its Scope 1 emissions come from it - so nothing else removes Scope 1 at this scale. A heat pump delivers three or more units of heat per unit of electricity, so it also converts the estate's remaining fossil load into something that decarbonises automatically as the grid does. The counter-argument is running cost: UK non-domestic electricity costs roughly 4.7 times gas per kWh, so the operating case depends entirely on achieved efficiency and contracted rates.","1. Assess heat demand and fabric first — establish site heat loss, existing emitter sizing and hot water demand before selecting capacity, since heat pumps deliver at lower flow temperatures than gas boilers.
2. Choose the technology per site — air source for most retrofits, ground source only where land and capital justify it, and confirm electrical supply capacity and DNO headroom early.
3. Design the whole electrification package — cover space heating, hot water and kitchen equipment together, retaining buffer vessels, storage or a secondary heat source for peak-demand days.
4. Bundle into the capital cycle and verify — install alongside planned refurbishment so each site is disrupted once, then measure delivered heat against electricity consumed to evidence the achieved coefficient of performance.",% of sites with gas heating replaced by air or ground source heat pumps (report installed thermal capacity in kW and achieved seasonal COP per site),"Restaurants, QSRs, Pubs/Bars/Breweries, Hotels, Contract Caterers, Experiential Leisure",None,Install air source or ground source heat pumps,4,YES,Consolidate.xlsx,工作表1,47
INIT-0047,Utilise cellar cooling across estates,Energy & Buildings,Energy Management,"Reducing the energy used to keep a pub cellar and its dispense equipment at serving temperature, through controls that cycle the chiller, free (ambient) cooling, heat recovery from the refrigeration circuit, and replacement of outdated plant. Applies to pubs, bars and breweries only.","Cellar equipment runs continuously, all day and every day, which makes it one of the largest and most predictable electricity loads in a pub and the one energy measure that is unique to the sector. The measures are sequenced cheapest-first - controls before plant replacement - so the initiative can start without capital. It also carries a commercial benefit that usually exceeds the energy saving: stable cellar temperature protects drinks quality and cuts beer waste.","1. Survey the cellar as a chilled box — record volume, insulation, door seals and every heat source inside the cooled space, including remote coolers, ice machines and lighting, plus the chiller's age and sizing.
2. Do the no- and low-cost measures first — relocate heat-generating equipment out of the cooled space, fix seals, fit door alarms and correct over-cooling, which often reduces the cooling capacity needed.
3. Add controls and free cooling — fit smart controls that cycle the chiller against measured cellar temperature, and consider an ambient cooler that uses outside air in colder conditions.
4. Sub-meter, then replace the plant last — measure cellar kWh before and after so savings can be evidenced, and replace the cooling unit only once heat gains are reduced so the new unit can be smaller.",% of sites with cellar cooling installed,Pubs/Bars/Breweries,"Restaurants, QSRs, Hotels, Contract Caterers, Experiential Leisure",Utilise Cellar Cooling,4,YES,Consolidate.xlsx,工作表1,48
INIT-0048,Replace gas-fired heating and catering equipment with electric alternatives,Energy & Buildings,Energy Management,"Replacing gas- and LPG-fired catering equipment, space heating and hot water plant with electric alternatives - induction and electric cooking, electric or heat pump water heating - with the end state being a site that has no gas or LPG connection at all.","This is the only measure that removes Scope 1 combustion emissions outright rather than reducing them, and unlike certificate-based measures it produces a physical change that cannot be questioned on additionality grounds. It also removes exposure to future gas price and gas policy risk, and improves kitchen working conditions through lower ambient heat and better indoor air quality. The honest counter-argument is operating cost: UK non-domestic electricity costs roughly 4.7 times gas per kWh, and direct electric catering equipment has no coefficient of performance to offset that, so this initiative is bought for Scope 1 abatement and regulatory resilience, not for energy cost savings.","1. Inventory gas assets and define the end state — list every gas appliance and adopt an auditable definition of 'off gas' covering water heating, space heating and cooking, noting a site is only off gas once the meter is removed.
2. Treat kitchens as the critical path — run menu trials, chef training and equipment selection before rollout, expecting kitchens to electrify well ahead of full site de-gassing.
3. Confirm electrical capacity before committing — check supply capacity and DNO headroom per site, as a supply upgrade is often the largest single cost and the longest lead item.
4. Bundle with planned works, then remove the connection — electrify during refurbishment on REGO-backed supply, then disconnect and remove the gas meter to end standing charges and make the change auditable.",% of gas-fired heating and catering units replaced with electric alternatives,"Restaurants, QSRs, Pubs/Bars/Breweries, Hotels, Contract Caterers, Experiential Leisure",None,Transition from gas to electricity,4,YES,Consolidate.xlsx,工作表1,49
INIT-0049,Invest in energy-efficiency and renewables infrastructure,Energy & Buildings,Energy Procurement & Renewables,"Committing and tracking a defined level of investment in energy-efficiency and renewable-generation assets across the estate, whether funded from the operator's own capital or through third-party finance such as a power purchase agreement.","Planned investment is the leading indicator for every other energy measure: without a committed budget, an audit produces a list that is never delivered. Tracking it also makes the transition plan credible to investors and lenders, who increasingly test whether stated targets are backed by capital allocation. The measurement caveat matters as much as the investment: a capital-only metric will score a fully third-party-financed programme at zero, which is exactly the wrong signal.","1. Build the pipeline from evidence — use the Energy Health Check output to assemble a costed list of measures, each with capex, annual saving, payback and tCO2e.
2. Rank and allocate across the portfolio — split spend between quick-payback efficiency measures, structural decarbonisation with long payback, and generation, testing contested measures before funding.
3. Decide the funding route per measure — owned capital, third-party financed PPAs, leasing or supplier finance, tested against cost of capital and contract tenure.
4. Align to the works cycle, then disclose — tie measures to refurbishment, plant end-of-life and lease events, report spend against the KPI, and track delivered kWh, £ and tCO2e against plan.",Planned capital investment in energy efficiency and renewables over next 12 months (£),"Restaurants, QSRs, Pubs/Bars/Breweries, Hotels, Contract Caterers, Experiential Leisure",None,,4,YES,Consolidate.xlsx,工作表1,50
INIT-0050,"Upgrade building-fabric thermal performance (insulation, glazing, draught-proofing)",Energy & Buildings,Energy Management,"Improving the thermal performance of the building envelope - roof, wall and floor insulation, glazing, and draught-proofing - so less heat is lost through the fabric and the building needs less energy to hold a comfortable temperature.","Fabric improvement lowers heating demand year-round and lasts the life of the building, so it does not decay the way controls settings and behavioural measures do. It is also the enabling investment for electrification: a building with reduced heat loss needs smaller heat pump plant, can run at lower flow temperatures where efficiency is higher, and may avoid an expensive electrical supply upgrade altogether. The avoided cost of that larger supply upgrade can exceed the energy saving itself, which is why fabric usually loses on a standalone payback test but wins when appraised as an enabler.","1. Segment the estate by fabric archetype — group buildings by construction type, age and heritage status, and establish current U-values, glazing type and airtightness per archetype.
2. Specify a conservation-compatible package per archetype — where external wall insulation is not permitted, use roof and loft insulation, secondary or slim-profile glazing, draught-proofing and floor insulation, tackling airtightness first.
3. Pair fabric with ventilation, then resize plant — specify MVHR or equivalent alongside improved airtightness, then size heating plant to the reduced load.
4. Bundle into refurbishment and verify — tie disruptive works to planned refurbishment cycles, verify on degree-day-corrected heating consumption, and report by archetype.",% of sites that have completed building-fabric thermal upgrades,"Restaurants, QSRs, Pubs/Bars/Breweries, Hotels, Contract Caterers, Experiential Leisure",None,Improve building insulation,4,YES,Consolidate.xlsx,工作表1,51
INIT-0051,Install smart sub-metering and a building management system (BMS),Energy & Buildings,Energy Management,"Installing half-hourly smart sub-metering and an actively managed building management system, so consumption is visible by site and by load, and HVAC, lighting and refrigeration are controlled automatically rather than manually.","Metering is the measurement basis for every other energy measure: without a half-hourly baseline, savings claimed anywhere else are estimates rather than evidence, and no supplier guarantee can be tested. It also surfaces waste that no site visit would catch - plant left running overnight, simultaneous heating and cooling, refrigeration faults before stock is lost. The cheapest wins come from data and controls the operator already owns, which is why this is usually the first initiative to fund and the least capital-intensive to start.","1. Harvest the data you already own — request half-hourly data from suppliers for every site with an advanced meter, then produce a gap list of sites needing meter retrofit.
2. Design a proportionate sub-metering strategy — decide per site format what to meter separately, covering cellar cooling, kitchen, HVAC, lighting, hot water and EV charging, by significant load rather than every item of plant.
3. Profile and hunt anomalies at estate level — build a typical half-hourly profile per site format and flag deviations: plant running overnight, heating and cooling fighting, equipment left on when closed.
4. Re-tune the existing BMS, then automate and assign ownership — audit setpoints, schedules and dead bands before buying hardware, then set a weekly exception review so a named person closes out anomalies.",% of sites with half-hourly smart sub-metering and an active BMS,"Restaurants, QSRs, Pubs/Bars/Breweries, Hotels, Contract Caterers, Experiential Leisure",None,Install smart meters,4,YES,Consolidate.xlsx,工作表1,52
INIT-0052,Install on-site solar PV,Energy & Buildings,Energy Procurement & Renewables,"Installing solar photovoltaic panels on site roofs or land so that electricity is generated where it is consumed, either funded from the operator's own capital or through a third-party financed power purchase agreement.","On-site generation displaces grid-purchased electricity physically rather than contractually, so unlike a green tariff it cannot be challenged on additionality and it genuinely reduces the volume of electricity bought. That is the decisive commercial point: Mitchells & Butlers' Property Director has stated publicly that buying 100% renewable electricity made a significant impact on emissions but did not protect the business from price increases - on-site generation does, because a self-consumed unit is never purchased. Where the installation is third-party financed the price protection extends across the contract life at no capital cost.","1. Screen roofs for viability — filter on tenure first, freehold or long leasehold only, then orientation, pitch, roof age and condition, structural load capacity, shading and available area.
2. Size for self-consumption, not roof area — model half-hourly demand against generation and size the array to what the site consumes in daylight, since exported units earn far less than imported units cost; expect roughly 15-20% of a pub's annual demand.
3. Choose the funding route per site tenure — owned capital retains the asset and generation margin; a third-party financed PPA removes the capital constraint but locks in a contract that may outlast tenure.
4. Deliver as a repeatable production line and verify — apply for DNO connection early, standardise designs per roof archetype and batch sites geographically, then meter generation against forecast.",On-site solar PV capacity installed (kWp) and % of annual electricity demand met by on-site generation,"Restaurants, QSRs, Pubs/Bars/Breweries, Hotels, Contract Caterers, Experiential Leisure",None,Install solar panels,4,YES,Consolidate.xlsx,工作表1,53
INIT-0053,Install voltage optimisation equipment,Energy & Buildings,Energy Management,"Installing equipment that regulates the incoming mains voltage down to a level closer to what site equipment actually requires. UK supply averages around 242V while equipment is rated 207-253V and is generally most efficient near 220V, so the intent is to cut consumption without any change to how the site operates.","The attraction is that it needs no behavioural change, no operational disruption and no ongoing management once fitted. The honest position, however, is that this is the one contested technology in this set: savings arise only on voltage-dependent loads, the independent evidence is far weaker than supplier claims, and the saving decays as equipment is replaced with voltage-independent alternatives. Treat it as pilot-gated rather than proven, and size expectations from the lower bound.","1. Measure incoming voltage before considering equipment — log actual supply voltage over at least a week at candidate sites and screen out any already supplied near 220-230V.
2. Profile the load, not just the voltage — separate voltage-dependent consumption such as older motors and discharge lighting from voltage-independent loads such as VSDs, inverter plant and LED drivers.
3. Pilot with independent measurement and verification — install at two or three representative sites, verify to IPMVP against control sites over the same period, and require a savings guarantee.
4. Sequence after other upgrades and re-verify — install only once LED and plant upgrades are decided, since those remove the loads that create the saving; re-measure annually.",% of sites fitted with voltage optimisation and average % reduction in electricity consumption,"Restaurants, QSRs, Pubs/Bars/Breweries, Hotels, Contract Caterers, Experiential Leisure",None,Install voltage optimisation,4,YES,Consolidate.xlsx,工作表1,54
INIT-0054,Procure renewable electricity via PPAs or green tariffs,Energy & Buildings,Energy Procurement & Renewables,"Contracting electricity supply through a long-term power purchase agreement with a named generator, or through a REGO-backed green tariff from a supplier. This measures the procurement decision - the share of demand secured on renewable contractual terms - rather than the electricity actually consumed.","A power purchase agreement fixes price and volume for the contract life, so it is a genuine hedge against wholesale volatility as well as a decarbonisation route, and where it funds new-build generation it delivers real additionality. A REGO-backed tariff does neither: it decarbonises reported emissions but leaves the buyer fully exposed to price. That distinction is the whole point of this initiative - the two routes are frequently presented as interchangeable and are not.","1. Map the supply portfolio and contract calendar — list every meter with supplier, contract end date, annual volume and REGO status, then group sites into tranches by renewal date, since expiry dates dictate the achievable timeline.
2. Match a route to each tranche — a REGO-backed tariff for immediate estate-wide coverage, an on-site behind-the-meter PPA for sites with viable roofs, and an off-site or aggregated corporate PPA where volume and credit standing allow.
3. Consider an aggregated PPA across members — operators individually lacking the volume and credit profile for a wholesale agreement can participate collectively under a larger buyer.
4. Tender on certainty and additionality, then evidence it — score bids on contracted price and term, REGO retirement evidence and the age and location of the generating asset, then disclose the split between genuine PPAs and certificated tariffs.",% of electricity procured under long-term PPAs or REGO-backed green tariffs,"Restaurants, QSRs, Pubs/Bars/Breweries, Hotels, Contract Caterers, Experiential Leisure",None,Buy renewable electricity,4,YES,Consolidate.xlsx,工作表1,55
INIT-0055,Enroll sites in demand-side response and flexibility schemes,Energy & Buildings,Energy Procurement & Renewables,"Contracting flexible electrical load - battery storage, EV charging, refrigeration, HVAC - into grid flexibility schemes such as the Capacity Market, so the site is paid to reduce or shift consumption at times of system stress. Usually accessed through an aggregator that bundles many small sites into a tradeable portfolio.","This is the only initiative in this set that earns revenue rather than saving cost, and it also reduces peak-related network charges. It rewards flexibility an estate may already have in refrigeration and storage. The honest position is that at current clearing prices the revenue is close to immaterial for a hospitality site, and the response windows collide with peak trading - so it should be treated as a marginal top-up on flexibility investment justified by other value, never as the business case for it.","1. Identify genuinely flexible load — use half-hourly data to find load that can be shifted or briefly interrupted without affecting guests, food safety or trade: refrigeration and cellar cooling, hot water storage, HVAC pre-conditioning, EV charging and battery storage.
2. Check the timing conflict before anything else — flexibility windows typically run roughly 07:00-14:00 and 16:00-22:00 seven days a week, and the evening window is peak trading.
3. Select an aggregator and negotiate the penalty terms deliberately — sites are too small to participate directly, and one missed response can penalise a whole pooled contract.
4. Mandate genuine load shifting, automate with override, then pilot — exclude diesel backup generation in the contract, give managers a documented override for trading-critical moments, and run a full season on a few sites before extending.",% of sites enrolled in DSR/flexibility schemes and annual load shifted or curtailed (kWh),"Restaurants, QSRs, Pubs/Bars/Breweries, Hotels, Contract Caterers, Experiential Leisure",None,,4,YES,Consolidate.xlsx,工作表1,56
INIT-0056,Run staff energy-engagement programmes,Energy & Buildings,Energy Management,"Structured programmes that change how site teams use energy day to day - switch-off routines, energy champions, role-specific training, incentives and visible consumption feedback - rather than changes to plant or building fabric.","This is the lowest-cost measure available: the independent evidence puts the required investment at 1-2% of energy spend, and it is almost entirely revenue rather than capital, so it needs no capital approval and can start immediately. It also reaches the losses no equipment upgrade can fix - doors propped open, plant left running after service, controls overridden manually. The honest counterweight is that it is the hardest measure to prove and the easiest to let decay, so the measurement has to be funded as part of the programme rather than added afterwards.","1. Set the measurement basis before launching — identify matched control sites and establish weather-normalised half-hourly baselines.
2. Find the behaviours from the data, not a generic checklist — use half-hourly profiles to identify what staff actually control: plant left running after close, propped cellar doors, extract fans when kitchens are closed, external lighting in daylight.
3. Design for enablement, not awareness — fix physical barriers first with labelled switches, accessible controls and sensible default timeclock settings, so the desired behaviour is the easy one.
4. Build it into how sites are run, fund it and verify — appoint energy champions, add energy checks to shift routines, budget the Carbon Trust benchmark of 1-2% of energy spend, and report measured change against control sites.",% of sites running an active staff energy-engagement programme,"Restaurants, QSRs, Pubs/Bars/Breweries, Hotels, Contract Caterers, Experiential Leisure",None,Train staff on energy saving,4,YES,Consolidate.xlsx,工作表1,57
INIT-0057,Optimise heating controls,Energy & Buildings,Energy Management,"Setting heating to deliver heat only where and when it is needed - zoning by area, weather compensation that varies flow temperature with outside conditions, and time and temperature setback outside occupied hours - rather than running to a fixed schedule and a fixed temperature.","Even efficient heating plant wastes energy if it heats empty spaces or runs to a fixed timeclock, and control drift is invisible: schedules get overridden for an event and never reset, sensors fail silently, and nobody notices because the building is warm. The commercial attraction is that the highest-value step needs professional time rather than capital, so it can be delivered across a dispersed estate far faster and more cheaply than plant replacement. It also protects trade - correct zoning prevents both cold trading areas and overheated bedrooms, which is why operations teams support this measure when they resist others.","1. Audit what the controls are doing, site by site — record time clocks, setpoints, dead bands, zoning, sensor locations and whether weather compensation and optimum start are enabled, then test against real trading hours on half-hourly data.
2. Correct the free items first — align schedules to trading hours, widen the dead band so heating and cooling stop fighting, enable setback for unoccupied periods and closed days, and switch on weather compensation and optimum start where the plant supports them.
3. Reduce heat demand before adding sophistication — coordinate with planned fabric and ventilation works, as controls on a leaky building deliver less.
4. Add zoning and central control, then prevent drift — control cellars, kitchens, function rooms and trading areas independently on a central platform, with an annual re-commissioning check, out-of-hours alerts and degree-day-corrected verification.","% of sites with optimised heating controls (zoning, weather compensation, setback)","Restaurants, QSRs, Pubs/Bars/Breweries, Hotels, Contract Caterers, Experiential Leisure",None,Improve heating controls,4,YES,Consolidate.xlsx,工作表1,58
INIT-0058,Improve building EPC ratings to B or above,Energy & Buildings,Energy Management,"Raising the Energy Performance Certificate rating of sites to band B or above. An EPC is an independently assessed, modelled asset rating of a building's energy performance, carbon-based for non-domestic property, and is the metric used by the Minimum Energy Efficiency Standards regime.","EPC band affects whether a property can lawfully be let, what it is worth, and whether lenders will finance it - so the exposure is avoided loss rather than energy saving.  In practical terms, based on household data, upgrading EPC rating from D to B could equate to a 28-63% decrease in energy bills ( an important finding given the volatile geopolitical context. The regulatory case has weakened substantially, however, and the honest position now is that this is primarily a commercial and asset-value initiative. The measures that raise a band - lighting, fabric, metering and controls - cut energy cost and carbon whether or not an EPC threshold ever applies, which is the more durable argument for doing the work.","1. Build an EPC register and establish scope — record rating, expiry, floor area and tenure per site, then segment by regulatory exposure: let buildings over 1,000 sq m, smaller let buildings, owner-occupied sites and Scottish sites under a separate regime.
2. Model the gap and the cost to B — obtain an EPC improvement report per in-scope site, noting that EPC is a modelled asset rating, so prioritise measures that both cut real consumption and move the rating.
3. Sequence upgrades to lease events and refurbishment cycles — align works with lease breaks, renewals and planned refurbishment, since the standard bites when a tenancy is granted, extended or renewed.
4. Deliver through the existing energy programme and track the timetable — treat EPC as the compliance lens over fabric, plant, lighting, controls and generation work already planned, register any valid exemptions, and re-test when secondary legislation is laid.",% of sites with an EPC rating of B or above,"Restaurants, QSRs, Pubs/Bars/Breweries, Hotels, Contract Caterers, Experiential Leisure",None,Improve building energy ratings,4,YES,Consolidate.xlsx,工作表1,59
INIT-0059,Connect sites to low-carbon heat networks or solar thermal,Energy & Buildings,Energy Procurement & Renewables,"Where available, connecting to a low-carbon district heat network or installing solar thermal for hot water displaces gas-fired heating without a full heat-pump retrofit. Tracking the share of sites on low-carbon heat sources captures decarbonisation routes beyond electrification, particularly for sites where heat pumps are impractical.","For sites where a heat pump retrofit is impractical - constrained plant space, listed fabric, insufficient electrical capacity - a heat network connection or solar thermal can decarbonise heat without a full electrification programme. The position has also changed from optional to potentially mandatory: heat network zoning in England can require larger non-domestic buildings inside a designated zone to connect. So this initiative now carries a compliance dimension as well as an opportunity, and the first action is to find out which sites are exposed.","1. Screen by location first — map sites against existing and planned heat networks and designated zones, recording the outcome per site so the KPI denominator reflects what is achievable.
2. Establish the heat and hot water profile before choosing a technology — quantify volume, temperature requirement and seasonal pattern, noting heat networks suit year-round demand while solar thermal matches summer.
3. Compare against the alternatives on the same basis — appraise solar thermal against wastewater heat recovery, an air source heat pump for hot water, and solar PV on the same roof, since roof area is finite.
4. Interrogate commercial terms, then meter and verify — scrutinise tariff indexation, contract length, exit provisions, the network's carbon intensity and backup before signing, then meter delivered heat and report the two technologies separately.",% of sites supplied by a low-carbon heat network or solar thermal hot water,"Restaurants, QSRs, Pubs/Bars/Breweries, Hotels, Contract Caterers, Experiential Leisure",None,Connect to low-carbon heating,4,YES,Consolidate.xlsx,工作表1,60
INIT-0060,Procure certified green gas or biomethane,Energy & Buildings,Energy Procurement & Renewables,"Buying certified green gas or biomethane for sites that remain on gas, evidenced by Renewable Gas Guarantees of Origin (RGGOs) that are cancelled against the volume consumed. It changes the carbon intensity reported for gas without any change to equipment or to the gas physically burnt on site.","It requires no capital, no site works and no operational change, so it is the only way to reduce the reported carbon of gas that cannot yet be electrified - a bridge for residual demand during the transition. Two things must be said alongside that: it costs far more per tonne than most capital measures, and under current rules an SBTi-validated organisation cannot count it toward its Scope 1 target at all. Use it deliberately for genuinely unavoidable residual gas, not as a substitute for capital investment.","1. Quantify residual gas demand and how long it will persist — total annual gas consumption in MWh by site, with a forecast of how that declines as electrification and fabric works are delivered.
2. Price the premium and choose the route — multiply residual MWh by prevailing certificate prices for an indicative annual cost, then decide between a certified supplier tariff and buying and cancelling certificates directly.
3. Screen certificates on quality, not just price — check the Production Support label, since certificates from subsidised plants carry weaker additionality.
4. Confirm acceptability, then retire and report honestly — establish in writing how your reporting framework treats green gas certificates, obtain the annual Cancellation Statement, and report the certified share alongside absolute residual gas volume.",% of gas procured as certified green gas or biomethane,"Restaurants, QSRs, Pubs/Bars/Breweries, Hotels, Contract Caterers, Experiential Leisure",None,Buy green gas,4,YES,Consolidate.xlsx,工作表1,61
INIT-0061,Certify sites to ISO 50001 energy management,Energy & Buildings,Energy Management,"Certifying sites to ISO 50001, an independently audited energy management standard requiring energy baselines, defined significant energy uses, performance indicators and management review - and, uniquely among ISO standards, demonstrated improvement in energy performance rather than simply a maintained system.","It converts energy management from a series of projects into a governed process that must keep improving to retain certification, which is what stops savings decaying once the initial enthusiasm passes. In a UK context the strongest argument is compliance efficiency rather than energy saving: certification covering an organisation's full energy consumption is an alternative ESOS compliance route, so it can discharge an obligation the member already has instead of paying for parallel audits. It is also increasingly requested in B2B procurement questionnaires, which matters for members selling corporate accommodation and events.","1. Decide the ESOS interaction first — establish whether certification will cover all energy use, satisfying ESOS through this route, or only part, requiring separate audits for the remainder.
2. Define the certification scope deliberately — whole estate, a single format or a defined group of sites, since scope drives cost, audit burden and the achievable coverage metric.
3. Build the measurement foundation — baselines from at least 12 months of monitored consumption, significant energy uses identified (cellar cooling, kitchens, HVAC), and performance indicators normalised for weather and trading activity.
4. Embed into existing routines, certify and sustain — attach policy, roles, internal audit and management review to existing operational meetings rather than parallel governance, then maintain an improvement pipeline through annual surveillance on the three-year cycle.",% of sites covered by an ISO 50001-certified energy management system,"Restaurants, QSRs, Pubs/Bars/Breweries, Hotels, Contract Caterers, Experiential Leisure",None,,4,YES,Consolidate.xlsx,工作表1,62
INIT-0062,Install power factor correction,Energy & Buildings,Energy Management,"Installing capacitor banks to correct a site's power factor - the proportion of the electricity drawn that does useful work - and right-sizing the agreed supply capacity, so that reactive power penalties and excess capacity charges are removed from the electricity bill.","This is a billing correction rather than an energy saving: it removes charges the site is incurring for drawing reactive power and for capacity it does not use, without any change to operations. It suits hospitality specifically because refrigeration, cellar cooling, lifts and HVAC are inductive motor loads, which are what depress power factor. Unusually for this list, the saving is arithmetically calculable from a member's own bill before anyone is engaged - so the screening step costs nothing and the business case does not depend on a supplier's percentage.","1. Screen from the bills at zero cost — check reactive/kVArh, kVA maximum demand and availability charges (~£1/kVA/month) per half-hourly supply; exclude single-phase sites and those with no such charges.
2. Measure actual power factor — survey a representative period including trading peaks, plus harmonics. Penalties bite below ~0.95 (some 0.90–0.92); record depth and frequency below threshold, not the average.
3. Size correction and capacity together — kVAr for ~0.95 (kVA reduction = kW × (1/existing pf − 1/target pf)), then cut Authorised Supply Capacity to actual demand, often the larger saving, keeping headroom.
4. Specify for harmonics — detuned banks where LED drivers, inverters and VSDs distort; automatic correction suits variable load; parallel install, no shutdown.
5. Demand a site-specific projection from your bills and survey; reject generic percentage quotes.
6. Monitor for drift — capacitors and controls fail silently; alert on reactive and kVA charges monthly, recheck pf annually. Report % sites corrected and measured pf against qualifying sites, not the whole estate.",% of sites with power factor correction installed and average power factor achieved,"Restaurants, QSRs, Pubs/Bars/Breweries, Hotels, Contract Caterers, Experiential Leisure",None,Install power factor correction,4,YES,Consolidate.xlsx,工作表1,63
INIT-0063,Build to BREEAM 'Very Good' or above,Energy & Buildings,Energy Management,"An independently certified standard for the design and construction of energy- and resource-efficient buildings. Applying it to new builds and major refurbishments, and targeting a rating of 'Very Good' or above, sets low operational energy demand into the design at the point where it is cheapest to influence.","Design-stage decisions determine a building's energy demand for its whole life, and they cost almost nothing to influence at inception and a great deal to change later. The evidence for 'Very Good' is unusually favourable: the scheme owner's own cost research puts the capital uplift below 0.25% of construction cost, so this is close to a free commitment provided the target is set at project inception. Certification also carries value and financing benefits, and on some sites it is imposed by planning conditions regardless of policy.","1. Define 'qualifying project' — all new builds, major refurbishments above a stated capital value or floor area, and anything needing planning consent (some authorities mandate it); otherwise denominators differ.
2. Set the target at inception, not design freeze — credits are cheap designed in, costly retrofitted: the same rating costs under 0.25% or several percent purely on timing. Write it into the brief and appointments.
3. Appoint a licensed assessor at concept design — sort credits into free, cheap and expensive; aim above 'Very Good' as credits are lost in build.
4. Budget the evidence effort — capital uplift is minimal at Very Good, but design and contractor evidence time is real; fund it in fees.
5. Earn credits from planned work — fabric, controls, lighting, heat pumps and on-site generation are delivered anyway; check EPC alongside.
6. Hold to completion — contractor obligation with evidence milestones and post-construction certificate; report certified, not targeted.",% of qualifying new-build and major refurbishment projects achieving BREEAM 'Very Good' or above,"Restaurants, QSRs, Pubs/Bars/Breweries, Hotels, Contract Caterers, Experiential Leisure",None,Build to green building standards,4,YES,Consolidate.xlsx,工作表1,64
INIT-0064,Allocate responsibility at Board level,Governance,General,"Assign formal oversight and accountability for sustainability and climate-related matters to the Board, ensuring sustainability is integrated into strategic decision-making and organisational governance.","Visible Board ownership demonstrates leadership commitment and ensures sustainability is treated as a strategic business issue rather than an operational initiative. Effective Board oversight strengthens accountability, supports better decision-making and helps ensure sufficient resources are allocated to deliver Net Zero objectives.","Assign responsibility for sustainability and climate-related matters to a designated Board member, Board committee or equivalent governing body. Clearly define decision-making authority, reporting lines and responsibilities, including oversight of climate-related risks, opportunities, targets and performance. Ensure sustainability is a standing agenda item at Board meetings and is considered when approving business strategy, investment decisions and major organisational changes.",100% of organisations have a named Board member or committee responsible for sustainability/climate matters. Sustainability performance reviewed by the Board at least quarterly.,All,None,Allocate responsibility at Board level,4,YES,Consolidate.xlsx,工作表1,65
INIT-0065,Appoint a sustainability lead or assign executive responsibility for sustainability,Governance,General,"Appoint a named individual with responsibility for leading, coordinating and monitoring sustainability activities across the organisation.","Without clear ownership, sustainability initiatives often become fragmented across departments. A dedicated lead improves coordination, maintains momentum, supports consistent decision-making and ensures accountability for delivering sustainability and Net Zero objectives.","Appoint a dedicated sustainability lead or assign responsibility to an existing senior employee, depending on organisational size and resources. Clearly define responsibilities, including coordinating cross-functional initiatives, overseeing sustainability data collection, monitoring KPIs, supporting regulatory compliance, managing sustainability reporting and engaging internal and external stakeholders. Ensure regular reporting to senior management and the Board.","Named sustainability lead appointed with documented responsibilities. At least 90% of agreed sustainability actions delivered or progressing to schedule, with performance formally reviewed at least quarterly.",All,None,New initiative,4,YES,Consolidate.xlsx,工作表1,66
INIT-0066,Establish a Sustainability Committee,Governance,General,"Establish a cross-functional Sustainability Committee—or clearly define an equivalent governance forum—to oversee implementation of the sustainability strategy, coordinate actions across departments and monitor progress against sustainability objectives.","Sustainability initiatives often span multiple business functions and cannot be delivered effectively by one department alone. A dedicated governance forum improves collaboration, clarifies ownership, resolves implementation challenges and ensures sustainability is consistently embedded into operational and strategic decision-making.","Establish a cross-functional Sustainability Committee with representatives from key business functions. Define clear roles, meeting schedules and responsibilities for overseeing sustainability initiatives, reviewing performance, managing risks and supporting delivery of the Net Zero Strategy.","Committee established with documented terms of reference and representatives from 100% of relevant functions. Meet at least quarterly, with ≥90% of agreed actions completed by their deadlines.",All,None,Establish a Sustainability Committee,4,YES,Consolidate.xlsx,工作表1,67
INIT-0067,Link executive remuneration to sustainability and climate performance,Governance,General,Incorporate sustainability and climate-related objectives into executive performance management and remuneration arrangements.,Aligning executive incentives with sustainability performance reinforces leadership accountability and encourages long-term decision-making that supports climate objectives alongside financial performance.,"Select a balanced set of measurable sustainability KPIs—such as emissions reductions, energy efficiency, waste reduction, supplier engagement or delivery of Net Zero milestones—and integrate these into executive performance reviews and remuneration policies where appropriate. Review KPIs annually to ensure they remain aligned with organisational priorities and long-term sustainability objectives.",100% of relevant executives have at least one measurable sustainability/climate KPI included in annual performance objectives. Track percentage of variable remuneration linked to sustainability and percentage of sustainability-linked objectives achieved.,All,None,Link Exec incentives to successfully delivering climate action,4,YES,Consolidate.xlsx,工作表1,68
INIT-0068,Engage your shareholders around climate risks and opportunities,Governance,General,"Communicate with investors, owners and shareholders on how climate-related risks, opportunities and transition plans may affect organisational performance and long-term value creation.","Transparent engagement strengthens stakeholder confidence, demonstrates accountability and helps ensure sustainability considerations are integrated into long-term business planning and investment decisions.","Provide regular updates on climate-related risks, opportunities, sustainability performance, Net Zero targets and transition planning through annual reports, investor communications and governance meetings. Encourage dialogue with investors and owners, respond to stakeholder feedback and ensure climate-related considerations are reflected in strategic discussions and capital allocation decisions.","Conduct at least one formal climate/sustainability engagement with key shareholders or investors annually. Track shareholder support for climate-related resolutions, number of substantive climate engagements and actions arising from stakeholder feedback.",All,None,Engage your shareholders around climate risks and opportunities,4,YES,Consolidate.xlsx,工作表1,69
INIT-0069,Regularly review sustainability performance at senior management and Board level.,Governance,General,"Establish a governance process for monitoring, reviewing and reporting progress against sustainability objectives, Net Zero targets and key performance indicators.","Regular performance reviews enable organisations to identify issues early, make informed decisions and maintain momentum towards sustainability objectives. Ongoing monitoring also improves accountability and supports continual improvement.","Define a set of sustainability KPIs aligned with the organisation's strategy and Net Zero objectives. Assign data owners, establish reporting frequencies and review progress against interim milestones at senior management and Board meetings. Use performance reviews to identify implementation barriers, adjust action plans and communicate progress internally and externally where appropriate.","100% of core sustainability KPIs reported at an agreed frequency, with senior management reviewing performance at least quarterly. Aim for ≥90% data completeness and track the proportion of sustainability targets on schedule.",All,None,"Introduce a performance, tracking and reporting mechanism for your Net Zero Strategy",4,YES,Consolidate.xlsx,工作表1,70
INIT-0070,Develop a sustainability strategy informed by a double materiality assessment.,Governance,Strategy,"Develop a long-term sustainability strategy based on a double materiality assessment, identifying the environmental, social and governance issues that are most significant to both the organisation and its stakeholders.","A sustainability strategy provides a clear long-term direction for decision-making, ensuring resources are focused on the issues that matter most. Using a double materiality approach helps organisations balance business resilience with environmental and social responsibility while responding to evolving stakeholder expectations.","Conduct a double materiality assessment to evaluate both the financial impacts of sustainability issues on the organisation and the organisation's impacts on people and the environment. Engage internal and external stakeholders, identify material topics, prioritise key sustainability issues and develop a Board-approved sustainability strategy aligned with the organisation's purpose, business objectives and long-term value creation. Review the strategy periodically to reflect changing business priorities, stakeholder expectations and regulatory developments.","Complete and Board approve a materiality-informed sustainability strategy. 100% of identified material topics assigned objectives, accountable owners and measurable KPIs. Review materiality assessment at least every 2–3 years or following major organisational/regulatory changes.",All,None,Clearly define your sustainability ambitions and social purpose. + Completed double materiality assessment,4,YES,Consolidate.xlsx,工作表1,71
INIT-0071,Calculate your baseline GHG footprint.,Governance,Strategy,"Develop a complete greenhouse gas inventory across Scope 1, Scope 2 and relevant Scope 3 emissions to establish a baseline for measuring future progress.","A robust emissions baseline provides the foundation for setting targets, prioritising emissions reduction opportunities and monitoring progress over time. Without understanding current emissions, organisations cannot develop credible decarbonisation strategies.","Define organisational and operational boundaries using the GHG Protocol. Calculate emissions across Scope 1, Scope 2 and relevant Scope 3 categories using recognised emission factors. Identify emissions hotspots, document assumptions and establish annual reporting processes. Improve data quality over time through supplier engagement and increased use of primary data.","Complete a Scope 1, 2 and relevant Scope 3 GHG inventory covering ≥95% of estimated material emissions, with a documented baseline year and methodology. Update the inventory annually and monitor data quality/completeness.",All,None,Calculate your baseline GHG footprint across all 3 scopes,4,YES,Consolidate.xlsx,工作表1,72
INIT-0072,Use the TCFD framework to review and disclose your climate-related risks and opportunities.,Governance,Strategy,"Identify and evaluate the physical and transition climate-related risks and opportunities that may affect organisational performance, resilience and long-term value creation.","Understanding climate risks improves organisational resilience, while identifying climate opportunities supports innovation, competitiveness and long-term business growth.","Assess physical risks such as flooding, heat stress and water scarcity alongside transition risks including policy changes, carbon pricing, market shifts and customer expectations. Identify climate-related business opportunities such as resource efficiency, low-carbon products, renewable energy and circular business models. Integrate findings into enterprise risk management, business strategy, investment decisions and financial planning.","Complete a climate risk and opportunity assessment covering 100% of material operations/assets. Quantify material risks where practicable, assign owners and mitigation actions, and review the assessment at least annually.",All,None,Use the TCFD framework to review and disclose your climate-related risks and opportunities.,4,YES,Consolidate.xlsx,工作表1,73
INIT-0073,Develop a Net Zero Strategy.,Governance,Strategy,"Develop a structured, long-term decarbonisation plan setting out how the organisation will reduce emissions and progress towards Net Zero, including priorities, milestones, responsibilities, resources and implementation mechanisms.","Converts climate ambition into an actionable roadmap. It helps organisations prioritise high-impact measures, coordinate actions across functions, plan investment and maintain accountability for emissions reduction over time.","Use the GHG inventory to identify major emissions sources and reduction levers. Develop short-, medium- and long-term actions covering relevant Scope 1, 2 and 3 emissions. Define responsibilities, timelines, resources and investment requirements. Prioritise direct emissions reductions and value-chain decarbonisation before neutralisation of residual emissions. Integrate the strategy into business planning and review progress annually.","Board-approved Net Zero Strategy covering ≥90% of the organisation's GHG footprint, with quantified interim milestones and named owners for 100% of priority actions. Review implementation progress at least annually.",All,None,"Set a Net Zero target (If so, provide Net zero by X year information)",4,YES,Consolidate.xlsx,工作表1,74
INIT-0074,Set a Net Zero target.,Governance,Strategy,"Establish a formal commitment to achieve Net Zero greenhouse gas emissions by a specified year, supported by interim targets and a clearly defined organisational scope.","A clear Net Zero target provides long-term direction, strengthens accountability and enables organisations to plan investments, prioritise actions and monitor progress consistently.","Set a Board-approved Net Zero target based on the organisation's GHG inventory. Define the baseline year, target year, organisational boundary, emissions scope and interim milestones. Prioritise emissions reductions before relying on carbon removals and integrate targets into organisational strategy and reporting.","Board-approved Net Zero target with a specified target year and baseline, supported by quantified near-/medium-term targets. Monitor annual % emissions reduction against baseline and progress against the required target trajectory.",All,None,Set a Net Zero Strategy,4,YES,Consolidate.xlsx,工作表1,75
INIT-0075,Validate targets through SBTi.,Governance,Strategy,Submit emissions reduction targets for independent validation to ensure they are aligned with the latest climate science.,"Independent validation increases confidence that organisational targets are credible, robust and aligned with the global objective of limiting warming to 1.5°C.","Develop science-based emissions reduction targets covering Scope 1, Scope 2 and relevant Scope 3 emissions. Ensure targets meet current SBTi criteria before submission, respond to any validation feedback and update targets periodically as organisational activities change.",Obtain SBTi validation for applicable near- and/or long-term emissions-reduction targets. Track annual emissions performance against the validated target trajectory and maintain compliance with applicable SBTi requirements.,All,None,Have targets approved by the Science Based Targets Initiative,4,YES,Consolidate.xlsx,工作表1,76
INIT-0076,Integrate sustainability objectives and KPIs into business planning.,Governance,Strategy,"Embed sustainability objectives, measurable KPIs, budgets and responsibilities into business planning and operational decision-making.",Embedding sustainability into business planning ensures climate objectives become part of day-to-day decision-making rather than standalone initiatives.,"Integrate sustainability objectives into annual business plans and departmental objectives. Assign measurable KPIs, budgets, responsibilities and timelines, ensuring sustainability performance is monitored alongside financial and operational performance through regular management reviews.","100% of material sustainability objectives incorporated into annual business plans, with accountable owners, measurable KPIs and appropriate budgets. Review performance at least quarterly.",All,None,Connect sustainability goals and link sustainability KPIs to your annual operating plan.,4,YES,Consolidate.xlsx,工作表1,77
INIT-0077,Develop a long-term decarbonisation funding plan.,Governance,Strategy,Develop a multi-year financial plan identifying the investment required to deliver the Net Zero Strategy and how it will be funded.,Many decarbonisation projects require significant investment. Long-term financial planning ensures sufficient resources are available to deliver the transition effectively.,"Identify investment requirements for decarbonisation projects, prioritise projects based on emissions reduction potential and business value, align capital allocation with the Net Zero Strategy and regularly review funding requirements. Consider internal investment, green finance and external funding opportunities.",100% of priority decarbonisation projects have identified funding requirements and potential funding sources. Establish a multi-year decarbonisation budget and track annual capital allocated/deployed against the plan.,All,None,Establish a long-term decarbonisation funding plan,4,YES,Consolidate.xlsx,工作表1,78
INIT-0078,"Explore external grants, funding and incentives.",Governance,Strategy,Identify and access external financial support to accelerate decarbonisation projects and reduce implementation costs.,"External funding can improve project viability, accelerate implementation and reduce the financial burden associated with decarbonisation investments.","Monitor available grants, tax incentives, green finance opportunities and sector-specific funding programmes. Assess eligibility, prepare robust business cases and integrate successful funding into the organisation's wider investment programme.","Review relevant external funding opportunities at least quarterly. Track number/value of applications, success rate, £ external funding secured, % of eligible decarbonisation CAPEX externally funded and emissions reductions enabled by funded projects.",All,None,New initiative,4,YES,Consolidate.xlsx,工作表1,79
INIT-0079,Develop a carbon removals strategy and quality criteria.,Governance,Strategy,"Define when carbon removals may be used, establish acceptable removal methods and specify the quality criteria that removal projects must meet.","A robust carbon removals strategy ensures removals are used responsibly, maintains the credibility of Net Zero claims and reduces the risk of relying on low-quality carbon credits.","Quantify expected residual emissions after feasible reductions. Establish a removals policy and quality criteria covering issues such as additionality, durability/permanence, leakage, robust quantification, monitoring and independent verification. Establish governance for procurement and claims and periodically reassess the strategy as standards and technologies develop.","100% of removals used for Net Zero neutralisation meet the organisation's documented quality criteria. Track tonnes of residual emissions, tCO₂ permanently removed, removal durability and % of Net Zero progress achieved through direct reductions versus removals.",All,None,"Prioritise activity to reduce or remove carbon within your own value chain (""insetting"")",4,YES,Consolidate.xlsx,工作表1,80
INIT-0080,Involve your guests in sustainability initiatives- offer discounts for opting out of daily cleaning of the room-- ask them to give feedback on your activities,Governance,Strategy,Encourage guests to actively participate in sustainability initiatives that reduce the environmental impact of their stay while increasing awareness of the organisation's sustainability commitments.,"Guest behaviour can have a significant impact on energy use, water consumption, waste generation and laundry requirements within accommodation businesses. Engaging guests helps reduce operational environmental impacts while increasing awareness of sustainability, strengthening customer trust and supporting the organisation's wider sustainability and Net Zero objectives.","Develop guest-facing initiatives that encourage more sustainable behaviours throughout their stay. Examples include offering guests the option to opt out of daily housekeeping or towel and linen changes, promoting water and energy conservation, encouraging the use of refillable water stations and sustainable transport options, and communicating the environmental benefits of participation. Where appropriate, provide incentives such as loyalty points, food and beverage vouchers or charitable donations. Regularly collect guest feedback on sustainability initiatives and use insights to improve future programmes.","Achieve ≥50% participation in eligible towel/linen reuse or reduced-housekeeping programmes, while maintaining guest-satisfaction scores. Track avoided housekeeping services, laundry loads and estimated water/energy savings per occupied room.",All,None,New Initiaitve,4,YES,Consolidate.xlsx,工作表1,81
INIT-0081,"Provide sustainability training for your leadership team, operations and functional central support teams.",Governance,Staff,"Training designed to equip senior leaders and operations teams with the knowledge needed to oversee sustainability strategy, climate risks, targets and organisational accountability.","Training builds the knowledge and skills needed to deliver the organisation's sustainability strategy. It improves decision-making, strengthens accountability and helps embed sustainability into day-to-day operations and business planning.","Develop a structured sustainability training programme tailored to different roles across the organisation. Cover topics such as climate change, Net Zero, carbon emissions, energy efficiency, waste reduction, sustainable procurement, food waste (where applicable), relevant regulations and individual responsibilities. Include sustainability within employee onboarding, leadership development and mandatory refresher training, and monitor participation and training effectiveness.","≥90% of relevant employees complete sustainability training annually, with ≥80% achieving the required post-training knowledge score. Include sustainability training in 100% of relevant new-starter onboarding.",All,None,"Provide sustainability training for your leadership team, operations and functional central support teams.",4,YES,Consolidate.xlsx,工作表1,82
INIT-0082,Offer a sustainable pension to employees (Ideally make it the default choice),Governance,Staff,"Offer employees workplace pension investment options that incorporate environmental, social and governance (ESG) considerations, ideally making the sustainable option the default fund where appropriate.",Sustainable pension options allow employees to align their retirement savings with responsible investment principles while supporting investment in organisations and projects contributing to the transition to a low-carbon economy.,"Work with pension providers to identify sustainable investment options that align with recognised responsible investment principles. Clearly communicate available options to employees and consider making the sustainable fund the default option where permitted, while maintaining employee choice. Review pension providers and investment options periodically to ensure they continue to meet recognised sustainability standards.","100% of employees have access to a sustainable pension option. Where appropriate, establish a sustainable default and track % of employees invested in it. Require annual reporting on financed-emissions intensity and progress against the pension fund's climate targets.",All,None,Offer a sustainable pension to employees (Ideally make it the default choice),4,YES,Consolidate.xlsx,工作表1,83
INIT-0083,Understand employee sustainability expectations and strengthen engagement,Governance,Staff,Engage employees to understand their sustainability expectations and encourage active participation in delivering the organisation's sustainability objectives.,"Engaged employees are more likely to support sustainability initiatives, contribute new ideas and adopt more sustainable behaviours. Employee engagement also strengthens organisational culture, improves retention and reinforces the credibility of sustainability commitments.","Gather employee feedback through surveys, workshops, engagement sessions and regular communications to understand sustainability priorities and identify opportunities for improvement. Encourage employee participation through Green Teams, sustainability champions, volunteering initiatives, idea-sharing programmes and recognition schemes. Regularly communicate sustainability progress and demonstrate how employee feedback influences organisational decisions.",Conduct an employee sustainability survey at least annually and achieve ≥60% response rate. Establish employee sustainability representation across relevant functions/sites and track participation in sustainability initiatives. Respond formally to 100% of material themes identified through employee feedback.,All,None,Understand the shifting customer expectations of business and opportunities to build brand on sustainability credentials,4,YES,Consolidate.xlsx,工作表1,84
INIT-0084,Embed sustainability into employee roles and responsibilities,Governance,Staff,"Clearly define how sustainability contributes to individual roles and responsibilities, ensuring sustainability becomes part of day-to-day decision-making and performance.","Sustainability cannot be delivered by a single team alone. Embedding sustainability into individual roles creates shared ownership, strengthens accountability and ensures sustainability is considered in everyday operational and strategic decisions.","Identify how sustainability applies to different functions across the organisation, including operations, procurement, facilities, HR, finance, marketing and leadership. Update job descriptions, objectives and performance expectations where appropriate to reflect sustainability responsibilities. Ensure managers communicate expectations clearly and provide employees with the resources needed to fulfil their responsibilities.",100% of roles identified as materially influencing sustainability have documented sustainability responsibilities. Include measurable sustainability objectives in ≥90% of relevant employee/manager performance plans and review progress at least annually.,All,None,New Initiaitve,4,YES,Consolidate.xlsx,工作表1,85
INIT-0085,Recognizing and rewarding employees for their contributions to sustainability efforts can boost morale and motivation,Governance,Staff,"Establish formal mechanisms to recognise and, where appropriate, reward employees or teams that contribute to achieving sustainability objectives, implementing environmental improvements or developing innovative sustainability solutions.","Recognition reinforces desired behaviours, makes sustainability contributions visible and can strengthen employee motivation and participation. Well-designed rewards can encourage continued pro-environmental behaviour while demonstrating that sustainability performance is valued by the organisation.","Define clear eligibility and criteria linked to measurable sustainability outcomes or meaningful behaviours. Use a mix of non-financial recognition—such as awards, internal recognition and development opportunities—and proportionate financial or team incentives where appropriate. Reward both outcomes and the actions that produced them to avoid encouraging gaming of individual metrics. Communicate successful initiatives across the organisation.","Establish a formal sustainability recognition mechanism and review nominations at least annually or quarterly. Track number of recognised employees/teams, participation rate and environmental outcomes associated with rewarded initiatives. Aim for 100% of sustainability awards to be supported by measurable impact or verified contribution.",All,None,New Initiaitve,4,YES,Consolidate.xlsx,工作表1,86
INIT-0086,Develop and maintain a Climate Transition Plan.,Governance,Regulation,"Develop and maintain a Climate Transition Plan that outlines how the organisation will achieve its climate and Net Zero commitments through defined actions, governance, investment, timelines and performance monitoring.","A Climate Transition Plan provides a structured roadmap for achieving climate commitments and translating strategic ambitions into practical actions. It supports long-term decision-making, improves organisational resilience, strengthens investor and stakeholder confidence and ensures climate considerations are integrated into business planning and investment decisions.","Develop the plan in alignment with the organisation's sustainability strategy, GHG baseline and Net Zero targets. Identify material Scope 1, 2 and 3 emissions sources and corresponding decarbonisation levers. Define short-, medium- and long-term actions, responsible owners, required investment, implementation timelines and dependencies. Integrate the plan into business planning, financial planning, risk management and governance processes. Establish metrics and interim milestones, disclose progress regularly and update the plan when material changes in regulation, technology, business activity or performance occur.","Maintain a Board-approved Climate Transition Plan covering 100% of material Scope 1, 2 and relevant Scope 3 emissions. Assign accountable owners and timelines to 100% of priority actions and review progress against quantified interim targets at least annually.",All,None,New Initiaitve,4,YES,Consolidate.xlsx,工作表1,87
INIT-0087,"Disclose climate-related information using recognised reporting frameworks (e.g. UK SRS, IFRS S2 and TCFD).",Governance,Regulation,"Disclose climate-related governance, strategy, risks, opportunities, metrics and performance using recognised sustainability reporting frameworks to improve transparency and accountability.","Transparent climate reporting helps organisations demonstrate accountability, build trust with investors, customers and other stakeholders, and communicate progress towards sustainability objectives. Consistent reporting also supports better decision-making and prepares organisations for evolving reporting requirements.","Identify the reporting frameworks most appropriate to the organisation and establish processes for collecting, managing and verifying sustainability data. Report climate-related governance, risks, opportunities, emissions, targets and progress consistently using recognised frameworks. Ensure disclosures are supported by reliable evidence and review reporting processes regularly to improve data quality and meet evolving stakeholder expectations.","Publish climate-related disclosures annually in accordance with all applicable reporting requirements, covering governance, strategy, risk management and metrics/targets. Aim for 100% disclosure of applicable material requirements, track data completeness and obtain independent assurance over material climate metrics where proportionate and appropriate.",All,None,New initiative,4,YES,Consolidate.xlsx,工作表1,88
INIT-0088,"Ensure compliance with applicable environmental legislation and reporting requirements (e.g. SECR, ESOS, Simpler Recycling, EPR and the Green Claims Code, where applicable).",Governance,Regulation,"Establish a systematic process to identify, monitor and comply with applicable environmental legislation, sustainability reporting obligations and environmental claims guidance relevant to the organisation's activities.","Maintaining compliance reduces legal, financial and reputational risks while ensuring the organisation meets evolving regulatory requirements and stakeholder expectations. A proactive compliance process also strengthens governance and supports credible sustainability performance.","Identify applicable environmental legislation, reporting obligations and regulatory guidance based on the organisation's size, activities and locations. Assign responsibility for monitoring regulatory developments, implement processes to maintain compliance and regularly review legal obligations. Ensure environmental claims used in marketing and communications are accurate, evidence-based and supported by robust data to minimise greenwashing risks.",100% of applicable environmental obligations recorded with a named owner and evidence requirement; 0 overdue corrective actions; compliance status reviewed at least quarterly and after material regulatory changes.,All,None,New initiative,4,YES,Consolidate.xlsx,工作表1,89
INIT-0089,Implement an Environmental Management System (e.g. ISO 14001).,Governance,Regulation,"Implement an Environmental Management System (EMS) to systematically identify, manage, monitor and continually improve the organisation's environmental performance.","An Environmental Management System provides a structured framework for improving environmental performance, strengthening compliance, reducing environmental risks and embedding continuous improvement throughout the organisation. It also supports the delivery of broader sustainability and Net Zero objectives.","Establish an Environmental Management System appropriate to the organisation's size and activities. Identify significant environmental aspects and impacts, establish objectives and performance indicators, assign responsibilities, implement documented procedures and regularly monitor performance through audits and management reviews. Where appropriate, pursue ISO 14001 certification to demonstrate alignment with internationally recognised best practice.",100% of significant environmental aspects covered by documented controls and objectives; corrective actions closed by their due dates; at least 1 formal management review completed annually.,All,None,New initiative,4,YES,Consolidate.xlsx,工作表1,90
INIT-0090,"Pursue recognised sustainability certifications and voluntary commitments (e.g. Green Key, Green Tourism, B Corp, Race to Zero or The Climate Pledge)",Governance,Regulation,"Pursue recognised sustainability certifications and voluntary commitments that demonstrate environmental leadership, strengthen governance and provide independent recognition of sustainability performance.","Recognised certifications and voluntary commitments provide external validation of sustainability performance, strengthen stakeholder confidence and encourage continuous improvement. They can also enhance reputation, improve customer trust and support competitive differentiation within the hospitality sector.","Assess which certifications or voluntary commitments are most relevant to the organisation's activities and sustainability objectives. Conduct a gap analysis against certification requirements, implement necessary operational improvements and maintain evidence to demonstrate compliance. Review certification performance regularly and communicate achievements transparently while continuing to drive improvement.","100% of priority sites, products or business units assessed against the selected scheme; certification achieved and maintained for the approved scope; 100% of material non-conformities closed by their due dates.",All,None,New initiative,4,YES,Consolidate.xlsx,工作表1,91
INIT-0091,Establish a Management Information System to Track Sustainability KPIs Monthly,Governance,Regulation,"A system that captures environmental data across key topics and reviews it on a monthly basis, rather than only at annual reporting intervals.","Annual reporting is too slow to catch problems early. Monthly tracking lets a business identify variances in time to act, stay accountable to targets and direct management attention toward the initiatives with the greatest commercial and environmental impact.","Define a controlled monthly data calendar covering energy, carbon, water, waste, procurement and delivery KPIs. Assign a named owner and reviewer to each metric, automate source-data feeds where practical, investigate material variances and record corrective actions. Use one agreed calculation methodology and retain evidence for audit and annual disclosure.",12 monthly performance reviews completed each year; 100% of material KPIs submitted and approved by the monthly close; 100% of material variances assigned to an owner with a due date; 0 unexplained material variances at year-end.,All,None,New initiative,4,YES,Consolidate.xlsx,工作表1,92
INIT-0092,Reduce the volume and impact of packaging materials used.,Supply Chain,Packaging,"Reduce unnecessary primary, secondary and tertiary packaging while maintaining product protection, food safety and quality. Prioritise eliminating packaging first, followed by reducing material use and selecting lower-impact packaging where packaging remains necessary.","Reducing packaging at source lowers material consumption and waste generation and can reduce procurement, transport, storage and waste-management costs. It can also reduce packaging-related Scope 3 emissions and, for obligated UK producers, packaging EPR disposal fees.","Establish a baseline of packaging used by material and weight. Review primary, secondary and tertiary packaging to identify unnecessary components and opportunities to reduce weight, dimensions or material use without compromising food safety or product quality. Work with suppliers to trial lighter or simplified formats and prioritise reusable, recyclable or recycled-content alternatives where packaging cannot be eliminated. Track packaging use against the baseline and review specifications regularly.",Packaging intensity: kg packaging per unit/product/£ revenue. Packaging reduction: tonnes and % reduction in packaging against baseline. Packaging eliminated: number of packaging components/items removed. Financial: £ packaging procurement/EPR cost avoided annually. Carbon: tCO₂e avoided from packaging reductions.,All,None,"Optimise packaging materials - Reduce packaging materials used, and waste generated",4,YES,Consolidate.xlsx,工作表1,93
INIT-0093,Collaborate with suppliers to reduce packaging impacts across the supply chain,Supply Chain,Packaging,"Work collaboratively with suppliers to reduce the environmental impact of packaging associated with purchased goods, deliveries and customer-facing products, including through packaging elimination, reduction, reuse, recycled content and improved recyclability.","A significant proportion of packaging is determined upstream by suppliers rather than by hospitality businesses themselves. Supplier engagement can therefore identify packaging reductions that businesses cannot achieve independently, reducing packaging waste, associated Scope 3 emissions and potentially procurement, logistics, waste-management and EPR-related costs.","Identify suppliers responsible for the largest volumes of packaging and engage them to review packaging specifications. Agree opportunities to eliminate unnecessary packaging, reduce material use, increase recycled content and introduce reusable or returnable packaging. Incorporate packaging requirements into procurement specifications and supplier reviews, and track agreed reductions over time.",Supplier engagement: % of priority suppliers engaged on packaging reduction. Packaging reduction: tonnes and % packaging avoided through supplier initiatives. Reuse: % or number of deliveries using reusable/returnable packaging. Financial: £ annual savings generated through supplier packaging improvements. Carbon: tCO₂e avoided through implemented supplier packaging changes.,All,None,Engage and work with current suppliers to reduce the impact of packaging,4,YES,Consolidate.xlsx,工作表1,94
INIT-0094,Use dispense or refill systems for drinks rather than single-use packaging,Supply Chain,Packaging,"Replace individually packaged drinks with dispense, tap, keg or refill systems where feasible to reduce reliance on single-use bottles and cans.","Dispense and refill systems can reduce single-use packaging, associated carbon emissions and waste, while also reducing beverage purchasing, transport, storage and waste-management costs. High-volume hospitality operations may achieve particularly strong financial and environmental benefits.","Identify high-volume beverages currently purchased in single-use bottles or cans, such as water, soft drinks, beer and wine. Assess suitable alternatives including filtered water systems, post-mix soft drinks, draught beer and wine-on-tap or keg systems. Compare equipment, maintenance and operating costs against current purchasing and waste costs, trial suitable systems and monitor packaging, cost and carbon savings.",Single-use packaging avoided: number of bottles/cans avoided per year. Packaging reduction: kg/tonnes of packaging avoided. Financial: £ saving per drink and £ annual saving. Carbon: kg/tCO₂e avoided annually. Adoption: % of applicable drinks served through dispense/refill systems.,"All – particularly relevant for hotels, pubs, bars, restaurants, contract caterers and event venues",None,Use dispense options for drinks where possible,4,YES,Consolidate.xlsx,工作表1,95
INIT-0095,Undertake life cycle assessment (LCA) of packaging to understand its full environmental impact,Supply Chain,Packaging,"Assess the environmental impacts of packaging across its life cycle, including raw material extraction, manufacturing, transport and end-of-life, to identify packaging options with lower overall environmental impacts and avoid shifting impacts between life-cycle stages.","Packaging that appears more sustainable based on a single characteristic, such as weight or recyclability, may have greater impacts elsewhere in its life cycle. LCA enables businesses to compare packaging alternatives systematically and identify options that reduce overall environmental impacts while maintaining product protection, food safety and operational performance.","Prioritise high-volume or high-impact packaging formats for assessment. Define the scope and functional unit, collect data on packaging materials, manufacturing, transport and end-of-life, and compare alternative packaging options using recognised LCA methodology, software or specialist support. Use the findings alongside cost, food-safety and operational considerations when making packaging decisions.",Coverage: % of priority packaging formats assessed using LCA. Improvement: % reduction in lifecycle GHG emissions between existing and proposed packaging. Materials: kg of material avoided per packaging unit. Implementation: % of LCA recommendations implemented. Financial: % reduction in packaging costs following LCA-informed redesign.,All,None,Life cycle analysis (LCA) on packaging,4,YES,Consolidate.xlsx,工作表1,96
INIT-0096,Eliminate single-use plastic items from operations,Supply Chain,Packaging,"Eliminate avoidable single-use plastic items and packaging from operations and replace them with reusable or refillable alternatives where practical, while maintaining food safety, hygiene, product quality and customer experience.","Eliminating single-use plastics reduces material consumption, packaging waste and associated lifecycle emissions. Reusable and refillable alternatives can also reduce recurring purchasing and waste-management costs. In England, certain single-use plastic items are already banned or restricted, including plastic cutlery, drink stirrers and expanded/extruded polystyrene food and drink containers.","Audit single-use plastic items across operations and quantify annual usage by item and weight. Prioritise items that can be eliminated completely, followed by those that can be replaced with reusable or refillable systems. For example, replace hotel toiletry miniatures with bulk dispensers, bottled water with refill systems, and disposable serviceware with reusable alternatives. Update procurement specifications, engage suppliers and track reductions against the baseline.",Plastic eliminated: kg/tonnes of single-use plastic avoided annually. Items eliminated: number of single-use plastic items avoided annually. Reduction: % reduction in single-use plastic against baseline. Financial: £ annual purchasing/waste costs avoided. Carbon: tCO₂e avoided through elimination/reuse.,All – guest amenities particularly relevant for hotels and other accommodation providers,None,New Initiative,4,YES,Consolidate.xlsx,工作表1,97
INIT-0097,Increase recycled content in packaging materials,Supply Chain,Packaging,"Increase the proportion of recycled material used in packaging, including plastic, glass, aluminium, paper and cardboard, where food safety, quality and performance requirements allow.","Increasing recycled content reduces demand for virgin raw materials and can lower the lifecycle carbon footprint of packaging. For plastic packaging, it can also provide a financial benefit through the UK Plastic Packaging Tax where applicable.","Establish the current recycled content of key packaging formats and identify high-volume packaging with low or no recycled content. Work with packaging suppliers to increase recycled content while maintaining food safety, quality and performance. Prioritise high-volume materials and incorporate minimum recycled-content requirements into procurement specifications and supplier reviews.",Recycled content: % recycled content by packaging material. Virgin material avoided: tonnes/year. Coverage: % of packaging meeting minimum recycled-content requirements. Financial: £ Plastic Packaging Tax avoided where applicable. Carbon: tCO₂e avoided through substitution of virgin material.,"All – particularly relevant for breweries, pubs/bars and businesses using high volumes of packaged products",None,New initiative,4,YES,Consolidate.xlsx,工作表1,98
INIT-0098,Evaluate equipment purchases based on full life-cycle cost and environmental impact,Supply Chain,Capital Goods,"Evaluate equipment based on its total cost and environmental impact over its expected lifetime rather than purchase price alone, considering acquisition, energy and water consumption, maintenance, lifespan and end-of-life costs.","Equipment with a higher upfront cost may have a lower total cost of ownership and environmental impact if it uses less energy and water, requires less maintenance or lasts longer. Life-cycle costing helps businesses identify the option offering the best overall financial and environmental performance over its useful life.","For significant equipment purchases, compare shortlisted options using a standard life-cycle cost assessment. Include purchase and installation costs, expected energy and water consumption, maintenance and repair costs, expected lifespan and end-of-life costs or residual value. Where data are available, compare lifecycle carbon impacts alongside financial costs and incorporate LCC criteria into procurement decisions.",Coverage: % of significant equipment purchases assessed using LCC. Financial: £ lifetime cost and £ lifetime saving versus alternative equipment. Energy: kWh/year and lifetime kWh saved. Water: m³/year saved where relevant. Carbon: tCO₂e avoided over expected equipment life. Performance: expected equipment lifespan and maintenance cost/year.,"All – particularly relevant for hotels, contract caterers, restaurants and other equipment-intensive operations",None,Consider the full lifecycle costs and impacts of equipment at purchase,4,YES,Consolidate.xlsx,工作表1,99
INIT-0099,Shift from equipment ownership to service or leasing models,Supply Chain,Capital Goods,"Use service or leasing models instead of purchasing equipment outright where appropriate, with providers retaining responsibility for maintenance, performance, upgrades and end-of-life recovery or reuse.","Service and leasing models can reduce upfront capital requirements and transfer responsibility for equipment maintenance and end-of-life management to the provider. Where contracts incentivise durability, repair and reuse, they can also extend equipment life, reduce material consumption and support more circular asset management.","Identify equipment suitable for service or leasing models, such as lighting, coffee machines, laundry equipment, refrigeration and HVAC. Compare the whole-life cost and environmental impact of leasing/service contracts against outright purchase. Prioritise providers offering maintenance, repair, performance guarantees, upgrades and end-of-life take-back, reuse or recycling, and include these requirements in procurement contracts.","Adoption: % of suitable equipment under service/leasing models. Financial: £ upfront capital avoided and £ annual/lifetime cost versus ownership. Energy: kWh/year saved. Carbon: tCO₂e avoided. Circularity: % of equipment/materials returned for reuse, refurbishment or recycling at end of contract.","All – particularly relevant for equipment-intensive operations such as hotels, contract caterers and breweries",None,Switch from ownership to service leasing model,4,YES,Consolidate.xlsx,工作表1,100
INIT-0100,"Prioritise reused, refurbished and responsibly sourced furniture and fittings",Supply Chain,Capital Goods,"Prioritise the reuse, repair and refurbishment of existing furniture and fittings before purchasing new items. Where new products are required, select durable, repairable products made from recycled or responsibly sourced materials.","Reusing and refurbishing furniture extends asset life, avoids waste and reduces the need for new materials and manufacturing, lowering embodied carbon. It can also reduce procurement and disposal costs. Where new furniture is necessary, responsible sourcing can reduce environmental impacts and support more sustainable material supply chains.","Audit existing furniture and fittings before purchasing new items and identify what can be retained, repaired, refurbished or redistributed. Where additional furniture is required, consider reused or remanufactured products before buying new. For new purchases, prioritise durable and repairable products containing recycled or responsibly sourced materials and request recognised certification where relevant, such as FSC-certified timber. Incorporate reuse, durability, repairability and end-of-life requirements into procurement specifications.",Reuse: % of furniture requirements met through existing/reused/refurbished assets. Waste: number and tonnes of furniture items diverted from disposal. Financial: £ saved versus equivalent new furniture. Carbon: kg/tCO₂e avoided versus purchasing new. Responsible sourcing: % of new furniture meeting specified sustainability/certification requirements.,"All – particularly relevant for hotels, restaurants, pubs/bars and other businesses undertaking refurbishments or fit-outs",None,Responsibly source furniture and fittings,4,YES,Consolidate.xlsx,工作表1,101
INIT-0101,"Extend equipment life and manage WEEE through repair, refurbishment, reuse and responsible recycling",Supply Chain,Capital Goods,"Extend the useful life of electrical and electronic equipment through maintenance, repair, refurbishment and redeployment wherever practical. Where equipment can no longer be reused, ensure it is managed through appropriate WEEE recovery and recycling routes.","Extending equipment life delays replacement purchases, reduces demand for new equipment and avoids some of the embodied carbon associated with manufacturing new assets. Repair and refurbishment can also reduce procurement costs, while responsible WEEE management keeps reusable components and valuable materials in circulation and supports regulatory compliance.","Maintain an asset register and identify equipment suitable for maintenance, repair, refurbishment or internal redeployment before replacement. Compare repair/refurbishment costs with replacement costs and remaining useful life. Where equipment is no longer required, assess whether it can be reused or refurbished before treating it as waste. For genuine WEEE, use appropriate authorised collection/treatment routes and maintain records of equipment reused, refurbished and recycled.","Asset life: average equipment lifespan/years extended. Reuse: % of equipment repaired, refurbished or redeployed rather than replaced. Financial: £ avoided replacement expenditure. Carbon: tCO₂e avoided versus purchasing new equipment. WEEE: tonnes/% of end-of-life electrical equipment sent to appropriate reuse/recovery/recycling routes.","All – particularly relevant for equipment-intensive operations such as hotels, contract caterers, breweries and restaurants",None,Adopt a Circular approach for Waste Electrical and Electronic Equipment (WEEE),4,YES,Consolidate.xlsx,工作表1,102
INIT-0102,Set responsible sourcing standards for packaging procurement,Supply Chain,Procurement,"Establish procurement standards that prioritise packaging made from responsibly sourced, recycled or renewable materials and that is designed for recyclability, while maintaining food safety, product quality and regulatory compliance.","Responsible packaging procurement can reduce reliance on virgin materials, improve traceability and support more sustainable material supply chains. Certification can provide evidence that materials such as paper and cardboard originate from responsibly managed or recycled sources, while designing for recyclability can also reduce exposure to higher UK EPR fees.","Review packaging procurement specifications and establish minimum sustainability requirements by material. Require suppliers to provide evidence of material composition, recycled content and responsible sourcing, using recognised certification such as FSC for relevant paper/cardboard packaging. Include recyclability requirements in specifications and use the UK's Recyclability Assessment Methodology (RAM) where applicable. Review supplier compliance and update requirements as better packaging options become available.",Responsible sourcing: % of applicable packaging with recognised responsible-sourcing certification. Supplier compliance: % of packaging suppliers meeting procurement standards. Recyclability: % of packaging rated Green under RAM where applicable. Materials: % recycled/renewable content. Improvement: tonnes/% of non-compliant or poorly recyclable packaging replaced.,All,None,Opt for sustainably produced products made using eco-conscious methods and reclaimed materials,4,YES,Consolidate.xlsx,工作表1,103
INIT-0103,Procure lower-impact staff uniforms and operational textiles,Supply Chain,procurement,"Procure uniforms, linen, towels and other operational textiles with lower lifecycle impacts by prioritising durability, responsible or recycled materials, repairability, reuse and appropriate end-of-life recovery.","Textiles contribute to Scope 3 emissions through raw material production, manufacturing and end-of-life treatment. Selecting durable, lower-impact textiles and extending their useful life can reduce demand for virgin materials, avoid replacement purchases and reduce textile waste and associated carbon emissions.","Review procurement specifications for uniforms, linen, towels and other high-volume textiles. Prioritise durable products containing recycled or responsibly sourced fibres and request recognised certification where relevant, such as GOTS, GRS, OEKO-TEX or FSC for applicable fibres/materials. Include durability and repairability criteria in tenders, avoid unnecessary replacement, and establish systems to collect, repair, reuse, redistribute or recycle textiles at end of use.",Sustainable procurement: % of textile purchases meeting defined sustainability standards. Recycled/responsible content: % by weight. Asset life: average lifespan/replacement frequency of uniforms and linen. Reuse: % of textiles repaired/reused/redeployed. Waste: kg/tonnes of textiles diverted from disposal. Carbon: kg/tCO₂e avoided through reuse or lower-impact procurement.,"All – particularly relevant for hotels, restaurants, pubs/bars and contract caterers with high volumes of uniforms, linen and towels",None,New Initiative,4,YES,Consolidate.xlsx,工作表1,104
INIT-0104,Procure environmentally preferable cleaning products,Supply Chain,procurement,"Procure effective cleaning products with lower environmental impacts by considering chemical formulation, concentration and dosing, packaging, refillability and recognised environmental certification.","Environmentally preferable cleaning products can reduce chemical and packaging use, waste and associated environmental impacts. Concentrated and refillable systems can also reduce the volume of product purchased, transported and stored, while accurate dosing can prevent overuse and unnecessary cost.","Review high-volume cleaning products and identify opportunities to switch to concentrated, refillable or lower-impact alternatives. Prioritise products carrying credible environmental certifications, such as the EU Ecolabel, where appropriate. Introduce controlled dosing or dilution systems for concentrates, work with suppliers to reduce packaging and increase refill/reuse, and train staff to use the correct product and dose while maintaining required hygiene and food-safety standards.","Procurement: % of cleaning spend/products meeting defined environmental criteria. Chemical use: litres/kg of cleaning concentrate used per room, cover or m² cleaned. Packaging: kg/number of cleaning-product containers avoided. Cost: £ cleaning-product cost per room/cover/m². Dosing: % correct dosing/compliance.","All – particularly relevant for hotels, restaurants, pubs/bars, contract caterers and other operations with high cleaning-product use",None,New initiative,4,YES,Consolidate.xlsx,工作表1,105
INIT-0105,Reduce office paper use and office consumables,Supply Chain,procurement,"Reduce unnecessary paper and office consumable use by prioritising digital processes, controlling printing and procuring recycled or lower-impact products where physical materials remain necessary.","Reducing paper and consumable use lowers purchasing and printing costs, reduces waste and decreases the environmental impacts associated with paper production, toner, printing and disposal. Digital workflows can also improve document accessibility and administrative efficiency.","Replace paper-based processes with digital documentation, e-signatures and electronic workflows where practical. Set printers to double-sided and black-and-white by default, introduce secure/pull printing where appropriate, monitor print volumes and remove unnecessary printers. Where printing remains necessary, procure recycled paper and lower-impact office consumables and track usage against a baseline.","Paper use: sheets or reams per employee/year. Reduction: % reduction in print volume against baseline. Financial: £ annual paper, toner and print-cost savings. Digitalisation: % of applicable processes completed digitally. Waste: kg/tonnes of paper avoided.",All,None,New initiative,4,YES,Consolidate.xlsx,工作表1,106
INIT-0106,Measure and reduce emissions from purchased goods and services,Supply Chain,procurement,"Measure greenhouse gas emissions associated with purchased goods and services and use the results to prioritise lower-carbon products, services and suppliers and target the largest Scope 3 emissions sources.","Purchased goods and services can represent a significant source of Scope 3 emissions. Measuring these emissions helps businesses identify procurement hotspots, focus supplier engagement on the areas with the greatest potential impact and integrate carbon performance into purchasing decisions.","Use procurement and spend data to identify major purchased goods and services categories. Estimate emissions initially using recognised spend- or activity-based emission factors, replacing estimates with supplier-specific or product carbon-footprint data where available. Rank categories by emissions, prioritise the largest hotspots, engage key suppliers on emissions data and reduction plans, and incorporate carbon criteria into tenders, supplier selection and contract reviews.",Total emissions: tCO₂e from purchased goods and services/year. Intensity: kgCO₂e per £ spent or appropriate physical unit. Coverage: % of procurement spend covered by emissions measurement. Supplier data: % of priority suppliers providing primary emissions data. Reduction: % change in purchased-goods-and-services emissions against baseline.,All,None,Review the impact of emissions associated with the other goods and services that you purchase,4,YES,Consolidate.xlsx,工作表1,107
INIT-0107,Adopt recognised certifications for key categories,F&B Procurement & Menu design,Procurement,"Establish category-specific requirements to purchase food and beverage products through recognised environmental, ethical or responsible-sourcing certification schemes. Prioritise categories with significant environmental, social or traceability risks and periodically verify supplier compliance.","Improves sourcing transparency and traceability, provides independently verified minimum standards, reduces environmental and reputational risks, and supports credible customer-facing claims.","Identify the food and beverage categories with the highest sourcing, traceability or sustainability risks and select appropriate recognised certification schemes for each category. Incorporate certification requirements into procurement specifications and supplier contracts, request valid certification or chain-of-custody evidence from suppliers, and periodically review the percentage of relevant spend or volume covered.",Percentage of spend in priority food and beverage categories covered by recognised certification schemes,All,None,Introduce certification to demonstrate responsible sourcing and deforestation avoidance,4,YES,Consolidate.xlsx,工作表1,108
INIT-0108,Set targets to increase local/regional and seasonal sourcing to reduce transport emissions and support UK producers,F&B Procurement & Menu design,Procurement,"Set measurable sourcing targets for seasonal, local or regional ingredients where these options offer credible environmental, quality, traceability or resilience benefits. Decisions should consider production methods and transport modes rather than assuming that local sourcing is always lower carbon.","Can strengthen supply-chain resilience, improve freshness and traceability, support regional suppliers and reduce exposure to seasonal or transport-related disruption when sourcing decisions are based on full environmental impacts rather than distance alone.","Map the origin, seasonality and transport mode of major produce categories. Identify products where seasonal or regional sourcing can genuinely improve resilience or reduce high-impact transport, particularly air freight. Set measurable sourcing targets, work with suppliers to identify suitable alternatives, and review performance by spend, volume and transport mode rather than assuming that all local products are automatically lower carbon.","Percentage of relevant food and beverage spend sourced locally, regionally or seasonally against the defined target",All,None,Prefer seasonal and local ingredients,4,YES,Consolidate.xlsx,工作表1,109
INIT-0109,Pilot new sourcing models with innovative/smaller suppliers to diversify supply and de-risk from commodity volatility,F&B Procurement & Menu design,Procurement,"Trial alternative sourcing arrangements with smaller producers, cooperatives, farmer groups or direct-trade partners. Assess whether these models improve traceability, supply resilience, producer relationships, sustainability performance and exposure to commodity-price volatility before scaling them.","Diversifies the supplier base, improves traceability and producer relationships, creates opportunities for innovation, and can reduce dependency on concentrated commodity markets or individual suppliers.","Identify categories where the business is overly dependent on a small number of suppliers, where commodity-price volatility is material or where traceability is weak. Select a small number of alternative suppliers, farmer groups or direct-trade partners for controlled pilots. Compare product quality, total delivered cost, logistics, traceability, sustainability performance and supply reliability before deciding whether to scale the relationship.",Number of innovative sourcing pilots completed and percentage progressing to scaled or longer-term supply arrangements,All,None,New initiative,4,YES,Consolidate.xlsx,工作表1,110
INIT-0110,Proportion of plant-based dishes on the menu,F&B Procurement & Menu design,Menu Design,"Establish a baseline and measurable target for increasing the availability and variety of plant-based dishes. Integrate suitable options across menu categories while maintaining nutritional quality, customer appeal and commercial performance.","Reduces exposure to emissions-intensive animal proteins, broadens customer choice and can lower the overall carbon footprint of the menu while responding to growing demand for plant-rich options.","Establish the current share of plant-based dishes and their sales as a baseline. Set a realistic target for increasing plant-based availability across relevant menu categories, develop and test dishes for taste, nutrition, cost and customer appeal, and train kitchen and front-of-house teams where required. Track both menu availability and actual sales so that options that perform well can be retained and scaled.",Plant-based dishes as a percentage of total customer-facing menu items,All,None,Increase proportion of plant-based dishes on the menu,4,YES,Consolidate.xlsx,工作表1,111
INIT-0111,Procure items sourced from ingredients grown using regenerative practices,F&B Procurement & Menu design,Menu Design,Develop and introduce menu items containing ingredients produced through regenerative or other credible nature-positive agricultural practices. Define acceptable sourcing criteria and obtain sufficient supplier evidence to support related claims.,"Supports farming practices intended to improve soil health, biodiversity and ecosystem resilience, while helping businesses build more resilient ingredient supply chains and credible nature-positive menu propositions.","Identify agricultural ingredients where regenerative sourcing is commercially and operationally feasible. Define minimum evidence requirements for what the business will accept as regenerative or nature-positive sourcing, engage suppliers that can demonstrate relevant farming practices and provenance, and begin with a limited number of ingredients or menu items. Review cost, availability, supplier evidence and measurable nature or carbon outcomes before scaling.",Percentage of relevant agricultural ingredient spend or volume sourced under verified regenerative or nature-positive criteria,All,None,Introduce menu items sourced from ingredients grown using regenerative practices,4,YES,Consolidate.xlsx,工作表1,112
INIT-0112,Design the menu to highlight and nudge customers toward lower-carbon choices,F&B Procurement & Menu design,Menu Design,"Use menu layout, product placement, descriptions, defaults, naming and promotional techniques to make lower-carbon options more visible, attractive and convenient. Test customer response and avoid misleading environmental claims.","Increases the visibility and attractiveness of lower-carbon dishes, influences customer choices without removing freedom of choice, and can increase sales of plant-rich meals.","Identify dishes that are lower carbon and commercially suitable for promotion. Test behavioural interventions such as menu placement, naming, descriptions, defaults, imagery or promotional positioning. Compare sales against a baseline or control group and retain interventions that increase uptake without negatively affecting customer satisfaction, margin or credibility of environmental claims.",Percentage of lower-carbon dishes receiving menu-design interventions and change in their sales share,All,None,"Design your menu to promote, highlight and encourage low carbon choices",4,YES,Consolidate.xlsx,工作表1,113
INIT-0113,Swap high-impact ingredients for lower-impact equivalents where they don't compromise the dish,F&B Procurement & Menu design,Menu Design,"Review high-impact ingredients and trial lower-impact substitutes, such as blended meat products, reduced dairy or cream content and alternative proteins. Assess carbon impact, nutrition, allergens, cost, taste and customer acceptance before wider implementation.","Reduces the carbon and resource intensity of dishes, can lower ingredient costs and supply-chain exposure, and enables emissions reductions while retaining familiar menu formats.","Use recipe-level carbon and cost information to identify ingredients responsible for a large share of a dish's footprint. Develop lower-impact substitutes such as blended meat products, lower dairy content or alternative proteins, then test them for carbon impact, ingredient cost, nutrition, allergens, taste and customer acceptance. Standardise successful recipes and update procurement specifications before wider rollout.",Percentage of priority recipes reformulated with verified reductions in ingredient-related carbon impact,All,None,Reformulate recipes to reduce footprint,4,YES,Consolidate.xlsx,工作表1,114
INIT-0114,Use nose-to-tail cooking to reduce waste from higher-impact proteins,F&B Procurement & Menu design,Menu Design,"Where animal products remain on the menu, develop recipes and kitchen practices that use a wider range of edible cuts and by-products. Ensure appropriate staff skills, food-safety controls, customer acceptance and demand planning so that the initiative does not create additional waste.","Improves utilisation of purchased animal products, reduces avoidable preparation waste and purchasing losses, and can create additional menu value from underused cuts where food-safety and demand controls are effective.","Measure current animal-protein trimming and preparation waste to identify edible material that is currently being discarded. Develop recipes that safely use appropriate secondary cuts, trimmings or by-products, train kitchen teams in preparation techniques and food-safety requirements, and track edible yield and waste after implementation. Ensure new dishes are supported by actual demand so that reuse does not simply create another form of waste.","Percentage of applicable animal-protein purchases utilised through nose-to-tail menu applications, or reduction in preparation waste from animal proteins",All,None,New initiative,4,YES,Consolidate.xlsx,工作表1,115
INIT-0115,Adjust portion sizes and prep quantities based on waste data,F&B Procurement & Menu design,Menu Design,"Use sales, covers, plate-waste and production-waste data to adjust serving sizes, batch preparation and purchasing quantities. Review results regularly to reduce overproduction and plate waste without negatively affecting customer satisfaction or nutritional requirements.","Reduces overproduction, preparation waste and plate waste, improves demand forecasting and purchasing efficiency, and can deliver both cost savings and emissions reductions.","Measure plate waste, preparation waste, sales and covers by dish and service period. Use the data to identify oversized portions, overproduction and inaccurate demand assumptions. Adjust portion specifications, purchasing quantities and batch-preparation levels, using smaller or more frequent production batches where appropriate. Continue monitoring food waste per cover and customer satisfaction and refine quantities as demand patterns change.",Reduction in food waste per cover attributable to portion-size and preparation adjustments,All,None,Optimise portion sizes to reduce plate waste,4,YES,Consolidate.xlsx,工作表1,116
INIT-0116,Undertake a comprehensive review of emissions and sustainability risk across the supply chain (baseline assessment),Supplier & Value Chain Engagement,Strategy,"Conduct a baseline assessment of Scope 3 emissions and material sustainability risks across the supply chain, prioritising high-spend, high-emission and high-risk categories. Use the findings to identify data gaps, priority suppliers and reduction opportunities.","Establishes a clear Scope 3 baseline, identifies material emissions and sustainability risks, highlights data gaps, and enables resources to be focused on the highest-impact suppliers and categories.","1. Map all relevant Scope 3 categories and procurement spend. 2. Calculate an initial footprint using available activity, spend and supplier-specific data. 3. Rank categories and suppliers by emissions, spend and sustainability risk. 4. Identify data gaps and create a prioritised reduction and supplier-engagement plan. 5. Refresh the assessment annually.","% of relevant Scope 3 categories assessed, with priority suppliers and reduction opportunities identified",All,None,Undertake a comprehensive review of your emissions in your supply chain and make a plan to reduce them.,4,YES,Consolidate.xlsx,工作表1,117
INIT-0117,Set a Scope 3 emissions reduction target (e.g. aligned to SBTi),Supplier & Value Chain Engagement,Strategy,"Establish a measurable and time-bound Scope 3 emissions reduction target with a defined baseline year, target year and organisational boundary. Align the target with the Science Based Targets initiative where appropriate.","Creates a clear long-term direction for value-chain decarbonisation, supports accountability and investment prioritisation, and provides a credible external benchmark where the target is science-aligned.","1. Complete the Scope 3 baseline and identify material categories. 2. Select an absolute reduction, intensity or supplier-engagement target consistent with recognised guidance. 3. Define baseline year, target year, boundary and calculation method. 4. Obtain executive approval and, where appropriate, submit to SBTi. 5. Track and disclose progress annually.","Scope 3 target coverage as % of total Scope 3 emissions, with target-year progress tracked annually",All,None,"Set strategic Scope 3 goals, embedded within wider functional team goals, with clear metrics for tracking progress.",4,YES,Consolidate.xlsx,工作表1,118
INIT-0118,"Establish a sustainable procurement policy, approved and sponsored at Board/ExCo level",Supplier & Value Chain Engagement,Strategy,"Develop and approve a sustainable procurement policy that defines environmental and social requirements, governance responsibilities and decision-making criteria for purchasing goods and services. Ensure the policy is supported by an appropriate senior governance body.","Provides a consistent governance framework for procurement decisions, embeds sustainability into purchasing standards, strengthens accountability and reduces environmental, social and reputational supply-chain risks.","1. Define policy scope, principles and priority environmental/social requirements. 2. Assign procurement and sustainability responsibilities. 3. Consult category teams, legal and key stakeholders. 4. Obtain Board/ExCo or equivalent senior approval. 5. Integrate the policy into sourcing, tenders, contracts and supplier reviews. 6. Review periodically.","Sustainable procurement policy approved, communicated and applied to % of addressable procurement spend",All,None,New initiative,4,YES,Consolidate.xlsx,工作表1,119
INIT-0119,"Implement a regular cadence of touchpoints between procurement, sustainability, and category teams to drive Responsible Procurement priorities",Supplier & Value Chain Engagement,Strategy,"Establish regular cross-functional meetings between procurement, sustainability and category teams to review responsible procurement priorities, supplier performance, risks, actions and delivery responsibilities.","Improves coordination and accountability, helps sustainability information influence commercial decisions, and reduces the risk that supplier actions stall between functions.","1. Establish monthly or quarterly governance meetings. 2. Maintain a shared dashboard covering priority suppliers, data gaps, risks and actions. 3. Assign action owners and deadlines. 4. Escalate material issues to senior governance. 5. Review progress and update priorities at each meeting.","% of planned cross-functional responsible procurement meetings held, with actions closed by due date",All,None,New initiative,4,YES,Consolidate.xlsx,工作表1,120
INIT-0120,Build sustainable procurement training and capability into the wider procurement team's professional development,Supplier & Value Chain Engagement,Strategy,"Provide role-specific sustainable procurement training for procurement and category teams, covering Scope 3 emissions, supplier engagement, environmental risks, responsible sourcing standards and the use of sustainability criteria in purchasing decisions.","Builds internal capability so sustainability criteria are consistently applied in sourcing decisions, reduces dependence on a small specialist team and improves the quality of supplier engagement and data requests.","1. Assess capability gaps by procurement role. 2. Develop role-specific modules on Scope 3, sourcing standards, supplier data and category risks. 3. Integrate training into onboarding and professional development. 4. Provide practical category tools and templates. 5. Track completion and assess application through procurement reviews.",% of relevant procurement and category staff completing role-specific sustainable procurement training,All,None,Hire specialist sustainability resource inside your procurement team.,4,YES,Consolidate.xlsx,工作表1,121
INIT-0121,Collect sustainability data from suppliers,Supplier & Value Chain Engagement,Engagement,"Establish a standardised process for collecting relevant emissions and sustainability data from priority suppliers through questionnaires, reporting platforms, contractual requirements or direct engagement. Define minimum data requirements and monitor supplier response and data quality.","Improves Scope 3 accuracy, reduces reliance on spend-based estimates, identifies supplier-specific hotspots and creates the information needed to track supplier progress and target engagement.","1. Define priority supplier population and minimum data fields. 2. Select collection route such as questionnaire, CDP/platform or direct template. 3. Communicate requirements and deadlines. 4. Provide guidance and support. 5. Validate completeness and quality. 6. Integrate accepted data into the Scope 3 inventory and supplier scorecards.","% of priority suppliers providing requested sustainability data, with % meeting minimum data-quality requirements",All,None,"Introduce a supplier engagement platform, with a system for monitoring, accountability and support for suppliers.",4,YES,Consolidate.xlsx,工作表1,122
INIT-0122,Conduct lifecycle assessments (LCA) and collect product carbon footprints on key commodities to understand emissions at ingredient level,Supplier & Value Chain Engagement,Engagement,"Collect product carbon footprint data or conduct lifecycle assessments for priority high-emission commodities and products. Use the results to identify emissions hotspots, compare sourcing options and support lower-impact procurement decisions.","Provides product-level evidence for comparing suppliers and ingredients, improves the accuracy of Scope 3 calculations and enables targeted recipe, sourcing and supplier interventions.",1. Prioritise commodities by emissions/spend. 2. Define consistent functional units and lifecycle boundaries. 3. Request supplier PCFs/EPDs or commission LCAs where needed. 4. Review methodology and data quality. 5. Compare hotspots and alternatives. 6. Integrate results into sourcing and product decisions.,% of priority commodities covered by product carbon footprints or LCAs meeting defined quality criteria,All,None,Conduct LCAs on specific commodities to understand your emissions at ingredient level.,4,YES,Consolidate.xlsx,工作表1,123
INIT-0123,Set supplier-facing requirements (Supplier codes of conduct) and communicate shared targets,Supplier & Value Chain Engagement,Engagement,"Incorporate sustainability requirements into supplier codes of conduct, contracts, tender documents, onboarding processes and performance expectations. Communicate relevant Scope 3 targets and clarify the actions and data expected from suppliers.","Creates clear and consistent supplier expectations, strengthens accountability, embeds sustainability into commercial relationships and helps align suppliers with the organisation's Scope 3 pathway.","1. Define minimum supplier sustainability requirements. 2. Embed them in the supplier code, tenders and contracts. 3. Communicate Scope 3 targets and reporting expectations. 4. Provide implementation guidance. 5. Monitor acceptance/compliance and escalate gaps. 6. Update requirements as standards mature.","% of addressable supplier spend covered by an approved supplier code, contractual sustainability clauses or communicated targets",All,None,Build carbon reduction and sustainability challenges into supplier contracts.; Communicate your Scope 3 goals to suppliers and set them goals.,4,YES,Consolidate.xlsx,工作表1,124
INIT-0124,Use a supplier scorecard to track performance and prioritise engagement with material suppliers,Supplier & Value Chain Engagement,Engagement,"Introduce a supplier sustainability scorecard covering relevant indicators such as emissions data, target-setting, compliance, certifications, risk and improvement progress. Use the results to monitor performance and prioritise engagement with material suppliers.","Creates a comparable view of supplier performance, focuses limited engagement resources on the most material gaps and enables sustainability performance to influence supplier reviews and sourcing decisions.",1. Select a concise set of material scorecard indicators. 2. Weight metrics by category/risk where appropriate. 3. Populate using supplier data and evidence. 4. Review scores with suppliers at least annually. 5. Agree corrective/improvement actions. 6. Link results to sourcing and preferred-supplier decisions where appropriate.,% of priority suppliers assessed through the scorecard and % with agreed improvement actions,All,None,"Introduce a supplier engagement platform, with a system for monitoring, accountability and support for suppliers.",4,YES,Consolidate.xlsx,工作表1,125
INIT-0125,"Provide a tailored supplier engagement strategy for material/priority suppliers (segmented by spend, risk, and emissions contribution)",Supplier & Value Chain Engagement,Engagement,"Segment suppliers according to procurement spend, emissions contribution, sustainability risk and strategic importance. Develop differentiated engagement plans for priority supplier groups, including data requests, meetings, training, improvement plans and commercial incentives.","Directs engagement effort toward suppliers that matter most, improves supplier support and increases the likelihood that limited procurement and sustainability resources deliver measurable Scope 3 progress.","1. Segment suppliers by spend, emissions, risk and strategic importance. 2. Define engagement tiers. 3. Set tailored asks for each tier, from basic data disclosure to science-based targets and joint projects. 4. Provide support and training. 5. Track progress and re-segment annually.",% of priority supplier groups with a documented engagement plan and % of planned actions completed,All,None,Map your key suppliers with key commodities and identify which suppliers need help.; Work with suppliers to understand your emissions and identify opportunities for emissions reductions.,4,YES,Consolidate.xlsx,工作表1,126
INIT-0126,"Incentivise supplier progress (e.g. preferred status, longer contracts)",Supplier & Value Chain Engagement,Engagement,"Link supplier sustainability performance and improvement to commercial or non-commercial incentives, such as preferred supplier status, longer contracts, increased procurement opportunities, recognition or access to support programmes.","Strengthens the commercial case for supplier action, rewards verified progress and helps move sustainability from a reporting request into a meaningful part of the supplier relationship.",1. Define performance thresholds eligible for incentives. 2. Select incentives proportionate to supplier/category importance. 3. Communicate rules transparently. 4. Verify performance before rewards are granted. 5. Review whether incentives change supplier behaviour and refine the scheme.,% of priority suppliers eligible for incentives and % showing verified improvement after incentives are introduced,All,None,Incentivise suppliers to encourage emission reductions.,4,YES,Consolidate.xlsx,工作表1,127
INIT-0127,Co-invest with suppliers in decarbonisation or regenerative agriculture projects (e.g. insetting programmes),Supplier & Value Chain Engagement,Engagement,"Collaborate with strategic suppliers to finance or support projects that reduce supply-chain emissions or improve agricultural practices. Examples may include energy-efficiency projects, renewable energy, regenerative agriculture, low-carbon inputs or credible insetting programmes.","Can unlock reductions that suppliers may not be able to finance alone, strengthens strategic supplier relationships and can generate measurable value-chain emissions reductions or removals.","1. Identify high-emission suppliers/commodities and feasible projects. 2. Agree funding, ownership, baselines and measurement methodology. 3. Define how carbon benefits are allocated and claimed. 4. Implement with suppliers/farmers and technical partners. 5. Monitor verified outcomes and scale successful projects.",Annual investment in supplier decarbonisation projects and verified tCO2e reduced or removed within the value chain,All,None,Support on-farm GHG mitigation and sustainable farming techniques such as regenerative agriculture in your supply chain.,4,YES,Consolidate.xlsx,工作表1,128
INIT-0128,"Map supply chains beyond Tier 1 (Tier 2/3, down to farm/origin level) for material (High-spend, high-carbon and/or high-risk commodities)",Supplier & Value Chain Engagement,Risk Anaysis,"Trace priority high-spend, high-emission or high-risk commodities beyond direct suppliers to Tier 2, Tier 3 and, where feasible, farm or origin level. Use the mapping to identify environmental risks, traceability gaps and opportunities for targeted intervention.","Improves visibility of risks and emissions hidden beyond direct suppliers, supports due diligence and enables interventions to be directed at the actual producers or processors responsible for impacts.","1. Prioritise commodities using spend, carbon and sustainability risk. 2. Request upstream supplier and origin information from Tier 1 suppliers. 3. Map processors, traders and producers. 4. Validate traceability evidence. 5. Flag gaps/high-risk origins and develop remediation plans. 6. Refresh mapping periodically.","% of material high-risk commodities traceable to Tier 2/3 or origin, with identified high-risk gaps under action",All,None,Map your key suppliers with key commodities and identify which suppliers need help.,4,YES,Consolidate.xlsx,工作表1,129
INIT-0129,"Map exposure to forest-risk commodities (soy, palm oil, cocoa, coffee, beef/leather, rubber, timber/paper & packaging)",Supplier & Value Chain Engagement,Deforestation,"Identify where forest-risk commodities such as soy, palm oil, cocoa, coffee, beef, leather, rubber, timber, paper and packaging occur within the supply chain. Assess procurement volumes, sourcing locations, suppliers, traceability and potential deforestation or conversion risks.","Identifies where deforestation risk is concentrated, supports compliance and due diligence, and provides the baseline needed to prioritise traceability, certification and supplier action.",1. Build a commodity inventory across direct and embedded ingredients/materials. 2. Quantify spend/volume and suppliers. 3. Identify sourcing countries/regions. 4. Screen geographic and commodity deforestation risk. 5. Prioritise high-risk combinations for traceability and supplier action. 6. Update annually.,% of relevant procurement spend or volume screened for forest-risk commodities and sourcing-location risk,All,None,New initiative,4,YES,Consolidate.xlsx,工作表1,130
INIT-0130,Set a deforestation-free sourcing commitment and require traceability to origin,Supplier & Value Chain Engagement,Deforestation,"Establish a time-bound commitment to source priority commodities without deforestation or ecosystem conversion. Define the commodities and supply-chain scope covered, require traceability to origin and set expectations for supplier compliance and verification.","Creates a clear standard for high-risk commodities, reduces exposure to land-use and reputational risk, supports regulatory readiness and drives improved traceability and supplier practices.","1. Define covered commodities, geographies and cut-off dates. 2. Establish traceability and verification requirements. 3. Incorporate requirements into supplier contracts/policies. 4. Collect origin data and assess compliance. 5. Remediate non-compliance and disclose progress annually.",% of priority forest-risk commodity volume covered by the commitment and traceable to origin or an accepted control point,All,None,Commit to zero deforestation in your supply chain.; Adopt strategies to promote deforestation free value chain.,4,YES,Consolidate.xlsx,工作表1,131
INIT-0131,"Source certified sustainable commodities (e.g. RSPO for palm oil, Rainforest Alliance/UTZ or 4C for coffee and cocoa, FSC/PEFC for timber and paper-based packaging)",Supplier & Value Chain Engagement,Deforestation,"Increase sourcing of priority commodities through recognised certification schemes or other credible verification mechanisms. Use certification alongside traceability, supplier due diligence and sourcing requirements rather than as a substitute for a broader responsible sourcing strategy.","Provides recognised third-party assurance, improves traceability and minimum sourcing standards, supports customer and stakeholder confidence, and can reduce exposure to environmental and social risks in high-risk commodities.",1. Identify priority commodities and approved schemes. 2. Establish baseline certified volume/spend. 3. Add certification requirements to specifications and contracts. 4. Verify chain-of-custody documentation. 5. Track certified volume and close gaps. 6. Combine certification with origin traceability and due diligence.,% of relevant commodity volume certified or otherwise verified against an approved sustainability standard,All,None,Introduce certification to demonstrate responsible sourcing and deforestation avoidance,4,YES,Consolidate.xlsx,工作表1,132
INIT-0132,Establish corporate travel policies that prioritise lower carbon transport,Supply Chain,Transport and Distribution,"A formal, written policy that sets clear rules about how staff travels for business, defaulting to lower carbon options and reducing unnecessary travel altogether, rather than leaving travel mode as an individual, ad hoc choice.","Transport is one of the largest sources of greenhouse gas emissions, and the carbon impact of different travel modes can vary significantly. A formal travel policy helps employees consistently choose lower-carbon options, reducing business travel emissions without restricting business activity. By prioritising virtual meetings, reducing unnecessary trips, and favouring lower-emission transport modes, organisations can decouple business growth from travel-related emissions and extend sustainable travel practices across suppliers and partners.","Begin by analysing travel data to identify key emissions hotspots, then establish a clear travel hierarchy that prioritises virtual meetings, rail, public transport, and low-emission vehicles before air travel. Support the policy with practical booking processes, defined approval requirements for exceptions, and measurable travel-emissions KPIs. Regularly review performance and update the policy to reflect changing travel needs and transport options.",Business-travel tCO₂e per employee; % of trips compliant with the travel hierarchy; % of short-haul trips replaced by rail or virtual meetings.,all,,Optimise company travel practices and policies,4,YES,Consolidate.xlsx,工作表1,133
INIT-0133,Provide infrastructure and incentives for low-carbon guest travel,Supply Chain,Transport and Distribution,"Providing the physical facilities and financial or practical incentives that make it easier for guests to travel to, from, and around a venue using lower carbon transport, rather than defaulting to private car or taxi use.","Guest travel is often one of the largest contributors to an organisation's overall carbon footprint, yet it is typically one of the hardest parts for a business to influence directly. Infrastructure and incentives are valuable precisely because they give businesses a genuine, controllable lever over this otherwise indirect source, EV charging points, shuttle services, and rewards for car-free travel all sit within the business's own decisions, rather than depending on guest behaviour alone. Beyond reducing emissions, these measures can enhance the guest experience, attract environmentally conscious customers, and create a competitive advantage that supports both sustainability and commercial objectives. EV charging in particular can generate direct revenue through session-based charging fees, alongside indirect revenue through increased bookings and occupancy from guests who specifically seek out charging access, turning the initiative into a commercial asset rather than a pure cost.","The approach should be tailored to the site type. Businesses with control over their premises can install EV charging, cycle storage, and public transport signage. Those in leased locations can work with landlords to improve facilities and promote existing transport links. Rural sites may benefit from car-sharing schemes and partnerships with local taxi or shuttle providers, while hotels can offer shared transfers to reduce individual journeys. Infrastructure should be supported by incentives, such as discounts for car-free arrivals or priority access to EV charging, to encourage uptake and maximise impact.",Number of EV charge points or low-carbon travel facilities installed; charging sessions and utilisation; % of guests arriving by lower-carbon modes; annual revenue and tCO₂e avoided.,all,,"Encourage and enable lower-emission guest travel (e.g. EV charge points, cycling and public transport)",4,YES,Consolidate.xlsx,工作表1,134
INIT-0134,Commission specialist assessments for on-farm emissions hotspots in the top three commodities,Nature & Resources,Nature & Biodiversity – Supplier Engagement,"Working with specialist third parties to identify, quantify and address the largest agricultural emissions sources within the supply chain.","Methodology Accuracy, Verified Carbon Premium unlocked & Hidden efficiency gains","Define the eligible scope and baseline, appoint a named owner, complete the policy or assessment, approve a dated action plan, and review the KPI at least quarterly: Number of on-farm hotspot assessments completed by a named specialist, with a minimum defined as the top three commodities by spend or emissions.","Number of on-farm hotspot assessments completed by a named specialist, with a minimum defined as the top three commodities by spend or emissions","Restaurant, QSR, Pubs/Bars, Contract Caterers, Hotels, Brewries, Experiential Leisure",,Engage third parties on biggest on-farm emissions hotspots,4,YES,Consolidate.xlsx,工作表1,135
INIT-0135,Publish a biodiversity policy with named targets and owner,Nature & Resources,Nature & Biodiversity – Biodiversity,"Assessing biodiversity impacts and dependencies across the supply chain and establishing policies to prevent, reduce or restore associated harm.","Low Cost of Capital, Risk Mitigation, Enhancing portfolio value","Define the eligible scope and baseline, appoint a named owner, complete the policy or assessment, approve a dated action plan, and review the KPI at least quarterly: Binary yes/no policy in place, reviewed annually, with named responsible owner.","Binary yes/no policy in place, reviewed annually, with named responsible owner","Restaurant, QSR, Pubs/Bars, Contract Caterers, Hotels, Brewries, Experiential Leisure",,Understand biodiversity footprint across supply chain & policies,4,YES,Consolidate.xlsx,工作表1,136
INIT-0136,Ensure compliance with Biodiversity Net Gain (BNG) requirements,Nature & Resources,Nature & Biodiversity – Biodiversity,Meeting applicable Biodiversity Net Gain requirements by measuring habitat impacts and delivering the required improvement in biodiversity value.,"Prevents planning blockages and costly delays, Minimizes expensive credit spending, Unlocks a new land asset class","Define the eligible scope and baseline, appoint a named owner, complete the policy or assessment, approve a dated action plan, and review the KPI at least quarterly: Biodiversity units gained per qualifying development project, confirmed by an accredited assessor.","Biodiversity units gained per qualifying development project, confirmed by an accredited assessor","Restaurant, QSR, Pubs/Bars, Contract Caterers, Hotels, Brewries, Experiential Leisure",,Ensure compliant with Biodiversity Net Gain (BNG),4,YES,Consolidate.xlsx,工作表1,137
INIT-0137,Engage priority suppliers by spend on biodiversity and request a formal response within 90 days,Nature & Resources,Nature & Biodiversity – Biodiversity,"Working with suppliers to adopt practices that protect habitats, improve soil and ecosystem health and increase biodiversity.","Mitigates systemic material risk, Preempts costly supplier non-compliance, Aggregates accurate Scope 3 data","Define the eligible scope and baseline, appoint a named owner, complete the policy or assessment, approve a dated action plan, and review the KPI at least quarterly: % of suppliers by spend who received a formal requirement, and % who responded with a specific commitment or action.","% of suppliers by spend who received a formal requirement, and % who responded with a specific commitment or action","Restaurant, QSR, Pubs/Bars, Contract Caterers, Hotels, Brewries, Experiential Leisure",,Engage suppliers to adopt biodiversity practices,4,YES,Consolidate.xlsx,工作表1,138
INIT-0138,Undertake a TNFD review,Nature & Resources,Nature & Biodiversity – Biodiversity,"Assessing nature-related dependencies, impacts, risks and opportunities using the Taskforce on Nature-related Financial Disclosures approach.","Proactive Regulatory Alignment, Access to Premium ESG Capital, Supply Chain & Operational Resilience, Biodiversity and Habitat Preservation","Define the eligible scope and baseline, appoint a named owner, complete the policy or assessment, approve a dated action plan, and review the KPI at least quarterly: Binary completion of TNFD assessment across all four pillars (Governance, Strategy, Risk & Impact Management, Metrics & Targets), with disclosure published.","Binary completion of TNFD assessment across all four pillars (Governance, Strategy, Risk & Impact Management, Metrics & Targets), with disclosure published","Restaurant, QSR, Pubs/Bars, Contract Caterers, Hotels, Brewries, Experiential Leisure",,Undertake a TNFD review,4,YES,Consolidate.xlsx,工作表1,139
INIT-0139,Fund a named biodiversity protection or restoration programme with annual investment and independent verification,Nature & Resources,Nature & Biodiversity – Biodiversity,"Providing funding or direct support for the conservation, restoration and long-term management of protected areas and green spaces.","Asset and Property Protection, Premium Guest Pricing, Eco-Tourism Revenue Growth, Biodiversity Restoration","Define the eligible scope and baseline, appoint a named owner, complete the policy or assessment, approve a dated action plan, and review the KPI at least quarterly: £ invested per year in verified conservation or restoration projects, hectares protected or restored, and the verification standard used (Gold Standard, Plan Vivo).","£ invested per year in verified conservation or restoration projects, hectares protected or restored, and the verification standard used (Gold Standard, Plan Vivo)","Restaurant, QSR, Pubs/Bars, Contract Caterers, Hotels, Brewries, Experiential Leisure",,Invest in protection/restoration of protected areas and green spaces,4,YES,Consolidate.xlsx,工作表1,140
INIT-0140,Complete a water efficiency audit across all kitchen and bathroom fixtures and implement identified measures within 12 months,Nature & Resources,Water Management – Water,"Reviewing fixtures, equipment and operating practices in kitchens and bathrooms to identify opportunities to reduce water use without compromising hygiene or service quality.","Lower Utility Bills, Reduced Energy Costs, Rapid Payback PeriodsRapid Payback Periods","Establish a pre-change baseline, confirm technical and operational requirements, pilot at representative sites, scale after safety and performance checks, and verify the KPI: % reduction in water consumption per cover or per site following audit implementation, measured against a pre-audit baseline.","% reduction in water consumption per cover or per site following audit implementation, measured against a pre-audit baseline","Restaurant, QSR, Pubs/Bars, Contract Caterers, Hotels, Brewries, Experiential Leisure",,Explore potential bathroom and kitchen water efficiencies,4,YES,Consolidate.xlsx,工作表1,141
INIT-0141,"Complete a formal water risk assessment for all owned sites and top 10 suppliers by spend, with a mitigation plan for each identified risk",Nature & Resources,Water Management – Water,"Identifying and managing water-related risks within the organisation and its supply chain to improve resilience to scarcity, disruption, quality issues and regulatory change.","Prevents supply shocks, Mitigates regulatory fines, Protects future capital, Reduces downstream pollution, Promotes water circularity, Preserves wetland biodiversity","Define the eligible scope and baseline, appoint a named owner, complete the policy or assessment, approve a dated action plan, and review the KPI at least quarterly: Number of water-related risks formally documented in a risk register, and % with a defined mitigation plan and named owner.","Number of water-related risks formally documented in a risk register, and % with a defined mitigation plan and named owner","Restaurant, QSR, Pubs/Bars, Contract Caterers, Hotels, Brewries, Experiential Leisure",,Ensure water resilience by managing internal and supplier risks.,4,YES,Consolidate.xlsx,工作表1,142
INIT-0142,Recycle rainwater and grey water,Nature & Resources,Water Management – Water,"Collecting and treating rainwater or lightly contaminated grey water for suitable non-potable uses such as toilet flushing, irrigation or cleaning.","Slashes water supply costs, Lowers sewage and drainage fees, Preserves pristine freshwate, Recharges local aquifers","Establish a pre-change baseline, confirm technical and operational requirements, pilot at representative sites, scale after safety and performance checks, and verify the KPI: Volume of rainwater or grey water harvested and reused per year in m³, and the % of total site water demand that volume represents.","Volume of rainwater or grey water harvested and reused per year in m³, and the % of total site water demand that volume represents","Restaurant, QSR, Pubs/Bars, Contract Caterers, Hotels, Brewries, Experiential Leisure",,Recycle rainwater and grey water,4,YES,Consolidate.xlsx,工作表1,143
INIT-0143,Self-supply water direct from the wholesale water market,Nature & Resources,Water Management – Water,"Buying water directly from the competitive wholesale market rather than solely through the default retail supplier, where regulation permits.","Eradicates Retail Profit Margins, Direct Data and Metering Control, Consolidated Multi-Site Billing, Data-Driven Water Stewardship, Incentivizes Infrastructure Efficiency","Define the eligible scope and baseline, appoint a named owner, complete the policy or assessment, approve a dated action plan, and review the KPI at least quarterly: Binary (wholesale contract in place), % reduction in water unit cost versus previous retail tariff, and confirmation of improved consumption data access from the arrangement.","Binary (wholesale contract in place), % reduction in water unit cost versus previous retail tariff, and confirmation of improved consumption data access from the arrangement","Restaurant, QSR, Pubs/Bars, Contract Caterers, Hotels, Brewries, Experiential Leisure",,Self-supply water direct from the wholesale water market,4,YES,Consolidate.xlsx,工作表1,144
INIT-0144,Complete supply chain water mapping covering top 5 commodities by estimated water use,Nature & Resources,Water Management – Water,"Assessing water use and water-related impacts across the supply chain and establishing policies to reduce consumption, especially in water-stressed locations.","Prevents Commodity Cost Shocks, Ensures Regulatory Compliance, Enhances Scope 3 Risk Disclosure, Reduces Virtual Water Footprint, Drives Upstream Circularity","Define the eligible scope and baseline, appoint a named owner, complete the policy or assessment, approve a dated action plan, and review the KPI at least quarterly: % of total food and ingredient spend mapped for water intensity.",% of total food and ingredient spend mapped for water intensity,"Restaurant, QSR, Pubs/Bars, Contract Caterers, Hotels, Brewries, Experiential Leisure",,"Understand your water footprint across your supply chain & introduce policies to reduce water consumption, particularly in water stressed regions",4,YES,Consolidate.xlsx,工作表1,145
INIT-0145,Use high-efficiency shower and faucet aerators,Nature & Resources,Water Management – Water,Installing high-efficiency showerheads and tap aerators that reduce water flow while maintaining acceptable user experience.,"Dual Utility Savings, Ultra-Fast Capital Payback, Decreased Infrastructure Strain, Preserves Asset Valuation, Substantial Resource Conservation, Eases Wastewater Municipal Strains","Establish a pre-change baseline, confirm technical and operational requirements, pilot at representative sites, scale after safety and performance checks, and verify the KPI: % of guest-room showers and faucets fitted with certified high-efficiency aerators, and % reduction in water flow rate in litres per minute versus pre-installation baseline.","% of guest-room showers and faucets fitted with certified high-efficiency aerators, and % reduction in water flow rate in litres per minute versus pre-installation baseline","Restaurant, QSR, Pubs/Bars, Contract Caterers, Hotels, Brewries, Experiential Leisure",,Use high-efficiency shower and faucet aerators,4,YES,Consolidate.xlsx,工作表1,146
INIT-0146,Optimise hot liquor use,Nature & Resources,Water Management – Brewing,"Reducing unnecessary hot-liquor production and losses through improved measurement, scheduling, recovery and process control.","Slashes Heating Fuel and Energy Bills, Accelerates Production Cycle Efficiency, Reduces Direct Wastewater Utility Levies, Lowers Boiler Upkeep Costs, Cuts Scope 1 and 2 Thermal Emissions, Prevents Thermal Pollution in Local Biomes, Promotes Closed-Loop Water Circularity","Establish a pre-change baseline, confirm technical and operational requirements, pilot at representative sites, scale after safety and performance checks, and verify the KPI: Litres of hot liquor used per hectolitre of beer produced, measured monthly against a defined baseline year.","Litres of hot liquor used per hectolitre of beer produced, measured monthly against a defined baseline year","Brewries, Pubs/Bars (partial)","Restaurant, QSR, Contract Caterers, Hotels, Experiential Leisure",Optimise hot liquor use,4,YES,Consolidate.xlsx,工作表1,147
INIT-0147,Optimise CIP wash temperature,Nature & Resources,Water Management – Brewing,Optimising cleaning-in-place wash temperatures to use no more heat than required for effective hygiene and product safety.,"Slashes Thermal Energy Bill, Accelerates Uptime and Turnaround, Extends Asset and Pipe Lifespan, Cuts Direct Carbon Footprint, Prevents Thermal Runoff Pollution, Supports Onsite Water Circularity","Establish a pre-change baseline, confirm technical and operational requirements, pilot at representative sites, scale after safety and performance checks, and verify the KPI: Average CIP wash temperature in °C tracked monthly, energy consumption per CIP cycle in kWh, and water volume per CIP cycle in litres — all against a baseline.","Average CIP wash temperature in °C tracked monthly, energy consumption per CIP cycle in kWh, and water volume per CIP cycle in litres — all against a baseline","Brewries, Pubs/Bars (partial)","Restaurant, QSR, Contract Caterers, Hotels, Experiential Leisure",Optimise CIP wash temperature,4,YES,Consolidate.xlsx,工作表1,148
INIT-0148,Reduce water temp in laundry; and line dry linens where possible,Nature & Resources,Water Management – Brewing,Lowering laundry wash temperatures where hygiene standards allow and using line drying instead of mechanical drying where practical.,"Slashes Thermal Energy Bills, Eliminates Dryer Energy Overhead, Extends Linen and Textile Lifespan, Brings down GHGs, Eliminates Localized Heat Waste","Establish a pre-change baseline, confirm technical and operational requirements, pilot at representative sites, scale after safety and performance checks, and verify the KPI: Average laundry wash temperature in °C, % of eligible loads line-dried versus machine-dried, and kWh per kg of laundry processed.","Average laundry wash temperature in °C, % of eligible loads line-dried versus machine-dried, and kWh per kg of laundry processed","Hotels, Pubs/Bars (partial), Experiential Leisure (partial)","Restaurant, QSR, Contract Caterers, Brewries",Reduce water temp in laundry; and line dry linens where possible,4,YES,Consolidate.xlsx,工作表1,149
INIT-0149,Conduct a waste characterisation assessment,Nature & Resources,Waste & Circularity – Waste Management,"A structured analysis of the types, quantities and sources of waste generated by an organisation or site.","Lowers Landfill and Hauling Fees, Identifies Procurement Overspending, Optimizes Collection Bin Logistics, Uncovers Recyclable Revenue Streams, Maximizes Landfill Diversion, Cuts potent GHGs, Conserves Global Resource Lifecycles","Define the eligible scope and baseline, appoint a named owner, complete the policy or assessment, approve a dated action plan, and review the KPI at least quarterly: Binary completion per site, with output being a breakdown of waste by stream (food, dry mixed recycling, general, cooking oil) expressed as kg per week and % of total waste.","Binary completion per site, with output being a breakdown of waste by stream (food, dry mixed recycling, general, cooking oil) expressed as kg per week and % of total waste","Restaurant, QSR, Pubs/Bars, Contract Caterers, Hotels, Brewries, Experiential Leisure",,Conduct a waste characterisation assessment,4,YES,Consolidate.xlsx,工作表1,150
INIT-0150,"Set a documented food waste reduction target with a baseline year, an interim milestone, and a final target date",Nature & Resources,Waste & Circularity – Waste Management,"Setting measurable, time-bound goals to reduce avoidable food waste across purchasing, storage, preparation, service and plate waste.","Reduces COGS, Lowers Direct Inventory Spoilage, Cuts Monthly Hauling Fees, Improves Culinary Labor Productivity, Cuts GHGs, Saves Embedded Virtual Water, Minimizes Land-Use Impact","Define the eligible scope and baseline, appoint a named owner, complete the policy or assessment, approve a dated action plan, and review the KPI at least quarterly: kg of food waste per cover or per £1,000 of revenue against a documented baseline, with a % reduction target and dated deadline.","kg of food waste per cover or per £1,000 of revenue against a documented baseline, with a % reduction target and dated deadline","Restaurant, QSR, Pubs/Bars, Contract Caterers, Hotels, Brewries, Experiential Leisure",Partial for Experiential Leisure & Brewries,Set targets to reduce food waste.,4,YES,Consolidate.xlsx,工作表1,151
INIT-0151,Segregate food waste for composting or Anaerobic Digestion,Nature & Resources,Waste & Circularity – Waste Management,Separating food waste from general waste so it can be treated through composting or anaerobic digestion rather than landfill or incineration.,"Lowers General Waste Costs, Avoids Commercial Compliance Penalties, Cuts Landscape Maintenance Overhead, Mitigates Potent Landfill Gases, Restores Natural Soil Nutrients, Encourages Zero-Waste Circularity","Establish a pre-change baseline, confirm technical and operational requirements, pilot at representative sites, scale after safety and performance checks, and verify the KPI: % of total food waste by weight diverted to composting or AD rather than general waste or landfill, measured monthly via contractor reports.","% of total food waste by weight diverted to composting or AD rather than general waste or landfill, measured monthly via contractor reports","Restaurant, QSR, Pubs/Bars, Contract Caterers, Hotels, Brewries, Experiential Leisure",Partial for Experiential Leisure & Brewries,Segregate food waste for composting or Anaerobic Digestion (AD),4,YES,Consolidate.xlsx,工作表1,152
INIT-0152,Distribute Surplus Food via a credible distribution partner,Nature & Resources,Waste & Circularity – Waste Management,"Redistributing safe, edible surplus food to employees, community groups, charities or other users instead of disposing of it.","Lowers Commercial Disposal Fees, Uncovers Upstream Sourcing Flaw, Unlocks Corporate Tax Deductions, Prevents Methane Landfill Vents, Preserves Embedded Lifecycle Resources","Establish a pre-change baseline, confirm technical and operational requirements, pilot at representative sites, scale after safety and performance checks, and verify the KPI: kg of surplus food redistributed per month and estimated number of meals provided via a named partner.",kg of surplus food redistributed per month and estimated number of meals provided via a named partner,"Restaurant, QSR, Pubs/Bars, Contract Caterers, Hotels, Brewries, Experiential Leisure",Partial for Experiential Leisure & Brewries,Distribute surplus food,4,YES,Consolidate.xlsx,工作表1,153
INIT-0153,Complete a circularity audit covering the top three waste streams by volume and identify at least one viable circular option per stream within 90 days,Nature & Resources,Waste & Circularity – Waste Management,"Identifying ways to keep products, materials and resources in use for longer through reuse, repair, refurbishment, remanufacture or recycling.","Reduces Cap Ex, Lowers Trade Disposal Surcharges, Unlocks Procurement Value Mapping, Generates Secondary Salvage Revenue, Curtails Extraction and Manufacturing Emissions, Maximizes Landfill Diversion","Define the eligible scope and baseline, appoint a named owner, complete the policy or assessment, approve a dated action plan, and review the KPI at least quarterly: Number of waste streams audited, number of viable circular options identified, and number actually implemented within 12 months of the audit.","Number of waste streams audited, number of viable circular options identified, and number actually implemented within 12 months of the audit","Restaurant, QSR, Pubs/Bars, Contract Caterers, Hotels, Brewries, Experiential Leisure",,Assess opportunities for circularity,4,YES,Consolidate.xlsx,工作表1,154
INIT-0154,Train operational teams to reduce production waste and measure pre/post-training waste performance,Nature & Resources,Waste & Circularity – Waste Management,"Training operational employees to prevent production waste through better forecasting, preparation, handling, storage and process control.","Optimized Raw Ingredient COGS, Drastic Drop in Storage Spoilage, Lowered Daily Trash Disposal Bills, Maximized Shift Productivity, Reduced Scope 3 Value Chain Footprint, Mitigated Landfill Methane Emissions","Define the eligible scope and baseline, appoint a named owner, complete the policy or assessment, approve a dated action plan, and review the KPI at least quarterly: % of relevant operational staff trained with a completion record, and change in food waste per cover at trained sites versus untrained sites over the same period.","% of relevant operational staff trained with a completion record, and change in food waste per cover at trained sites versus untrained sites over the same period","Restaurant, QSR, Pubs/Bars, Contract Caterers, Hotels, Brewries, Experiential Leisure",,Train operational teams to reduce production waste,4,YES,Consolidate.xlsx,工作表1,155
INIT-0155,Quantify your food waste,Nature & Resources,Waste & Circularity – Waste Management,"Measuring the amount, type, source and cost of food waste consistently to establish a baseline and track reduction progress.","Pinpoints Financial Bleeding, Identifies the Root Source, Optimizes Procurement Budgets, Reduces Waste Hauling Fees, Shrinks the Scope 3 Value Chain Footprint, Cuts Landfill Methane Emissions","Define the eligible scope and baseline, appoint a named owner, complete the policy or assessment, approve a dated action plan, and review the KPI at least quarterly: kg of food waste per week per site broken down by pre-consumer and post-consumer waste where possible, using a named methodology.","kg of food waste per week per site broken down by pre-consumer and post-consumer waste where possible, using a named methodology","Restaurant, QSR, Pubs/Bars, Contract Caterers, Hotels, Brewries, Experiential Leisure",Partial for Experiential Leisure & Brewries,Quantify your food waste,4,YES,Consolidate.xlsx,工作表1,156
INIT-0156,Extend the life of your cooking oil,Nature & Resources,Waste & Circularity – Waste Management,"Extending the usable life of cooking oil through correct storage, filtration, temperature control and operating practices.","Slashes Procurement Costs, Controls Procurement Shrinkage, Reduces Heavy Kitchen Labor, Protects Menu Consistency and Quality, Cuts Scope 3 Upstream Lifecycle Pressures, Reduces Carbon Discharges, Improves Circular Economy Feedstocks","Establish a pre-change baseline, confirm technical and operational requirements, pilot at representative sites, scale after safety and performance checks, and verify the KPI: Average number of frying cycles per oil charge before disposal, and litres of oil consumed per £1,000 of fried-food revenue.","Average number of frying cycles per oil charge before disposal, and litres of oil consumed per £1,000 of fried-food revenue","Restaurant, QSR, Pubs/Bars, Contract Caterers, Hotels, Brewries, Experiential Leisure",Partial for Experiential Leisure & Brewries,Extend the life of your cooking oil,4,YES,Consolidate.xlsx,工作表1,157
INIT-0157,Recycle your used cooking oil at end of life,Nature & Resources,Waste & Circularity – Waste Management,"Collecting used cooking oil at the end of its useful life for responsible recycling, including conversion into fuels or other products where appropriate.","Slashes Procurement Costs, Controls Procurement Shrinkage, Reduces Heavy Kitchen Labor, Protects Menu Consistency and Quality, Cuts Scope 3 Upstream Lifecycle Pressures, Reduces Carbon Discharges, Improves Circular Economy Feedstocks","Establish a pre-change baseline, confirm technical and operational requirements, pilot at representative sites, scale after safety and performance checks, and verify the KPI: % of total used cooking oil volume collected by a licensed collector rather than disposed of as general waste, measured via collection records.","% of total used cooking oil volume collected by a licensed collector rather than disposed of as general waste, measured via collection records","Restaurant, QSR, Pubs/Bars, Contract Caterers, Hotels, Brewries, Experiential Leisure",Partial for Experiential Leisure & Brewries,Recycle your used cooking oil at end of life,4,YES,Consolidate.xlsx,工作表1,158
INIT-0158,Process food waste on-site,Nature & Resources,Waste & Circularity – Waste Management,"Using on-site technologies such as dehydration, composting or biological treatment to reduce or process food waste at the point of generation.","Drastically Lowers Hauling and Tipping Fees, Eliminates High-Frequency Pickups, Cuts Outbound Landscaping Costs, Future-Proofs Against Bio-Waste Taxes, Stops Potent Landfill Methane Emissions, Eliminates Scope 3 Collection Truck Emissions","Establish a pre-change baseline, confirm technical and operational requirements, pilot at representative sites, scale after safety and performance checks, and verify the KPI: % of total food waste by weight processed on-site, and output produced per tonne of food waste input (kg of compost, litres of liquid feed, or kWh of biogas).","% of total food waste by weight processed on-site, and output produced per tonne of food waste input (kg of compost, litres of liquid feed, or kWh of biogas)","Restaurant, QSR, Pubs/Bars, Contract Caterers, Hotels, Brewries, Experiential Leisure",Partial for Experiential Leisure & Brewries,Process food waste on-site,4,YES,Consolidate.xlsx,工作表1,159
INIT-0159,Recycle and responsibly dispose of staff uniforms at end-of-life,Nature & Resources,Waste & Circularity – Waste Management,"Collecting, reusing, repurposing or recycling staff uniforms and textiles responsibly when they are no longer suitable for use.","Slashes Industrial Hauling and Disposal Fees, Maximizes Brand Protection and Security, Trims Procurement Outlays via Uniform Pooling, Conserves Micro-Ecosystem Resources, Drastically Lowers Value Chain Carbon, Aviods textlie waste from going to landfill","Establish a pre-change baseline, confirm technical and operational requirements, pilot at representative sites, scale after safety and performance checks, and verify the KPI: % of decommissioned uniforms by weight collected through a textile-recovery or recycling scheme rather than general waste, and the named scheme used.","% of decommissioned uniforms by weight collected through a textile-recovery or recycling scheme rather than general waste, and the named scheme used","Restaurant, QSR, Pubs/Bars, Contract Caterers, Hotels, Brewries, Experiential Leisure",,Recycle and responsibly dispose of staff uniforms at end-of-life,4,YES,Consolidate.xlsx,工作表1,160
INIT-0160,Switch to lower-impact takeaway packaging,Nature & Resources,Waste & Circularity – Packaging,"Replacing conventional takeaway packaging with reusable, recyclable, compostable or lower-impact alternatives suited to local waste systems.","Reduces Ongoing Packaging Costs, Lowers Waste Management Fees, Drives Customer Acquisition and Revenue, Bypasses Plastic Compliance Penalties, Slashes GHGs, Eradicates ""White Pollution"" and Microplastics","Establish a pre-change baseline, confirm technical and operational requirements, pilot at representative sites, scale after safety and performance checks, and verify the KPI: % of takeaway packaging units by volume meeting the defined standard, and % reduction in virgin plastic units per month.","% of takeaway packaging units by volume meeting the defined standard, and % reduction in virgin plastic units per month","Restaurant, QSR, Pubs/Bars, Contract Caterers, Hotels, Brewries, Experiential Leisure",Partial for Experiential Leisure & Brewries,Switch to eco-friendly takeaway packaging,4,YES,Consolidate.xlsx,工作表1,161
INIT-0161,"Support and encourage employees in choosing low-carbon commuting alternatives (e.g. cycle to work, public transport)",Supply Chain,Transport and Distribution,,,,,all,,"Encourage and enable lower-emission employee commuting (e.g. cycle to work, public transport)",4,YES,Consolidate.xlsx,工作表1,162
INIT-0162,Transition company owned fleet vehicles to low-carbon alternatives at end of life,Supply Chain,Transport and Distribution,,,(how description and then ---- enabling factor includes install EV charging infrastructure at depots and distribution hubs,,all,,"Switch company cars to low carbon alternatives (EV, fuel efficient) at EOL",4,YES,Consolidate.xlsx,工作表1,163
INIT-0163,Reduce emissions from delivery and distribution by improving fleet efficiency before the journey,Supply Chain,Transport and Distribution,,,"1. Load & Route Planning: Right-size vehicles to actual load, and plan routes and loads together using route planning software or a logistics provider that sequences stops efficiently.
2. Shared Logistics: Explore haulage aggregation with other businesses, sharing truck space and routes so vehicles carry more, more often.
3. Vehicle Transition: Transition fleet to EVs or low-carbon fuel vehicles at natural end of service life, not early replacement, and install EV charging infrastructure at depots to support this.
4. Temperature controlled goods: Optimise cold chain and refrigerated transport, minimising stops and door-open time, consolidating loads, and prioritising electric or cryogenic refrigeration units over diesel.
5. Drive behaviour: Train drivers in smooth acceleration, reduced idling, and consistent route adherence.",,,,"Optimise routes for deliveries 
and 
Explore haulage aggregation opportunities",4,NO,Consolidate.xlsx,工作表1,164
INIT-0164,Reduce emissions from delivery and distribution by improving fleet efficiency during and after the journey,Supply Chain,Transport and Distribution,,,"1. Return Journey: Use the return journey for backhauling, carrying recycling, reusable packaging, or containers back to source rather than running empty.
2. Vehicle Monitoring: Install telematics and a digital asset management system to track fuel use, idling time, and vehicle condition in real time, and feed this data back into fleet decisions to catch maintenance issues early.
3. Delivery Timing: Schedule deliveries to avoid road congestion, ideally paired with route optimisation software.",,,,Backhaul recycling waste,4,NO,Consolidate.xlsx,工作表1,165
INIT-0165,Reduce emissions from delivery and distribution by engaging with suppliers,Supply Chain,Transport and Distribution,,,"1. Procurement Consolidation: Centralise procurement across sites through a single system or department, consolidating orders to reduce delivery frequency, and favour suppliers offering efficient local delivery.
2. Supplier Engagement: Strengthen supplier relationship management, using regular engagement to request consolidated deliveries, emissions data, or lower-carbon transport options directly.
3. Delivery Consolidation: Ask suppliers to consolidate your deliveries with other nearby customers on the same route, rather than sending a dedicated part-load.
4. Order Timing: Apply just-in-time delivery principles with caution, balanced against consolidation, since tightly-timed delivery can increase emissions by disrupting efficient routing.
5. Demand Forecasting: Use data analytics to forecast demand and track supplier performance, reducing both waste and emissions-heavy urgent orders.",,,,Choose local suppliers where possible,4,NO,Consolidate.xlsx,工作表1,166
INIT-0166,Reduce emissions from customer delivery,Supply Chain,Transport and Distribution,,,"1. Own Delivery: Where you run your own delivery, prioritise e-bikes over cars or mopeds.
2. Third-Party Platform: Where third-party platforms are used, favour ones with active rider electrification programmes.
3. High-Volume Urban routes : In dense, high-volume urban areas, use e-cargo bikes specifically for short delivery routes, a lower emission alternative to car or moped for these journeys.",,,,,4,NO,Consolidate.xlsx,工作表1,167
INIT-0167,Install EV Charging Infrastructure at Depots and Distribution Hubs,Supply Chain,Transport and Distribution,,,,,,,,4,NO,Consolidate.xlsx,工作表1,168
INIT-0168,Install a filtered water system to avoid bottled water.,Nature & Resources,Water Management – Water,Installing a mains-fed filtration system to provide drinking water on site and reduce reliance on single-use bottled water.,"Lowers procurement costs, Reduces waste management fees, Prevents plastic pollution, Shrinks carbon footprint",,"% of sites with a mains-fed filtration system installed, and estimated number of single-use plastic bottles avoided per year per site","Restaurant, QSR, Pubs/Bars, Contract Caterers, Hotels, Brewries, Experiential Leisure",,Install a filtered water system to avoid bottled water.,4,YES,Consolidate.xlsx,工作表1,169
INIT-0169,Procure water sustainably.,Nature & Resources,Water Management – Water,"Purchasing water and water-related services in a way that considers local scarcity, environmental impact, efficiency and long-term resilience.","Guarantees Business Continuity, Unlocks Green Capital, Eliminates Regulatory Fines, Relieves High-Stress Catchments, mproves Shared Water Security, Drives Upstream Efficiency",,Remove,"Restaurant, QSR, Pubs/Bars, Contract Caterers, Hotels, Brewries, Experiential Leisure",,Procure water sustainably.,4,YES,Consolidate.xlsx,工作表1,170
INIT-0170,Publish a water reduction policy with targets for water-stressed regions,Nature & Resources,Water Management – Water,"Assessing water use and water-related impacts across the supply chain and establishing policies to reduce consumption, especially in water-stressed locations.",,,"Policy published with named targets for water-stressed regions, named owner, annual review date","Restaurant, QSR, Pubs/Bars, Contract Caterers, Hotels, Brewries, Experiential Leisure",,"Understand your water footprint across your supply chain & introduce policies to reduce water consumption, particularly in water stressed regions",4,NO,Consolidate.xlsx,工作表1,171
INIT-0171,Recycle equipment at end-of-life,Nature & Resources,Waste & Circularity – Waste Management,"Ensuring equipment is reused, refurbished, resold or recycled responsibly when it reaches the end of its operational life.","Recovers Residual Asset Value, Slashes Future Procurement Outlays, Minimizes Bulky Waste Disposal Fees, Mitigates E-Waste and Heavy Metal Leakage, Drastically Lowers Embedded Lifecycle Emissions, Feeds the Manufacturing Circular Loop",,"% of end-of-life equipment by unit count disposed of through a certified WEEE recycler or refurbishment channel, and kg of equipment diverted from landfill per year","Restaurant, QSR, Pubs/Bars, Contract Caterers, Hotels, Brewries, Experiential Leisure",,Recycle equipment at end-of-life,4,YES,Consolidate.xlsx,工作表1,172
INIT-0172,Promote takeaway options for unfinished food,Nature & Resources,Waste & Circularity – Waste Management,"Offering customers suitable containers or services to take unfinished food away, helping reduce plate waste.","Lowers Organic Waste Fees, Enhances Customer Perceived Value, Uncovers Menu Portion Issues, Prevents Methane Landfill Vents, Preserves Embedded Lifecycle Resources",,"% of sites offering a named take-home option (doggy bag, reusable container scheme, or third-party app), and where the scheme tracks it, estimated kg of food saved from disposal per month","Restaurant, QSR, Pubs/Bars, Contract Caterers, Hotels, Brewries, Experiential Leisure",Partial for Experiential Leisure & Brewries,Promote takeaway options for unfinished food,4,YES,Consolidate.xlsx,工作表1,173
INIT-0173,"Reduce active menu SKU count by a defined %, and measure the impact on food waste per cover over the following 90 days",Nature & Resources,Waste & Circularity – Waste Management,"Reducing unnecessary menu complexity to improve forecasting, ingredient utilisation, stock rotation and waste prevention.","Lowers COGS, Drastically Minimizes Inventory Capital, Improves Kitchen Prep Productivity, Cuts Scope 3 Upstream Value Chain Footprint, Prevents Landfill Methane Emissions",,"Number of active SKUs before and after, and food waste per cover before and after at the same sites over a comparable trading period","Restaurant, QSR, Pubs/Bars, Contract Caterers, Hotels, Brewries, Experiential Leisure",Partial for Experiential Leisure & Brewries,Simplify menus to reduce waste,4,YES,Consolidate.xlsx,工作表1,174
INIT-0174,Responsibly dispose off or donate furniture and fittings at end-of-life,Nature & Resources,Waste & Circularity – Waste Management,"Reusing, donating, reselling or recycling furniture and fittings at end of life rather than sending them to disposal.","Slashes Massive Landfill and Hauling Fees, Unlocks Corporate Tax Incentives, Improved Brand Equity via Community Engagement, Reduces Operational Warehousing Costs, Cuts Material Extraction and Production Carbon, Halts Deforestation and Resource Depletion",,"% of end-of-life furniture and fittings by unit value disposed of through reuse, donation, or certified recycling rather than general waste, with named recipients or recyclers","Restaurant, QSR, Pubs/Bars, Contract Caterers, Hotels, Brewries, Experiential Leisure",,Responsibly dispose of or donate furniture and fittings at end-of-life,4,YES,Consolidate.xlsx,工作表1,175
INIT-0175,Deploy [named technology] to monitor [named waste stream] and use data to reduce [waste type] by [target %] within 12 months,Nature & Resources,Waste & Circularity – Waste Management,"Using connected equipment, sensors and Internet of Things technology to monitor operations, improve control and prevent food, material or energy waste.","Eliminates Invisible Standby Energy Costs, Unlocks Predictive Maintenance, Prevents Inventory Spoilage and Shrinkage, Slashes Localized Operational Carbon, Avoids food waste & methane emissions from it",,"% reduction in the targeted waste stream per site following deployment, measured against a pre-installation baseline over a minimum 3-month comparison period","Restaurant, QSR, Pubs/Bars, Contract Caterers, Hotels, Brewries, Experiential Leisure",,Use smart equipment and IoT technology to reduce waste,4,YES,Consolidate.xlsx,工作表1,176
INIT-0176,Join the plastics pact,Nature & Resources,Waste & Circularity – Packaging,"Joining a collaborative commitment or programme focused on eliminating problematic plastics, increasing reuse and improving recycling outcomes.",,,"Membership confirmed (binary), plus annual progress against WRAP's four targets: 100% reusable/recyclable/compostable packaging, 70% effectively recycled or composted, 30% average recycled content, and elimination of problematic plastics","Restaurant, QSR, Pubs/Bars, Contract Caterers, Hotels, Brewries, Experiential Leisure",,Join the plastics pact,4,NO,Consolidate.xlsx,工作表1,177
INIT-0177,"Design for reusability, removing single-use items and therefore reducing overall waste produced",Nature & Resources,Waste & Circularity – Packaging,Designing products and service systems around reusable items so that single-use products and associated waste are avoided.,"Eradicates Repetitive Procurement Spending, Cuts Trade Refuse Hauling Fees, Frees Up Premium Storage Footprint, Slashes Global Lifecycle Carbon Footprint, Cuts Raw Material and Resource Pressures, Mitigates plastic pollution",,"Number of single-use item types eliminated per year, and % reduction in single-use item units purchased per £1,000 of revenue","Restaurant, QSR, Pubs/Bars, Contract Caterers, Hotels, Brewries, Experiential Leisure",,"Design for reusability, removing single-use items and therefore reducing overall waste produced",4,YES,Consolidate.xlsx,工作表1,178
INIT-0178,Install an anaerobic digestion plant to recover biogas,Nature & Resources,Waste & Circularity – Brewing,Installing anaerobic digestion to convert organic waste or wastewater into biogas and a residual material that may be used beneficially.,"Decentralized Energy Generation, Elimination of Waste Disposal and Tipping Fees, Eradication of Landscape Fertilizer Expenditures, Bypasses Landfill Bans and Organic Resource Taxes, Mitigates Highly Destructive Landfill Gases, Minimizes Downstream Municipal Sewer Strains",,"Volume of biogas produced per tonne of organic input in m³ per tonne, % of site energy demand met by recovered biogas, and volume of digestate produced with its stated end use","Brewries, Pubs/Bars (partial)","Restaurant, QSR, Contract Caterers, Hotels, Experiential Leisure",Install an anaerobic digestion plant to recover biogas,4,YES,Consolidate.xlsx,工作表1,179
INIT-0179,Minimise extract losses and product wastage,Nature & Resources,Waste & Circularity – Brewing,"Reducing raw-material, extract and product losses during production through improved control, maintenance, recovery and operating practices.","Maximizes Directly Recovered Product Value, Lowers Upstream Sourcing Expenditures, Reduces Waste Treatment and Sewer Surcharges, Limits Unplanned Maintenance Downtime, Cuts Indirect Value Chain Carbon (Scope 3)",,"Extract efficiency % (actual extract recovered versus theoretical maximum from raw materials), and total product loss as a % of production volume per batch, both measured per brew and tracked monthly against a baseline","Brewries, Pubs/Bars (partial)","Restaurant, QSR, Contract Caterers, Hotels, Experiential Leisure",Minimise extract losses and product wastage,4,YES,Consolidate.xlsx,工作表1,180
