Factor_ID,Card_ID,Factor_Name,Factor_Type,Factor_Family,Factor_Bank,Cost_Category,Outcome_Category,Cost_Boundary,Performance_Boundary,Technology_or_Scope,Published_Display_Value,Primary_Figure,Parallel_Figures,Value_Low,Value_Base,Value_High,Value_Parse_Note,Currency,Numerator_Unit,Denominator_Unit,Unit_Hint,Frequency,Performance_Basis,Time_Basis,Geography,Sector,Sector_Not_Included,Price_Year,Reference_Year,VAT_Basis,Primary_Evidence_ID,Evidence_Link_Count,Derivation_Method,Interface_Language,Applicability_Caveat,Selection_Group_ID,Selection_Rule,Scenario_Availability,Calc_Readiness,Factor_Status,Lifecycle_Status,Access_Classification,Factor_Availability,Version,Last_Reviewed,Source_Workbook,Source_Sheet,Source_Row
CCF-0001,CARD-0001,Adopt a net-zero buildings plan — Cost,cost,Energy & Buildings,Cost Factors,Cost,Cost,"Developing a net-zero building plan requires specialist assessment, staff time and programme management; budget per portfolio, site or project.",,Buildings & Refrigerants & Fugitive Emissions,,,,,,,Empty published value; numeric columns left blank.,,,,,,,,,"Restaurants, QSRs, Pubs/Bars/Breweries, Hotels, Experiential Leisure; Contract Caterers only where delegated asset/capital control is documented","Exclude sites where the operator does not control the relevant asset, utility, specification or capital decision.",,,,,0,,"Developing a net-zero building plan requires specialist assessment, staff time and programme management; budget per portfolio, site or project.","Exclude sites where the operator does not control the relevant asset, utility, specification or capital decision.",SG-INIT-0001,ALL_FOUR_SLOTS,DISPLAY_ONLY,display_only,ACTIVE,ACTIVE,PUBLIC,GAP,1.0,2026-08-18,Consolidate.xlsx,工作表1,2
CCF-0002,CARD-0005,Measure and verify building energy performance — Cost,cost,Energy & Buildings,Cost Factors,Cost,Cost,Measuring and verifying building energy performance costs 1.5%–3.0% of annual guaranteed project savings.,,Buildings & Refrigerants & Fugitive Emissions,1.5%–3.0% of annual guaranteed project cost savings,1.5%–3.0% of annual guaranteed project cost savings,,1.5,,3,Range taken from the published display string. Value_Base left blank (no midpoint invented).,,percent,,% of annual guaranteed project cost savings,annual,,annual,,"Restaurants, QSRs, Pubs/Bars/Breweries, Hotels, Contract Caterers, Experiential Leisure",Exclude sites without sufficient interval or billing data until a baseline can be established.,,,,CEVID-0001,1,Annual M&V cost = annual guaranteed project cost savings × 1.5%–3.0%,Measuring and verifying building energy performance costs 1.5%–3.0% of annual guaranteed project savings.,Exclude sites without sufficient interval or billing data until a baseline can be established.,SG-INIT-0002,ALL_FOUR_SLOTS,DISPLAY_ONLY,display_only,ACTIVE,ACTIVE,PUBLIC,STANDARD,1.0,2026-08-18,Consolidate.xlsx,工作表1,3
CCF-0003,CARD-0009,Optimise and upgrade HVAC systems and controls — Cost,cost,Energy & Buildings,Cost Factors,Cost,Cost,"Recommissioning HVAC sensors and controls costs £1.24–£4.68/m², with a £2.20/m² median; replacement benchmarks are £180/kW for air-cooled chillers and £4,300–£16,000 per m³/s for AHUs.",,Buildings & Refrigerants & Fugitive Emissions,"Recommissioning: £1.24–£4.68/m²; median £2.20/m² (2017 prices)
Air-cooled chiller: £180/kW total; £20/kW high-efficiency premium (2019 prices)
AHU: £16,000/m³/s at 1 m³/s or £4,300/m³/s at 13 m³/s; high-efficiency premiums £1,500 and £400/m³/s respectively (2019 prices)
Packaged AHU: £181,000 for 10.8 m³/s (2023 estimate)",Recommissioning: £1.24–£4.68/m²; median £2.20/m² (2017 prices),"Air-cooled chiller: £180/kW total; £20/kW high-efficiency premium (2019 prices) | AHU: £16,000/m³/s at 1 m³/s or £4,300/m³/s at 13 m³/s; high-efficiency premiums £1,500 and £400/m³/s respectively (2019 prices) | Packaged AHU: £181,000 for 10.8 m³/s (2023 estimate)",1.24,,4.68,Range taken from the published display string. Value_Base left blank (no midpoint invented).,GBP,money,m²,Recommissioning: /m²; median /m² ( prices) Air cooled chiller: /kW total; /kW high efficiency premium ( prices) AHU: /m³/s at m³/s or /m³/s at m³/s; high efficiency premiums and /m³/s respectively ( prices) Packaged AHU: for m³/s ( estimate),,,,,"Restaurants, QSRs, Pubs/Bars/Breweries, Hotels, Experiential Leisure; Contract Caterers only where delegated asset/capital control is documented","Exclude sites where the operator does not control the relevant asset, utility, specification or capital decision.",,,,CEVID-0006,4,"Recommissioning: £1.24/m² = US$1.60 ÷ 1.2888; £2.20/m² = US$2.84 ÷ 1.2888; £4.68/m² = US$6.03 ÷ 1.2888
Chiller premium = £180−£160=£20/kW
1 m³/s AHU premium = £16,000−£14,500=£1,500/m³/s
13 m³/s AHU premium = £4,300−£3,900=£400/m³/s
Packaged AHU total = (10.8×£12,000)+£10,000+£41,880=£181,480≈£181,000","Recommissioning HVAC sensors and controls costs £1.24–£4.68/m², with a £2.20/m² median; replacement benchmarks are £180/kW for air-cooled chillers and £4,300–£16,000 per m³/s for AHUs.","Exclude sites where the operator does not control the relevant asset, utility, specification or capital decision.",SG-INIT-0003,ALL_FOUR_SLOTS,DISPLAY_ONLY,display_only,ACTIVE,ACTIVE,PUBLIC,STANDARD,1.0,2026-08-18,Consolidate.xlsx,工作表1,4
CCF-0004,CARD-0013,Install smart draught beverage dispense systems — Cost,cost,Energy & Buildings,Cost Factors,Cost,Cost,"HEINEKEN’s published 2025 service fees are £30 per tap per month for its own and partner brands and £50 for third-party brands, while current cellar and remote energy controls cost £31 and £16 per month.",,Energy Management,"SmartDispense CellarPro, BarPro CF or CellarPro CF: £30/tap/month ex VAT for HEINEKEN and partner brands; £50/tap/month for third-party brands. Underbar: £35/£55 per tap/month. Cellar Manager: £31/month. Remote Manager: £16/month. Ten partner-brand taps plus both energy controls: £4,164/year ex VAT.","SmartDispense CellarPro, BarPro CF or CellarPro CF: £30/tap/month ex VAT for HEINEKEN and partner brands; £50/tap/month for third-party brands. Underbar: £35/£55 per tap/month. Cellar Manager: £31/month. Remote Manager: £16/month. Ten partner-brand taps plus both energy controls: £4,164/year ex VAT.",,,0,,Single published figure stored as Value_Base.,GBP,money,tap,SmartDispense CellarPro BarPro CF or CellarPro CF: /tap/month ex VAT for HEINEKEN and partner brands; /tap/month for third party brands. Underbar: / per tap/month. Cellar Manager: /month. Remote Manager: /month. Ten partner brand taps plus both energy controls: /year ex VAT.,annual,,annual,,"Pubs, bars and breweries; restaurants, hotels, experiential leisure and contract caterers operating draught beer or cider","Sites without draught beer or cider service, including most QSR; concession sites without control of dispense equipment",,,,CEVID-0017,3,"The 2025 terms provide the per-tap monthly service fees. The 10-tap benchmark is (10 × £30 + £31 + £16) × 12 = £4,164 ex VAT. HEINEKEN retains ownership of installed SmartDispense equipment, so the published equipment values are replacement values rather than customer purchase prices.","HEINEKEN’s published 2025 service fees are £30 per tap per month for its own and partner brands and £50 for third-party brands, while current cellar and remote energy controls cost £31 and £16 per month.","Sites without draught beer or cider service, including most QSR; concession sites without control of dispense equipment",SG-INIT-0004,ALL_FOUR_SLOTS,DISPLAY_ONLY,display_only,ACTIVE,ACTIVE,PUBLIC,STANDARD,1.0,2026-08-18,Consolidate.xlsx,工作表1,5
CCF-0005,CARD-0017,Install timer controls across eligible equipment — Cost,cost,Energy & Buildings,Cost Factors,Cost,Cost,"A basic 7-day timer costs £11.98, a fused-spur timer costs £37.00, a two-channel heating and hot-water programmer costs £96.70, and a robust commercial controller costs £196 ex VAT.",,Buildings & Refrigerants & Fugitive Emissions,"Plug-in 7-day timer: £11.98 inc VAT, 10 A and up to 2.4 kW; fused-spur 7-day timer: £37.00 inc VAT and suitable for loads up to 3 kW; two-channel heating and hot-water programmer: £96.70 inc VAT; commercial 7-day 13 A controller: £196 ex VAT","Plug-in 7-day timer: £11.98 inc VAT, 10 A and up to 2.4 kW; fused-spur 7-day timer: £37.00 inc VAT and suitable for loads up to 3 kW; two-channel heating and hot-water programmer: £96.70 inc VAT; commercial 7-day 13 A controller: £196 ex VAT",,,7,,Single published figure stored as Value_Base.,GBP,money,,Plug in day timer: inc VAT A and up to kW; fused spur day timer: inc VAT and suitable for loads up to kW; two channel heating and hot water programmer: inc VAT; commercial day A controller: ex VAT,,,,,"Restaurants; QSR; pubs, bars and breweries; contract caterers with control of site equipment; hotels; experiential leisure","Life-safety, security and IT systems; food-storage refrigeration compressors without validated smart controls; 24/7 guest-critical loads; equipment without a safe shutdown sequence or asset-control rights",,,,CEVID-0023,4,"Direct UK supplier prices for timer hardware. Plug-in units suit appropriate socket loads; fused-spur units suit fixed low-load equipment; heating programmers control separate heating and hot-water schedules; commercial controllers suit more robust applications. Hardwired, high-load and three-phase equipment may require an electrician, enclosure, relay or contactor, so installed cost should be quoted site by site.","A basic 7-day timer costs £11.98, a fused-spur timer costs £37.00, a two-channel heating and hot-water programmer costs £96.70, and a robust commercial controller costs £196 ex VAT.","Life-safety, security and IT systems; food-storage refrigeration compressors without validated smart controls; 24/7 guest-critical loads; equipment without a safe shutdown sequence or asset-control rights",SG-INIT-0005,ALL_FOUR_SLOTS,DISPLAY_ONLY,display_only,ACTIVE,ACTIVE,PUBLIC,STANDARD,1.0,2026-08-18,Consolidate.xlsx,工作表1,6
CCF-0006,CARD-0021,"Optimise fans and pumps with variable-speed drives, efficient motors and demand controls — Cost",cost,Energy & Buildings,Cost Factors,Cost,Cost,"Installing VSDs and efficient motors costs £1,200 per installed 2.2 kW inverter, ~£2,500 per pump point or £1,300 per 11 kW IE4 motor; full demand-controlled kitchen ventilation costs approximately £17,000/site.",,Buildings & Refrigerants & Fugitive Emissions,"VSD: £1,200 per installed 2.2 kW inverter; approximately £2,500 per pump point including controls, design and making good (4-unit project average)
High-efficiency motor: £1,300 per 11 kW IE4 motor; £118/kW purchase-only (2018 example)
Demand-controlled kitchen ventilation: approximately £17,000/site, inferred from the cited pub saving and payback","VSD: £1,200 per installed 2.2 kW inverter; approximately £2,500 per pump point including controls, design and making good (4-unit project average)","High-efficiency motor: £1,300 per 11 kW IE4 motor; £118/kW purchase-only (2018 example) | Demand-controlled kitchen ventilation: approximately £17,000/site, inferred from the cited pub saving and payback",,1200,,Single published figure stored as Value_Base.,GBP,money,kW,VSD: per installed kW inverter; approximately per pump point including controls design and making good ( unit project average) High efficiency motor: per kW IE motor; /kW purchase only ( example) Demand controlled kitchen ventilation: approximately /site inferred from the cited pub saving and payback,,,,,"Restaurants, QSRs, Pubs/Bars/Breweries, Hotels, Contract Caterers, Experiential Leisure; kitchen demand controls apply only where commercial kitchens and relevant asset/control rights exist","Fixed-speed or process-critical loads where compatibility, duty profile or run hours do not support variable control; sites without commercial kitchens for DCKV; sites where the operator cannot modify ventilation or motor controls.",,,,CEVID-0033,3,"Inverters: £4,800 ÷ 4 = £1,200/unit
All-in VSD project: (£4,800 + £3,000 + £2,340) = £10,140 ≈ £10,000; £10,000 ÷ 4 = £2,500/pump point
High-efficiency motor: £1,300 ÷ 11 kW = £118.18/kW ≈ £118/kW
DCKV implied investment: £9,041/year × 1.88 years = £16,997.08 ≈ £17,000/site","Installing VSDs and efficient motors costs £1,200 per installed 2.2 kW inverter, ~£2,500 per pump point or £1,300 per 11 kW IE4 motor; full demand-controlled kitchen ventilation costs approximately £17,000/site.","Fixed-speed or process-critical loads where compatibility, duty profile or run hours do not support variable control; sites without commercial kitchens for DCKV; sites where the operator cannot modify ventilation or motor controls.",SG-INIT-0006,ALL_FOUR_SLOTS,DISPLAY_ONLY,display_only,ACTIVE,ACTIVE,PUBLIC,STANDARD,1.0,2026-08-18,Consolidate.xlsx,工作表1,7
CCF-0007,CARD-0025,"Recover and reuse waste heat from refrigeration, cooking or wastewater — Cost",cost,Energy & Buildings,Cost Factors,Cost,Cost,"Recovering heat from refrigeration, cooking extract and wastewater requires refrigeration system >£64,000 per 250 kWth (>£256/kWth); cooking-extract and wastewater systems require site quotes.",,Buildings & Refrigerants & Fugitive Emissions,"Refrigeration-condenser heat recovery: >£64,000 per 250 kWth system; >£256/kWth; >£67.9 per annual MWhth recovered (2021 case)
Cooking-extract and wastewater heat recovery: supplier quote required","Refrigeration-condenser heat recovery: >£64,000 per 250 kWth system; >£256/kWth; >£67.9 per annual MWhth recovered (2021 case)",Cooking-extract and wastewater heat recovery: supplier quote required,,64000,,Single published figure stored as Value_Base.,GBP,money,kWth,Refrigeration condenser heat recovery: > per kWth system; >/kWth; > per annual MWhth recovered ( case) Cooking extract and wastewater heat recovery: supplier quote required,annual,,annual,,"Restaurants, QSRs, Pubs/Bars/Breweries, Hotels, Contract Caterers, Experiential Leisure","Sites without a stable heat source and coincident heat demand, or without asset/pipework control.",,,,CEVID-0045,1,">£64,000 ÷ 250 kWth = >£256/kWth
>£64,000 ÷ 943 MWhth/year = >£67.9 per annual MWhth recovered","Recovering heat from refrigeration, cooking extract and wastewater requires refrigeration system >£64,000 per 250 kWth (>£256/kWth); cooking-extract and wastewater systems require site quotes.","Sites without a stable heat source and coincident heat demand, or without asset/pipework control.",SG-INIT-0007,ALL_FOUR_SLOTS,DISPLAY_ONLY,display_only,ACTIVE,ACTIVE,PUBLIC,STANDARD,1.0,2026-08-18,Consolidate.xlsx,工作表1,8
CCF-0008,CARD-0029,Upgrade boiler burner controls and balance heat-distribution systems — Cost,cost,Energy & Buildings,Cost Factors,Cost,Cost,"Upgrading boiler burner controls and balancing heat distribution requires a supplier quote; the cited cases reported annual savings of £9,605 and £60,000.",,Buildings & Refrigerants & Fugitive Emissions,"£9,605/year fuel-cost saving (NHS); £60,000/year energy saving (Leadenhall)","£9,605/year fuel-cost saving (NHS); £60,000/year energy saving (Leadenhall)",,,9605,,Single published figure stored as Value_Base.,GBP,money,year,/year fuel cost saving (NHS); /year energy saving (Leadenhall),annual,,annual,,"Restaurants, QSRs, Pubs/Bars/Breweries, Hotels, Experiential Leisure; Contract Caterers only where delegated asset/capital control is documented","Exclude sites where the operator does not control the relevant asset, utility, specification or capital decision.",,,,CEVID-0053,1,"NHS implied pre-control annual fuel cost: £9,605 ÷ 7.03% = £136,629","Upgrading boiler burner controls and balancing heat distribution requires a supplier quote; the cited cases reported annual savings of £9,605 and £60,000.","Exclude sites where the operator does not control the relevant asset, utility, specification or capital decision.",SG-INIT-0008,ALL_FOUR_SLOTS,DISPLAY_ONLY,display_only,ACTIVE,ACTIVE,PUBLIC,STANDARD,1.0,2026-08-18,Consolidate.xlsx,工作表1,9
CCF-0009,CARD-0033,"Upgrade domestic hot-water generation, storage and circulation controls — Cost",cost,Energy & Buildings,Cost Factors,Cost,Cost,"Installing demand-based hot-water circulation controls requires dHW recirculation demand control £1,453–£1,998 per hotel system; generation and distribution upgrades require site quotes.",,Buildings & Refrigerants & Fugitive Emissions,"DHW recirculation demand control: £1,453–£1,998 per hotel system (2018 converted)
Generation, storage, insulation and distribution upgrades: supplier quote required","DHW recirculation demand control: £1,453–£1,998 per hotel system (2018 converted)","Generation, storage, insulation and distribution upgrades: supplier quote required",1453,,1998,Range taken from the published display string. Value_Base left blank (no midpoint invented).,GBP,money,,DHW recirculation demand control: per hotel system ( converted) Generation storage insulation and distribution upgrades: supplier quote required,,,,,"Restaurants, QSRs, Pubs/Bars/Breweries, Hotels, Experiential Leisure; Contract Caterers only where delegated asset/capital control is documented","Exclude sites where the operator does not control the relevant asset, utility, specification or capital decision.",,,,CEVID-0057,2,"£1,453 = 1,940 ÷ 1.3356
£1,739 = 2,323 ÷ 1.3356
£1,998 = 2,668 ÷ 1.3356","Installing demand-based hot-water circulation controls requires dHW recirculation demand control £1,453–£1,998 per hotel system; generation and distribution upgrades require site quotes.","Exclude sites where the operator does not control the relevant asset, utility, specification or capital decision.",SG-INIT-0009,ALL_FOUR_SLOTS,DISPLAY_ONLY,display_only,ACTIVE,ACTIVE,PUBLIC,STANDARD,1.0,2026-08-18,Consolidate.xlsx,工作表1,10
CCF-0010,CARD-0037,"Automate shutdown of non-HVAC, non-lighting equipment outside operating hours — Cost",cost,Energy & Buildings,Cost Factors,Cost,Cost,Installing timers and automated shutdown controls costs £22.82 per plug-in timer; £150–£300 per hardwired time-clock point.,,Buildings & Refrigerants & Fugitive Emissions,£22.82 per plug-in timer; £150–£300 per hardwired time-clock point,£22.82 per plug-in timer; £150–£300 per hardwired time-clock point,,150,,300,Range taken from the published display string. Value_Base left blank (no midpoint invented).,GBP,money,,per plug in timer; per hardwired time clock point,,,,,"Restaurants, QSRs, Pubs/Bars/Breweries, Hotels, Contract Caterers, Experiential Leisure","Safety-critical, food-safety, refrigeration, life-safety or continuously required loads.",,,,CEVID-0064,2,1 × £22.82 = £22.82; published installed range = £150–£300,Installing timers and automated shutdown controls costs £22.82 per plug-in timer; £150–£300 per hardwired time-clock point.,"Safety-critical, food-safety, refrigeration, life-safety or continuously required loads.",SG-INIT-0010,ALL_FOUR_SLOTS,DISPLAY_ONLY,display_only,ACTIVE,ACTIVE,PUBLIC,STANDARD,1.0,2026-08-18,Consolidate.xlsx,工作表1,11
CCF-0011,CARD-0041,"Implement power management for small-power, IT and server-room equipment — Cost",cost,Energy & Buildings,Cost Factors,Cost,Cost,"Applying computer and server power management requires supplier services, installation and staff time; budget per site, project or equipment unit.",,Buildings & Refrigerants & Fugitive Emissions,,,,,,,Empty published value; numeric columns left blank.,,,,,,,,,"Hotels, larger Restaurants/QSRs, Pubs/Bars/Breweries, Contract Caterers and Experiential Leisure with material managed IT loads",Sites with only negligible or landlord-controlled IT loads.,,,,,0,,"Applying computer and server power management requires supplier services, installation and staff time; budget per site, project or equipment unit.",Sites with only negligible or landlord-controlled IT loads.,SG-INIT-0011,ALL_FOUR_SLOTS,DISPLAY_ONLY,display_only,ACTIVE,ACTIVE,PUBLIC,GAP,1.0,2026-08-18,Consolidate.xlsx,工作表1,12
CCF-0012,CARD-0045,Upgrade lift and escalator drives and controls — Cost,cost,Energy & Buildings,Cost Factors,Cost,Cost,"Upgrading lift drives, regenerative braking and standby controls costs £27,500 per lift.",,Buildings & Refrigerants & Fugitive Emissions,"£27,500 per lift","£27,500 per lift",,,27500,,Single published figure stored as Value_Base.,GBP,money,,per lift,,,,,"Hotels, Experiential Leisure and multi-storey hospitality sites with controlled lifts/escalators",Single-storey sites and landlord-controlled vertical transport.,,,,CEVID-0072,1,"£18,000 controller + £9,500 VVVF-driven main machine = £27,500","Upgrading lift drives, regenerative braking and standby controls costs £27,500 per lift.",Single-storey sites and landlord-controlled vertical transport.,SG-INIT-0012,ALL_FOUR_SLOTS,DISPLAY_ONLY,display_only,ACTIVE,ACTIVE,PUBLIC,STANDARD,1.0,2026-08-18,Consolidate.xlsx,工作表1,13
CCF-0013,CARD-0049,"Optimise swimming-pool circulation, heating, covers and backwashing — Cost",cost,Energy & Buildings,Cost Factors,Cost,Cost,"Installing variable-speed pool circulation and operating controls costs £3,000 per variable-speed drive.",,Buildings & Refrigerants & Fugitive Emissions,"£3,000 per variable-speed drive","£3,000 per variable-speed drive",,,3000,,Single published figure stored as Value_Base.,GBP,money,,per variable speed drive,,,,,Hotels and Experiential Leisure with swimming pools,All sites without pools; landlord-controlled pool plant.,,,,CEVID-0078,1,"1 drive × £3,000","Installing variable-speed pool circulation and operating controls costs £3,000 per variable-speed drive.",All sites without pools; landlord-controlled pool plant.,SG-INIT-0013,ALL_FOUR_SLOTS,DISPLAY_ONLY,display_only,ACTIVE,ACTIVE,PUBLIC,STANDARD,1.0,2026-08-18,Consolidate.xlsx,工作表1,14
CCF-0014,CARD-0053,Replace high-GWP refrigerants with lower-GWP alternatives during planned plant intervention — Cost,cost,Energy & Buildings,Cost Factors,Cost,Cost,Switching to lower-GWP refrigerants costs 11% incremental refrigeration-equipment capex.,,Buildings & Refrigerants & Fugitive Emissions,11% incremental refrigeration-equipment capex,11% incremental refrigeration-equipment capex,,,11,,Single published figure stored as Value_Base.,,percent,,% incremental refrigeration equipment capex,,,,,"Restaurants, QSRs, Pubs/Bars/Breweries, Hotels, Contract Caterers, Experiential Leisure","Equipment where the alternative is unsafe, unlawful or incompatible without full replacement.",,,,CEVID-0081,1,Low-GWP system equipment cost = conventional system equipment cost × 1.11,Switching to lower-GWP refrigerants costs 11% incremental refrigeration-equipment capex.,"Equipment where the alternative is unsafe, unlawful or incompatible without full replacement.",SG-INIT-0014,ALL_FOUR_SLOTS,DISPLAY_ONLY,display_only,ACTIVE,ACTIVE,PUBLIC,STANDARD,1.0,2026-08-18,Consolidate.xlsx,工作表1,15
CCF-0015,CARD-0057,Install refrigerant leak detection and implement rapid repair — Cost,cost,Energy & Buildings,Cost Factors,Cost,Cost,"Cost benchmarks for leak detection and rapid repair are £500 single sensor; £4,000 for 2–8 probes; £5,000 for 9–16; £10,000 for up to 32; +£300 per additional probe.",,Buildings & Refrigerants & Fugitive Emissions,"£500 single sensor; £4,000 for 2–8 probes; £5,000 for 9–16; £10,000 for up to 32; +£300/additional probe (2019 ETL claim-value proxy)","£500 single sensor; £4,000 for 2–8 probes; £5,000 for 9–16; £10,000 for up to 32; +£300/additional probe (2019 ETL claim-value proxy)",,2,,8,Range taken from the published display string. Value_Base left blank (no midpoint invented).,GBP,money,additional,single sensor; for probes; for ; for up to ; +/additional probe ( ETL claim value proxy),,,,,"Restaurants, QSRs, Pubs/Bars/Breweries, Hotels, Contract Caterers, Experiential Leisure",Equipment with no refrigerant charge or outside the operator's maintenance control.,,,,CEVID-0083,1,"1 sensor = £500; 2–8 = £4,000; 9–16 = £5,000; ≤32 = £10,000; each extra = £300","Cost benchmarks for leak detection and rapid repair are £500 single sensor; £4,000 for 2–8 probes; £5,000 for 9–16; £10,000 for up to 32; +£300 per additional probe.",Equipment with no refrigerant charge or outside the operator's maintenance control.,SG-INIT-0015,ALL_FOUR_SLOTS,DISPLAY_ONLY,display_only,ACTIVE,ACTIVE,PUBLIC,STANDARD,1.0,2026-08-18,Consolidate.xlsx,工作表1,16
CCF-0016,CARD-0061,Maintain a governed refrigerant inventory and leakage record — Cost,cost,Energy & Buildings,Cost Factors,Cost,Cost,"Maintaining an asset-level refrigerant inventory requires data set-up, validation and ongoing administration; budget per site, asset or meter.",,Buildings & Refrigerants & Fugitive Emissions,,,,,,,Empty published value; numeric columns left blank.,,,,,,,,,"Restaurants, QSRs, Pubs/Bars/Breweries, Hotels, Contract Caterers, Experiential Leisure",Equipment demonstrably outside the reporting and maintenance boundary.,,,,,0,,"Maintaining an asset-level refrigerant inventory requires data set-up, validation and ongoing administration; budget per site, asset or meter.",Equipment demonstrably outside the reporting and maintenance boundary.,SG-INIT-0016,ALL_FOUR_SLOTS,DISPLAY_ONLY,display_only,ACTIVE,ACTIVE,PUBLIC,GAP,1.0,2026-08-18,Consolidate.xlsx,工作表1,17
CCF-0017,CARD-0065,Recover refrigerants at equipment end of life and document transfer — Cost,cost,Energy & Buildings,Cost Factors,Cost,Cost,Recovering refrigerants during equipment decommissioning costs £265/visit (<20 kg); £295 (21–100 kg); £390 (101–200 kg); +£150 weekend.,,Buildings & Refrigerants & Fugitive Emissions,£265/visit (<20 kg); £295 (21–100 kg); £390 (101–200 kg); +£150 weekend,£265/visit (<20 kg); £295 (21–100 kg); £390 (101–200 kg); +£150 weekend,,21,,100,Range taken from the published display string. Value_Base left blank (no midpoint invented).,GBP,money,visit,/visit (< kg); ( kg); ( kg); + weekend,,,,,"Restaurants, QSRs, Pubs/Bars/Breweries, Hotels, Contract Caterers, Experiential Leisure",Equipment outside the organisation's decommissioning or procurement control.,,,,CEVID-0087,1,1 visit × applicable F-gas quantity band; >201 kg = sum of applicable band charges,Recovering refrigerants during equipment decommissioning costs £265/visit (<20 kg); £295 (21–100 kg); £390 (101–200 kg); +£150 weekend.,Equipment outside the organisation's decommissioning or procurement control.,SG-INIT-0017,ALL_FOUR_SLOTS,DISPLAY_ONLY,display_only,ACTIVE,ACTIVE,PUBLIC,STANDARD,1.0,2026-08-18,Consolidate.xlsx,工作表1,18
CCF-0018,CARD-0069,"Upgrade refrigeration equipment, doors, seals, fans and controls — Cost",cost,Energy & Buildings,Cost Factors,Cost,Cost,"Upgrading refrigeration equipment, doors, seals, fans and controls costs £10,296.33 per fridge case-normalised project cost; £6,177.67 net of stated grant.",,Buildings & Refrigerants & Fugitive Emissions,"£10,296.33 per fridge case-normalised project cost; £6,177.67 net of stated grant","£10,296.33 per fridge case-normalised project cost; £6,177.67 net of stated grant",,,10296.33,,Single published figure stored as Value_Base.,GBP,money,,per fridge case normalised project cost; net of stated grant,,,,,"Restaurants, QSRs, Pubs/Bars/Breweries, Hotels, Contract Caterers, Experiential Leisure",Landlord- or supplier-owned equipment without operator upgrade authority.,,,,CEVID-0092,1,"£30,889 ÷ 3 = £10,296.33; (£30,889−£12,356) ÷ 3 = £6,177.67","Upgrading refrigeration equipment, doors, seals, fans and controls costs £10,296.33 per fridge case-normalised project cost; £6,177.67 net of stated grant.",Landlord- or supplier-owned equipment without operator upgrade authority.,SG-INIT-0018,ALL_FOUR_SLOTS,DISPLAY_ONLY,display_only,ACTIVE,ACTIVE,PUBLIC,STANDARD,1.0,2026-08-18,Consolidate.xlsx,工作表1,19
CCF-0019,CARD-0073,Adopt a validated warmer freezer setpoint where product and food-safety rules allow — Cost,cost,Energy & Buildings,Cost Factors,Cost,Cost,"Raising validated freezer setpoints from −18°C to −15°C requires supplier services, installation and staff time; budget per site, project or equipment unit.",,Buildings & Refrigerants & Fugitive Emissions,,,,,,,Empty published value; numeric columns left blank.,,,,,,,,,"Restaurants, QSRs, Pubs/Bars/Breweries, Hotels, Contract Caterers, Experiential Leisure",Products/equipment requiring colder temperatures or lacking technical and food-safety approval.,,,,,0,,"Raising validated freezer setpoints from −18°C to −15°C requires supplier services, installation and staff time; budget per site, project or equipment unit.",Products/equipment requiring colder temperatures or lacking technical and food-safety approval.,SG-INIT-0019,ALL_FOUR_SLOTS,DISPLAY_ONLY,display_only,ACTIVE,ACTIVE,PUBLIC,GAP,1.0,2026-08-18,Consolidate.xlsx,工作表1,20
CCF-0020,CARD-0077,Phase out fossil-fuelled patio heaters and avoid unnecessary outdoor heating — Cost,cost,Energy & Buildings,Cost Factors,Cost,Cost,"Cost benchmarks for outdoor-heating changes are £378–£599 per commercial infrared heater; £3,969 premium design-led unit; £300–£500 per dedicated circuit.",,Buildings & Refrigerants & Fugitive Emissions,"£378–£599 per commercial infrared heater; £3,969 per premium design-led heater; £300–£500 per dedicated outdoor circuit","£378–£599 per commercial infrared heater; £3,969 per premium design-led heater; £300–£500 per dedicated outdoor circuit",,378,,599,Range taken from the published display string. Value_Base left blank (no midpoint invented).,GBP,money,,per commercial infrared heater; per premium design led heater; per dedicated outdoor circuit,,,,,"Restaurants, Pubs/Bars/Breweries and Hotels with outdoor trading areas",Sites without outdoor heating or without authority over the equipment/energy.,,,,CEVID-0097,3,"1 × £378–£599; 1 × £3,969; 1 circuit × £300–£500","Cost benchmarks for outdoor-heating changes are £378–£599 per commercial infrared heater; £3,969 premium design-led unit; £300–£500 per dedicated circuit.",Sites without outdoor heating or without authority over the equipment/energy.,SG-INIT-0020,ALL_FOUR_SLOTS,DISPLAY_ONLY,display_only,ACTIVE,ACTIVE,PUBLIC,STANDARD,1.0,2026-08-18,Consolidate.xlsx,工作表1,21
CCF-0021,CARD-0081,Conduct whole-life carbon assessments for major capital projects — Cost,cost,Energy & Buildings,Cost Factors,Cost,Cost,"Completing a RICS-aligned whole-life carbon assessment requires specialist assessment, staff time and programme management; budget per portfolio, site or project.",,Capital Goods (sub group supply chain),,,,,,,Empty published value; numeric columns left blank.,,,,,,,,,"Restaurants, QSRs, Pubs/Bars/Breweries, Hotels, Contract Caterers, Experiential Leisure",Minor works below the organisation's approved materiality threshold.,,,,,0,,"Completing a RICS-aligned whole-life carbon assessment requires specialist assessment, staff time and programme management; budget per portfolio, site or project.",Minor works below the organisation's approved materiality threshold.,SG-INIT-0021,ALL_FOUR_SLOTS,DISPLAY_ONLY,display_only,ACTIVE,ACTIVE,PUBLIC,GAP,1.0,2026-08-18,Consolidate.xlsx,工作表1,22
CCF-0022,CARD-0085,Set operational-energy and embodied-carbon targets for new construction and major refurbishment — Cost,cost,Energy & Buildings,Cost Factors,Cost,Cost,"Setting operational-energy and embodied-carbon targets requires specialist assessment, staff time and programme management; budget per portfolio, site or project.",,Capital Goods (sub group supply chain),,,,,,,Empty published value; numeric columns left blank.,,,,,,,,,"Restaurants, QSRs, Pubs/Bars/Breweries, Hotels, Experiential Leisure; Contract Caterers only where delegated asset/capital control is documented","Exclude sites where the operator does not control the relevant asset, utility, specification or capital decision.",,,,,0,,"Setting operational-energy and embodied-carbon targets requires specialist assessment, staff time and programme management; budget per portfolio, site or project.","Exclude sites where the operator does not control the relevant asset, utility, specification or capital decision.",SG-INIT-0022,ALL_FOUR_SLOTS,DISPLAY_ONLY,display_only,ACTIVE,ACTIVE,PUBLIC,GAP,1.0,2026-08-18,Consolidate.xlsx,工作表1,23
CCF-0023,CARD-0089,Apply carbon criteria at capital-project investment and design gates — Cost,cost,Energy & Buildings,Cost Factors,Cost,Cost,"Applying carbon checks at funding, design and procurement gates requires specialist assessment, staff time and programme management; budget per portfolio, site or project.",,Capital Goods (sub group supply chain),,,,,,,Empty published value; numeric columns left blank.,,,,,,,,,"Restaurants, QSRs, Pubs/Bars/Breweries, Hotels, Experiential Leisure; Contract Caterers only where delegated asset/capital control is documented","Exclude sites where the operator does not control the relevant asset, utility, specification or capital decision.",,,,,0,,"Applying carbon checks at funding, design and procurement gates requires specialist assessment, staff time and programme management; budget per portfolio, site or project.","Exclude sites where the operator does not control the relevant asset, utility, specification or capital decision.",SG-INIT-0023,ALL_FOUR_SLOTS,DISPLAY_ONLY,display_only,ACTIVE,ACTIVE,PUBLIC,GAP,1.0,2026-08-18,Consolidate.xlsx,工作表1,24
CCF-0024,CARD-0093,Require EPDs or product-specific carbon data for priority materials and equipment — Cost,cost,Energy & Buildings,Cost Factors,Cost,Cost,"Requiring EPDs and product-specific carbon data requires criteria development, supplier screening and tender review; budget per equipment or material category.",,Capital Goods (sub group supply chain),,,,,,,Empty published value; numeric columns left blank.,,,,,,,,,"Restaurants, QSRs, Pubs/Bars/Breweries, Hotels, Contract Caterers, Experiential Leisure",Low-materiality purchases outside the approved priority list.,,,,,0,,"Requiring EPDs and product-specific carbon data requires criteria development, supplier screening and tender review; budget per equipment or material category.",Low-materiality purchases outside the approved priority list.,SG-INIT-0024,ALL_FOUR_SLOTS,DISPLAY_ONLY,display_only,ACTIVE,ACTIVE,PUBLIC,GAP,1.0,2026-08-18,Consolidate.xlsx,工作表1,25
CCF-0025,CARD-0097,"Prioritise refurbishment, reuse and adaptation before new construction — Cost",cost,Energy & Buildings,Cost Factors,Cost,Cost,"Retaining and adapting existing buildings before new construction costs £4,250/m² total project cost; 8% capital-cost premium.",,Capital Goods (sub group supply chain),"£4,250/m² total project cost; 8% capital-cost premium","£4,250/m² total project cost; 8% capital-cost premium",,,4250,,Single published figure stored as Value_Base.,GBP,percent,m²,/m² total project cost; % capital cost premium,,,,,"Restaurants, QSRs, Pubs/Bars/Breweries, Hotels, Experiential Leisure; Contract Caterers only where delegated asset/capital control is documented","Exclude sites where the operator does not control the relevant asset, utility, specification or capital decision.",,,,,0,"£12.69m ÷ 2,986m² = £4,249/m² ≈ £4,250/m²; 100% + 8% = 108%","Retaining and adapting existing buildings before new construction costs £4,250/m² total project cost; 8% capital-cost premium.","Exclude sites where the operator does not control the relevant asset, utility, specification or capital decision.",SG-INIT-0025,ALL_FOUR_SLOTS,DISPLAY_ONLY,display_only,ACTIVE,ACTIVE,PUBLIC,UNLINKED,1.0,2026-08-18,Consolidate.xlsx,工作表1,26
CCF-0026,CARD-0101,Require component reuse and material recovery in building and fit-out projects — Cost,cost,Energy & Buildings,Cost Factors,Cost,Cost,"Reusing structural, floor-tile and fit-out components costs 56%–68% of equivalent new structural-steel cost.",,Capital Goods (sub group supply chain),56%–68% of equivalent new structural-steel cost,56%–68% of equivalent new structural-steel cost,,56,,68,Range taken from the published display string. Value_Base left blank (no midpoint invented).,,percent,,% of equivalent new structural steel cost,,,,,"Restaurants, QSRs, Pubs/Bars/Breweries, Hotels, Contract Caterers, Experiential Leisure","Projects with no controlled strip-out, fit-out or material scope.",,,,,0,100% − 44% = 56%; 100% − 32% = 68%,"Reusing structural, floor-tile and fit-out components costs 56%–68% of equivalent new structural-steel cost.","Projects with no controlled strip-out, fit-out or material scope.",SG-INIT-0026,ALL_FOUR_SLOTS,DISPLAY_ONLY,display_only,ACTIVE,ACTIVE,PUBLIC,UNLINKED,1.0,2026-08-18,Consolidate.xlsx,工作表1,27
CCF-0027,CARD-0105,Specify lower-carbon and responsibly sourced construction materials — Cost,cost,Energy & Buildings,Cost Factors,Cost,Cost,"Cost benchmarks for lower-carbon material selection are paint £0.69–£1.37/m²; carpet tile £25.00–£27.16/m²; 100mm insulation £6.95–£7.72/m², ex VAT.",,Capital Goods (sub group supply chain),Recycled paint: £0.69–£1.37/m² ex VAT (2 coats); low-carbon carpet tile: £25.00–£27.16/m² ex VAT; 100mm rock-mineral-wool insulation: £6.95–£7.72/m² ex VAT,Recycled paint: £0.69–£1.37/m² ex VAT (2 coats); low-carbon carpet tile: £25.00–£27.16/m² ex VAT; 100mm rock-mineral-wool insulation: £6.95–£7.72/m² ex VAT,,0.69,,1.37,Range taken from the published display string. Value_Base left blank (no midpoint invented).,GBP,money,m²,Recycled paint: /m² ex VAT ( coats); low carbon carpet tile: /m² ex VAT; mm rock mineral wool insulation: /m² ex VAT,,,,,"Restaurants, QSRs, Pubs/Bars/Breweries, Hotels, Contract Caterers, Experiential Leisure",Purchases outside project/material specification control.,,,,CEVID-0108,4,Paint: 2 × (£35.00 ÷ 1.20) ÷ (5L × 17m²/L) = £0.69/m²; 2 × (£69.99 ÷ 1.20) ÷ (5L × 17m²/L) = £1.37/m². Carpet tile: £25.00/m²; £32.59 ÷ 1.20 = £27.16/m². Insulation: £30.02 ÷ 4.32m² = £6.95/m²; £33.36 ÷ 4.32m² = £7.72/m²,"Cost benchmarks for lower-carbon material selection are paint £0.69–£1.37/m²; carpet tile £25.00–£27.16/m²; 100mm insulation £6.95–£7.72/m², ex VAT.",Purchases outside project/material specification control.,SG-INIT-0027,ALL_FOUR_SLOTS,DISPLAY_ONLY,display_only,ACTIVE,ACTIVE,PUBLIC,STANDARD,1.0,2026-08-18,Consolidate.xlsx,工作表1,28
CCF-0028,CARD-0109,"Specify durability, repairability, modularity and supplier take-back for capital equipment — Cost",cost,Energy & Buildings,Cost Factors,Cost,Cost,"Cost benchmarks for efficient kitchen-equipment selection are fridge £699.99 (£210.99 premium); warewasher £13,432.93 (£3,507.73 premium); WEEE take-back £500; combi oven £7,799.99, ex VAT.",,Capital Goods (sub group supply chain),"600L A-rated upright fridge: £699.99/item ex VAT; incremental premium: £210.99/item. Heat-recovery pass-through warewasher: £13,432.93/item ex VAT; incremental premium: £3,507.73/item. WEEE take-back: £500/old item ex VAT. 10-grid combi oven: £7,799.99/item ex VAT.","600L A-rated upright fridge: £699.99/item ex VAT; incremental premium: £210.99/item. Heat-recovery pass-through warewasher: £13,432.93/item ex VAT; incremental premium: £3,507.73/item. WEEE take-back: £500/old item ex VAT. 10-grid combi oven: £7,799.99/item ex VAT.",,,600,,Single published figure stored as Value_Base.,GBP,money,item,L A rated upright fridge: /item ex VAT; incremental premium: /item. Heat recovery pass through warewasher: /item ex VAT; incremental premium: /item. WEEE take back: /old item ex VAT. grid combi oven: /item ex VAT.,,,,,"Restaurants, QSRs, Pubs/Bars/Breweries, Hotels, Contract Caterers, Experiential Leisure",Consumables and low-value purchases outside the capital-equipment policy.,,,,CEVID-0118,5,"Fridge: £699.99 − £489.00 = £210.99. Warewasher: £13,432.93 − £9,925.20 = £3,507.73. Take-back: £600 ÷ 1.20 = £500. Combi oven: £7,799.99.","Cost benchmarks for efficient kitchen-equipment selection are fridge £699.99 (£210.99 premium); warewasher £13,432.93 (£3,507.73 premium); WEEE take-back £500; combi oven £7,799.99, ex VAT.",Consumables and low-value purchases outside the capital-equipment policy.,SG-INIT-0028,ALL_FOUR_SLOTS,DISPLAY_ONLY,display_only,ACTIVE,ACTIVE,PUBLIC,STANDARD,1.0,2026-08-18,Consolidate.xlsx,工作表1,29
CCF-0029,CARD-0113,"Design buildings and fit-outs for adaptability, disassembly and material recovery — Cost",cost,Energy & Buildings,Cost Factors,Cost,Cost,"Using demountable partitions, reusable doorsets and reconfigurable layouts requires design and supplier fees plus component and material costs; budget per project, m² or component.",,Capital Goods (sub group supply chain),,,,,,,Empty published value; numeric columns left blank.,,,,,,,,,"Restaurants, QSRs, Pubs/Bars/Breweries, Hotels, Experiential Leisure; Contract Caterers only where delegated asset/capital control is documented","Exclude sites where the operator does not control the relevant asset, utility, specification or capital decision.",,,,,0,,"Using demountable partitions, reusable doorsets and reconfigurable layouts requires design and supplier fees plus component and material costs; budget per project, m² or component.","Exclude sites where the operator does not control the relevant asset, utility, specification or capital decision.",SG-INIT-0029,ALL_FOUR_SLOTS,DISPLAY_ONLY,display_only,ACTIVE,ACTIVE,PUBLIC,GAP,1.0,2026-08-18,Consolidate.xlsx,工作表1,30
CCF-0030,CARD-0117,Commission new buildings and major refurbishments against designed operational performance — Cost,cost,Energy & Buildings,Cost Factors,Cost,Cost,"Commissioning BEMS, HVAC, chiller and CHP systems against operational performance requires commissioning specialist, testing, seasonal verification and operator training; budget per project.",,Capital Goods (sub group supply chain),,,,,,,Empty published value; numeric columns left blank.,,,,,,,,,"Restaurants, QSRs, Pubs/Bars/Breweries, Hotels, Experiential Leisure; Contract Caterers only where delegated asset/capital control is documented","Exclude sites where the operator does not control the relevant asset, utility, specification or capital decision.",,,,,0,,"Commissioning BEMS, HVAC, chiller and CHP systems against operational performance requires commissioning specialist, testing, seasonal verification and operator training; budget per project.","Exclude sites where the operator does not control the relevant asset, utility, specification or capital decision.",SG-INIT-0030,ALL_FOUR_SLOTS,DISPLAY_ONLY,display_only,ACTIVE,ACTIVE,PUBLIC,GAP,1.0,2026-08-18,Consolidate.xlsx,工作表1,31
CCF-0031,CARD-0121,Apply verified energy-efficiency criteria when replacing kitchen equipment — Cost,cost,Energy & Buildings,Cost Factors,Cost,Cost,"Applying ETL-based kitchen-equipment procurement criteria requires criteria development, supplier screening and tender review; budget per equipment category.",,Capital Goods (sub group supply chain),ETL access/licence: £0. Internal criteria set-up: site-specific £/equipment category. Ongoing compliance verification: site-specific £/purchase event.,ETL access/licence: £0. Internal criteria set-up: site-specific £/equipment category. Ongoing compliance verification: site-specific £/purchase event.,,,0,,Single published figure stored as Value_Base.,GBP,money,licence,ETL access/licence: . Internal criteria set up: site specific /equipment category. Ongoing compliance verification: site specific /purchase event.,,,,,"Restaurants, QSRs, Pubs/Bars/Breweries, Hotels, Contract Caterers",Sites without commercial kitchen equipment or procurement authority.,,,,CEVID-0129,2,"Set-up cost = specification and approval hours × loaded £/hour. Ongoing unit cost = screening, verification and recording hours × loaded £/hour ÷ purchase events. External ETL fee = £0.","Applying ETL-based kitchen-equipment procurement criteria requires criteria development, supplier screening and tender review; budget per equipment category.",Sites without commercial kitchen equipment or procurement authority.,SG-INIT-0031,ALL_FOUR_SLOTS,DISPLAY_ONLY,display_only,ACTIVE,ACTIVE,PUBLIC,STANDARD,1.0,2026-08-18,Consolidate.xlsx,工作表1,32
CCF-0032,CARD-0125,Assess the feasibility of hydrogen-ready kitchen equipment — Cost,cost,Energy & Buildings,Cost Factors,Cost,Cost,"Assessing hydrogen-ready kitchen equipment requires specialist assessment, staff time and programme management; budget per portfolio, site or project.",,Capital Goods (sub group supply chain),,,,,,,Empty published value; numeric columns left blank.,,,,,,,,,"Restaurants, QSRs, Pubs/Bars/Breweries, Hotels and Contract Caterers with relevant gas cooking loads","Sites without a credible hydrogen supply, safety case, infrastructure route or equipment need.",,,,,0,,"Assessing hydrogen-ready kitchen equipment requires specialist assessment, staff time and programme management; budget per portfolio, site or project.","Sites without a credible hydrogen supply, safety case, infrastructure route or equipment need.",SG-INIT-0032,ALL_FOUR_SLOTS,DISPLAY_ONLY,display_only,ACTIVE,ACTIVE,PUBLIC,GAP,1.0,2026-08-18,Consolidate.xlsx,工作表1,33
CCF-0033,CARD-0129,Apply environmental-performance criteria when selecting leased sites — Cost,cost,Energy & Buildings,Cost Factors,Cost,Cost,"Screening leased sites for metering, EPC, data and improvement rights requires legal review, stakeholder coordination and contract administration; budget per site or agreement.",,"Leased, Tenanted & Franchised Sites",,,,,,,Empty published value; numeric columns left blank.,,,,,,,,,"Restaurants, QSRs, Pubs/Bars/Breweries, Hotels, Contract Caterers, Experiential Leisure",Owned freehold acquisitions assessed under the capital-project process.,,,,,0,,"Screening leased sites for metering, EPC, data and improvement rights requires legal review, stakeholder coordination and contract administration; budget per site or agreement.",Owned freehold acquisitions assessed under the capital-project process.,SG-INIT-0033,ALL_FOUR_SLOTS,DISPLAY_ONLY,display_only,ACTIVE,ACTIVE,PUBLIC,GAP,1.0,2026-08-18,Consolidate.xlsx,工作表1,34
CCF-0034,CARD-0133,Apply energy and carbon criteria to lease renewals and franchise onboarding — Cost,cost,Energy & Buildings,Cost Factors,Cost,Cost,"Applying energy and carbon criteria at renewal and onboarding requires standard development, evidence review and improvement-plan administration; budget per decision.",,"Leased, Tenanted & Franchised Sites",,,,,,,Empty published value; numeric columns left blank.,,,,,,,,,"Restaurants, QSRs, Pubs/Bars/Breweries, Hotels, Contract Caterers, Experiential Leisure",Owned sites and existing franchise operations outside a renewal/onboarding event.,,,,,0,,"Applying energy and carbon criteria at renewal and onboarding requires standard development, evidence review and improvement-plan administration; budget per decision.",Owned sites and existing franchise operations outside a renewal/onboarding event.,SG-INIT-0034,ALL_FOUR_SLOTS,DISPLAY_ONLY,display_only,ACTIVE,ACTIVE,PUBLIC,GAP,1.0,2026-08-18,Consolidate.xlsx,工作表1,35
CCF-0035,CARD-0137,"Include green performance, data and cooperation clauses in leases and franchise agreements — Cost",cost,Energy & Buildings,Cost Factors,Cost,Cost,"Adding green clauses for data, metering, works and renewable electricity requires legal review, stakeholder coordination and contract administration; budget per site or agreement.",,"Leased, Tenanted & Franchised Sites",,,,,,,Empty published value; numeric columns left blank.,,,,,,,,,"Restaurants, QSRs, Pubs/Bars/Breweries, Hotels, Contract Caterers, Experiential Leisure",Owned sites with no lease/franchise agreement.,,,,,0,,"Adding green clauses for data, metering, works and renewable electricity requires legal review, stakeholder coordination and contract administration; budget per site or agreement.",Owned sites with no lease/franchise agreement.,SG-INIT-0035,ALL_FOUR_SLOTS,DISPLAY_ONLY,display_only,ACTIVE,ACTIVE,PUBLIC,GAP,1.0,2026-08-18,Consolidate.xlsx,工作表1,36
CCF-0036,CARD-0141,"Collect and quality-check energy and emissions data from leased, tenanted and franchised sites — Cost",cost,Energy & Buildings,Cost Factors,Cost,Cost,"Cost benchmarks for the energy-data platform are smart-meter installation/data access £0; platform £10,781.25/year for up to 2,500 meters; additional meter £82.80/year.",,"Leased, Tenanted & Franchised Sites","Smart-meter installation and data access: £0/supply point. Energy-data platform: £10,781.25/year including support, up to 2,500 meters. Additional meter: £82.80/meter/year including support. PDF invoice automation: £690/year including support plus £0.50/invoice.","Smart-meter installation and data access: £0/supply point. Energy-data platform: £10,781.25/year including support, up to 2,500 meters. Additional meter: £82.80/meter/year including support. PDF invoice automation: £690/year including support plus £0.50/invoice.",,,0,,Single published figure stored as Value_Base.,GBP,money,supply,Smart meter installation and data access: /supply point. Energy data platform: /year including support up to meters. Additional meter: /meter/year including support. PDF invoice automation: /year including support plus /invoice.,annual,,annual,,"Restaurants, QSRs, Pubs/Bars/Breweries, Hotels, Contract Caterers, Experiential Leisure",Sites outside the agreed organisational/reporting boundary.,,,,CEVID-0134,3,"£0 + £0 = £0. £9,375 × 1.15 = £10,781.25. £6 × 12 × 1.15 = £82.80. £50 × 12 × 1.15 = £690; £0.50/invoice.","Cost benchmarks for the energy-data platform are smart-meter installation/data access £0; platform £10,781.25/year for up to 2,500 meters; additional meter £82.80/year.",Sites outside the agreed organisational/reporting boundary.,SG-INIT-0036,ALL_FOUR_SLOTS,DISPLAY_ONLY,display_only,ACTIVE,ACTIVE,PUBLIC,STANDARD,1.0,2026-08-18,Consolidate.xlsx,工作表1,37
CCF-0037,CARD-0145,Secure rights and approval routes for environmental improvements in leased sites — Cost,cost,Energy & Buildings,Cost Factors,Cost,Cost,"Securing landlord and tenant approval routes for improvement works requires legal review, stakeholder coordination and contract administration; budget per site or agreement.",,"Leased, Tenanted & Franchised Sites",,,,,,,Empty published value; numeric columns left blank.,,,,,,,,,"Restaurants, QSRs, Pubs/Bars/Breweries, Hotels, Contract Caterers, Experiential Leisure",Owned sites and leases where all relevant rights already exist.,,,,,0,,"Securing landlord and tenant approval routes for improvement works requires legal review, stakeholder coordination and contract administration; budget per site or agreement.",Owned sites and leases where all relevant rights already exist.,SG-INIT-0037,ALL_FOUR_SLOTS,DISPLAY_ONLY,display_only,ACTIVE,ACTIVE,PUBLIC,GAP,1.0,2026-08-18,Consolidate.xlsx,工作表1,38
CCF-0038,CARD-0149,Enable renewable electricity procurement under lease and franchise arrangements — Cost,cost,Energy & Buildings,Cost Factors,Cost,Cost,Procuring renewable electricity through qualifying contracts incurs legal and procurement costs plus the tariff or PPA £/kWh delta; budget per supply point or site.,,"Leased, Tenanted & Franchised Sites",,,,,,,Empty published value; numeric columns left blank.,,,,,,,,,"Restaurants, QSRs, Pubs/Bars/Breweries, Hotels, Contract Caterers, Experiential Leisure",Sites where electricity procurement is outside operator influence and no cooperation route exists.,,,,,0,,Procuring renewable electricity through qualifying contracts incurs legal and procurement costs plus the tariff or PPA £/kWh delta; budget per supply point or site.,Sites where electricity procurement is outside operator influence and no cooperation route exists.,SG-INIT-0038,ALL_FOUR_SLOTS,DISPLAY_ONLY,display_only,ACTIVE,ACTIVE,PUBLIC,GAP,1.0,2026-08-18,Consolidate.xlsx,工作表1,39
CCF-0039,CARD-0153,"Agree landlord-tenant decarbonisation plans with actions, funding and accountability — Cost",cost,Energy & Buildings,Cost Factors,Cost,Cost,"Agreeing landlord-tenant action plans with funding and named owners requires specialist assessment, staff time and programme management; budget per portfolio, site or project.",,"Leased, Tenanted & Franchised Sites",Not publicly disclosed (£/plan and implemented measures),Not publicly disclosed (£/plan and implemented measures),,,,,Display text has no parseable number; numeric columns left blank.,GBP,money,plan,Not publicly disclosed (/plan and implemented measures),,,,,"Restaurants, QSRs, Pubs/Bars/Breweries, Hotels, Contract Caterers, Experiential Leisure",Owned sites or leases with no shared building/utility responsibility.,,,,CEVID-0140,1,,"Agreeing landlord-tenant action plans with funding and named owners requires specialist assessment, staff time and programme management; budget per portfolio, site or project.",Owned sites or leases with no shared building/utility responsibility.,SG-INIT-0039,ALL_FOUR_SLOTS,DISPLAY_ONLY,display_only,ACTIVE,ACTIVE,PUBLIC,STANDARD,1.0,2026-08-18,Consolidate.xlsx,工作表1,40
CCF-0040,CARD-0157,Set and monitor energy-performance standards for franchisees — Cost,cost,Energy & Buildings,Cost Factors,Cost,Cost,"Setting franchise HVAC and kitchen standards and monitoring performance requires standard development, franchise engagement, data review and assurance; budget per franchisee or site.",,"Leased, Tenanted & Franchised Sites",,,,,,,Empty published value; numeric columns left blank.,,,,,,,,,"Restaurants, QSRs, Pubs/Bars/Breweries, Hotels and Experiential Leisure with franchise models",Contract Caterers and organisations without franchise operations.,,,,,0,,"Setting franchise HVAC and kitchen standards and monitoring performance requires standard development, franchise engagement, data review and assurance; budget per franchisee or site.",Contract Caterers and organisations without franchise operations.,SG-INIT-0040,ALL_FOUR_SLOTS,DISPLAY_ONLY,display_only,ACTIVE,ACTIVE,PUBLIC,GAP,1.0,2026-08-18,Consolidate.xlsx,工作表1,41
CCF-0041,CARD-0161,Complete an Energy Health Check — Cost,cost,Energy & Buildings,Cost Factors,Cost,Cost,An Energy Health Check surfaced £1.05m/year across 60+ sites; the decision is whether audit cost converts into funded actions.,,Energy Management,"Annual savings identified: £1.05m across 60+ sites
Audit cost: not publicly disclosed",Annual savings identified: £1.05m across 60+ sites,Audit cost: not publicly disclosed,,1.05,,Single published figure stored as Value_Base.,GBP,money,,Annual savings identified: m across + sites Audit cost: not publicly disclosed,annual,,annual,,"Restaurants, QSRs, Pubs/Bars/Breweries, Hotels, Contract Caterers, Experiential Leisure",None,,,,CEVID-0142,2,"Maximum penalty = £50,000 + (£500/day × 80 days) = £90,000",An Energy Health Check surfaced £1.05m/year across 60+ sites; the decision is whether audit cost converts into funded actions.,None,SG-INIT-0041,ALL_FOUR_SLOTS,DISPLAY_ONLY,display_only,ACTIVE,ACTIVE,PUBLIC,STANDARD,1.0,2026-08-18,Consolidate.xlsx,工作表1,42
CCF-0042,CARD-0165,Install battery storage (BESS) — Cost,cost,Energy & Buildings,Cost Factors,Cost,Cost,A 200 kWh hotel battery implies £44k–£90k capex and £10k–£20k annual bill savings before grid revenue.,,Energy Procurement & Renewables,"Installed cost: £220–£450/kWh
200 kWh system: £44,000–£90,000
Annual bill saving: £10,000–£20,000",Installed cost: £220–£450/kWh,"200 kWh system: £44,000–£90,000 | Annual bill saving: £10,000–£20,000",220,,450,Range taken from the published display string. Value_Base left blank (no midpoint invented).,GBP,money,kWh,Installed cost: /kWh kWh system: Annual bill saving:,annual,,annual,,"Restaurants, QSRs, Pubs/Bars/Breweries, Hotels, Contract Caterers, Experiential Leisure",None,,,,CEVID-0146,1,"Installed cost = usable capacity × cost/kWh; 200 kWh × £220–£450 = £44,000–£90,000",A 200 kWh hotel battery implies £44k–£90k capex and £10k–£20k annual bill savings before grid revenue.,None,SG-INIT-0042,ALL_FOUR_SLOTS,DISPLAY_ONLY,display_only,ACTIVE,ACTIVE,PUBLIC,STANDARD,1.0,2026-08-18,Consolidate.xlsx,工作表1,43
CCF-0043,CARD-0169,Upgrade to LED lighting with optimised design and controls — Cost,cost,Energy & Buildings,Cost Factors,Cost,Cost,LED costs c.£10–£20/m²; one Greene King site saved nearly £15k/year in energy and maintenance.,,Energy Management,"LED retrofit: £10–£20/m²
Reported annual saving: nearly £15,000",LED retrofit: £10–£20/m²,"Reported annual saving: nearly £15,000",10,,20,Range taken from the published display string. Value_Base left blank (no midpoint invented).,GBP,money,m²,LED retrofit: /m² Reported annual saving: nearly,annual,,annual,,"Restaurants, QSRs, Pubs/Bars/Breweries, Hotels, Contract Caterers, Experiential Leisure",None,,,,CEVID-0149,2,Installed cost = treated floor area × £10–£20/m²,LED costs c.£10–£20/m²; one Greene King site saved nearly £15k/year in energy and maintenance.,None,SG-INIT-0043,ALL_FOUR_SLOTS,DISPLAY_ONLY,display_only,ACTIVE,ACTIVE,PUBLIC,STANDARD,1.0,2026-08-18,Consolidate.xlsx,工作表1,44
CCF-0044,CARD-0173,Install heat/energy recovery ventilation units — Cost,cost,Energy & Buildings,Cost Factors,Cost,Cost,"Heat recovery adds c.£6k–£8k in new build or £12k retrofit for a 2,500 m² site, plus £500–£2k/year filters.",,Energy Management,"2,500 m² building: £6,000–£8,000 new-build premium; approximately £12,000 retrofit
Filter maintenance: £500–£2,000/year","2,500 m² building: £6,000–£8,000 new-build premium; approximately £12,000 retrofit","Filter maintenance: £500–£2,000/year",6000,,8000,Range taken from the published display string. Value_Base left blank (no midpoint invented).,GBP,money,year,m² building: new build premium; approximately retrofit Filter maintenance: /year,annual,,annual,,"Restaurants, QSRs, Pubs/Bars/Breweries, Hotels, Contract Caterers, Experiential Leisure",None,,,,CEVID-0153,1,"Annual net saving = recovered heat × displaced-fuel tariff − fan energy − £500–£2,000 maintenance","Heat recovery adds c.£6k–£8k in new build or £12k retrofit for a 2,500 m² site, plus £500–£2k/year filters.",None,SG-INIT-0044,ALL_FOUR_SLOTS,DISPLAY_ONLY,display_only,ACTIVE,ACTIVE,PUBLIC,STANDARD,1.0,2026-08-18,Consolidate.xlsx,工作表1,45
CCF-0045,CARD-0177,Deploy gas boiler additives — Cost,cost,Energy & Buildings,Cost Factors,Cost,Cost,"Boiler-additive cases saved £955 in two months and £1,500 across three branches, but both also included a powerflush.",,Energy Management,"Reported saving: £955 over 2 months at one site
Reported saving: £1,500 across 3 bank branches",Reported saving: £955 over 2 months at one site,"Reported saving: £1,500 across 3 bank branches",,955,,Single published figure stored as Value_Base.,GBP,money,,Reported saving: over months at one site Reported saving: across bank branches,,,month,,"Restaurants, QSRs, Pubs/Bars/Breweries, Hotels, Contract Caterers, Experiential Leisure",None,,,,CEVID-0155,1,Net additive saving should isolate the dosed-site change from the powerflush-only control,"Boiler-additive cases saved £955 in two months and £1,500 across three branches, but both also included a powerflush.",None,SG-INIT-0045,ALL_FOUR_SLOTS,DISPLAY_ONLY,display_only,ACTIVE,ACTIVE,PUBLIC,STANDARD,1.0,2026-08-18,Consolidate.xlsx,工作表1,46
CCF-0046,CARD-0181,Install air or ground source heat pumps — Cost,cost,Energy & Buildings,Cost Factors,Cost,Cost,"Heat-pump economics hinge on COP: electricity is 24.14p/kWh versus gas at 5.17p/kWh, a 4.7x price gap.",,Energy Procurement & Renewables,"All-business electricity: 24.14p/kWh
All-business gas: 5.17p/kWh
Price ratio: approximately 4.7:1",All-business electricity: 24.14p/kWh,All-business gas: 5.17p/kWh | Price ratio: approximately 4.7:1,,24.14,,Single published figure stored as Value_Base.,,,kWh,All business electricity: p/kWh All business gas: p/kWh Price ratio: approximately :,,,,,"Restaurants, QSRs, Pubs/Bars/Breweries, Hotels, Contract Caterers, Experiential Leisure",None,,,,CEVID-0157,2,Delivered heat cost: heat pump = electricity tariff ÷ seasonal COP,"Heat-pump economics hinge on COP: electricity is 24.14p/kWh versus gas at 5.17p/kWh, a 4.7x price gap.",None,SG-INIT-0046,ALL_FOUR_SLOTS,DISPLAY_ONLY,display_only,ACTIVE,ACTIVE,PUBLIC,STANDARD,1.0,2026-08-18,Consolidate.xlsx,工作表1,47
CCF-0047,CARD-0185,Utilise cellar cooling across estates — Cost,cost,Energy & Buildings,Cost Factors,Cost,Cost,Smart cellar controls can save 6 MWh and £1.2k–£1.8k/year; ambient cooling can cut monthly cost to c.£12.,,Energy Management,"Smart controls: approximately 6,000 kWh; £1,200–£1,800/year
Ambient cooling: approximately £12/month versus £100–£150/month","Smart controls: approximately 6,000 kWh; £1,200–£1,800/year",Ambient cooling: approximately £12/month versus £100–£150/month,1200,,1800,Range taken from the published display string. Value_Base left blank (no midpoint invented).,GBP,money,year,Smart controls: approximately kWh; /year Ambient cooling: approximately /month versus /month,annual,,annual,,Pubs/Bars/Breweries,"Restaurants, QSRs, Hotels, Contract Caterers, Experiential Leisure",,,,CEVID-0161,2,Annual electricity saving = measured kWh saving × electricity tariff,Smart cellar controls can save 6 MWh and £1.2k–£1.8k/year; ambient cooling can cut monthly cost to c.£12.,"Restaurants, QSRs, Hotels, Contract Caterers, Experiential Leisure",SG-INIT-0047,ALL_FOUR_SLOTS,DISPLAY_ONLY,display_only,ACTIVE,ACTIVE,PUBLIC,STANDARD,1.0,2026-08-18,Consolidate.xlsx,工作表1,48
CCF-0048,CARD-0189,Replace gas-fired heating and catering equipment with electric alternatives — Cost,cost,Energy & Buildings,Cost Factors,Cost,Cost,Electrification faces a 4.7x fuel-price gap: electricity at 24.14p/kWh versus gas at 5.17p/kWh.,,Energy Management,"Electricity: 24.14p/kWh
Gas: 5.17p/kWh
Unit-price ratio: approximately 4.7:1",Electricity: 24.14p/kWh,Gas: 5.17p/kWh | Unit-price ratio: approximately 4.7:1,,24.14,,Single published figure stored as Value_Base.,,,kWh,Electricity: p/kWh Gas: p/kWh Unit price ratio: approximately :,,,,,"Restaurants, QSRs, Pubs/Bars/Breweries, Hotels, Contract Caterers, Experiential Leisure",None,,,,CEVID-0157,2,Operating-cost change = electric equipment kWh × electricity tariff − displaced gas kWh × gas tariff,Electrification faces a 4.7x fuel-price gap: electricity at 24.14p/kWh versus gas at 5.17p/kWh.,None,SG-INIT-0048,ALL_FOUR_SLOTS,DISPLAY_ONLY,display_only,ACTIVE,ACTIVE,PUBLIC,STANDARD,1.0,2026-08-18,Consolidate.xlsx,工作表1,49
CCF-0049,CARD-0193,Invest in energy-efficiency and renewables infrastructure — Cost,cost,Energy & Buildings,Cost Factors,Cost,Cost,Operator programmes show £1.0m–£2.1m annual spend; Marston’s £5.4m solar rollout equates to c.£45k per site.,,Energy Procurement & Renewables,"Whitbread hotel decarbonisation spend: £2.1m (2025/26)
Hall & Woodhouse pledge: £1.0m",Whitbread hotel decarbonisation spend: £2.1m (2025/26),Hall & Woodhouse pledge: £1.0m,,2.1,,Single published figure stored as Value_Base.,GBP,money,26,Whitbread hotel decarbonisation spend: m (/) Hall & Woodhouse pledge: m,,,,,"Restaurants, QSRs, Pubs/Bars/Breweries, Hotels, Contract Caterers, Experiential Leisure",None,,,,CEVID-0160,2,"Installed value/site = £5.4m ÷ 120 = £45,000; first-year £/tCO2 = £5.4m ÷ 600 tCO2 = £9,000/tCO2",Operator programmes show £1.0m–£2.1m annual spend; Marston’s £5.4m solar rollout equates to c.£45k per site.,None,SG-INIT-0049,ALL_FOUR_SLOTS,DISPLAY_ONLY,display_only,ACTIVE,ACTIVE,PUBLIC,STANDARD,1.0,2026-08-18,Consolidate.xlsx,工作表1,50
CCF-0050,CARD-0197,"Upgrade building-fabric thermal performance (insulation, glazing, draught-proofing) — Cost",cost,Energy & Buildings,Cost Factors,Cost,Cost,Fabric retrofit costs c.£10–£20/m²; Whitbread reports a 4.4-year payback for efficiency capex including insulation.,,Energy Management,"Indicative fabric retrofit: £10–£20/m²
Asset-efficiency payback including plant-room insulation: 4.4 years",Indicative fabric retrofit: £10–£20/m²,Asset-efficiency payback including plant-room insulation: 4.4 years,10,,20,Range taken from the published display string. Value_Base left blank (no midpoint invented).,GBP,money,m²,Indicative fabric retrofit: /m² Asset efficiency payback including plant room insulation: years,,,year,,"Restaurants, QSRs, Pubs/Bars/Breweries, Hotels, Contract Caterers, Experiential Leisure",None,,,,CEVID-0149,2,Retrofit cost = treated area × £10–£20/m²,Fabric retrofit costs c.£10–£20/m²; Whitbread reports a 4.4-year payback for efficiency capex including insulation.,None,SG-INIT-0050,ALL_FOUR_SLOTS,DISPLAY_ONLY,display_only,ACTIVE,ACTIVE,PUBLIC,STANDARD,1.0,2026-08-18,Consolidate.xlsx,工作表1,51
CCF-0051,CARD-0201,Install smart sub-metering and a building management system (BMS) — Cost,cost,Energy & Buildings,Cost Factors,Cost,Cost,BMS investment of £116k delivered £22k/year; occupancy controls cost £48k and saved £9k/year.,,Energy Management,"BMS programme: £116,000 cost; £22,000/year saving
Occupancy controls: £48,000 cost; £9,000/year saving","BMS programme: £116,000 cost; £22,000/year saving","Occupancy controls: £48,000 cost; £9,000/year saving",,116000,,Single published figure stored as Value_Base.,GBP,money,year,BMS programme: cost; /year saving Occupancy controls: cost; /year saving,annual,,annual,,"Restaurants, QSRs, Pubs/Bars/Breweries, Hotels, Contract Caterers, Experiential Leisure",None,,,,CEVID-0171,2,"BMS payback = £116,000 ÷ £22,000 = 5.27 years; occupancy-control payback = £48,000 ÷ £9,000 = 5.33 years",BMS investment of £116k delivered £22k/year; occupancy controls cost £48k and saved £9k/year.,None,SG-INIT-0051,ALL_FOUR_SLOTS,DISPLAY_ONLY,display_only,ACTIVE,ACTIVE,PUBLIC,STANDARD,1.0,2026-08-18,Consolidate.xlsx,工作表1,52
CCF-0052,CARD-0205,Install on-site solar PV — Cost,cost,Energy & Buildings,Cost Factors,Cost,Cost,Marston’s £5.4m solar rollout equals c.£45k per pub with zero operator capex; owned pub systems cost £12k–£36k.,,Energy Procurement & Renewables,"Third-party programme: £5.4m across 120 pubs; approximately £45,000/site; zero operator capex
Hotel system: £54,000–£270,000","Third-party programme: £5.4m across 120 pubs; approximately £45,000/site; zero operator capex","Hotel system: £54,000–£270,000",54000,,270000,Range taken from the published display string. Value_Base left blank (no midpoint invented).,GBP,money,site,Third party programme: m across pubs; approximately /site; zero operator capex Hotel system:,,,,,"Restaurants, QSRs, Pubs/Bars/Breweries, Hotels, Contract Caterers, Experiential Leisure",None,,,,CEVID-0166,2,"Installed value/site = £5.4m ÷ 120 = £45,000; owned-system cost = capacity (kWp) × installed £/kWp",Marston’s £5.4m solar rollout equals c.£45k per pub with zero operator capex; owned pub systems cost £12k–£36k.,None,SG-INIT-0052,ALL_FOUR_SLOTS,DISPLAY_ONLY,display_only,ACTIVE,ACTIVE,PUBLIC,STANDARD,1.0,2026-08-18,Consolidate.xlsx,工作表1,53
CCF-0053,CARD-0209,Install voltage optimisation equipment — Cost,cost,Energy & Buildings,Cost Factors,Cost,Cost,Screen voltage optimisation at sites spending >£50k/year; supplier savings claims range from 8%–15%.,,Energy Management,"Screening threshold: >£50,000 annual electricity spend
Independent site-specific cost: quote required","Screening threshold: >£50,000 annual electricity spend",Independent site-specific cost: quote required,,50000,,Single published figure stored as Value_Base.,GBP,money,,Screening threshold: > annual electricity spend Independent site specific cost: quote required,annual,,annual,,"Restaurants, QSRs, Pubs/Bars/Breweries, Hotels, Contract Caterers, Experiential Leisure",None,,,,CEVID-0175,2,Indicative annual saving = eligible electricity cost × verified saving rate,Screen voltage optimisation at sites spending >£50k/year; supplier savings claims range from 8%–15%.,None,SG-INIT-0053,ALL_FOUR_SLOTS,DISPLAY_ONLY,display_only,ACTIVE,ACTIVE,PUBLIC,STANDARD,1.0,2026-08-18,Consolidate.xlsx,工作表1,54
CCF-0054,CARD-0213,Procure renewable electricity via PPAs or green tariffs — Cost,cost,Energy & Buildings,Cost Factors,Cost,Cost,New-generation PPAs benchmark at c.£72–£91/MWh; £42–£60/MWh offers usually buy existing assets with weaker additionality.,,Energy Procurement & Renewables,"New-generation benchmark: approximately £72–£91/MWh
Existing-asset corporate PPA range: approximately £42–£60/MWh",New-generation benchmark: approximately £72–£91/MWh,Existing-asset corporate PPA range: approximately £42–£60/MWh,72,,91,Range taken from the published display string. Value_Base left blank (no midpoint invented).,GBP,money,MWh,New generation benchmark: approximately /MWh Existing asset corporate PPA range: approximately /MWh,,,,,"Restaurants, QSRs, Pubs/Bars/Breweries, Hotels, Contract Caterers, Experiential Leisure",None,,,,CEVID-0179,2,Annual PPA cost = contracted MWh × strike price,New-generation PPAs benchmark at c.£72–£91/MWh; £42–£60/MWh offers usually buy existing assets with weaker additionality.,None,SG-INIT-0054,ALL_FOUR_SLOTS,DISPLAY_ONLY,display_only,ACTIVE,ACTIVE,PUBLIC,STANDARD,1.0,2026-08-18,Consolidate.xlsx,工作表1,55
CCF-0055,CARD-0217,Enroll sites in demand-side response and flexibility schemes — Cost,cost,Energy & Buildings,Cost Factors,Cost,Cost,Flexibility revenue is £5.00/kW-year for 2026/27 and £27.10/kW-year for 2029/30—below older £30–£65 claims.,,Energy Procurement & Renewables,"T-1 2026/27: £5.00/kW-year
T-4 2029/30: £27.10/kW-year
Older aggregator claims: £30–£65/kW-year",T-1 2026/27: £5.00/kW-year,T-4 2029/30: £27.10/kW-year | Older aggregator claims: £30–£65/kW-year,30,,65,Range taken from the published display string. Value_Base left blank (no midpoint invented).,GBP,money,27,T /: /kW year T /: /kW year Older aggregator claims: /kW year,,,year,,"Restaurants, QSRs, Pubs/Bars/Breweries, Hotels, Contract Caterers, Experiential Leisure",None,,,,CEVID-0183,2,Annual capacity revenue = contracted flexible capacity (kW) × clearing price (£/kW-year),Flexibility revenue is £5.00/kW-year for 2026/27 and £27.10/kW-year for 2029/30—below older £30–£65 claims.,None,SG-INIT-0055,ALL_FOUR_SLOTS,DISPLAY_ONLY,display_only,ACTIVE,ACTIVE,PUBLIC,STANDARD,1.0,2026-08-18,Consolidate.xlsx,工作表1,56
CCF-0056,CARD-0221,Run staff energy-engagement programmes — Cost,cost,Energy & Buildings,Cost Factors,Cost,Cost,Staff engagement typically costs 1%–2% of energy spend and can deliver up to 10% savings.,,Energy Management,"Programme investment: 1%–2% of energy spend
Upper-bound saving: 10% of energy cost
Prudent budgeting range: 1%–5% saving",Programme investment: 1%–2% of energy spend,Upper-bound saving: 10% of energy cost | Prudent budgeting range: 1%–5% saving,1,,2,Range taken from the published display string. Value_Base left blank (no midpoint invented).,,percent,,Programme investment: % of energy spend Upper bound saving: % of energy cost Prudent budgeting range: % saving,,,,,"Restaurants, QSRs, Pubs/Bars/Breweries, Hotels, Contract Caterers, Experiential Leisure",None,,,,CEVID-0186,2,Programme budget = annual energy spend × 1%–2%; annual saving = annual energy spend × verified saving rate,Staff engagement typically costs 1%–2% of energy spend and can deliver up to 10% savings.,None,SG-INIT-0056,ALL_FOUR_SLOTS,DISPLAY_ONLY,display_only,ACTIVE,ACTIVE,PUBLIC,STANDARD,1.0,2026-08-18,Consolidate.xlsx,工作表1,57
CCF-0057,CARD-0225,Optimise heating controls — Cost,cost,Energy & Buildings,Cost Factors,Cost,Cost,Control re-tuning can be capex-free: audits of 14 buildings identified >£400k/year from settings alone.,,Energy Management,"Buildings audited: 14
Annual saving identified: >£400,000
New equipment required: none",Buildings audited: 14,"Annual saving identified: >£400,000 | New equipment required: none",,14,,Single published figure stored as Value_Base.,GBP,money,,Buildings audited: Annual saving identified: > New equipment required: none,annual,,annual,,"Restaurants, QSRs, Pubs/Bars/Breweries, Hotels, Contract Caterers, Experiential Leisure",None,,,,CEVID-0189,2,Annual control saving = weather-adjusted baseline heating cost − post-retuning heating cost,Control re-tuning can be capex-free: audits of 14 buildings identified >£400k/year from settings alone.,None,SG-INIT-0057,ALL_FOUR_SLOTS,DISPLAY_ONLY,display_only,ACTIVE,ACTIVE,PUBLIC,STANDARD,1.0,2026-08-18,Consolidate.xlsx,工作表1,58
CCF-0058,CARD-0229,Improve building EPC ratings to B or above — Cost,cost,Energy & Buildings,Cost Factors,Cost,Cost,"MEES risk is material: penalties reach 10% of rateable value capped at £50k, or 20% capped at £150k.",,Energy Management,"<3 months non-compliance: 10% of rateable value; maximum £50,000
≥3 months: 20%; maximum £150,000","<3 months non-compliance: 10% of rateable value; maximum £50,000","≥3 months: 20%; maximum £150,000",,3,,Single published figure stored as Value_Base.,GBP,percent,,< months non compliance: % of rateable value; maximum ≥ months: %; maximum,,,month,,"Restaurants, QSRs, Pubs/Bars/Breweries, Hotels, Contract Caterers, Experiential Leisure",None,,,,CEVID-0192,2,Penalty = lower of rateable value × applicable percentage and statutory cap,"MEES risk is material: penalties reach 10% of rateable value capped at £50k, or 20% capped at £150k.",None,SG-INIT-0058,ALL_FOUR_SLOTS,DISPLAY_ONLY,display_only,ACTIVE,ACTIVE,PUBLIC,STANDARD,1.0,2026-08-18,Consolidate.xlsx,工作表1,59
CCF-0059,CARD-0233,Connect sites to low-carbon heat networks or solar thermal — Cost,cost,Energy & Buildings,Cost Factors,Cost,Cost,No hospitality cost benchmark exists; wastewater heat recovery offers a stronger comparator at 1.1 years versus electric heat.,,Energy Procurement & Renewables,"Hospitality heat-network/solar-thermal cost: not publicly disclosed
Recovered heat: 4,303 kWh/year",Hospitality heat-network/solar-thermal cost: not publicly disclosed,"Recovered heat: 4,303 kWh/year",,4303,,Single published figure stored as Value_Base.,,,solar,Hospitality heat network/solar thermal cost: not publicly disclosed Recovered heat: kWh/year,annual,,annual,,"Restaurants, QSRs, Pubs/Bars/Breweries, Hotels, Contract Caterers, Experiential Leisure",None,,,,CEVID-0196,1,Connection economics = annual network charges + heat tariff − avoided incumbent-fuel and maintenance cost,No hospitality cost benchmark exists; wastewater heat recovery offers a stronger comparator at 1.1 years versus electric heat.,None,SG-INIT-0059,ALL_FOUR_SLOTS,DISPLAY_ONLY,display_only,ACTIVE,ACTIVE,PUBLIC,STANDARD,1.0,2026-08-18,Consolidate.xlsx,工作表1,60
CCF-0060,CARD-0237,Procure certified green gas or biomethane — Cost,cost,Energy & Buildings,Cost Factors,Cost,Cost,"Green-gas certificates cost c.£5–£20/MWh, equivalent to c.£27–£110 per reported tonne.",,Energy Procurement & Renewables,"Certificate price: £5–£20/MWh
Gas factor: 0.18231 tCO2e/MWh
Reported cost: approximately £27–£110/tCO2e",Certificate price: £5–£20/MWh,Gas factor: 0.18231 tCO2e/MWh | Reported cost: approximately £27–£110/tCO2e,5,,20,Range taken from the published display string. Value_Base left blank (no midpoint invented).,GBP,money,MWh,Certificate price: /MWh Gas factor: tCOe/MWh Reported cost: approximately /tCOe,,,,,"Restaurants, QSRs, Pubs/Bars/Breweries, Hotels, Contract Caterers, Experiential Leisure",None,,,,CEVID-0199,2,Annual cost = residual gas MWh × £5–£20/MWh; cost/tCO2e = certificate price ÷ 0.18231 = £27–£110/tCO2e,"Green-gas certificates cost c.£5–£20/MWh, equivalent to c.£27–£110 per reported tonne.",None,SG-INIT-0060,ALL_FOUR_SLOTS,DISPLAY_ONLY,display_only,ACTIVE,ACTIVE,PUBLIC,STANDARD,1.0,2026-08-18,Consolidate.xlsx,工作表1,61
CCF-0061,CARD-0241,Certify sites to ISO 50001 energy management — Cost,cost,Energy & Buildings,Cost Factors,Cost,Cost,"ISO 50001 averaged US$319k per facility, with 67% in staff time, versus US$503k average annual savings.",,Energy Management,"Average implementation cost: US$319,000/facility
Internal staff time: 67%
External assistance: US$58,000","Average implementation cost: US$319,000/facility","Internal staff time: 67% | External assistance: US$58,000",,319000,,Single published figure stored as Value_Base.,USD,percent,facility,Average implementation cost: US/facility Internal staff time: % External assistance: US,,,,,"Restaurants, QSRs, Pubs/Bars/Breweries, Hotels, Contract Caterers, Experiential Leisure",None,,,,CEVID-0204,2,"Internal cost ≈ US$319,000 × 67%; metering cost ≈ ×9%; audit fees ≈ ×6%","ISO 50001 averaged US$319k per facility, with 67% in staff time, versus US$503k average annual savings.",None,SG-INIT-0061,ALL_FOUR_SLOTS,DISPLAY_ONLY,display_only,ACTIVE,ACTIVE,PUBLIC,STANDARD,1.0,2026-08-18,Consolidate.xlsx,工作表1,62
CCF-0062,CARD-0245,Install power factor correction — Cost,cost,Energy & Buildings,Cost Factors,Cost,Cost,"Power-factor correction removes reactive, demand and capacity charges of c.£1/kVA/month; UK capex needs a site quote.",,Energy Management,"Capacity/availability charge: approximately £1/kVA/month
Published US equipment range: US$15–US$75/kVAr",Capacity/availability charge: approximately £1/kVA/month,Published US equipment range: US$15–US$75/kVAr,,1,,Single published figure stored as Value_Base.,GBP,money,availability,Capacity/availability charge: approximately /kVA/month Published US equipment range: US US/kVAr,,,month,,"Restaurants, QSRs, Pubs/Bars/Breweries, Hotels, Contract Caterers, Experiential Leisure",None,,,,CEVID-0208,2,Annual bill saving = avoided kVArh charges + avoided kVA demand charges + avoided capacity charges,"Power-factor correction removes reactive, demand and capacity charges of c.£1/kVA/month; UK capex needs a site quote.",None,SG-INIT-0062,ALL_FOUR_SLOTS,DISPLAY_ONLY,display_only,ACTIVE,ACTIVE,PUBLIC,STANDARD,1.0,2026-08-18,Consolidate.xlsx,工作表1,63
CCF-0063,CARD-0249,Build to BREEAM 'Very Good' or above — Cost,cost,Energy & Buildings,Cost Factors,Cost,Cost,BREEAM Very Good adds <0.25%—under £2.5k per £1m—versus <0.75% for Excellent and c.5%–10% for Outstanding.,,Energy Management,"Very Good: <0.25% construction-cost uplift; <£2,500 per £1m
Outstanding: approximately 5%–10%","Very Good: <0.25% construction-cost uplift; <£2,500 per £1m",Outstanding: approximately 5%–10%,5,,10,Range taken from the published display string. Value_Base left blank (no midpoint invented).,GBP,percent,,Very Good: <% construction cost uplift; < per m Outstanding: approximately %,,,,,"Restaurants, QSRs, Pubs/Bars/Breweries, Hotels, Contract Caterers, Experiential Leisure",None,,,,CEVID-0212,2,"Very Good uplift = project cost × <0.25%; £1,000,000 × 0.25% = <£2,500",BREEAM Very Good adds <0.25%—under £2.5k per £1m—versus <0.75% for Excellent and c.5%–10% for Outstanding.,None,SG-INIT-0063,ALL_FOUR_SLOTS,DISPLAY_ONLY,display_only,ACTIVE,ACTIVE,PUBLIC,STANDARD,1.0,2026-08-18,Consolidate.xlsx,工作表1,64
CCF-0064,CARD-0253,Allocate responsibility at Board level — Cost,cost,Governance,Cost Factors,Cost,Cost,Allocate responsibility at Board level needs client-specific pricing; use 0 transferable £ benchmark until actual cost and volume are loaded.,,General,"Costs are primarily associated with governance, reporting and Board training",,,,0,,Single published figure stored as Value_Base.,,,,Costs are primarily associated with governance reporting and Board training,,,,,All,None,,,,CEVID-0214,1,"Annual programme cost = internal hours × loaded hourly rate + external advisory, data-system, audit and assurance fees.",Allocate responsibility at Board level needs client-specific pricing; use 0 transferable £ benchmark until actual cost and volume are loaded.,None,SG-INIT-0064,ALL_FOUR_SLOTS,DISPLAY_ONLY,display_only,ACTIVE,ACTIVE,PUBLIC,STANDARD,1.0,2026-08-18,Consolidate.xlsx,工作表1,65
CCF-0065,CARD-0257,Appoint a sustainability lead or assign executive responsibility for sustainability — Cost,cost,Governance,Cost Factors,Cost,Cost,Appoint a sustainability lead or assign executive needs client-specific pricing; use 0 transferable £ benchmark until actual cost and volume are loaded.,,General,Medium cost,,,,,,Display text has no parseable number; numeric columns left blank.,,,,Medium cost,,,,,All,None,,,,CEVID-0215,2,"Annual programme cost = internal hours × loaded hourly rate + external advisory, data-system, audit and assurance fees.",Appoint a sustainability lead or assign executive needs client-specific pricing; use 0 transferable £ benchmark until actual cost and volume are loaded.,None,SG-INIT-0065,ALL_FOUR_SLOTS,DISPLAY_ONLY,display_only,ACTIVE,ACTIVE,PUBLIC,STANDARD,1.0,2026-08-18,Consolidate.xlsx,工作表1,66
CCF-0066,CARD-0261,Establish a Sustainability Committee — Cost,cost,Governance,Cost Factors,Cost,Cost,Establish a Sustainability Committee needs client-specific pricing; use 0 transferable £ benchmark until actual cost and volume are loaded.,,General,Low cost,,,,,,Display text has no parseable number; numeric columns left blank.,,,,Low cost,,,,,All,None,,,,CEVID-0217,1,"Annual programme cost = internal hours × loaded hourly rate + external advisory, data-system, audit and assurance fees.",Establish a Sustainability Committee needs client-specific pricing; use 0 transferable £ benchmark until actual cost and volume are loaded.,None,SG-INIT-0066,ALL_FOUR_SLOTS,DISPLAY_ONLY,display_only,ACTIVE,ACTIVE,PUBLIC,STANDARD,1.0,2026-08-18,Consolidate.xlsx,工作表1,67
CCF-0067,CARD-0265,Link executive remuneration to sustainability and climate performance — Cost,cost,Governance,Cost Factors,Cost,Cost,Link executive remuneration to sustainability and climate needs client-specific pricing; use 0 transferable £ benchmark until actual cost and volume are loaded.,,General,Low cost,,,,,,Display text has no parseable number; numeric columns left blank.,,,,Low cost,,,,,All,None,,,,CEVID-0218,1,Annual incentive cost = eligible remuneration × sustainability-weighting % × payout %; compare with verified annual benefit.,Link executive remuneration to sustainability and climate needs client-specific pricing; use 0 transferable £ benchmark until actual cost and volume are loaded.,None,SG-INIT-0067,ALL_FOUR_SLOTS,DISPLAY_ONLY,display_only,ACTIVE,ACTIVE,PUBLIC,STANDARD,1.0,2026-08-18,Consolidate.xlsx,工作表1,68
CCF-0068,CARD-0269,Engage your shareholders around climate risks and opportunities — Cost,cost,Governance,Cost Factors,Cost,Cost,Engage your shareholders around climate risks and needs client-specific pricing; use 0 transferable £ benchmark until actual cost and volume are loaded.,,General,Low cost,,,,,,Display text has no parseable number; numeric columns left blank.,,,,Low cost,,,,,All,None,,,,CEVID-0219,1,"Annual programme cost = internal hours × loaded hourly rate + external advisory, data-system, audit and assurance fees.",Engage your shareholders around climate risks and needs client-specific pricing; use 0 transferable £ benchmark until actual cost and volume are loaded.,None,SG-INIT-0068,ALL_FOUR_SLOTS,DISPLAY_ONLY,display_only,ACTIVE,ACTIVE,PUBLIC,STANDARD,1.0,2026-08-18,Consolidate.xlsx,工作表1,69
CCF-0069,CARD-0273,Regularly review sustainability performance at senior management and Board level. — Cost,cost,Governance,Cost Factors,Cost,Cost,Regularly review sustainability performance at senior needs client-specific pricing; use 0 transferable £ benchmark until actual cost and volume are loaded.,,General,Low–Medium cost,,,,,,Display text has no parseable number; numeric columns left blank.,,,,Low Medium cost,,,,,All,None,,,,CEVID-0220,1,"Annual programme cost = internal hours × loaded hourly rate + external advisory, data-system, audit and assurance fees.",Regularly review sustainability performance at senior needs client-specific pricing; use 0 transferable £ benchmark until actual cost and volume are loaded.,None,SG-INIT-0069,ALL_FOUR_SLOTS,DISPLAY_ONLY,display_only,ACTIVE,ACTIVE,PUBLIC,STANDARD,1.0,2026-08-18,Consolidate.xlsx,工作表1,70
CCF-0070,CARD-0277,Develop a sustainability strategy informed by a double materiality assessment. — Cost,cost,Governance,Cost Factors,Cost,Cost,Develop a sustainability strategy informed by a double needs client-specific pricing; use 0 transferable £ benchmark until actual cost and volume are loaded.,,Strategy,Low–Medium,,,,,,Display text has no parseable number; numeric columns left blank.,,,,Low Medium,,,,,All,None,,,,CEVID-0221,1,"Annual programme cost = internal hours × loaded hourly rate + external advisory, data-system, audit and assurance fees.",Develop a sustainability strategy informed by a double needs client-specific pricing; use 0 transferable £ benchmark until actual cost and volume are loaded.,None,SG-INIT-0070,ALL_FOUR_SLOTS,DISPLAY_ONLY,display_only,ACTIVE,ACTIVE,PUBLIC,STANDARD,1.0,2026-08-18,Consolidate.xlsx,工作表1,71
CCF-0071,CARD-0281,Calculate your baseline GHG footprint. — Cost,cost,Governance,Cost Factors,Cost,Cost,Calculate your baseline GHG footprint needs client-specific pricing; use 0 transferable £ benchmark until actual cost and volume are loaded.,,Strategy,Low–Medium,,,,,,Display text has no parseable number; numeric columns left blank.,,,,Low Medium,,,,,All,None,,,,CEVID-0222,1,"Annual programme cost = internal hours × loaded hourly rate + external advisory, data-system, audit and assurance fees.",Calculate your baseline GHG footprint needs client-specific pricing; use 0 transferable £ benchmark until actual cost and volume are loaded.,None,SG-INIT-0071,ALL_FOUR_SLOTS,DISPLAY_ONLY,display_only,ACTIVE,ACTIVE,PUBLIC,STANDARD,1.0,2026-08-18,Consolidate.xlsx,工作表1,72
CCF-0072,CARD-0285,Use the TCFD framework to review and disclose your climate-related risks and opportunities. — Cost,cost,Governance,Cost Factors,Cost,Cost,Use the TCFD framework to review and disclose your needs client-specific pricing; use 0 transferable £ benchmark until actual cost and volume are loaded.,,Strategy,Low–Medium,,,,,,Display text has no parseable number; numeric columns left blank.,,,,Low Medium,,,,,All,None,,,,CEVID-0223,1,"Annual programme cost = internal hours × loaded hourly rate + external advisory, data-system, audit and assurance fees.",Use the TCFD framework to review and disclose your needs client-specific pricing; use 0 transferable £ benchmark until actual cost and volume are loaded.,None,SG-INIT-0072,ALL_FOUR_SLOTS,DISPLAY_ONLY,display_only,ACTIVE,ACTIVE,PUBLIC,STANDARD,1.0,2026-08-18,Consolidate.xlsx,工作表1,73
CCF-0073,CARD-0289,Develop a Net Zero Strategy. — Cost,cost,Governance,Cost Factors,Cost,Cost,Develop a Net Zero Strategy needs client-specific pricing; use 0 transferable £ benchmark until actual cost and volume are loaded.,,Strategy,Low–Medium strategy-development cost; potentially Medium–High implementation investment,,,,,,Display text has no parseable number; numeric columns left blank.,,,,Low Medium strategy development cost; potentially Medium High implementation investment,,,,,All,None,,,,CEVID-0224,1,"Annual programme cost = internal hours × loaded hourly rate + external advisory, data-system, audit and assurance fees.",Develop a Net Zero Strategy needs client-specific pricing; use 0 transferable £ benchmark until actual cost and volume are loaded.,None,SG-INIT-0073,ALL_FOUR_SLOTS,DISPLAY_ONLY,display_only,ACTIVE,ACTIVE,PUBLIC,STANDARD,1.0,2026-08-18,Consolidate.xlsx,工作表1,74
CCF-0074,CARD-0293,Set a Net Zero target. — Cost,cost,Governance,Cost Factors,Cost,Cost,Set a Net Zero target needs client-specific pricing; use 0 transferable £ benchmark until actual cost and volume are loaded.,,Strategy,Low target-setting cost; potentially Medium–High delivery cost,,,,,,Display text has no parseable number; numeric columns left blank.,,,,Low target setting cost; potentially Medium High delivery cost,,,,,All,None,,,,CEVID-0225,1,"Annual programme cost = internal hours × loaded hourly rate + external advisory, data-system, audit and assurance fees.",Set a Net Zero target needs client-specific pricing; use 0 transferable £ benchmark until actual cost and volume are loaded.,None,SG-INIT-0074,ALL_FOUR_SLOTS,DISPLAY_ONLY,display_only,ACTIVE,ACTIVE,PUBLIC,STANDARD,1.0,2026-08-18,Consolidate.xlsx,工作表1,75
CCF-0075,CARD-0297,Validate targets through SBTi. — Cost,cost,Governance,Cost Factors,Cost,Cost,Validate targets through SBTi needs client-specific pricing; use 0 transferable £ benchmark until actual cost and volume are loaded.,,Strategy,Low–Medium,,,,,,Display text has no parseable number; numeric columns left blank.,,,,Low Medium,,,,,All,None,,,,CEVID-0226,1,"Annual programme cost = internal hours × loaded hourly rate + external advisory, data-system, audit and assurance fees.",Validate targets through SBTi needs client-specific pricing; use 0 transferable £ benchmark until actual cost and volume are loaded.,None,SG-INIT-0075,ALL_FOUR_SLOTS,DISPLAY_ONLY,display_only,ACTIVE,ACTIVE,PUBLIC,STANDARD,1.0,2026-08-18,Consolidate.xlsx,工作表1,76
CCF-0076,CARD-0301,Integrate sustainability objectives and KPIs into business planning. — Cost,cost,Governance,Cost Factors,Cost,Cost,Integrate sustainability objectives and KPIs into business needs client-specific pricing; use 0 transferable £ benchmark until actual cost and volume are loaded.,,Strategy,"Mainly internal planning, KPI management and reporting costs",,,,0,,Single published figure stored as Value_Base.,,,,Mainly internal planning KPI management and reporting costs,,,,,All,None,,,,CEVID-0218,1,"Annual programme cost = internal hours × loaded hourly rate + external advisory, data-system, audit and assurance fees.",Integrate sustainability objectives and KPIs into business needs client-specific pricing; use 0 transferable £ benchmark until actual cost and volume are loaded.,None,SG-INIT-0076,ALL_FOUR_SLOTS,DISPLAY_ONLY,display_only,ACTIVE,ACTIVE,PUBLIC,STANDARD,1.0,2026-08-18,Consolidate.xlsx,工作表1,77
CCF-0077,CARD-0305,Develop a long-term decarbonisation funding plan. — Cost,cost,Governance,Cost Factors,Cost,Cost,Develop a long-term decarbonisation funding plan needs client-specific pricing; use 0 transferable £ benchmark until actual cost and volume are loaded.,,Strategy,Low–Medium cost to develop; potentially High capital requirement to implement,,,,,,Display text has no parseable number; numeric columns left blank.,,,,Low Medium cost to develop; potentially High capital requirement to implement,,,,,All,None,,,,CEVID-0227,1,Net programme cost = gross investment − external or partner funding; annual benefit = verified operating saving + resilience value.,Develop a long-term decarbonisation funding plan needs client-specific pricing; use 0 transferable £ benchmark until actual cost and volume are loaded.,None,SG-INIT-0077,ALL_FOUR_SLOTS,DISPLAY_ONLY,display_only,ACTIVE,ACTIVE,PUBLIC,STANDARD,1.0,2026-08-18,Consolidate.xlsx,工作表1,78
CCF-0078,CARD-0309,"Explore external grants, funding and incentives. — Cost",cost,Governance,Cost Factors,Cost,Cost,"Explore external grants, funding and incentives needs client-specific pricing; use 0 transferable £ benchmark until actual cost and volume are loaded.",,Strategy,Low application cost / potentially High capital saving,,,,,,Display text has no parseable number; numeric columns left blank.,,,potentially,Low application cost / potentially High capital saving,,,,,All,None,,,,CEVID-0228,1,Net programme cost = gross investment − external or partner funding; annual benefit = verified operating saving + resilience value.,"Explore external grants, funding and incentives needs client-specific pricing; use 0 transferable £ benchmark until actual cost and volume are loaded.",None,SG-INIT-0078,ALL_FOUR_SLOTS,DISPLAY_ONLY,display_only,ACTIVE,ACTIVE,PUBLIC,STANDARD,1.0,2026-08-18,Consolidate.xlsx,工作表1,79
CCF-0079,CARD-0313,Develop a carbon removals strategy and quality criteria. — Cost,cost,Governance,Cost Factors,Cost,Cost,Develop a carbon removals strategy and quality criteria needs client-specific pricing; use 0 transferable £ benchmark until actual cost and volume are loaded.,,Strategy,Medium–High depending on removal type and volume,,,,,,Display text has no parseable number; numeric columns left blank.,,,,Medium High depending on removal type and volume,,,,,All,None,,,,CEVID-0229,1,"Annual programme cost = internal hours × loaded hourly rate + external advisory, data-system, audit and assurance fees.",Develop a carbon removals strategy and quality criteria needs client-specific pricing; use 0 transferable £ benchmark until actual cost and volume are loaded.,None,SG-INIT-0079,ALL_FOUR_SLOTS,DISPLAY_ONLY,display_only,ACTIVE,ACTIVE,PUBLIC,STANDARD,1.0,2026-08-18,Consolidate.xlsx,工作表1,80
CCF-0080,CARD-0317,Involve your guests in sustainability initiatives- offer discounts for opting out of daily cleaning of the room-- ask them to give feedback on your activities — Cost,cost,Governance,Cost Factors,Cost,Cost,Involve your guests in sustainability initiatives- offer needs client-specific pricing; use 0 transferable £ benchmark until actual cost and volume are loaded.,,Strategy,Low cost / potential operating savings,,,,,,Display text has no parseable number; numeric columns left blank.,,,potential,Low cost / potential operating savings,,,,,All,None,,,,CEVID-0230,2,"Annual programme cost = internal hours × loaded hourly rate + external advisory, data-system, audit and assurance fees.",Involve your guests in sustainability initiatives- offer needs client-specific pricing; use 0 transferable £ benchmark until actual cost and volume are loaded.,None,SG-INIT-0080,ALL_FOUR_SLOTS,DISPLAY_ONLY,display_only,ACTIVE,ACTIVE,PUBLIC,STANDARD,1.0,2026-08-18,Consolidate.xlsx,工作表1,81
CCF-0081,CARD-0321,"Provide sustainability training for your leadership team, operations and functional central support teams. — Cost",cost,Governance,Cost Factors,Cost,Cost,Provide sustainability training for your leadership team needs client-specific pricing; use 0 transferable £ benchmark until actual cost and volume are loaded.,,Staff,Low–Medium,,,,,,Display text has no parseable number; numeric columns left blank.,,,,Low Medium,,,,,All,None,,,,CEVID-0232,2,"Annual programme cost = internal hours × loaded hourly rate + external advisory, data-system, audit and assurance fees.",Provide sustainability training for your leadership team needs client-specific pricing; use 0 transferable £ benchmark until actual cost and volume are loaded.,None,SG-INIT-0081,ALL_FOUR_SLOTS,DISPLAY_ONLY,display_only,ACTIVE,ACTIVE,PUBLIC,STANDARD,1.0,2026-08-18,Consolidate.xlsx,工作表1,82
CCF-0082,CARD-0325,Offer a sustainable pension to employees (Ideally make it the default choice) — Cost,cost,Governance,Cost Factors,Cost,Cost,Offer a sustainable pension to employees needs client-specific pricing; use 0 transferable £ benchmark until actual cost and volume are loaded.,,Staff,Low implementation cost,,,,,,Display text has no parseable number; numeric columns left blank.,,,,Low implementation cost,,,,,All,None,,,,CEVID-0234,2,"Annual programme cost = internal hours × loaded hourly rate + external advisory, data-system, audit and assurance fees.",Offer a sustainable pension to employees needs client-specific pricing; use 0 transferable £ benchmark until actual cost and volume are loaded.,None,SG-INIT-0082,ALL_FOUR_SLOTS,DISPLAY_ONLY,display_only,ACTIVE,ACTIVE,PUBLIC,STANDARD,1.0,2026-08-18,Consolidate.xlsx,工作表1,83
CCF-0083,CARD-0329,Understand employee sustainability expectations and strengthen engagement — Cost,cost,Governance,Cost Factors,Cost,Cost,Understand employee sustainability expectations and needs client-specific pricing; use 0 transferable £ benchmark until actual cost and volume are loaded.,,Staff,"Costs mainly involve surveys, workshops, internal communications and employee participation time",,,,0,,Single published figure stored as Value_Base.,,,,Costs mainly involve surveys workshops internal communications and employee participation time,,,,,All,None,,,,CEVID-0236,2,"Annual programme cost = internal hours × loaded hourly rate + external advisory, data-system, audit and assurance fees.",Understand employee sustainability expectations and needs client-specific pricing; use 0 transferable £ benchmark until actual cost and volume are loaded.,None,SG-INIT-0083,ALL_FOUR_SLOTS,DISPLAY_ONLY,display_only,ACTIVE,ACTIVE,PUBLIC,STANDARD,1.0,2026-08-18,Consolidate.xlsx,工作表1,84
CCF-0084,CARD-0333,Embed sustainability into employee roles and responsibilities — Cost,cost,Governance,Cost Factors,Cost,Cost,Embed sustainability into employee roles and needs client-specific pricing; use 0 transferable £ benchmark until actual cost and volume are loaded.,,Staff,"Primarily HR and management time required to review job descriptions, objectives and",,,,0,,Single published figure stored as Value_Base.,,,,Primarily HR and management time required to review job descriptions objectives and,,,,,All,None,,,,CEVID-0238,2,"Annual programme cost = internal hours × loaded hourly rate + external advisory, data-system, audit and assurance fees.",Embed sustainability into employee roles and needs client-specific pricing; use 0 transferable £ benchmark until actual cost and volume are loaded.,None,SG-INIT-0084,ALL_FOUR_SLOTS,DISPLAY_ONLY,display_only,ACTIVE,ACTIVE,PUBLIC,STANDARD,1.0,2026-08-18,Consolidate.xlsx,工作表1,85
CCF-0085,CARD-0337,Recognizing and rewarding employees for their contributions to sustainability efforts can boost morale and motivation — Cost,cost,Governance,Cost Factors,Cost,Cost,Recognizing and rewarding employees for their needs client-specific pricing; use 0 transferable £ benchmark until actual cost and volume are loaded.,,Staff,Low–Medium,,,,,,Display text has no parseable number; numeric columns left blank.,,,,Low Medium,,,,,All,None,,,,CEVID-0240,2,"Annual programme cost = internal hours × loaded hourly rate + external advisory, data-system, audit and assurance fees.",Recognizing and rewarding employees for their needs client-specific pricing; use 0 transferable £ benchmark until actual cost and volume are loaded.,None,SG-INIT-0085,ALL_FOUR_SLOTS,DISPLAY_ONLY,display_only,ACTIVE,ACTIVE,PUBLIC,STANDARD,1.0,2026-08-18,Consolidate.xlsx,工作表1,86
CCF-0086,CARD-0341,Develop and maintain a Climate Transition Plan. — Cost,cost,Governance,Cost Factors,Cost,Cost,Develop and maintain a Climate Transition Plan needs client-specific pricing; use 0 transferable £ benchmark until actual cost and volume are loaded.,,Regulation,Low–Medium planning cost; potentially Medium–High implementation investment,,,,,,Display text has no parseable number; numeric columns left blank.,,,,Low Medium planning cost; potentially Medium High implementation investment,,,,,All,None,,,,CEVID-0242,2,"Annual programme cost = internal hours × loaded hourly rate + external advisory, data-system, audit and assurance fees.",Develop and maintain a Climate Transition Plan needs client-specific pricing; use 0 transferable £ benchmark until actual cost and volume are loaded.,None,SG-INIT-0086,ALL_FOUR_SLOTS,DISPLAY_ONLY,display_only,ACTIVE,ACTIVE,PUBLIC,STANDARD,1.0,2026-08-18,Consolidate.xlsx,工作表1,87
CCF-0087,CARD-0345,"Disclose climate-related information using recognised reporting frameworks (e.g. UK SRS, IFRS S2 and TCFD). — Cost",cost,Governance,Cost Factors,Cost,Cost,Disclose climate-related information using recognised reporting frameworks gives customers a direct cost lever: 100% required disclosure coverage.,,Regulation,100% required disclosure coverage,100% required disclosure coverage,,,100,,Single published figure stored as Value_Base.,,percent,,% required disclosure coverage,,,,,All,None,,,,CEVID-0244,1,"Annual disclosure cost = internal hours × loaded hourly rate + advisory, data-system and assurance fees.",Disclose climate-related information using recognised reporting frameworks gives customers a direct cost lever: 100% required disclosure coverage.,None,SG-INIT-0087,ALL_FOUR_SLOTS,DISPLAY_ONLY,display_only,ACTIVE,ACTIVE,PUBLIC,STANDARD,1.0,2026-08-18,Consolidate.xlsx,工作表1,88
CCF-0088,CARD-0349,"Ensure compliance with applicable environmental legislation and reporting requirements (e.g. SECR, ESOS, Simpler Recycling, EPR and the Green Claims Code, where applicable). — Cost",cost,Governance,Cost Factors,Cost,Cost,Environmental compliance protects the customer from penalties and remediation: target 100% of obligations and 0 overdue actions.,,Regulation,100% applicable obligations captured,100% applicable obligations captured,,,100,,Single published figure stored as Value_Base.,,percent,,% applicable obligations captured,,,,,All,None,,,,CEVID-0245,1,Annual compliance cost = internal hours × loaded rate + legal/audit fees + remediation cost; avoided cost = baseline penalties and incidents − post-control cost.,Environmental compliance protects the customer from penalties and remediation: target 100% of obligations and 0 overdue actions.,None,SG-INIT-0088,ALL_FOUR_SLOTS,DISPLAY_ONLY,display_only,ACTIVE,ACTIVE,PUBLIC,STANDARD,1.0,2026-08-18,Consolidate.xlsx,工作表1,89
CCF-0089,CARD-0353,Implement an Environmental Management System (e.g. ISO 14001). — Cost,cost,Governance,Cost Factors,Cost,Cost,Implement an Environmental Management System gives customers a direct cost lever: 100% material impacts in the EMS.,,Regulation,100% material impacts in the EMS,100% material impacts in the EMS,,,100,,Single published figure stored as Value_Base.,,percent,,% material impacts in the EMS,,,,,All,None,,,,CEVID-0246,1,"Annual EMS cost = internal hours × loaded rate + audit, certification, training and system fees.",Implement an Environmental Management System gives customers a direct cost lever: 100% material impacts in the EMS.,None,SG-INIT-0089,ALL_FOUR_SLOTS,DISPLAY_ONLY,display_only,ACTIVE,ACTIVE,PUBLIC,STANDARD,1.0,2026-08-18,Consolidate.xlsx,工作表1,90
CCF-0090,CARD-0357,"Pursue recognised sustainability certifications and voluntary commitments (e.g. Green Key, Green Tourism, B Corp, Race to Zero or The Climate Pledge) — Cost",cost,Governance,Cost Factors,Cost,Cost,Pursue recognised sustainability certifications and voluntary commitments gives customers a direct cost lever: 1-year Green Key certificate validity.,,Regulation,1-year Green Key certificate validity,1-year Green Key certificate validity,,,1,,Single published figure stored as Value_Base.,,,,year Green Key certificate validity,,,year,,All,None,,,,CEVID-0247,2,Annual certification cost = application + audit + licence + remediation + internal administration cost across certified sites.,Pursue recognised sustainability certifications and voluntary commitments gives customers a direct cost lever: 1-year Green Key certificate validity.,None,SG-INIT-0090,ALL_FOUR_SLOTS,DISPLAY_ONLY,display_only,ACTIVE,ACTIVE,PUBLIC,STANDARD,1.0,2026-08-18,Consolidate.xlsx,工作表1,91
CCF-0091,CARD-0361,Establish a Management Information System to Track Sustainability KPIs Monthly — Cost,cost,Governance,Cost Factors,Cost,Cost,Establish a Management Information System to Track Sustainability KPIs Monthly gives customers a direct cost lever: 12 monthly reporting cycles/year.,,Regulation,12 monthly reporting cycles/year,12 monthly reporting cycles/year,,,12,,Single published figure stored as Value_Base.,,,year,monthly reporting cycles/year,annual,,annual,,All,None,,,,CEVID-0222,1,Annual MIS cost = 12 × monthly preparation and review hours × loaded hourly rate + platform and assurance fees.,Establish a Management Information System to Track Sustainability KPIs Monthly gives customers a direct cost lever: 12 monthly reporting cycles/year.,None,SG-INIT-0091,ALL_FOUR_SLOTS,DISPLAY_ONLY,display_only,ACTIVE,ACTIVE,PUBLIC,STANDARD,1.0,2026-08-18,Consolidate.xlsx,工作表1,92
CCF-0092,CARD-0365,Reduce the volume and impact of packaging materials used. — Cost,cost,Supply Chain,Cost Factors,Cost,Cost,Reduce the volume and impact of packaging materials used changes customer cost: Confirmed 2025–26 base fees are £192/t for glass; £196/t for paper/card; £259/t for steel.,,Packaging,Confirmed 2025–26 base fees are £192/t for glass; £196/t for paper/card; £259/t for steel,Confirmed 2025–26 base fees are £192/t for glass; £196/t for paper/card; £259/t for steel,,2025,,26,Range taken from the published display string. Value_Base left blank (no midpoint invented).,GBP,money,t,Confirmed base fees are /t for glass; /t for paper/card; /t for steel,,,,,All,None,,,,CEVID-0249,1,Annual net saving = annual units or tonnes changed × (baseline unit cost − new unit cost) − implementation and compliance cost.,Reduce the volume and impact of packaging materials used changes customer cost: Confirmed 2025–26 base fees are £192/t for glass; £196/t for paper/card; £259/t for steel.,None,SG-INIT-0092,ALL_FOUR_SLOTS,DISPLAY_ONLY,display_only,ACTIVE,ACTIVE,PUBLIC,STANDARD,1.0,2026-08-18,Consolidate.xlsx,工作表1,93
CCF-0093,CARD-0369,Collaborate with suppliers to reduce packaging impacts across the supply chain — Cost,cost,Supply Chain,Cost Factors,Cost,Cost,Collaborate with suppliers to reduce packaging impacts across the supply needs client-specific pricing; alongside more than 78 tonnes of waste reduction.,,Packaging,alongside more than 78 tonnes of waste reduction,alongside more than 78 tonnes of waste reduction,,,78,,Single published figure stored as Value_Base.,,,,alongside more than tonnes of waste reduction,,,,,All,None,,,,CEVID-0250,1,Annual net saving = annual units or tonnes changed × (baseline unit cost − new unit cost) − implementation and compliance cost.,Collaborate with suppliers to reduce packaging impacts across the supply needs client-specific pricing; alongside more than 78 tonnes of waste reduction.,None,SG-INIT-0093,ALL_FOUR_SLOTS,DISPLAY_ONLY,display_only,ACTIVE,ACTIVE,PUBLIC,STANDARD,1.0,2026-08-18,Consolidate.xlsx,工作表1,94
CCF-0094,CARD-0373,Use dispense or refill systems for drinks rather than single-use packaging — Cost,cost,Supply Chain,Cost Factors,Cost,Cost,Use dispense or refill systems for drinks rather than changes customer cost: EcoPure Waters reports that at 200 bottles/day its on-site refill system costs approximately.,,Packaging,EcoPure Waters reports that at 200 bottles/day its on-site refill system costs approximately,EcoPure Waters reports that at 200 bottles/day its on-site refill system costs approximately,,,200,,Single published figure stored as Value_Base.,,,day,EcoPure Waters reports that at bottles/day its on site refill system costs approximately,,,,,"All – particularly relevant for hotels, pubs, bars, restaurants, contract caterers and event venues",None,,,,CEVID-0251,1,Annual net saving = annual units or tonnes changed × (baseline unit cost − new unit cost) − implementation and compliance cost.,Use dispense or refill systems for drinks rather than changes customer cost: EcoPure Waters reports that at 200 bottles/day its on-site refill system costs approximately.,None,SG-INIT-0094,ALL_FOUR_SLOTS,DISPLAY_ONLY,display_only,ACTIVE,ACTIVE,PUBLIC,STANDARD,1.0,2026-08-18,Consolidate.xlsx,工作表1,95
CCF-0095,CARD-0377,Undertake life cycle assessment (LCA) of packaging to understand its full environmental impact — Cost,cost,Supply Chain,Cost Factors,Cost,Cost,Undertake life cycle assessment (LCA) of packaging to changes customer cost: packaging optimisation reduced total packaging costs by 10% compared with the previous design.,,Packaging,packaging optimisation reduced total packaging costs by 10% compared with the previous design,packaging optimisation reduced total packaging costs by 10% compared with the previous design,,,10,,Single published figure stored as Value_Base.,,percent,,packaging optimisation reduced total packaging costs by % compared with the previous design,,,,,All,None,,,,CEVID-0252,1,Annual net saving = annual units or tonnes changed × (baseline unit cost − new unit cost) − implementation and compliance cost.,Undertake life cycle assessment (LCA) of packaging to changes customer cost: packaging optimisation reduced total packaging costs by 10% compared with the previous design.,None,SG-INIT-0095,ALL_FOUR_SLOTS,DISPLAY_ONLY,display_only,ACTIVE,ACTIVE,PUBLIC,STANDARD,1.0,2026-08-18,Consolidate.xlsx,工作表1,96
CCF-0096,CARD-0381,Eliminate single-use plastic items from operations — Cost,cost,Supply Chain,Cost Factors,Cost,Cost,"Eliminate single-use plastic items from operations needs client-specific pricing; reducing annual programme costs from $10,901 to $4,420 – a saving of $6,481 per year.",,Packaging,"reducing annual programme costs from $10,901 to $4,420 – a saving of $6,481 per year","reducing annual programme costs from $10,901 to $4,420 – a saving of $6,481 per year",,,10901,,Single published figure stored as Value_Base.,USD,money,,reducing annual programme costs from to a saving of per year,annual,,annual,,All – guest amenities particularly relevant for hotels and other accommodation providers,None,,,,CEVID-0253,1,Annual net saving = annual units or tonnes changed × (baseline unit cost − new unit cost) − implementation and compliance cost.,"Eliminate single-use plastic items from operations needs client-specific pricing; reducing annual programme costs from $10,901 to $4,420 – a saving of $6,481 per year.",None,SG-INIT-0096,ALL_FOUR_SLOTS,DISPLAY_ONLY,display_only,ACTIVE,ACTIVE,PUBLIC,STANDARD,1.0,2026-08-18,Consolidate.xlsx,工作表1,97
CCF-0097,CARD-0385,Increase recycled content in packaging materials — Cost,cost,Supply Chain,Cost Factors,Cost,Cost,Increase recycled content in packaging materials changes customer cost: moving 10 tonnes of qualifying plastic packaging from below 30% to at least 30% recycled content.,,Packaging,moving 10 tonnes of qualifying plastic packaging from below 30% to at least 30% recycled content,moving 10 tonnes of qualifying plastic packaging from below 30% to at least 30% recycled content,,,10,,Single published figure stored as Value_Base.,,percent,,moving tonnes of qualifying plastic packaging from below % to at least % recycled content,,,,,"All – particularly relevant for breweries, pubs/bars and businesses using high volumes of packaged products",None,,,,CEVID-0254,1,Annual net saving = annual units or tonnes changed × (baseline unit cost − new unit cost) − implementation and compliance cost.,Increase recycled content in packaging materials changes customer cost: moving 10 tonnes of qualifying plastic packaging from below 30% to at least 30% recycled content.,None,SG-INIT-0097,ALL_FOUR_SLOTS,DISPLAY_ONLY,display_only,ACTIVE,ACTIVE,PUBLIC,STANDARD,1.0,2026-08-18,Consolidate.xlsx,工作表1,98
CCF-0098,CARD-0389,Evaluate equipment purchases based on full life-cycle cost and environmental impact — Cost,cost,Supply Chain,Cost Factors,Cost,Cost,Evaluate equipment purchases based on full life-cycle cost changes customer cost: could reduce energy consumption by more than 30%; saving the UK catering sector over £250.,,Capital Goods,could reduce energy consumption by more than 30%; saving the UK catering sector over £250,could reduce energy consumption by more than 30%; saving the UK catering sector over £250,,,30,,Single published figure stored as Value_Base.,GBP,percent,,could reduce energy consumption by more than %; saving the UK catering sector over,,,,,"All – particularly relevant for hotels, contract caterers, restaurants and other equipment-intensive operations",None,,,,CEVID-0255,1,Lifecycle saving = baseline purchase + energy + maintenance + consumables + disposal cost − alternative lifecycle cost.,Evaluate equipment purchases based on full life-cycle cost changes customer cost: could reduce energy consumption by more than 30%; saving the UK catering sector over £250.,None,SG-INIT-0098,ALL_FOUR_SLOTS,DISPLAY_ONLY,display_only,ACTIVE,ACTIVE,PUBLIC,STANDARD,1.0,2026-08-18,Consolidate.xlsx,工作表1,99
CCF-0099,CARD-0393,Shift from equipment ownership to service or leasing models — Cost,cost,Supply Chain,Cost Factors,Cost,Cost,Shift from equipment ownership to service or leasing needs client-specific pricing; use 0 transferable £ benchmark until actual cost and volume are loaded.,,Capital Goods,Potential benefit: avoided upfront capital expenditure plus energy and maintenance savings,,,,,,Display text has no parseable number; numeric columns left blank.,,,,Potential benefit: avoided upfront capital expenditure plus energy and maintenance savings,,,,,"All – particularly relevant for equipment-intensive operations such as hotels, contract caterers and breweries",None,,,,CEVID-0256,1,Lifecycle saving = baseline purchase + energy + maintenance + consumables + disposal cost − alternative lifecycle cost.,Shift from equipment ownership to service or leasing needs client-specific pricing; use 0 transferable £ benchmark until actual cost and volume are loaded.,None,SG-INIT-0099,ALL_FOUR_SLOTS,DISPLAY_ONLY,display_only,ACTIVE,ACTIVE,PUBLIC,STANDARD,1.0,2026-08-18,Consolidate.xlsx,工作表1,100
CCF-0100,CARD-0397,"Prioritise reused, refurbished and responsibly sourced furniture and fittings — Cost",cost,Supply Chain,Cost Factors,Cost,Cost,"Prioritise reused, refurbished and responsibly sourced furniture and needs client-specific pricing; Potential saving: approximately 70–80% versus equivalent new furniture.",,Capital Goods,Potential saving: approximately 70–80% versus equivalent new furniture,Potential saving: approximately 70–80% versus equivalent new furniture,,70,,80,Range taken from the published display string. Value_Base left blank (no midpoint invented).,,percent,,Potential saving: approximately % versus equivalent new furniture,,,,,"All – particularly relevant for hotels, restaurants, pubs/bars and other businesses undertaking refurbishments or fit-outs",None,,,,CEVID-0257,1,Lifecycle saving = baseline purchase + energy + maintenance + consumables + disposal cost − alternative lifecycle cost.,"Prioritise reused, refurbished and responsibly sourced furniture and needs client-specific pricing; Potential saving: approximately 70–80% versus equivalent new furniture.",None,SG-INIT-0100,ALL_FOUR_SLOTS,DISPLAY_ONLY,display_only,ACTIVE,ACTIVE,PUBLIC,STANDARD,1.0,2026-08-18,Consolidate.xlsx,工作表1,101
CCF-0101,CARD-0401,"Extend equipment life and manage WEEE through repair, refurbishment, reuse and responsible recycling — Cost",cost,Supply Chain,Cost Factors,Cost,Cost,Extend equipment life and manage WEEE through repair changes customer cost: Up to 40% lower purchase cost for refurbished/remanufactured ICT devices compared with new.,,Capital Goods,Up to 40% lower purchase cost for refurbished/remanufactured ICT devices compared with new,Up to 40% lower purchase cost for refurbished/remanufactured ICT devices compared with new,,,40,,Single published figure stored as Value_Base.,,percent,remanufactured,Up to % lower purchase cost for refurbished/remanufactured ICT devices compared with new,,,,,"All – particularly relevant for equipment-intensive operations such as hotels, contract caterers, breweries and restaurants",None,,,,CEVID-0258,1,Lifecycle saving = baseline purchase + energy + maintenance + consumables + disposal cost − alternative lifecycle cost.,Extend equipment life and manage WEEE through repair changes customer cost: Up to 40% lower purchase cost for refurbished/remanufactured ICT devices compared with new.,None,SG-INIT-0101,ALL_FOUR_SLOTS,DISPLAY_ONLY,display_only,ACTIVE,ACTIVE,PUBLIC,STANDARD,1.0,2026-08-18,Consolidate.xlsx,工作表1,102
CCF-0102,CARD-0405,Set responsible sourcing standards for packaging procurement — Cost,cost,Supply Chain,Cost Factors,Cost,Cost,Set responsible sourcing standards for packaging changes customer cost: For 2026–27; Red-rated packaging is subject to a 1.2× modulation factor relative to the Amber.,,Procurement,For 2026–27; Red-rated packaging is subject to a 1.2× modulation factor relative to the Amber,For 2026–27; Red-rated packaging is subject to a 1.2× modulation factor relative to the Amber,,2026,,27,Range taken from the published display string. Value_Base left blank (no midpoint invented).,,,,For ; Red rated packaging is subject to a × modulation factor relative to the Amber,,,,,All,None,,,,CEVID-0259,1,Annual net saving = annual units or tonnes changed × (baseline unit cost − new unit cost) − implementation and compliance cost.,Set responsible sourcing standards for packaging changes customer cost: For 2026–27; Red-rated packaging is subject to a 1.2× modulation factor relative to the Amber.,None,SG-INIT-0102,ALL_FOUR_SLOTS,DISPLAY_ONLY,display_only,ACTIVE,ACTIVE,PUBLIC,STANDARD,1.0,2026-08-18,Consolidate.xlsx,工作表1,103
CCF-0103,CARD-0409,Procure lower-impact staff uniforms and operational textiles — Cost,cost,Supply Chain,Cost Factors,Cost,Cost,Procure lower-impact staff uniforms and operational needs client-specific pricing; use 0 transferable £ benchmark until actual cost and volume are loaded.,,procurement,Product-specific; no robust universal procurement saving should be assumed,,,,,,Display text has no parseable number; numeric columns left blank.,,,,Product specific; no robust universal procurement saving should be assumed,,,,,"All – particularly relevant for hotels, restaurants, pubs/bars and contract caterers with high volumes of uniforms, linen and towels",None,,,,CEVID-0260,1,Annual net saving = annual units or tonnes changed × (baseline unit cost − new unit cost) − implementation and compliance cost.,Procure lower-impact staff uniforms and operational needs client-specific pricing; use 0 transferable £ benchmark until actual cost and volume are loaded.,None,SG-INIT-0103,ALL_FOUR_SLOTS,DISPLAY_ONLY,display_only,ACTIVE,ACTIVE,PUBLIC,STANDARD,1.0,2026-08-18,Consolidate.xlsx,工作表1,104
CCF-0104,CARD-0413,Procure environmentally preferable cleaning products — Cost,cost,Supply Chain,Cost Factors,Cost,Cost,Procure environmentally preferable cleaning products needs client-specific pricing; use 0 transferable £ benchmark until actual cost and volume are loaded.,,procurement,Product- and system-specific,,,,,,Display text has no parseable number; numeric columns left blank.,,,,Product and system specific,,,,,"All – particularly relevant for hotels, restaurants, pubs/bars, contract caterers and other operations with high cleaning-product use",None,,,,CEVID-0261,1,Annual net saving = baseline operating cost − post-change cost − implementation cost.,Procure environmentally preferable cleaning products needs client-specific pricing; use 0 transferable £ benchmark until actual cost and volume are loaded.,None,SG-INIT-0104,ALL_FOUR_SLOTS,DISPLAY_ONLY,display_only,ACTIVE,ACTIVE,PUBLIC,STANDARD,1.0,2026-08-18,Consolidate.xlsx,工作表1,105
CCF-0105,CARD-0417,Reduce office paper use and office consumables — Cost,cost,Supply Chain,Cost Factors,Cost,Cost,"Reduce office paper use and office consumables changes customer cost: £61,570 in paper-related financial savings in the Leeds City Council case study, alongside 12.6.",,procurement,"£61,570 in paper-related financial savings in the Leeds City Council case study, alongside 12.6","£61,570 in paper-related financial savings in the Leeds City Council case study, alongside 12.6",,,61570,,Single published figure stored as Value_Base.,GBP,money,,in paper related financial savings in the Leeds City Council case study alongside,,,,,All,None,,,,CEVID-0262,1,Annual net saving = annual units or tonnes changed × (baseline unit cost − new unit cost) − implementation and compliance cost.,"Reduce office paper use and office consumables changes customer cost: £61,570 in paper-related financial savings in the Leeds City Council case study, alongside 12.6.",None,SG-INIT-0105,ALL_FOUR_SLOTS,DISPLAY_ONLY,display_only,ACTIVE,ACTIVE,PUBLIC,STANDARD,1.0,2026-08-18,Consolidate.xlsx,工作表1,106
CCF-0106,CARD-0421,Measure and reduce emissions from purchased goods and services — Cost,cost,Supply Chain,Cost Factors,Cost,Cost,Measure and reduce emissions from purchased goods and needs client-specific pricing; use 0 transferable £ benchmark until actual cost and volume are loaded.,,procurement,Enabling initiative – no universal direct cost saving,,,,,,Display text has no parseable number; numeric columns left blank.,,,,Enabling initiative no universal direct cost saving,,,,,All,None,,,,CEVID-0263,1,Annual net saving = annual units or tonnes changed × (baseline unit cost − new unit cost) − implementation and compliance cost.,Measure and reduce emissions from purchased goods and needs client-specific pricing; use 0 transferable £ benchmark until actual cost and volume are loaded.,None,SG-INIT-0106,ALL_FOUR_SLOTS,DISPLAY_ONLY,display_only,ACTIVE,ACTIVE,PUBLIC,STANDARD,1.0,2026-08-18,Consolidate.xlsx,工作表1,107
CCF-0107,CARD-0425,Adopt recognised certifications for key categories — Cost,cost,F&B Procurement & Menu design,Cost Factors,Cost,Cost,Adopt recognised certifications for key categories needs client-specific pricing; use 0 transferable £ benchmark until actual cost and volume are loaded.,,Procurement,Variable,,,,,,Display text has no parseable number; numeric columns left blank.,,,,Variable,,,,,All,None,,,,CEVID-0264,1,Annual margin impact = annual servings or volume switched × (new contribution/unit − baseline contribution/unit) − implementation cost.,Adopt recognised certifications for key categories needs client-specific pricing; use 0 transferable £ benchmark until actual cost and volume are loaded.,None,SG-INIT-0107,ALL_FOUR_SLOTS,DISPLAY_ONLY,display_only,ACTIVE,ACTIVE,PUBLIC,STANDARD,1.0,2026-08-18,Consolidate.xlsx,工作表1,108
CCF-0108,CARD-0429,Set targets to increase local/regional and seasonal sourcing to reduce transport emissions and support UK producers — Cost,cost,F&B Procurement & Menu design,Cost Factors,Cost,Cost,Set targets to increase local/regional and seasonal needs client-specific pricing; use 0 transferable £ benchmark until actual cost and volume are loaded.,,Procurement,No verified aggregate saving publicly disclosed,,,,,,Display text has no parseable number; numeric columns left blank.,,,,No verified aggregate saving publicly disclosed,,,,,All,None,,,,CEVID-0265,1,Annual margin impact = annual servings or volume switched × (new contribution/unit − baseline contribution/unit) − implementation cost.,Set targets to increase local/regional and seasonal needs client-specific pricing; use 0 transferable £ benchmark until actual cost and volume are loaded.,None,SG-INIT-0108,ALL_FOUR_SLOTS,DISPLAY_ONLY,display_only,ACTIVE,ACTIVE,PUBLIC,STANDARD,1.0,2026-08-18,Consolidate.xlsx,工作表1,109
CCF-0109,CARD-0433,Pilot new sourcing models with innovative/smaller suppliers to diversify supply and de-risk from commodity volatility — Cost,cost,F&B Procurement & Menu design,Cost Factors,Cost,Cost,Pilot new sourcing models with innovative/smaller needs client-specific pricing; use 0 transferable £ benchmark until actual cost and volume are loaded.,,Procurement,Pilot-dependent,,,,,,Display text has no parseable number; numeric columns left blank.,,,,Pilot dependent,,,,,All,None,,,,CEVID-0266,1,Annual margin impact = annual servings or volume switched × (new contribution/unit − baseline contribution/unit) − implementation cost.,Pilot new sourcing models with innovative/smaller needs client-specific pricing; use 0 transferable £ benchmark until actual cost and volume are loaded.,None,SG-INIT-0109,ALL_FOUR_SLOTS,DISPLAY_ONLY,display_only,ACTIVE,ACTIVE,PUBLIC,STANDARD,1.0,2026-08-18,Consolidate.xlsx,工作表1,110
CCF-0110,CARD-0437,Proportion of plant-based dishes on the menu — Cost,cost,F&B Procurement & Menu design,Cost Factors,Cost,Cost,Proportion of plant-based dishes on the menu needs client-specific pricing; use 0 transferable £ benchmark until actual cost and volume are loaded.,,Menu Design,"Potential cost saving, but recipe-specific",,,,0,,Single published figure stored as Value_Base.,,,,Potential cost saving but recipe specific,,,,,All,None,,,,CEVID-0267,1,Annual margin impact = annual servings or volume switched × (new contribution/unit − baseline contribution/unit) − implementation cost.,Proportion of plant-based dishes on the menu needs client-specific pricing; use 0 transferable £ benchmark until actual cost and volume are loaded.,None,SG-INIT-0110,ALL_FOUR_SLOTS,DISPLAY_ONLY,display_only,ACTIVE,ACTIVE,PUBLIC,STANDARD,1.0,2026-08-18,Consolidate.xlsx,工作表1,111
CCF-0111,CARD-0441,Procure items sourced from ingredients grown using regenerative practices — Cost,cost,F&B Procurement & Menu design,Cost Factors,Cost,Cost,Procure items sourced from ingredients grown using needs client-specific pricing; use 0 transferable £ benchmark until actual cost and volume are loaded.,,Menu Design,No price premium or cost saving publicly disclosed by Shake Shack,,,,,,Display text has no parseable number; numeric columns left blank.,,,,No price premium or cost saving publicly disclosed by Shake Shack,,,,,All,None,,,,CEVID-0268,1,Annual margin impact = annual servings or volume switched × (new contribution/unit − baseline contribution/unit) − implementation cost.,Procure items sourced from ingredients grown using needs client-specific pricing; use 0 transferable £ benchmark until actual cost and volume are loaded.,None,SG-INIT-0111,ALL_FOUR_SLOTS,DISPLAY_ONLY,display_only,ACTIVE,ACTIVE,PUBLIC,STANDARD,1.0,2026-08-18,Consolidate.xlsx,工作表1,112
CCF-0112,CARD-0445,Design the menu to highlight and nudge customers toward lower-carbon choices — Cost,cost,F&B Procurement & Menu design,Cost Factors,Cost,Cost,Design the menu to highlight and nudge customers toward needs client-specific pricing; use 0 transferable £ benchmark until actual cost and volume are loaded.,,Menu Design,"Very low implementation cost where changes are limited to digital menus, naming, positioning or",,,,0,,Single published figure stored as Value_Base.,,,,Very low implementation cost where changes are limited to digital menus naming positioning or,,,,,All,None,,,,CEVID-0269,1,Annual margin impact = annual servings or volume switched × (new contribution/unit − baseline contribution/unit) − implementation cost.,Design the menu to highlight and nudge customers toward needs client-specific pricing; use 0 transferable £ benchmark until actual cost and volume are loaded.,None,SG-INIT-0112,ALL_FOUR_SLOTS,DISPLAY_ONLY,display_only,ACTIVE,ACTIVE,PUBLIC,STANDARD,1.0,2026-08-18,Consolidate.xlsx,工作表1,113
CCF-0113,CARD-0449,Swap high-impact ingredients for lower-impact equivalents where they don't compromise the dish — Cost,cost,F&B Procurement & Menu design,Cost Factors,Cost,Cost,Swap high-impact ingredients for lower-impact equivalents needs client-specific pricing; use 0 transferable £ benchmark until actual cost and volume are loaded.,,Menu Design,Recipe-specific,,,,,,Display text has no parseable number; numeric columns left blank.,,,,Recipe specific,,,,,All,None,,,,CEVID-0270,1,Annual margin impact = annual servings or volume switched × (new contribution/unit − baseline contribution/unit) − implementation cost.,Swap high-impact ingredients for lower-impact equivalents needs client-specific pricing; use 0 transferable £ benchmark until actual cost and volume are loaded.,None,SG-INIT-0113,ALL_FOUR_SLOTS,DISPLAY_ONLY,display_only,ACTIVE,ACTIVE,PUBLIC,STANDARD,1.0,2026-08-18,Consolidate.xlsx,工作表1,114
CCF-0114,CARD-0453,Use nose-to-tail cooking to reduce waste from higher-impact proteins — Cost,cost,F&B Procurement & Menu design,Cost Factors,Cost,Cost,Use nose-to-tail cooking to reduce waste from needs client-specific pricing; use 0 transferable £ benchmark until actual cost and volume are loaded.,,Menu Design,Potential food-cost saving through higher utilisation of purchased proteins,,,,,,Display text has no parseable number; numeric columns left blank.,,,,Potential food cost saving through higher utilisation of purchased proteins,,,,,All,None,,,,CEVID-0271,1,Annual margin impact = annual servings or volume switched × (new contribution/unit − baseline contribution/unit) − implementation cost.,Use nose-to-tail cooking to reduce waste from needs client-specific pricing; use 0 transferable £ benchmark until actual cost and volume are loaded.,None,SG-INIT-0114,ALL_FOUR_SLOTS,DISPLAY_ONLY,display_only,ACTIVE,ACTIVE,PUBLIC,STANDARD,1.0,2026-08-18,Consolidate.xlsx,工作表1,115
CCF-0115,CARD-0457,Adjust portion sizes and prep quantities based on waste data — Cost,cost,F&B Procurement & Menu design,Cost Factors,Cost,Cost,"Adjust portion sizes and prep quantities based on waste data can change customer cost directly: €31,000 annualised food-cost saving in the Lisbon Marriott case.",,Menu Design,"€31,000 annualised food-cost saving in the Lisbon Marriott case","€31,000 annualised food-cost saving in the Lisbon Marriott case",,,31000,,Single published figure stored as Value_Base.,EUR,money,,annualised food cost saving in the Lisbon Marriott case,,,,,All,None,,,,CEVID-0272,1,Annual margin impact = annual servings or volume switched × (new contribution/unit − baseline contribution/unit) − implementation cost.,"Adjust portion sizes and prep quantities based on waste data can change customer cost directly: €31,000 annualised food-cost saving in the Lisbon Marriott case.",None,SG-INIT-0115,ALL_FOUR_SLOTS,DISPLAY_ONLY,display_only,ACTIVE,ACTIVE,PUBLIC,STANDARD,1.0,2026-08-18,Consolidate.xlsx,工作表1,116
CCF-0116,CARD-0461,Undertake a comprehensive review of emissions and sustainability risk across the supply chain (baseline assessment) — Cost,cost,Supplier & Value Chain Engagement,Cost Factors,Cost,Cost,Undertake a comprehensive review of emissions and needs client-specific pricing; use 0 transferable £ benchmark until actual cost and volume are loaded.,,Strategy,Primarily staff/consultancy and data-system cost,,,,,,Display text has no parseable number; numeric columns left blank.,,,consultancy,Primarily staff/consultancy and data system cost,,,,,All,None,,,,CEVID-0273,1,"Annual saving = avoided kg food waste × verified food cost/kg − monitoring, training and implementation cost.",Undertake a comprehensive review of emissions and needs client-specific pricing; use 0 transferable £ benchmark until actual cost and volume are loaded.,None,SG-INIT-0116,ALL_FOUR_SLOTS,DISPLAY_ONLY,display_only,ACTIVE,ACTIVE,PUBLIC,STANDARD,1.0,2026-08-18,Consolidate.xlsx,工作表1,117
CCF-0117,CARD-0465,Set a Scope 3 emissions reduction target (e.g. aligned to SBTi) — Cost,cost,Supplier & Value Chain Engagement,Cost Factors,Cost,Cost,Set a Scope 3 emissions reduction target is a low-cost move for the customer; the main inputs are No universal ROI.,,Strategy,No universal ROI,,,,,,Display text has no parseable number; numeric columns left blank.,,,,No universal ROI,,,,,All,None,,,,CEVID-0274,1,"Annual procurement cost = addressable volume × unit-price delta + audit, traceability, system and administration cost.",Set a Scope 3 emissions reduction target is a low-cost move for the customer; the main inputs are No universal ROI.,None,SG-INIT-0117,ALL_FOUR_SLOTS,DISPLAY_ONLY,display_only,ACTIVE,ACTIVE,PUBLIC,STANDARD,1.0,2026-08-18,Consolidate.xlsx,工作表1,118
CCF-0118,CARD-0469,"Establish a sustainable procurement policy, approved and sponsored at Board/ExCo level — Cost",cost,Supplier & Value Chain Engagement,Cost Factors,Cost,Cost,"Establish a sustainable procurement policy, approved and needs client-specific pricing; use 0 transferable £ benchmark until actual cost and volume are loaded.",,Strategy,"Low direct capex; primarily policy development, legal/procurement staff time and implementation",,,,0,,Single published figure stored as Value_Base.,,,procurement,Low direct capex; primarily policy development legal/procurement staff time and implementation,,,,,All,None,,,,CEVID-0273,1,"Annual procurement cost = addressable volume × unit-price delta + audit, traceability, system and administration cost.","Establish a sustainable procurement policy, approved and needs client-specific pricing; use 0 transferable £ benchmark until actual cost and volume are loaded.",None,SG-INIT-0118,ALL_FOUR_SLOTS,DISPLAY_ONLY,display_only,ACTIVE,ACTIVE,PUBLIC,STANDARD,1.0,2026-08-18,Consolidate.xlsx,工作表1,119
CCF-0119,CARD-0473,"Implement a regular cadence of touchpoints between procurement, sustainability, and category teams to drive Responsible Procurement priorities — Cost",cost,Supplier & Value Chain Engagement,Cost Factors,Cost,Cost,Implement a regular cadence of touchpoints between needs client-specific pricing; use 0 transferable £ benchmark until actual cost and volume are loaded.,,Strategy,Very low direct cost; mainly staff time and dashboard/reporting effort,,,,,,Display text has no parseable number; numeric columns left blank.,,,reporting,Very low direct cost; mainly staff time and dashboard/reporting effort,,,,,All,None,,,,CEVID-0275,1,"Annual procurement cost = addressable volume × unit-price delta + audit, traceability, system and administration cost.",Implement a regular cadence of touchpoints between needs client-specific pricing; use 0 transferable £ benchmark until actual cost and volume are loaded.,None,SG-INIT-0119,ALL_FOUR_SLOTS,DISPLAY_ONLY,display_only,ACTIVE,ACTIVE,PUBLIC,STANDARD,1.0,2026-08-18,Consolidate.xlsx,工作表1,120
CCF-0120,CARD-0477,Build sustainable procurement training and capability into the wider procurement team's professional development — Cost,cost,Supplier & Value Chain Engagement,Cost Factors,Cost,Cost,Build sustainable procurement training and capability into needs client-specific pricing; use 0 transferable £ benchmark until actual cost and volume are loaded.,,Strategy,Low to moderate cost depending on whether training is developed internally or externally,,,,,,Display text has no parseable number; numeric columns left blank.,,,,Low to moderate cost depending on whether training is developed internally or externally,,,,,All,None,,,,CEVID-0276,1,"Annual procurement cost = addressable volume × unit-price delta + audit, traceability, system and administration cost.",Build sustainable procurement training and capability into needs client-specific pricing; use 0 transferable £ benchmark until actual cost and volume are loaded.,None,SG-INIT-0120,ALL_FOUR_SLOTS,DISPLAY_ONLY,display_only,ACTIVE,ACTIVE,PUBLIC,STANDARD,1.0,2026-08-18,Consolidate.xlsx,工作表1,121
CCF-0121,CARD-0481,Collect sustainability data from suppliers — Cost,cost,Supplier & Value Chain Engagement,Cost Factors,Cost,Cost,Collect sustainability data from suppliers needs client-specific pricing; use 0 transferable £ benchmark until actual cost and volume are loaded.,,Engagement,Variable,,,,,,Display text has no parseable number; numeric columns left blank.,,,,Variable,,,,,All,None,,,,CEVID-0276,1,"Annual procurement cost = addressable volume × unit-price delta + audit, traceability, system and administration cost.",Collect sustainability data from suppliers needs client-specific pricing; use 0 transferable £ benchmark until actual cost and volume are loaded.,None,SG-INIT-0121,ALL_FOUR_SLOTS,DISPLAY_ONLY,display_only,ACTIVE,ACTIVE,PUBLIC,STANDARD,1.0,2026-08-18,Consolidate.xlsx,工作表1,122
CCF-0122,CARD-0485,Conduct lifecycle assessments (LCA) and collect product carbon footprints on key commodities to understand emissions at ingredient level — Cost,cost,Supplier & Value Chain Engagement,Cost Factors,Cost,Cost,Conduct lifecycle assessments (LCA) and collect product needs client-specific pricing; use 0 transferable £ benchmark until actual cost and volume are loaded.,,Engagement,Moderate to high analytical cost where bespoke LCAs are commissioned; lower where credible,,,,,,Display text has no parseable number; numeric columns left blank.,,,,Moderate to high analytical cost where bespoke LCAs are commissioned; lower where credible,,,,,All,None,,,,CEVID-0277,1,"Annual procurement cost = addressable volume × unit-price delta + audit, traceability, system and administration cost.",Conduct lifecycle assessments (LCA) and collect product needs client-specific pricing; use 0 transferable £ benchmark until actual cost and volume are loaded.,None,SG-INIT-0122,ALL_FOUR_SLOTS,DISPLAY_ONLY,display_only,ACTIVE,ACTIVE,PUBLIC,STANDARD,1.0,2026-08-18,Consolidate.xlsx,工作表1,123
CCF-0123,CARD-0489,Set supplier-facing requirements (Supplier codes of conduct) and communicate shared targets — Cost,cost,Supplier & Value Chain Engagement,Cost Factors,Cost,Cost,Set supplier-facing requirements (Supplier codes of needs client-specific pricing; use 0 transferable £ benchmark until actual cost and volume are loaded.,,Engagement,"Low to moderate implementation cost, mainly legal/procurement time, supplier communication and",,,,0,,Single published figure stored as Value_Base.,,,procurement,Low to moderate implementation cost mainly legal/procurement time supplier communication and,,,,,All,None,,,,CEVID-0276,1,"Annual procurement cost = addressable volume × unit-price delta + audit, traceability, system and administration cost.",Set supplier-facing requirements (Supplier codes of needs client-specific pricing; use 0 transferable £ benchmark until actual cost and volume are loaded.,None,SG-INIT-0123,ALL_FOUR_SLOTS,DISPLAY_ONLY,display_only,ACTIVE,ACTIVE,PUBLIC,STANDARD,1.0,2026-08-18,Consolidate.xlsx,工作表1,124
CCF-0124,CARD-0493,Use a supplier scorecard to track performance and prioritise engagement with material suppliers — Cost,cost,Supplier & Value Chain Engagement,Cost Factors,Cost,Cost,Use a supplier scorecard to track performance and needs client-specific pricing; use 0 transferable £ benchmark until actual cost and volume are loaded.,,Engagement,Low to moderate if built into existing procurement systems; higher if a third-party,,,,,,Display text has no parseable number; numeric columns left blank.,,,,Low to moderate if built into existing procurement systems; higher if a third party,,,,,All,None,,,,CEVID-0275,1,"Annual procurement cost = addressable volume × unit-price delta + audit, traceability, system and administration cost.",Use a supplier scorecard to track performance and needs client-specific pricing; use 0 transferable £ benchmark until actual cost and volume are loaded.,None,SG-INIT-0124,ALL_FOUR_SLOTS,DISPLAY_ONLY,display_only,ACTIVE,ACTIVE,PUBLIC,STANDARD,1.0,2026-08-18,Consolidate.xlsx,工作表1,125
CCF-0125,CARD-0497,"Provide a tailored supplier engagement strategy for material/priority suppliers (segmented by spend, risk, and emissions contribution) — Cost",cost,Supplier & Value Chain Engagement,Cost Factors,Cost,Cost,Provide a tailored supplier engagement strategy for needs client-specific pricing; use 0 transferable £ benchmark until actual cost and volume are loaded.,,Engagement,"Low to moderate programme cost; primarily staff time, supplier workshops, data tools and support",,,,0,,Single published figure stored as Value_Base.,,,,Low to moderate programme cost; primarily staff time supplier workshops data tools and support,,,,,All,None,,,,CEVID-0274,1,"Annual procurement cost = addressable volume × unit-price delta + audit, traceability, system and administration cost.",Provide a tailored supplier engagement strategy for needs client-specific pricing; use 0 transferable £ benchmark until actual cost and volume are loaded.,None,SG-INIT-0125,ALL_FOUR_SLOTS,DISPLAY_ONLY,display_only,ACTIVE,ACTIVE,PUBLIC,STANDARD,1.0,2026-08-18,Consolidate.xlsx,工作表1,126
CCF-0126,CARD-0501,"Incentivise supplier progress (e.g. preferred status, longer contracts) — Cost",cost,Supplier & Value Chain Engagement,Cost Factors,Cost,Cost,Incentivise supplier progress needs client-specific pricing; use 0 transferable £ benchmark until actual cost and volume are loaded.,,Engagement,Variable,,,,,,Display text has no parseable number; numeric columns left blank.,,,,Variable,,,,,All,None,,,,CEVID-0275,1,"Annual procurement cost = addressable volume × unit-price delta + audit, traceability, system and administration cost.",Incentivise supplier progress needs client-specific pricing; use 0 transferable £ benchmark until actual cost and volume are loaded.,None,SG-INIT-0126,ALL_FOUR_SLOTS,DISPLAY_ONLY,display_only,ACTIVE,ACTIVE,PUBLIC,STANDARD,1.0,2026-08-18,Consolidate.xlsx,工作表1,127
CCF-0127,CARD-0505,Co-invest with suppliers in decarbonisation or regenerative agriculture projects (e.g. insetting programmes) — Cost,cost,Supplier & Value Chain Engagement,Cost Factors,Cost,Cost,Co-invest with suppliers in decarbonisation or regenerative agriculture can change customer cost directly: Peer example: US$8.5m joint project funding.,,Engagement,Peer example: US$8.5m joint project funding,Peer example: US$8.5m joint project funding,,,8.5,,Single published figure stored as Value_Base.,USD,money,,Peer example: USm joint project funding,,,,,All,None,,,,CEVID-0278,1,Net project cost = gross investment − partner funding; cost per verified tCO₂e = net project cost ÷ verified reductions or removals.,Co-invest with suppliers in decarbonisation or regenerative agriculture can change customer cost directly: Peer example: US$8.5m joint project funding.,None,SG-INIT-0127,ALL_FOUR_SLOTS,DISPLAY_ONLY,display_only,ACTIVE,ACTIVE,PUBLIC,STANDARD,1.0,2026-08-18,Consolidate.xlsx,工作表1,128
CCF-0128,CARD-0509,"Map supply chains beyond Tier 1 (Tier 2/3, down to farm/origin level) for material (High-spend, high-carbon and/or high-risk commodities) — Cost",cost,Supplier & Value Chain Engagement,Cost Factors,Cost,Cost,"Map supply chains beyond Tier 1 (Tier 2/3, down to changes customer cost: Moderate to high depending on supply-chain complexity, supplier cooperation, traceability.",,Risk Anaysis,"Moderate to high depending on supply-chain complexity, supplier cooperation, traceability",,,,0,,Single published figure stored as Value_Base.,,,,Moderate to high depending on supply chain complexity supplier cooperation traceability,,,,,All,None,,,,CEVID-0273,1,"Annual procurement cost = addressable volume × unit-price delta + audit, traceability, system and administration cost.","Map supply chains beyond Tier 1 (Tier 2/3, down to changes customer cost: Moderate to high depending on supply-chain complexity, supplier cooperation, traceability.",None,SG-INIT-0128,ALL_FOUR_SLOTS,DISPLAY_ONLY,display_only,ACTIVE,ACTIVE,PUBLIC,STANDARD,1.0,2026-08-18,Consolidate.xlsx,工作表1,129
CCF-0129,CARD-0513,"Map exposure to forest-risk commodities (soy, palm oil, cocoa, coffee, beef/leather, rubber, timber/paper & packaging) — Cost",cost,Supplier & Value Chain Engagement,Cost Factors,Cost,Cost,Map exposure to forest-risk commodities needs client-specific pricing; use 0 transferable £ benchmark until actual cost and volume are loaded.,,Deforestation,Low to moderate for an initial desk-based screen; higher where specialist traceability datasets,,,,,,Display text has no parseable number; numeric columns left blank.,,,,Low to moderate for an initial desk based screen; higher where specialist traceability datasets,,,,,All,None,,,,CEVID-0273,1,"Annual procurement cost = addressable volume × unit-price delta + audit, traceability, system and administration cost.",Map exposure to forest-risk commodities needs client-specific pricing; use 0 transferable £ benchmark until actual cost and volume are loaded.,None,SG-INIT-0129,ALL_FOUR_SLOTS,DISPLAY_ONLY,display_only,ACTIVE,ACTIVE,PUBLIC,STANDARD,1.0,2026-08-18,Consolidate.xlsx,工作表1,130
CCF-0130,CARD-0517,Set a deforestation-free sourcing commitment and require traceability to origin — Cost,cost,Supplier & Value Chain Engagement,Cost Factors,Cost,Cost,Set a deforestation-free sourcing commitment and require needs client-specific pricing; use 0 transferable £ benchmark until actual cost and volume are loaded.,,Deforestation,"Low direct policy cost but potentially material sourcing, traceability and assurance costs",,,,0,,Single published figure stored as Value_Base.,,,,Low direct policy cost but potentially material sourcing traceability and assurance costs,,,,,All,None,,,,CEVID-0273,1,"Annual procurement cost = addressable volume × unit-price delta + audit, traceability, system and administration cost.",Set a deforestation-free sourcing commitment and require needs client-specific pricing; use 0 transferable £ benchmark until actual cost and volume are loaded.,None,SG-INIT-0130,ALL_FOUR_SLOTS,DISPLAY_ONLY,display_only,ACTIVE,ACTIVE,PUBLIC,STANDARD,1.0,2026-08-18,Consolidate.xlsx,工作表1,131
CCF-0131,CARD-0521,"Source certified sustainable commodities (e.g. RSPO for palm oil, Rainforest Alliance/UTZ or 4C for coffee and cocoa, FSC/PEFC for timber and paper-based packaging) — Cost",cost,Supplier & Value Chain Engagement,Cost Factors,Cost,Cost,Source certified sustainable commodities needs client-specific pricing; use 0 transferable £ benchmark until actual cost and volume are loaded.,,Deforestation,"Certification may involve supplier premiums, audit/chain-of-custody fees and administration",,,,0,,Single published figure stored as Value_Base.,,,chain,Certification may involve supplier premiums audit/chain of custody fees and administration,,,,,All,None,,,,CEVID-0273,1,"Annual procurement cost = addressable volume × unit-price delta + audit, traceability, system and administration cost.",Source certified sustainable commodities needs client-specific pricing; use 0 transferable £ benchmark until actual cost and volume are loaded.,None,SG-INIT-0131,ALL_FOUR_SLOTS,DISPLAY_ONLY,display_only,ACTIVE,ACTIVE,PUBLIC,STANDARD,1.0,2026-08-18,Consolidate.xlsx,工作表1,132
CCF-0132,CARD-0525,Establish corporate travel policies that prioritise lower carbon transport — Cost,cost,Supply Chain,Cost Factors,Cost,Cost,"A lower-carbon travel policy is a low-cost control that can be implemented in 1–3 months, reducing travel spend and approval friction without restricting business activity.",,Transport and Distribution,"Low-cost policy design; booking controls, approval rules and staff communications",,,,0,,Single published figure stored as Value_Base.,,,,Low cost policy design; booking controls approval rules and staff communications,,,,,all,,,,,CEVID-0279,1,Annual programme cost = internal design and review hours × loaded hourly rate + booking-system and communication cost.,"A lower-carbon travel policy is a low-cost control that can be implemented in 1–3 months, reducing travel spend and approval friction without restricting business activity.",,SG-INIT-0132,ALL_FOUR_SLOTS,DISPLAY_ONLY,display_only,ACTIVE,ACTIVE,PUBLIC,STANDARD,1.0,2026-08-18,Consolidate.xlsx,工作表1,133
CCF-0133,CARD-0529,Provide infrastructure and incentives for low-carbon guest travel — Cost,cost,Supply Chain,Cost Factors,Cost,Cost,"Managed EV charging can turn a guest amenity into revenue: a 4-charger hospitality case reported <6-month payback and £6,300+ annual revenue.",,Transport and Distribution,"4 chargers: 2 × 22kW and 2 × 7kW; <6-month payback; £6,300+ annual revenue","4 chargers: 2 × 22kW and 2 × 7kW; <6-month payback; £6,300+ annual revenue",,,4,,Single published figure stored as Value_Base.,GBP,money,,chargers: × kW and × kW; < month payback; + annual revenue,annual,,annual,,all,,,,,CEVID-0280,5,"Annual net benefit = charging-session revenue + incremental guest contribution − electricity, platform, maintenance and incentive cost.","Managed EV charging can turn a guest amenity into revenue: a 4-charger hospitality case reported <6-month payback and £6,300+ annual revenue.",,SG-INIT-0133,ALL_FOUR_SLOTS,DISPLAY_ONLY,display_only,ACTIVE,ACTIVE,PUBLIC,STANDARD,1.0,2026-08-18,Consolidate.xlsx,工作表1,134
CCF-0134,CARD-0533,Commission specialist assessments for on-farm emissions hotspots in the top three commodities — Cost,cost,Nature & Resources,Cost Factors,Cost,Cost,"Commission specialist on-farm emissions assessments for the top three commodities has 0 transferable £ benchmark; build the customer case from client capex, operating cost and avoided cost.",,Nature & Biodiversity – Supplier Engagement,"0 transferable £ benchmark; client capex, operating cost, activity volume and avoided-cost data required","0 transferable £ benchmark; client capex, operating cost, activity volume and avoided-cost data required",,,0,,Single published figure stored as Value_Base.,GBP,money,,transferable benchmark; client capex operating cost activity volume and avoided cost data required,,,,,"Restaurant, QSR, Pubs/Bars, Contract Caterers, Hotels, Brewries, Experiential Leisure",,,,,,0,"Annual programme cost = internal hours × loaded hourly rate + specialist, audit, data-system and assurance fees.","Commission specialist on-farm emissions assessments for the top three commodities has 0 transferable £ benchmark; build the customer case from client capex, operating cost and avoided cost.",,SG-INIT-0134,ALL_FOUR_SLOTS,DISPLAY_ONLY,display_only,ACTIVE,ACTIVE,PUBLIC,UNLINKED,1.0,2026-08-18,Consolidate.xlsx,工作表1,135
CCF-0135,CARD-0537,Publish a biodiversity policy with named targets and owner — Cost,cost,Nature & Resources,Cost Factors,Cost,Cost,"Publish a biodiversity policy with named targets and owner has 0 transferable £ benchmark; build the customer case from client capex, operating cost and avoided cost.",,Nature & Biodiversity – Biodiversity,"0 transferable £ benchmark; client capex, operating cost, activity volume and avoided-cost data required","0 transferable £ benchmark; client capex, operating cost, activity volume and avoided-cost data required",,,0,,Single published figure stored as Value_Base.,GBP,money,,transferable benchmark; client capex operating cost activity volume and avoided cost data required,,,,,"Restaurant, QSR, Pubs/Bars, Contract Caterers, Hotels, Brewries, Experiential Leisure",,,,,,0,"Annual programme cost = internal hours × loaded hourly rate + specialist, audit, data-system and assurance fees.","Publish a biodiversity policy with named targets and owner has 0 transferable £ benchmark; build the customer case from client capex, operating cost and avoided cost.",,SG-INIT-0135,ALL_FOUR_SLOTS,DISPLAY_ONLY,display_only,ACTIVE,ACTIVE,PUBLIC,UNLINKED,1.0,2026-08-18,Consolidate.xlsx,工作表1,136
CCF-0136,CARD-0541,Ensure compliance with Biodiversity Net Gain (BNG) requirements — Cost,cost,Nature & Resources,Cost Factors,Cost,Cost,"Ensure compliance with Biodiversity Net Gain requirements has 0 transferable £ benchmark; build the customer case from client capex, operating cost and avoided cost.",,Nature & Biodiversity – Biodiversity,"0 transferable £ benchmark; client capex, operating cost, activity volume and avoided-cost data required","0 transferable £ benchmark; client capex, operating cost, activity volume and avoided-cost data required",,,0,,Single published figure stored as Value_Base.,GBP,money,,transferable benchmark; client capex operating cost activity volume and avoided cost data required,,,,,"Restaurant, QSR, Pubs/Bars, Contract Caterers, Hotels, Brewries, Experiential Leisure",,,,,,0,"Annual programme cost = internal hours × loaded hourly rate + specialist, audit, data-system and assurance fees.","Ensure compliance with Biodiversity Net Gain requirements has 0 transferable £ benchmark; build the customer case from client capex, operating cost and avoided cost.",,SG-INIT-0136,ALL_FOUR_SLOTS,DISPLAY_ONLY,display_only,ACTIVE,ACTIVE,PUBLIC,UNLINKED,1.0,2026-08-18,Consolidate.xlsx,工作表1,137
CCF-0137,CARD-0545,Engage priority suppliers by spend on biodiversity and request a formal response within 90 days — Cost,cost,Nature & Resources,Cost Factors,Cost,Cost,"Engage priority suppliers on biodiversity and request a formal response within 90 days has 0 transferable £ benchmark; build the customer case from client capex, operating cost and avoided cost.",,Nature & Biodiversity – Biodiversity,"0 transferable £ benchmark; client capex, operating cost, activity volume and avoided-cost data required","0 transferable £ benchmark; client capex, operating cost, activity volume and avoided-cost data required",,,0,,Single published figure stored as Value_Base.,GBP,money,,transferable benchmark; client capex operating cost activity volume and avoided cost data required,,,,,"Restaurant, QSR, Pubs/Bars, Contract Caterers, Hotels, Brewries, Experiential Leisure",,,,,,0,"Annual programme cost = internal hours × loaded hourly rate + specialist, audit, data-system and assurance fees.","Engage priority suppliers on biodiversity and request a formal response within 90 days has 0 transferable £ benchmark; build the customer case from client capex, operating cost and avoided cost.",,SG-INIT-0137,ALL_FOUR_SLOTS,DISPLAY_ONLY,display_only,ACTIVE,ACTIVE,PUBLIC,UNLINKED,1.0,2026-08-18,Consolidate.xlsx,工作表1,138
CCF-0138,CARD-0549,Undertake a TNFD review — Cost,cost,Nature & Resources,Cost Factors,Cost,Cost,"Undertake a TNFD review has 0 transferable £ benchmark; build the customer case from client capex, operating cost and avoided cost.",,Nature & Biodiversity – Biodiversity,"0 transferable £ benchmark; client capex, operating cost, activity volume and avoided-cost data required","0 transferable £ benchmark; client capex, operating cost, activity volume and avoided-cost data required",,,0,,Single published figure stored as Value_Base.,GBP,money,,transferable benchmark; client capex operating cost activity volume and avoided cost data required,,,,,"Restaurant, QSR, Pubs/Bars, Contract Caterers, Hotels, Brewries, Experiential Leisure",,,,,,0,"Annual programme cost = internal hours × loaded hourly rate + specialist, audit, data-system and assurance fees.","Undertake a TNFD review has 0 transferable £ benchmark; build the customer case from client capex, operating cost and avoided cost.",,SG-INIT-0138,ALL_FOUR_SLOTS,DISPLAY_ONLY,display_only,ACTIVE,ACTIVE,PUBLIC,UNLINKED,1.0,2026-08-18,Consolidate.xlsx,工作表1,139
CCF-0139,CARD-0553,Fund a named biodiversity protection or restoration programme with annual investment and independent verification — Cost,cost,Nature & Resources,Cost Factors,Cost,Cost,"Fund a verified biodiversity protection or restoration programme has 0 transferable £ benchmark; build the customer case from client capex, operating cost and avoided cost.",,Nature & Biodiversity – Biodiversity,"0 transferable £ benchmark; client capex, operating cost, activity volume and avoided-cost data required","0 transferable £ benchmark; client capex, operating cost, activity volume and avoided-cost data required",,,0,,Single published figure stored as Value_Base.,GBP,money,,transferable benchmark; client capex operating cost activity volume and avoided cost data required,,,,,"Restaurant, QSR, Pubs/Bars, Contract Caterers, Hotels, Brewries, Experiential Leisure",,,,,,0,"Annual programme cost = internal hours × loaded hourly rate + specialist, audit, data-system and assurance fees.","Fund a verified biodiversity protection or restoration programme has 0 transferable £ benchmark; build the customer case from client capex, operating cost and avoided cost.",,SG-INIT-0139,ALL_FOUR_SLOTS,DISPLAY_ONLY,display_only,ACTIVE,ACTIVE,PUBLIC,UNLINKED,1.0,2026-08-18,Consolidate.xlsx,工作表1,140
CCF-0140,CARD-0557,Complete a water efficiency audit across all kitchen and bathroom fixtures and implement identified measures within 12 months — Cost,cost,Nature & Resources,Cost Factors,Cost,Cost,"Audit kitchen and bathroom water efficiency and implement measures within 12 months has 0 transferable £ benchmark; build the customer case from client capex, operating cost and avoided cost.",,Water Management – Water,"0 transferable £ benchmark; client capex, operating cost, activity volume and avoided-cost data required","0 transferable £ benchmark; client capex, operating cost, activity volume and avoided-cost data required",,,0,,Single published figure stored as Value_Base.,GBP,money,,transferable benchmark; client capex operating cost activity volume and avoided cost data required,,,,,"Restaurant, QSR, Pubs/Bars, Contract Caterers, Hotels, Brewries, Experiential Leisure",,,,,,0,Annual net saving = avoided water m³ × water/sewer tariff + avoided kWh × energy tariff − maintenance and treatment cost.,"Audit kitchen and bathroom water efficiency and implement measures within 12 months has 0 transferable £ benchmark; build the customer case from client capex, operating cost and avoided cost.",,SG-INIT-0140,ALL_FOUR_SLOTS,DISPLAY_ONLY,display_only,ACTIVE,ACTIVE,PUBLIC,UNLINKED,1.0,2026-08-18,Consolidate.xlsx,工作表1,141
CCF-0141,CARD-0561,"Complete a formal water risk assessment for all owned sites and top 10 suppliers by spend, with a mitigation plan for each identified risk — Cost",cost,Nature & Resources,Cost Factors,Cost,Cost,"Assess water risk across owned sites and the top 10 suppliers has 0 transferable £ benchmark; build the customer case from client capex, operating cost and avoided cost.",,Water Management – Water,"0 transferable £ benchmark; client capex, operating cost, activity volume and avoided-cost data required","0 transferable £ benchmark; client capex, operating cost, activity volume and avoided-cost data required",,,0,,Single published figure stored as Value_Base.,GBP,money,,transferable benchmark; client capex operating cost activity volume and avoided cost data required,,,,,"Restaurant, QSR, Pubs/Bars, Contract Caterers, Hotels, Brewries, Experiential Leisure",,,,,,0,"Annual programme cost = internal hours × loaded hourly rate + specialist, audit, data-system and assurance fees.","Assess water risk across owned sites and the top 10 suppliers has 0 transferable £ benchmark; build the customer case from client capex, operating cost and avoided cost.",,SG-INIT-0141,ALL_FOUR_SLOTS,DISPLAY_ONLY,display_only,ACTIVE,ACTIVE,PUBLIC,UNLINKED,1.0,2026-08-18,Consolidate.xlsx,工作表1,142
CCF-0142,CARD-0565,Recycle rainwater and grey water — Cost,cost,Nature & Resources,Cost Factors,Cost,Cost,"Recycle rainwater and grey water has 0 transferable £ benchmark; build the customer case from client capex, operating cost and avoided cost.",,Water Management – Water,"0 transferable £ benchmark; client capex, operating cost, activity volume and avoided-cost data required","0 transferable £ benchmark; client capex, operating cost, activity volume and avoided-cost data required",,,0,,Single published figure stored as Value_Base.,GBP,money,,transferable benchmark; client capex operating cost activity volume and avoided cost data required,,,,,"Restaurant, QSR, Pubs/Bars, Contract Caterers, Hotels, Brewries, Experiential Leisure",,,,,,0,Annual net saving = avoided water m³ × water/sewer tariff + avoided kWh × energy tariff − maintenance and treatment cost.,"Recycle rainwater and grey water has 0 transferable £ benchmark; build the customer case from client capex, operating cost and avoided cost.",,SG-INIT-0142,ALL_FOUR_SLOTS,DISPLAY_ONLY,display_only,ACTIVE,ACTIVE,PUBLIC,UNLINKED,1.0,2026-08-18,Consolidate.xlsx,工作表1,143
CCF-0143,CARD-0569,Self-supply water direct from the wholesale water market — Cost,cost,Nature & Resources,Cost Factors,Cost,Cost,"Self-supply water direct from the wholesale water market has 0 transferable £ benchmark; build the customer case from client capex, operating cost and avoided cost.",,Water Management – Water,"0 transferable £ benchmark; client capex, operating cost, activity volume and avoided-cost data required","0 transferable £ benchmark; client capex, operating cost, activity volume and avoided-cost data required",,,0,,Single published figure stored as Value_Base.,GBP,money,,transferable benchmark; client capex operating cost activity volume and avoided cost data required,,,,,"Restaurant, QSR, Pubs/Bars, Contract Caterers, Hotels, Brewries, Experiential Leisure",,,,,,0,"Annual programme cost = internal hours × loaded hourly rate + specialist, audit, data-system and assurance fees.","Self-supply water direct from the wholesale water market has 0 transferable £ benchmark; build the customer case from client capex, operating cost and avoided cost.",,SG-INIT-0143,ALL_FOUR_SLOTS,DISPLAY_ONLY,display_only,ACTIVE,ACTIVE,PUBLIC,UNLINKED,1.0,2026-08-18,Consolidate.xlsx,工作表1,144
CCF-0144,CARD-0573,Complete supply chain water mapping covering top 5 commodities by estimated water use — Cost,cost,Nature & Resources,Cost Factors,Cost,Cost,"Complete supply chain water mapping covering top 5 commodities by estimated water use has 0 transferable £ benchmark; build the customer case from client capex, operating cost and avoided cost.",,Water Management – Water,"0 transferable £ benchmark; client capex, operating cost, activity volume and avoided-cost data required","0 transferable £ benchmark; client capex, operating cost, activity volume and avoided-cost data required",,,0,,Single published figure stored as Value_Base.,GBP,money,,transferable benchmark; client capex operating cost activity volume and avoided cost data required,,,,,"Restaurant, QSR, Pubs/Bars, Contract Caterers, Hotels, Brewries, Experiential Leisure",,,,,,0,"Annual programme cost = internal hours × loaded hourly rate + specialist, audit, data-system and assurance fees.","Complete supply chain water mapping covering top 5 commodities by estimated water use has 0 transferable £ benchmark; build the customer case from client capex, operating cost and avoided cost.",,SG-INIT-0144,ALL_FOUR_SLOTS,DISPLAY_ONLY,display_only,ACTIVE,ACTIVE,PUBLIC,UNLINKED,1.0,2026-08-18,Consolidate.xlsx,工作表1,145
CCF-0145,CARD-0577,Use high-efficiency shower and faucet aerators — Cost,cost,Nature & Resources,Cost Factors,Cost,Cost,"Use high-efficiency shower and faucet aerators has 0 transferable £ benchmark; build the customer case from client capex, operating cost and avoided cost.",,Water Management – Water,"0 transferable £ benchmark; client capex, operating cost, activity volume and avoided-cost data required","0 transferable £ benchmark; client capex, operating cost, activity volume and avoided-cost data required",,,0,,Single published figure stored as Value_Base.,GBP,money,,transferable benchmark; client capex operating cost activity volume and avoided cost data required,,,,,"Restaurant, QSR, Pubs/Bars, Contract Caterers, Hotels, Brewries, Experiential Leisure",,,,,,0,Annual net saving = avoided water m³ × water/sewer tariff + avoided kWh × energy tariff − maintenance and treatment cost.,"Use high-efficiency shower and faucet aerators has 0 transferable £ benchmark; build the customer case from client capex, operating cost and avoided cost.",,SG-INIT-0145,ALL_FOUR_SLOTS,DISPLAY_ONLY,display_only,ACTIVE,ACTIVE,PUBLIC,UNLINKED,1.0,2026-08-18,Consolidate.xlsx,工作表1,146
CCF-0146,CARD-0581,Optimise hot liquor use — Cost,cost,Nature & Resources,Cost Factors,Cost,Cost,"Optimise hot liquor use has 0 transferable £ benchmark; build the customer case from client capex, operating cost and avoided cost.",,Water Management – Brewing,"0 transferable £ benchmark; client capex, operating cost, activity volume and avoided-cost data required","0 transferable £ benchmark; client capex, operating cost, activity volume and avoided-cost data required",,,0,,Single published figure stored as Value_Base.,GBP,money,,transferable benchmark; client capex operating cost activity volume and avoided cost data required,,,,,"Brewries, Pubs/Bars (partial)","Restaurant, QSR, Contract Caterers, Hotels, Experiential Leisure",,,,,0,Annual net saving = avoided water m³ × water/sewer tariff + avoided kWh × energy tariff − maintenance and treatment cost.,"Optimise hot liquor use has 0 transferable £ benchmark; build the customer case from client capex, operating cost and avoided cost.","Restaurant, QSR, Contract Caterers, Hotels, Experiential Leisure",SG-INIT-0146,ALL_FOUR_SLOTS,DISPLAY_ONLY,display_only,ACTIVE,ACTIVE,PUBLIC,UNLINKED,1.0,2026-08-18,Consolidate.xlsx,工作表1,147
CCF-0147,CARD-0585,Optimise CIP wash temperature — Cost,cost,Nature & Resources,Cost Factors,Cost,Cost,"Optimise CIP wash temperature has 0 transferable £ benchmark; build the customer case from client capex, operating cost and avoided cost.",,Water Management – Brewing,"0 transferable £ benchmark; client capex, operating cost, activity volume and avoided-cost data required","0 transferable £ benchmark; client capex, operating cost, activity volume and avoided-cost data required",,,0,,Single published figure stored as Value_Base.,GBP,money,,transferable benchmark; client capex operating cost activity volume and avoided cost data required,,,,,"Brewries, Pubs/Bars (partial)","Restaurant, QSR, Contract Caterers, Hotels, Experiential Leisure",,,,,0,Annual net saving = avoided water m³ × water/sewer tariff + avoided kWh × energy tariff − maintenance and treatment cost.,"Optimise CIP wash temperature has 0 transferable £ benchmark; build the customer case from client capex, operating cost and avoided cost.","Restaurant, QSR, Contract Caterers, Hotels, Experiential Leisure",SG-INIT-0147,ALL_FOUR_SLOTS,DISPLAY_ONLY,display_only,ACTIVE,ACTIVE,PUBLIC,UNLINKED,1.0,2026-08-18,Consolidate.xlsx,工作表1,148
CCF-0148,CARD-0589,Reduce water temp in laundry; and line dry linens where possible — Cost,cost,Nature & Resources,Cost Factors,Cost,Cost,"Reduce water temp in laundry; and line dry linens where possible has 0 transferable £ benchmark; build the customer case from client capex, operating cost and avoided cost.",,Water Management – Brewing,"0 transferable £ benchmark; client capex, operating cost, activity volume and avoided-cost data required","0 transferable £ benchmark; client capex, operating cost, activity volume and avoided-cost data required",,,0,,Single published figure stored as Value_Base.,GBP,money,,transferable benchmark; client capex operating cost activity volume and avoided cost data required,,,,,"Hotels, Pubs/Bars (partial), Experiential Leisure (partial)","Restaurant, QSR, Contract Caterers, Brewries",,,,,0,Annual net saving = avoided water m³ × water/sewer tariff + avoided kWh × energy tariff − maintenance and treatment cost.,"Reduce water temp in laundry; and line dry linens where possible has 0 transferable £ benchmark; build the customer case from client capex, operating cost and avoided cost.","Restaurant, QSR, Contract Caterers, Brewries",SG-INIT-0148,ALL_FOUR_SLOTS,DISPLAY_ONLY,display_only,ACTIVE,ACTIVE,PUBLIC,UNLINKED,1.0,2026-08-18,Consolidate.xlsx,工作表1,149
CCF-0149,CARD-0593,Conduct a waste characterisation assessment — Cost,cost,Nature & Resources,Cost Factors,Cost,Cost,"Conduct a waste characterisation assessment has 0 transferable £ benchmark; build the customer case from client capex, operating cost and avoided cost.",,Waste & Circularity – Waste Management,"0 transferable £ benchmark; client capex, operating cost, activity volume and avoided-cost data required","0 transferable £ benchmark; client capex, operating cost, activity volume and avoided-cost data required",,,0,,Single published figure stored as Value_Base.,GBP,money,,transferable benchmark; client capex operating cost activity volume and avoided cost data required,,,,,"Restaurant, QSR, Pubs/Bars, Contract Caterers, Hotels, Brewries, Experiential Leisure",,,,,,0,"Annual programme cost = internal hours × loaded hourly rate + specialist, audit, data-system and assurance fees.","Conduct a waste characterisation assessment has 0 transferable £ benchmark; build the customer case from client capex, operating cost and avoided cost.",,SG-INIT-0149,ALL_FOUR_SLOTS,DISPLAY_ONLY,display_only,ACTIVE,ACTIVE,PUBLIC,UNLINKED,1.0,2026-08-18,Consolidate.xlsx,工作表1,150
CCF-0150,CARD-0597,"Set a documented food waste reduction target with a baseline year, an interim milestone, and a final target date — Cost",cost,Nature & Resources,Cost Factors,Cost,Cost,"Set a dated food-waste reduction target with a baseline and interim milestone has 0 transferable £ benchmark; build the customer case from client capex, operating cost and avoided cost.",,Waste & Circularity – Waste Management,"0 transferable £ benchmark; client capex, operating cost, activity volume and avoided-cost data required","0 transferable £ benchmark; client capex, operating cost, activity volume and avoided-cost data required",,,0,,Single published figure stored as Value_Base.,GBP,money,,transferable benchmark; client capex operating cost activity volume and avoided cost data required,,,,,"Restaurant, QSR, Pubs/Bars, Contract Caterers, Hotels, Brewries, Experiential Leisure",Partial for Experiential Leisure & Brewries,,,,,0,"Annual programme cost = internal hours × loaded hourly rate + specialist, audit, data-system and assurance fees.","Set a dated food-waste reduction target with a baseline and interim milestone has 0 transferable £ benchmark; build the customer case from client capex, operating cost and avoided cost.",Partial for Experiential Leisure & Brewries,SG-INIT-0150,ALL_FOUR_SLOTS,DISPLAY_ONLY,display_only,ACTIVE,ACTIVE,PUBLIC,UNLINKED,1.0,2026-08-18,Consolidate.xlsx,工作表1,151
CCF-0151,CARD-0601,Segregate food waste for composting or Anaerobic Digestion — Cost,cost,Nature & Resources,Cost Factors,Cost,Cost,"Segregate food waste for composting or Anaerobic Digestion has 0 transferable £ benchmark; build the customer case from client capex, operating cost and avoided cost.",,Waste & Circularity – Waste Management,"0 transferable £ benchmark; client capex, operating cost, activity volume and avoided-cost data required","0 transferable £ benchmark; client capex, operating cost, activity volume and avoided-cost data required",,,0,,Single published figure stored as Value_Base.,GBP,money,,transferable benchmark; client capex operating cost activity volume and avoided cost data required,,,,,"Restaurant, QSR, Pubs/Bars, Contract Caterers, Hotels, Brewries, Experiential Leisure",Partial for Experiential Leisure & Brewries,,,,,0,Annual net saving = avoided material or food kg × verified unit cost + avoided disposal cost − operating and maintenance cost.,"Segregate food waste for composting or Anaerobic Digestion has 0 transferable £ benchmark; build the customer case from client capex, operating cost and avoided cost.",Partial for Experiential Leisure & Brewries,SG-INIT-0151,ALL_FOUR_SLOTS,DISPLAY_ONLY,display_only,ACTIVE,ACTIVE,PUBLIC,UNLINKED,1.0,2026-08-18,Consolidate.xlsx,工作表1,152
CCF-0152,CARD-0605,Distribute Surplus Food via a credible distribution partner — Cost,cost,Nature & Resources,Cost Factors,Cost,Cost,"Distribute Surplus Food via a credible distribution partner has 0 transferable £ benchmark; build the customer case from client capex, operating cost and avoided cost.",,Waste & Circularity – Waste Management,"0 transferable £ benchmark; client capex, operating cost, activity volume and avoided-cost data required","0 transferable £ benchmark; client capex, operating cost, activity volume and avoided-cost data required",,,0,,Single published figure stored as Value_Base.,GBP,money,,transferable benchmark; client capex operating cost activity volume and avoided cost data required,,,,,"Restaurant, QSR, Pubs/Bars, Contract Caterers, Hotels, Brewries, Experiential Leisure",Partial for Experiential Leisure & Brewries,,,,,0,Annual net saving = avoided material or food kg × verified unit cost + avoided disposal cost − operating and maintenance cost.,"Distribute Surplus Food via a credible distribution partner has 0 transferable £ benchmark; build the customer case from client capex, operating cost and avoided cost.",Partial for Experiential Leisure & Brewries,SG-INIT-0152,ALL_FOUR_SLOTS,DISPLAY_ONLY,display_only,ACTIVE,ACTIVE,PUBLIC,UNLINKED,1.0,2026-08-18,Consolidate.xlsx,工作表1,153
CCF-0153,CARD-0609,Complete a circularity audit covering the top three waste streams by volume and identify at least one viable circular option per stream within 90 days — Cost,cost,Nature & Resources,Cost Factors,Cost,Cost,"Audit the top three waste streams and identify one circular option per stream within 90 days has 0 transferable £ benchmark; build the customer case from client capex, operating cost and avoided cost.",,Waste & Circularity – Waste Management,"0 transferable £ benchmark; client capex, operating cost, activity volume and avoided-cost data required","0 transferable £ benchmark; client capex, operating cost, activity volume and avoided-cost data required",,,0,,Single published figure stored as Value_Base.,GBP,money,,transferable benchmark; client capex operating cost activity volume and avoided cost data required,,,,,"Restaurant, QSR, Pubs/Bars, Contract Caterers, Hotels, Brewries, Experiential Leisure",,,,,,0,"Annual programme cost = internal hours × loaded hourly rate + specialist, audit, data-system and assurance fees.","Audit the top three waste streams and identify one circular option per stream within 90 days has 0 transferable £ benchmark; build the customer case from client capex, operating cost and avoided cost.",,SG-INIT-0153,ALL_FOUR_SLOTS,DISPLAY_ONLY,display_only,ACTIVE,ACTIVE,PUBLIC,UNLINKED,1.0,2026-08-18,Consolidate.xlsx,工作表1,154
CCF-0154,CARD-0613,Train operational teams to reduce production waste and measure pre/post-training waste performance — Cost,cost,Nature & Resources,Cost Factors,Cost,Cost,"Train operational teams to reduce production waste and measure pre/post-training waste performance has 0 transferable £ benchmark; build the customer case from client capex, operating cost and avoided cost.",,Waste & Circularity – Waste Management,"0 transferable £ benchmark; client capex, operating cost, activity volume and avoided-cost data required","0 transferable £ benchmark; client capex, operating cost, activity volume and avoided-cost data required",,,0,,Single published figure stored as Value_Base.,GBP,money,,transferable benchmark; client capex operating cost activity volume and avoided cost data required,,,,,"Restaurant, QSR, Pubs/Bars, Contract Caterers, Hotels, Brewries, Experiential Leisure",,,,,,0,"Annual programme cost = internal hours × loaded hourly rate + specialist, audit, data-system and assurance fees.","Train operational teams to reduce production waste and measure pre/post-training waste performance has 0 transferable £ benchmark; build the customer case from client capex, operating cost and avoided cost.",,SG-INIT-0154,ALL_FOUR_SLOTS,DISPLAY_ONLY,display_only,ACTIVE,ACTIVE,PUBLIC,UNLINKED,1.0,2026-08-18,Consolidate.xlsx,工作表1,155
CCF-0155,CARD-0617,Quantify your food waste — Cost,cost,Nature & Resources,Cost Factors,Cost,Cost,"Quantify your food waste has 0 transferable £ benchmark; build the customer case from client capex, operating cost and avoided cost.",,Waste & Circularity – Waste Management,"0 transferable £ benchmark; client capex, operating cost, activity volume and avoided-cost data required","0 transferable £ benchmark; client capex, operating cost, activity volume and avoided-cost data required",,,0,,Single published figure stored as Value_Base.,GBP,money,,transferable benchmark; client capex operating cost activity volume and avoided cost data required,,,,,"Restaurant, QSR, Pubs/Bars, Contract Caterers, Hotels, Brewries, Experiential Leisure",Partial for Experiential Leisure & Brewries,,,,,0,"Annual programme cost = internal hours × loaded hourly rate + specialist, audit, data-system and assurance fees.","Quantify your food waste has 0 transferable £ benchmark; build the customer case from client capex, operating cost and avoided cost.",Partial for Experiential Leisure & Brewries,SG-INIT-0155,ALL_FOUR_SLOTS,DISPLAY_ONLY,display_only,ACTIVE,ACTIVE,PUBLIC,UNLINKED,1.0,2026-08-18,Consolidate.xlsx,工作表1,156
CCF-0156,CARD-0621,Extend the life of your cooking oil — Cost,cost,Nature & Resources,Cost Factors,Cost,Cost,"Extend the life of your cooking oil has 0 transferable £ benchmark; build the customer case from client capex, operating cost and avoided cost.",,Waste & Circularity – Waste Management,"0 transferable £ benchmark; client capex, operating cost, activity volume and avoided-cost data required","0 transferable £ benchmark; client capex, operating cost, activity volume and avoided-cost data required",,,0,,Single published figure stored as Value_Base.,GBP,money,,transferable benchmark; client capex operating cost activity volume and avoided cost data required,,,,,"Restaurant, QSR, Pubs/Bars, Contract Caterers, Hotels, Brewries, Experiential Leisure",Partial for Experiential Leisure & Brewries,,,,,0,Annual net saving = avoided material or food kg × verified unit cost + avoided disposal cost − operating and maintenance cost.,"Extend the life of your cooking oil has 0 transferable £ benchmark; build the customer case from client capex, operating cost and avoided cost.",Partial for Experiential Leisure & Brewries,SG-INIT-0156,ALL_FOUR_SLOTS,DISPLAY_ONLY,display_only,ACTIVE,ACTIVE,PUBLIC,UNLINKED,1.0,2026-08-18,Consolidate.xlsx,工作表1,157
CCF-0157,CARD-0625,Recycle your used cooking oil at end of life — Cost,cost,Nature & Resources,Cost Factors,Cost,Cost,"Recycle your used cooking oil at end of life has 0 transferable £ benchmark; build the customer case from client capex, operating cost and avoided cost.",,Waste & Circularity – Waste Management,"0 transferable £ benchmark; client capex, operating cost, activity volume and avoided-cost data required","0 transferable £ benchmark; client capex, operating cost, activity volume and avoided-cost data required",,,0,,Single published figure stored as Value_Base.,GBP,money,,transferable benchmark; client capex operating cost activity volume and avoided cost data required,,,,,"Restaurant, QSR, Pubs/Bars, Contract Caterers, Hotels, Brewries, Experiential Leisure",Partial for Experiential Leisure & Brewries,,,,,0,Annual net saving = avoided material or food kg × verified unit cost + avoided disposal cost − operating and maintenance cost.,"Recycle your used cooking oil at end of life has 0 transferable £ benchmark; build the customer case from client capex, operating cost and avoided cost.",Partial for Experiential Leisure & Brewries,SG-INIT-0157,ALL_FOUR_SLOTS,DISPLAY_ONLY,display_only,ACTIVE,ACTIVE,PUBLIC,UNLINKED,1.0,2026-08-18,Consolidate.xlsx,工作表1,158
CCF-0158,CARD-0629,Process food waste on-site — Cost,cost,Nature & Resources,Cost Factors,Cost,Cost,"Process food waste on-site has 0 transferable £ benchmark; build the customer case from client capex, operating cost and avoided cost.",,Waste & Circularity – Waste Management,"0 transferable £ benchmark; client capex, operating cost, activity volume and avoided-cost data required","0 transferable £ benchmark; client capex, operating cost, activity volume and avoided-cost data required",,,0,,Single published figure stored as Value_Base.,GBP,money,,transferable benchmark; client capex operating cost activity volume and avoided cost data required,,,,,"Restaurant, QSR, Pubs/Bars, Contract Caterers, Hotels, Brewries, Experiential Leisure",Partial for Experiential Leisure & Brewries,,,,,0,Annual net saving = avoided material or food kg × verified unit cost + avoided disposal cost − operating and maintenance cost.,"Process food waste on-site has 0 transferable £ benchmark; build the customer case from client capex, operating cost and avoided cost.",Partial for Experiential Leisure & Brewries,SG-INIT-0158,ALL_FOUR_SLOTS,DISPLAY_ONLY,display_only,ACTIVE,ACTIVE,PUBLIC,UNLINKED,1.0,2026-08-18,Consolidate.xlsx,工作表1,159
CCF-0159,CARD-0633,Recycle and responsibly dispose of staff uniforms at end-of-life — Cost,cost,Nature & Resources,Cost Factors,Cost,Cost,"Recycle and responsibly dispose of staff uniforms at end-of-life has 0 transferable £ benchmark; build the customer case from client capex, operating cost and avoided cost.",,Waste & Circularity – Waste Management,"0 transferable £ benchmark; client capex, operating cost, activity volume and avoided-cost data required","0 transferable £ benchmark; client capex, operating cost, activity volume and avoided-cost data required",,,0,,Single published figure stored as Value_Base.,GBP,money,,transferable benchmark; client capex operating cost activity volume and avoided cost data required,,,,,"Restaurant, QSR, Pubs/Bars, Contract Caterers, Hotels, Brewries, Experiential Leisure",,,,,,0,Annual net saving = baseline operating cost − post-change operating cost − annual implementation and maintenance cost.,"Recycle and responsibly dispose of staff uniforms at end-of-life has 0 transferable £ benchmark; build the customer case from client capex, operating cost and avoided cost.",,SG-INIT-0159,ALL_FOUR_SLOTS,DISPLAY_ONLY,display_only,ACTIVE,ACTIVE,PUBLIC,UNLINKED,1.0,2026-08-18,Consolidate.xlsx,工作表1,160
CCF-0160,CARD-0637,Switch to lower-impact takeaway packaging — Cost,cost,Nature & Resources,Cost Factors,Cost,Cost,"Switch to lower-impact takeaway packaging has 0 transferable £ benchmark; build the customer case from client capex, operating cost and avoided cost.",,Waste & Circularity – Packaging,"0 transferable £ benchmark; client capex, operating cost, activity volume and avoided-cost data required","0 transferable £ benchmark; client capex, operating cost, activity volume and avoided-cost data required",,,0,,Single published figure stored as Value_Base.,GBP,money,,transferable benchmark; client capex operating cost activity volume and avoided cost data required,,,,,"Restaurant, QSR, Pubs/Bars, Contract Caterers, Hotels, Brewries, Experiential Leisure",Partial for Experiential Leisure & Brewries,,,,,0,Annual net saving = avoided material or food kg × verified unit cost + avoided disposal cost − operating and maintenance cost.,"Switch to lower-impact takeaway packaging has 0 transferable £ benchmark; build the customer case from client capex, operating cost and avoided cost.",Partial for Experiential Leisure & Brewries,SG-INIT-0160,ALL_FOUR_SLOTS,DISPLAY_ONLY,display_only,ACTIVE,ACTIVE,PUBLIC,UNLINKED,1.0,2026-08-18,Consolidate.xlsx,工作表1,161
CCF-0161,CARD-0641,"Support and encourage employees in choosing low-carbon commuting alternatives (e.g. cycle to work, public transport) — Cost",cost,Supply Chain,Cost Factors,Cost,Cost,"TfL's Smart Commuting Toolkit highlights cost savings through reduced parking demand, lower employee commuting costs (bike-share, cycle-to-work schemes, season ticket loans, off-peak travel), and indirect business benefits including improved productivity, fewer sick days, and better staff retention.",,Transport and Distribution,,,,,,,Empty published value; numeric columns left blank.,,,,,,,,,all,,,,,,0,,"TfL's Smart Commuting Toolkit highlights cost savings through reduced parking demand, lower employee commuting costs (bike-share, cycle-to-work schemes, season ticket loans, off-peak travel), and indirect business benefits including improved productivity, fewer sick days, and better staff retention.",,SG-INIT-0161,ALL_FOUR_SLOTS,DISPLAY_ONLY,display_only,ACTIVE,ACTIVE,PUBLIC,GAP,1.0,2026-08-18,Consolidate.xlsx,工作表1,162
CCF-0162,CARD-0645,Transition company owned fleet vehicles to low-carbon alternatives at end of life — Cost,cost,Supply Chain,Cost Factors,Cost,Cost,"Traditional vehicle fleets are becoming more costly to operate due to volatile fuel costs and regulations, increasing the financial risk of delaying the transition. Meanwhile, electrification and digital technologies can reduce operating costs and create new revenue opportunities, improving long-term financial resilience.

https://www.hitachizerocarbon.com/news-insights/full-guide-to-fleet-decarbonization-how-it-can-help-your-fleet/",,Transport and Distribution,,,,,,,Empty published value; numeric columns left blank.,,,,,,,,,all,,,,,,0,,"Traditional vehicle fleets are becoming more costly to operate due to volatile fuel costs and regulations, increasing the financial risk of delaying the transition. Meanwhile, electrification and digital technologies can reduce operating costs and create new revenue opportunities, improving long-term financial resilience.

https://www.hitachizerocarbon.com/news-insights/full-guide-to-fleet-decarbonization-how-it-can-help-your-fleet/",,SG-INIT-0162,ALL_FOUR_SLOTS,DISPLAY_ONLY,display_only,ACTIVE,ACTIVE,PUBLIC,GAP,1.0,2026-08-18,Consolidate.xlsx,工作表1,163
CCF-0163,CARD-0649,Reduce emissions from delivery and distribution by improving fleet efficiency before the journey — Cost,cost,Supply Chain,Cost Factors,Cost,Cost,,,Transport and Distribution,,,,,,,Empty published value; numeric columns left blank.,,,,,,,,,,,,,,,0,,,,SG-INIT-0163,ALL_FOUR_SLOTS,DISPLAY_ONLY,display_only,ACTIVE,ACTIVE,PUBLIC,GAP,1.0,2026-08-18,Consolidate.xlsx,工作表1,164
CCF-0164,CARD-0653,Reduce emissions from delivery and distribution by improving fleet efficiency during and after the journey — Cost,cost,Supply Chain,Cost Factors,Cost,Cost,,,Transport and Distribution,,,,,,,Empty published value; numeric columns left blank.,,,,,,,,,,,,,,,0,,,,SG-INIT-0164,ALL_FOUR_SLOTS,DISPLAY_ONLY,display_only,ACTIVE,ACTIVE,PUBLIC,GAP,1.0,2026-08-18,Consolidate.xlsx,工作表1,165
CCF-0165,CARD-0657,Reduce emissions from delivery and distribution by engaging with suppliers — Cost,cost,Supply Chain,Cost Factors,Cost,Cost,,,Transport and Distribution,,,,,,,Empty published value; numeric columns left blank.,,,,,,,,,,,,,,,0,,,,SG-INIT-0165,ALL_FOUR_SLOTS,DISPLAY_ONLY,display_only,ACTIVE,ACTIVE,PUBLIC,GAP,1.0,2026-08-18,Consolidate.xlsx,工作表1,166
CCF-0166,CARD-0661,Reduce emissions from customer delivery — Cost,cost,Supply Chain,Cost Factors,Cost,Cost,,,Transport and Distribution,,,,,,,Empty published value; numeric columns left blank.,,,,,,,,,,,,,,,0,,,,SG-INIT-0166,ALL_FOUR_SLOTS,DISPLAY_ONLY,display_only,ACTIVE,ACTIVE,PUBLIC,GAP,1.0,2026-08-18,Consolidate.xlsx,工作表1,167
CCF-0167,CARD-0665,Install EV Charging Infrastructure at Depots and Distribution Hubs — Cost,cost,Supply Chain,Cost Factors,Cost,Cost,,,Transport and Distribution,,,,,,,Empty published value; numeric columns left blank.,,,,,,,,,,,,,,,0,,,,SG-INIT-0167,ALL_FOUR_SLOTS,DISPLAY_ONLY,display_only,ACTIVE,ACTIVE,PUBLIC,GAP,1.0,2026-08-18,Consolidate.xlsx,工作表1,168
CCF-0168,CARD-0669,Install a filtered water system to avoid bottled water. — Cost,cost,Nature & Resources,Cost Factors,Cost,Cost,,,Water Management – Water,,,,,,,Empty published value; numeric columns left blank.,,,,,,,,,"Restaurant, QSR, Pubs/Bars, Contract Caterers, Hotels, Brewries, Experiential Leisure",,,,,,0,,,,SG-INIT-0168,ALL_FOUR_SLOTS,DISPLAY_ONLY,display_only,ACTIVE,ACTIVE,PUBLIC,GAP,1.0,2026-08-18,Consolidate.xlsx,工作表1,169
CCF-0169,CARD-0673,Procure water sustainably. — Cost,cost,Nature & Resources,Cost Factors,Cost,Cost,,,Water Management – Water,,,,,,,Empty published value; numeric columns left blank.,,,,,,,,,"Restaurant, QSR, Pubs/Bars, Contract Caterers, Hotels, Brewries, Experiential Leisure",,,,,,0,,,,SG-INIT-0169,ALL_FOUR_SLOTS,DISPLAY_ONLY,display_only,ACTIVE,ACTIVE,PUBLIC,GAP,1.0,2026-08-18,Consolidate.xlsx,工作表1,170
CCF-0170,CARD-0677,Publish a water reduction policy with targets for water-stressed regions — Cost,cost,Nature & Resources,Cost Factors,Cost,Cost,,,Water Management – Water,,,,,,,Empty published value; numeric columns left blank.,,,,,,,,,"Restaurant, QSR, Pubs/Bars, Contract Caterers, Hotels, Brewries, Experiential Leisure",,,,,,0,,,,SG-INIT-0170,ALL_FOUR_SLOTS,DISPLAY_ONLY,display_only,ACTIVE,ACTIVE,PUBLIC,GAP,1.0,2026-08-18,Consolidate.xlsx,工作表1,171
CCF-0171,CARD-0681,Recycle equipment at end-of-life — Cost,cost,Nature & Resources,Cost Factors,Cost,Cost,,,Waste & Circularity – Waste Management,,,,,,,Empty published value; numeric columns left blank.,,,,,,,,,"Restaurant, QSR, Pubs/Bars, Contract Caterers, Hotels, Brewries, Experiential Leisure",,,,,,0,,,,SG-INIT-0171,ALL_FOUR_SLOTS,DISPLAY_ONLY,display_only,ACTIVE,ACTIVE,PUBLIC,GAP,1.0,2026-08-18,Consolidate.xlsx,工作表1,172
CCF-0172,CARD-0685,Promote takeaway options for unfinished food — Cost,cost,Nature & Resources,Cost Factors,Cost,Cost,,,Waste & Circularity – Waste Management,,,,,,,Empty published value; numeric columns left blank.,,,,,,,,,"Restaurant, QSR, Pubs/Bars, Contract Caterers, Hotels, Brewries, Experiential Leisure",Partial for Experiential Leisure & Brewries,,,,,0,,,Partial for Experiential Leisure & Brewries,SG-INIT-0172,ALL_FOUR_SLOTS,DISPLAY_ONLY,display_only,ACTIVE,ACTIVE,PUBLIC,GAP,1.0,2026-08-18,Consolidate.xlsx,工作表1,173
CCF-0173,CARD-0689,"Reduce active menu SKU count by a defined %, and measure the impact on food waste per cover over the following 90 days — Cost",cost,Nature & Resources,Cost Factors,Cost,Cost,,,Waste & Circularity – Waste Management,,,,,,,Empty published value; numeric columns left blank.,,,,,,,,,"Restaurant, QSR, Pubs/Bars, Contract Caterers, Hotels, Brewries, Experiential Leisure",Partial for Experiential Leisure & Brewries,,,,,0,,,Partial for Experiential Leisure & Brewries,SG-INIT-0173,ALL_FOUR_SLOTS,DISPLAY_ONLY,display_only,ACTIVE,ACTIVE,PUBLIC,GAP,1.0,2026-08-18,Consolidate.xlsx,工作表1,174
CCF-0174,CARD-0693,Responsibly dispose off or donate furniture and fittings at end-of-life — Cost,cost,Nature & Resources,Cost Factors,Cost,Cost,,,Waste & Circularity – Waste Management,,,,,,,Empty published value; numeric columns left blank.,,,,,,,,,"Restaurant, QSR, Pubs/Bars, Contract Caterers, Hotels, Brewries, Experiential Leisure",,,,,,0,,,,SG-INIT-0174,ALL_FOUR_SLOTS,DISPLAY_ONLY,display_only,ACTIVE,ACTIVE,PUBLIC,GAP,1.0,2026-08-18,Consolidate.xlsx,工作表1,175
CCF-0175,CARD-0697,Deploy [named technology] to monitor [named waste stream] and use data to reduce [waste type] by [target %] within 12 months — Cost,cost,Nature & Resources,Cost Factors,Cost,Cost,,,Waste & Circularity – Waste Management,,,,,,,Empty published value; numeric columns left blank.,,,,,,,,,"Restaurant, QSR, Pubs/Bars, Contract Caterers, Hotels, Brewries, Experiential Leisure",,,,,,0,,,,SG-INIT-0175,ALL_FOUR_SLOTS,DISPLAY_ONLY,display_only,ACTIVE,ACTIVE,PUBLIC,GAP,1.0,2026-08-18,Consolidate.xlsx,工作表1,176
CCF-0176,CARD-0701,Join the plastics pact — Cost,cost,Nature & Resources,Cost Factors,Cost,Cost,,,Waste & Circularity – Packaging,,,,,,,Empty published value; numeric columns left blank.,,,,,,,,,"Restaurant, QSR, Pubs/Bars, Contract Caterers, Hotels, Brewries, Experiential Leisure",,,,,,0,,,,SG-INIT-0176,ALL_FOUR_SLOTS,DISPLAY_ONLY,display_only,ACTIVE,ACTIVE,PUBLIC,GAP,1.0,2026-08-18,Consolidate.xlsx,工作表1,177
CCF-0177,CARD-0705,"Design for reusability, removing single-use items and therefore reducing overall waste produced — Cost",cost,Nature & Resources,Cost Factors,Cost,Cost,,,Waste & Circularity – Packaging,,,,,,,Empty published value; numeric columns left blank.,,,,,,,,,"Restaurant, QSR, Pubs/Bars, Contract Caterers, Hotels, Brewries, Experiential Leisure",,,,,,0,,,,SG-INIT-0177,ALL_FOUR_SLOTS,DISPLAY_ONLY,display_only,ACTIVE,ACTIVE,PUBLIC,GAP,1.0,2026-08-18,Consolidate.xlsx,工作表1,178
CCF-0178,CARD-0709,Install an anaerobic digestion plant to recover biogas — Cost,cost,Nature & Resources,Cost Factors,Cost,Cost,,,Waste & Circularity – Brewing,,,,,,,Empty published value; numeric columns left blank.,,,,,,,,,"Brewries, Pubs/Bars (partial)","Restaurant, QSR, Contract Caterers, Hotels, Experiential Leisure",,,,,0,,,"Restaurant, QSR, Contract Caterers, Hotels, Experiential Leisure",SG-INIT-0178,ALL_FOUR_SLOTS,DISPLAY_ONLY,display_only,ACTIVE,ACTIVE,PUBLIC,GAP,1.0,2026-08-18,Consolidate.xlsx,工作表1,179
CCF-0179,CARD-0713,Minimise extract losses and product wastage — Cost,cost,Nature & Resources,Cost Factors,Cost,Cost,,,Waste & Circularity – Brewing,,,,,,,Empty published value; numeric columns left blank.,,,,,,,,,"Brewries, Pubs/Bars (partial)","Restaurant, QSR, Contract Caterers, Hotels, Experiential Leisure",,,,,0,,,"Restaurant, QSR, Contract Caterers, Hotels, Experiential Leisure",SG-INIT-0179,ALL_FOUR_SLOTS,DISPLAY_ONLY,display_only,ACTIVE,ACTIVE,PUBLIC,GAP,1.0,2026-08-18,Consolidate.xlsx,工作表1,180
