Map_ID,Initiative_ID,Initiative_Name,Factor_ID,Card_ID,Factor_Bank,Requirement_Set_ID,Calculation_Role,Application_Mode,Selection_Group_ID,Mapping_Status,Mapping_Lifecycle_Status,Mapping_Rationale,Version,Last_Reviewed,Source_Row
MAP-0001,INIT-0001,Adopt a net-zero buildings plan,CCF-0001,CARD-0001,Cost Factors,CRS-0001,EMPTY_SLOT,DISPLAY,SG-INIT-0001,ACTIVE,ACTIVE,Catalog cost value-card slot for Adopt a net-zero buildings plan.,1.0,2026-08-18,2
MAP-0002,INIT-0001,Adopt a net-zero buildings plan,CPF-0001,CARD-0002,Carbon Factors,CRS-0002,EMPTY_SLOT,DISPLAY,SG-INIT-0001,ACTIVE,ACTIVE,Catalog carbon value-card slot for Adopt a net-zero buildings plan.,1.0,2026-08-18,2
MAP-0003,INIT-0001,Adopt a net-zero buildings plan,CTF-0001,CARD-0003,Timing Factors,CRS-0003,EMPTY_SLOT,DISPLAY,SG-INIT-0001,ACTIVE,ACTIVE,Catalog timing value-card slot for Adopt a net-zero buildings plan.,1.0,2026-08-18,2
MAP-0004,INIT-0001,Adopt a net-zero buildings plan,CEF-0001,CARD-0004,Efficiency Factors,CRS-0004,EMPTY_SLOT,DISPLAY,SG-INIT-0001,ACTIVE,ACTIVE,Catalog efficiency value-card slot for Adopt a net-zero buildings plan.,1.0,2026-08-18,2
MAP-0005,INIT-0002,Measure and verify building energy performance,CCF-0002,CARD-0005,Cost Factors,CRS-0005,PRIMARY_DISPLAY,DISPLAY,SG-INIT-0002,ACTIVE,ACTIVE,Catalog cost value-card slot for Measure and verify building energy performance.,1.0,2026-08-18,3
MAP-0006,INIT-0002,Measure and verify building energy performance,CPF-0002,CARD-0006,Carbon Factors,CRS-0006,PRIMARY_DISPLAY,DISPLAY,SG-INIT-0002,ACTIVE,ACTIVE,Catalog carbon value-card slot for Measure and verify building energy performance.,1.0,2026-08-18,3
MAP-0007,INIT-0002,Measure and verify building energy performance,CTF-0002,CARD-0007,Timing Factors,CRS-0007,PRIMARY_DISPLAY,DISPLAY,SG-INIT-0002,ACTIVE,ACTIVE,Catalog timing value-card slot for Measure and verify building energy performance.,1.0,2026-08-18,3
MAP-0008,INIT-0002,Measure and verify building energy performance,CEF-0002,CARD-0008,Efficiency Factors,CRS-0008,PRIMARY_DISPLAY,DISPLAY,SG-INIT-0002,ACTIVE,ACTIVE,Catalog efficiency value-card slot for Measure and verify building energy performance.,1.0,2026-08-18,3
MAP-0009,INIT-0003,Optimise and upgrade HVAC systems and controls,CCF-0003,CARD-0009,Cost Factors,CRS-0009,PRIMARY_DISPLAY,DISPLAY,SG-INIT-0003,ACTIVE,ACTIVE,Catalog cost value-card slot for Optimise and upgrade HVAC systems and controls.,1.0,2026-08-18,4
MAP-0010,INIT-0003,Optimise and upgrade HVAC systems and controls,CPF-0003,CARD-0010,Carbon Factors,CRS-0010,PRIMARY_DISPLAY,DISPLAY,SG-INIT-0003,ACTIVE,ACTIVE,Catalog carbon value-card slot for Optimise and upgrade HVAC systems and controls.,1.0,2026-08-18,4
MAP-0011,INIT-0003,Optimise and upgrade HVAC systems and controls,CTF-0003,CARD-0011,Timing Factors,CRS-0011,PRIMARY_DISPLAY,DISPLAY,SG-INIT-0003,ACTIVE,ACTIVE,Catalog timing value-card slot for Optimise and upgrade HVAC systems and controls.,1.0,2026-08-18,4
MAP-0012,INIT-0003,Optimise and upgrade HVAC systems and controls,CEF-0003,CARD-0012,Efficiency Factors,CRS-0012,PRIMARY_DISPLAY,DISPLAY,SG-INIT-0003,ACTIVE,ACTIVE,Catalog efficiency value-card slot for Optimise and upgrade HVAC systems and controls.,1.0,2026-08-18,4
MAP-0013,INIT-0004,Install smart draught beverage dispense systems,CCF-0004,CARD-0013,Cost Factors,CRS-0013,PRIMARY_DISPLAY,DISPLAY,SG-INIT-0004,ACTIVE,ACTIVE,Catalog cost value-card slot for Install smart draught beverage dispense systems.,1.0,2026-08-18,5
MAP-0014,INIT-0004,Install smart draught beverage dispense systems,CPF-0004,CARD-0014,Carbon Factors,CRS-0014,PRIMARY_DISPLAY,DISPLAY,SG-INIT-0004,ACTIVE,ACTIVE,Catalog carbon value-card slot for Install smart draught beverage dispense systems.,1.0,2026-08-18,5
MAP-0015,INIT-0004,Install smart draught beverage dispense systems,CTF-0004,CARD-0015,Timing Factors,CRS-0015,PRIMARY_DISPLAY,DISPLAY,SG-INIT-0004,ACTIVE,ACTIVE,Catalog timing value-card slot for Install smart draught beverage dispense systems.,1.0,2026-08-18,5
MAP-0016,INIT-0004,Install smart draught beverage dispense systems,CEF-0004,CARD-0016,Efficiency Factors,CRS-0016,PRIMARY_DISPLAY,DISPLAY,SG-INIT-0004,ACTIVE,ACTIVE,Catalog efficiency value-card slot for Install smart draught beverage dispense systems.,1.0,2026-08-18,5
MAP-0017,INIT-0005,Install timer controls across eligible equipment,CCF-0005,CARD-0017,Cost Factors,CRS-0017,PRIMARY_DISPLAY,DISPLAY,SG-INIT-0005,ACTIVE,ACTIVE,Catalog cost value-card slot for Install timer controls across eligible equipment.,1.0,2026-08-18,6
MAP-0018,INIT-0005,Install timer controls across eligible equipment,CPF-0005,CARD-0018,Carbon Factors,CRS-0018,PRIMARY_DISPLAY,DISPLAY,SG-INIT-0005,ACTIVE,ACTIVE,Catalog carbon value-card slot for Install timer controls across eligible equipment.,1.0,2026-08-18,6
MAP-0019,INIT-0005,Install timer controls across eligible equipment,CTF-0005,CARD-0019,Timing Factors,CRS-0019,PRIMARY_DISPLAY,DISPLAY,SG-INIT-0005,ACTIVE,ACTIVE,Catalog timing value-card slot for Install timer controls across eligible equipment.,1.0,2026-08-18,6
MAP-0020,INIT-0005,Install timer controls across eligible equipment,CEF-0005,CARD-0020,Efficiency Factors,CRS-0020,PRIMARY_DISPLAY,DISPLAY,SG-INIT-0005,ACTIVE,ACTIVE,Catalog efficiency value-card slot for Install timer controls across eligible equipment.,1.0,2026-08-18,6
MAP-0021,INIT-0006,"Optimise fans and pumps with variable-speed drives, efficient motors and demand controls",CCF-0006,CARD-0021,Cost Factors,CRS-0021,PRIMARY_DISPLAY,DISPLAY,SG-INIT-0006,ACTIVE,ACTIVE,"Catalog cost value-card slot for Optimise fans and pumps with variable-speed drives, efficient motors and demand controls.",1.0,2026-08-18,7
MAP-0022,INIT-0006,"Optimise fans and pumps with variable-speed drives, efficient motors and demand controls",CPF-0006,CARD-0022,Carbon Factors,CRS-0022,PRIMARY_DISPLAY,DISPLAY,SG-INIT-0006,ACTIVE,ACTIVE,"Catalog carbon value-card slot for Optimise fans and pumps with variable-speed drives, efficient motors and demand controls.",1.0,2026-08-18,7
MAP-0023,INIT-0006,"Optimise fans and pumps with variable-speed drives, efficient motors and demand controls",CTF-0006,CARD-0023,Timing Factors,CRS-0023,PRIMARY_DISPLAY,DISPLAY,SG-INIT-0006,ACTIVE,ACTIVE,"Catalog timing value-card slot for Optimise fans and pumps with variable-speed drives, efficient motors and demand controls.",1.0,2026-08-18,7
MAP-0024,INIT-0006,"Optimise fans and pumps with variable-speed drives, efficient motors and demand controls",CEF-0006,CARD-0024,Efficiency Factors,CRS-0024,PRIMARY_DISPLAY,DISPLAY,SG-INIT-0006,ACTIVE,ACTIVE,"Catalog efficiency value-card slot for Optimise fans and pumps with variable-speed drives, efficient motors and demand controls.",1.0,2026-08-18,7
MAP-0025,INIT-0007,"Recover and reuse waste heat from refrigeration, cooking or wastewater",CCF-0007,CARD-0025,Cost Factors,CRS-0025,PRIMARY_DISPLAY,DISPLAY,SG-INIT-0007,ACTIVE,ACTIVE,"Catalog cost value-card slot for Recover and reuse waste heat from refrigeration, cooking or wastewater.",1.0,2026-08-18,8
MAP-0026,INIT-0007,"Recover and reuse waste heat from refrigeration, cooking or wastewater",CPF-0007,CARD-0026,Carbon Factors,CRS-0026,PRIMARY_DISPLAY,DISPLAY,SG-INIT-0007,ACTIVE,ACTIVE,"Catalog carbon value-card slot for Recover and reuse waste heat from refrigeration, cooking or wastewater.",1.0,2026-08-18,8
MAP-0027,INIT-0007,"Recover and reuse waste heat from refrigeration, cooking or wastewater",CTF-0007,CARD-0027,Timing Factors,CRS-0027,PRIMARY_DISPLAY,DISPLAY,SG-INIT-0007,ACTIVE,ACTIVE,"Catalog timing value-card slot for Recover and reuse waste heat from refrigeration, cooking or wastewater.",1.0,2026-08-18,8
MAP-0028,INIT-0007,"Recover and reuse waste heat from refrigeration, cooking or wastewater",CEF-0007,CARD-0028,Efficiency Factors,CRS-0028,PRIMARY_DISPLAY,DISPLAY,SG-INIT-0007,ACTIVE,ACTIVE,"Catalog efficiency value-card slot for Recover and reuse waste heat from refrigeration, cooking or wastewater.",1.0,2026-08-18,8
MAP-0029,INIT-0008,Upgrade boiler burner controls and balance heat-distribution systems,CCF-0008,CARD-0029,Cost Factors,CRS-0029,PRIMARY_DISPLAY,DISPLAY,SG-INIT-0008,ACTIVE,ACTIVE,Catalog cost value-card slot for Upgrade boiler burner controls and balance heat-distribution systems.,1.0,2026-08-18,9
MAP-0030,INIT-0008,Upgrade boiler burner controls and balance heat-distribution systems,CPF-0008,CARD-0030,Carbon Factors,CRS-0030,PRIMARY_DISPLAY,DISPLAY,SG-INIT-0008,ACTIVE,ACTIVE,Catalog carbon value-card slot for Upgrade boiler burner controls and balance heat-distribution systems.,1.0,2026-08-18,9
MAP-0031,INIT-0008,Upgrade boiler burner controls and balance heat-distribution systems,CTF-0008,CARD-0031,Timing Factors,CRS-0031,PRIMARY_DISPLAY,DISPLAY,SG-INIT-0008,ACTIVE,ACTIVE,Catalog timing value-card slot for Upgrade boiler burner controls and balance heat-distribution systems.,1.0,2026-08-18,9
MAP-0032,INIT-0008,Upgrade boiler burner controls and balance heat-distribution systems,CEF-0008,CARD-0032,Efficiency Factors,CRS-0032,PRIMARY_DISPLAY,DISPLAY,SG-INIT-0008,ACTIVE,ACTIVE,Catalog efficiency value-card slot for Upgrade boiler burner controls and balance heat-distribution systems.,1.0,2026-08-18,9
MAP-0033,INIT-0009,"Upgrade domestic hot-water generation, storage and circulation controls",CCF-0009,CARD-0033,Cost Factors,CRS-0033,PRIMARY_DISPLAY,DISPLAY,SG-INIT-0009,ACTIVE,ACTIVE,"Catalog cost value-card slot for Upgrade domestic hot-water generation, storage and circulation controls.",1.0,2026-08-18,10
MAP-0034,INIT-0009,"Upgrade domestic hot-water generation, storage and circulation controls",CPF-0009,CARD-0034,Carbon Factors,CRS-0034,PRIMARY_DISPLAY,DISPLAY,SG-INIT-0009,ACTIVE,ACTIVE,"Catalog carbon value-card slot for Upgrade domestic hot-water generation, storage and circulation controls.",1.0,2026-08-18,10
MAP-0035,INIT-0009,"Upgrade domestic hot-water generation, storage and circulation controls",CTF-0009,CARD-0035,Timing Factors,CRS-0035,PRIMARY_DISPLAY,DISPLAY,SG-INIT-0009,ACTIVE,ACTIVE,"Catalog timing value-card slot for Upgrade domestic hot-water generation, storage and circulation controls.",1.0,2026-08-18,10
MAP-0036,INIT-0009,"Upgrade domestic hot-water generation, storage and circulation controls",CEF-0009,CARD-0036,Efficiency Factors,CRS-0036,PRIMARY_DISPLAY,DISPLAY,SG-INIT-0009,ACTIVE,ACTIVE,"Catalog efficiency value-card slot for Upgrade domestic hot-water generation, storage and circulation controls.",1.0,2026-08-18,10
MAP-0037,INIT-0010,"Automate shutdown of non-HVAC, non-lighting equipment outside operating hours",CCF-0010,CARD-0037,Cost Factors,CRS-0037,PRIMARY_DISPLAY,DISPLAY,SG-INIT-0010,ACTIVE,ACTIVE,"Catalog cost value-card slot for Automate shutdown of non-HVAC, non-lighting equipment outside operating hours.",1.0,2026-08-18,11
MAP-0038,INIT-0010,"Automate shutdown of non-HVAC, non-lighting equipment outside operating hours",CPF-0010,CARD-0038,Carbon Factors,CRS-0038,PRIMARY_DISPLAY,DISPLAY,SG-INIT-0010,ACTIVE,ACTIVE,"Catalog carbon value-card slot for Automate shutdown of non-HVAC, non-lighting equipment outside operating hours.",1.0,2026-08-18,11
MAP-0039,INIT-0010,"Automate shutdown of non-HVAC, non-lighting equipment outside operating hours",CTF-0010,CARD-0039,Timing Factors,CRS-0039,PRIMARY_DISPLAY,DISPLAY,SG-INIT-0010,ACTIVE,ACTIVE,"Catalog timing value-card slot for Automate shutdown of non-HVAC, non-lighting equipment outside operating hours.",1.0,2026-08-18,11
MAP-0040,INIT-0010,"Automate shutdown of non-HVAC, non-lighting equipment outside operating hours",CEF-0010,CARD-0040,Efficiency Factors,CRS-0040,PRIMARY_DISPLAY,DISPLAY,SG-INIT-0010,ACTIVE,ACTIVE,"Catalog efficiency value-card slot for Automate shutdown of non-HVAC, non-lighting equipment outside operating hours.",1.0,2026-08-18,11
MAP-0041,INIT-0011,"Implement power management for small-power, IT and server-room equipment",CCF-0011,CARD-0041,Cost Factors,CRS-0041,EMPTY_SLOT,DISPLAY,SG-INIT-0011,ACTIVE,ACTIVE,"Catalog cost value-card slot for Implement power management for small-power, IT and server-room equipment.",1.0,2026-08-18,12
MAP-0042,INIT-0011,"Implement power management for small-power, IT and server-room equipment",CPF-0011,CARD-0042,Carbon Factors,CRS-0042,PRIMARY_DISPLAY,DISPLAY,SG-INIT-0011,ACTIVE,ACTIVE,"Catalog carbon value-card slot for Implement power management for small-power, IT and server-room equipment.",1.0,2026-08-18,12
MAP-0043,INIT-0011,"Implement power management for small-power, IT and server-room equipment",CTF-0011,CARD-0043,Timing Factors,CRS-0043,PRIMARY_DISPLAY,DISPLAY,SG-INIT-0011,ACTIVE,ACTIVE,"Catalog timing value-card slot for Implement power management for small-power, IT and server-room equipment.",1.0,2026-08-18,12
MAP-0044,INIT-0011,"Implement power management for small-power, IT and server-room equipment",CEF-0011,CARD-0044,Efficiency Factors,CRS-0044,PRIMARY_DISPLAY,DISPLAY,SG-INIT-0011,ACTIVE,ACTIVE,"Catalog efficiency value-card slot for Implement power management for small-power, IT and server-room equipment.",1.0,2026-08-18,12
MAP-0045,INIT-0012,Upgrade lift and escalator drives and controls,CCF-0012,CARD-0045,Cost Factors,CRS-0045,PRIMARY_DISPLAY,DISPLAY,SG-INIT-0012,ACTIVE,ACTIVE,Catalog cost value-card slot for Upgrade lift and escalator drives and controls.,1.0,2026-08-18,13
MAP-0046,INIT-0012,Upgrade lift and escalator drives and controls,CPF-0012,CARD-0046,Carbon Factors,CRS-0046,PRIMARY_DISPLAY,DISPLAY,SG-INIT-0012,ACTIVE,ACTIVE,Catalog carbon value-card slot for Upgrade lift and escalator drives and controls.,1.0,2026-08-18,13
MAP-0047,INIT-0012,Upgrade lift and escalator drives and controls,CTF-0012,CARD-0047,Timing Factors,CRS-0047,PRIMARY_DISPLAY,DISPLAY,SG-INIT-0012,ACTIVE,ACTIVE,Catalog timing value-card slot for Upgrade lift and escalator drives and controls.,1.0,2026-08-18,13
MAP-0048,INIT-0012,Upgrade lift and escalator drives and controls,CEF-0012,CARD-0048,Efficiency Factors,CRS-0048,PRIMARY_DISPLAY,DISPLAY,SG-INIT-0012,ACTIVE,ACTIVE,Catalog efficiency value-card slot for Upgrade lift and escalator drives and controls.,1.0,2026-08-18,13
MAP-0049,INIT-0013,"Optimise swimming-pool circulation, heating, covers and backwashing",CCF-0013,CARD-0049,Cost Factors,CRS-0049,PRIMARY_DISPLAY,DISPLAY,SG-INIT-0013,ACTIVE,ACTIVE,"Catalog cost value-card slot for Optimise swimming-pool circulation, heating, covers and backwashing.",1.0,2026-08-18,14
MAP-0050,INIT-0013,"Optimise swimming-pool circulation, heating, covers and backwashing",CPF-0013,CARD-0050,Carbon Factors,CRS-0050,PRIMARY_DISPLAY,DISPLAY,SG-INIT-0013,ACTIVE,ACTIVE,"Catalog carbon value-card slot for Optimise swimming-pool circulation, heating, covers and backwashing.",1.0,2026-08-18,14
MAP-0051,INIT-0013,"Optimise swimming-pool circulation, heating, covers and backwashing",CTF-0013,CARD-0051,Timing Factors,CRS-0051,PRIMARY_DISPLAY,DISPLAY,SG-INIT-0013,ACTIVE,ACTIVE,"Catalog timing value-card slot for Optimise swimming-pool circulation, heating, covers and backwashing.",1.0,2026-08-18,14
MAP-0052,INIT-0013,"Optimise swimming-pool circulation, heating, covers and backwashing",CEF-0013,CARD-0052,Efficiency Factors,CRS-0052,PRIMARY_DISPLAY,DISPLAY,SG-INIT-0013,ACTIVE,ACTIVE,"Catalog efficiency value-card slot for Optimise swimming-pool circulation, heating, covers and backwashing.",1.0,2026-08-18,14
MAP-0053,INIT-0014,Replace high-GWP refrigerants with lower-GWP alternatives during planned plant intervention,CCF-0014,CARD-0053,Cost Factors,CRS-0053,PRIMARY_DISPLAY,DISPLAY,SG-INIT-0014,ACTIVE,ACTIVE,Catalog cost value-card slot for Replace high-GWP refrigerants with lower-GWP alternatives during planned plant intervention.,1.0,2026-08-18,15
MAP-0054,INIT-0014,Replace high-GWP refrigerants with lower-GWP alternatives during planned plant intervention,CPF-0014,CARD-0054,Carbon Factors,CRS-0054,PRIMARY_DISPLAY,DISPLAY,SG-INIT-0014,ACTIVE,ACTIVE,Catalog carbon value-card slot for Replace high-GWP refrigerants with lower-GWP alternatives during planned plant intervention.,1.0,2026-08-18,15
MAP-0055,INIT-0014,Replace high-GWP refrigerants with lower-GWP alternatives during planned plant intervention,CTF-0014,CARD-0055,Timing Factors,CRS-0055,PRIMARY_DISPLAY,DISPLAY,SG-INIT-0014,ACTIVE,ACTIVE,Catalog timing value-card slot for Replace high-GWP refrigerants with lower-GWP alternatives during planned plant intervention.,1.0,2026-08-18,15
MAP-0056,INIT-0014,Replace high-GWP refrigerants with lower-GWP alternatives during planned plant intervention,CEF-0014,CARD-0056,Efficiency Factors,CRS-0056,PRIMARY_DISPLAY,DISPLAY,SG-INIT-0014,ACTIVE,ACTIVE,Catalog efficiency value-card slot for Replace high-GWP refrigerants with lower-GWP alternatives during planned plant intervention.,1.0,2026-08-18,15
MAP-0057,INIT-0015,Install refrigerant leak detection and implement rapid repair,CCF-0015,CARD-0057,Cost Factors,CRS-0057,PRIMARY_DISPLAY,DISPLAY,SG-INIT-0015,ACTIVE,ACTIVE,Catalog cost value-card slot for Install refrigerant leak detection and implement rapid repair.,1.0,2026-08-18,16
MAP-0058,INIT-0015,Install refrigerant leak detection and implement rapid repair,CPF-0015,CARD-0058,Carbon Factors,CRS-0058,PRIMARY_DISPLAY,DISPLAY,SG-INIT-0015,ACTIVE,ACTIVE,Catalog carbon value-card slot for Install refrigerant leak detection and implement rapid repair.,1.0,2026-08-18,16
MAP-0059,INIT-0015,Install refrigerant leak detection and implement rapid repair,CTF-0015,CARD-0059,Timing Factors,CRS-0059,PRIMARY_DISPLAY,DISPLAY,SG-INIT-0015,ACTIVE,ACTIVE,Catalog timing value-card slot for Install refrigerant leak detection and implement rapid repair.,1.0,2026-08-18,16
MAP-0060,INIT-0015,Install refrigerant leak detection and implement rapid repair,CEF-0015,CARD-0060,Efficiency Factors,CRS-0060,PRIMARY_DISPLAY,DISPLAY,SG-INIT-0015,ACTIVE,ACTIVE,Catalog efficiency value-card slot for Install refrigerant leak detection and implement rapid repair.,1.0,2026-08-18,16
MAP-0061,INIT-0016,Maintain a governed refrigerant inventory and leakage record,CCF-0016,CARD-0061,Cost Factors,CRS-0061,EMPTY_SLOT,DISPLAY,SG-INIT-0016,ACTIVE,ACTIVE,Catalog cost value-card slot for Maintain a governed refrigerant inventory and leakage record.,1.0,2026-08-18,17
MAP-0062,INIT-0016,Maintain a governed refrigerant inventory and leakage record,CPF-0016,CARD-0062,Carbon Factors,CRS-0062,EMPTY_SLOT,DISPLAY,SG-INIT-0016,ACTIVE,ACTIVE,Catalog carbon value-card slot for Maintain a governed refrigerant inventory and leakage record.,1.0,2026-08-18,17
MAP-0063,INIT-0016,Maintain a governed refrigerant inventory and leakage record,CTF-0016,CARD-0063,Timing Factors,CRS-0063,EMPTY_SLOT,DISPLAY,SG-INIT-0016,ACTIVE,ACTIVE,Catalog timing value-card slot for Maintain a governed refrigerant inventory and leakage record.,1.0,2026-08-18,17
MAP-0064,INIT-0016,Maintain a governed refrigerant inventory and leakage record,CEF-0016,CARD-0064,Efficiency Factors,CRS-0064,PRIMARY_DISPLAY,DISPLAY,SG-INIT-0016,ACTIVE,ACTIVE,Catalog efficiency value-card slot for Maintain a governed refrigerant inventory and leakage record.,1.0,2026-08-18,17
MAP-0065,INIT-0017,Recover refrigerants at equipment end of life and document transfer,CCF-0017,CARD-0065,Cost Factors,CRS-0065,PRIMARY_DISPLAY,DISPLAY,SG-INIT-0017,ACTIVE,ACTIVE,Catalog cost value-card slot for Recover refrigerants at equipment end of life and document transfer.,1.0,2026-08-18,18
MAP-0066,INIT-0017,Recover refrigerants at equipment end of life and document transfer,CPF-0017,CARD-0066,Carbon Factors,CRS-0066,PRIMARY_DISPLAY,DISPLAY,SG-INIT-0017,ACTIVE,ACTIVE,Catalog carbon value-card slot for Recover refrigerants at equipment end of life and document transfer.,1.0,2026-08-18,18
MAP-0067,INIT-0017,Recover refrigerants at equipment end of life and document transfer,CTF-0017,CARD-0067,Timing Factors,CRS-0067,PRIMARY_DISPLAY,DISPLAY,SG-INIT-0017,ACTIVE,ACTIVE,Catalog timing value-card slot for Recover refrigerants at equipment end of life and document transfer.,1.0,2026-08-18,18
MAP-0068,INIT-0017,Recover refrigerants at equipment end of life and document transfer,CEF-0017,CARD-0068,Efficiency Factors,CRS-0068,PRIMARY_DISPLAY,DISPLAY,SG-INIT-0017,ACTIVE,ACTIVE,Catalog efficiency value-card slot for Recover refrigerants at equipment end of life and document transfer.,1.0,2026-08-18,18
MAP-0069,INIT-0018,"Upgrade refrigeration equipment, doors, seals, fans and controls",CCF-0018,CARD-0069,Cost Factors,CRS-0069,PRIMARY_DISPLAY,DISPLAY,SG-INIT-0018,ACTIVE,ACTIVE,"Catalog cost value-card slot for Upgrade refrigeration equipment, doors, seals, fans and controls.",1.0,2026-08-18,19
MAP-0070,INIT-0018,"Upgrade refrigeration equipment, doors, seals, fans and controls",CPF-0018,CARD-0070,Carbon Factors,CRS-0070,PRIMARY_DISPLAY,DISPLAY,SG-INIT-0018,ACTIVE,ACTIVE,"Catalog carbon value-card slot for Upgrade refrigeration equipment, doors, seals, fans and controls.",1.0,2026-08-18,19
MAP-0071,INIT-0018,"Upgrade refrigeration equipment, doors, seals, fans and controls",CTF-0018,CARD-0071,Timing Factors,CRS-0071,PRIMARY_DISPLAY,DISPLAY,SG-INIT-0018,ACTIVE,ACTIVE,"Catalog timing value-card slot for Upgrade refrigeration equipment, doors, seals, fans and controls.",1.0,2026-08-18,19
MAP-0072,INIT-0018,"Upgrade refrigeration equipment, doors, seals, fans and controls",CEF-0018,CARD-0072,Efficiency Factors,CRS-0072,PRIMARY_DISPLAY,DISPLAY,SG-INIT-0018,ACTIVE,ACTIVE,"Catalog efficiency value-card slot for Upgrade refrigeration equipment, doors, seals, fans and controls.",1.0,2026-08-18,19
MAP-0073,INIT-0019,Adopt a validated warmer freezer setpoint where product and food-safety rules allow,CCF-0019,CARD-0073,Cost Factors,CRS-0073,EMPTY_SLOT,DISPLAY,SG-INIT-0019,ACTIVE,ACTIVE,Catalog cost value-card slot for Adopt a validated warmer freezer setpoint where product and food-safety rules allow.,1.0,2026-08-18,20
MAP-0074,INIT-0019,Adopt a validated warmer freezer setpoint where product and food-safety rules allow,CPF-0019,CARD-0074,Carbon Factors,CRS-0074,PRIMARY_DISPLAY,DISPLAY,SG-INIT-0019,ACTIVE,ACTIVE,Catalog carbon value-card slot for Adopt a validated warmer freezer setpoint where product and food-safety rules allow.,1.0,2026-08-18,20
MAP-0075,INIT-0019,Adopt a validated warmer freezer setpoint where product and food-safety rules allow,CTF-0019,CARD-0075,Timing Factors,CRS-0075,EMPTY_SLOT,DISPLAY,SG-INIT-0019,ACTIVE,ACTIVE,Catalog timing value-card slot for Adopt a validated warmer freezer setpoint where product and food-safety rules allow.,1.0,2026-08-18,20
MAP-0076,INIT-0019,Adopt a validated warmer freezer setpoint where product and food-safety rules allow,CEF-0019,CARD-0076,Efficiency Factors,CRS-0076,PRIMARY_DISPLAY,DISPLAY,SG-INIT-0019,ACTIVE,ACTIVE,Catalog efficiency value-card slot for Adopt a validated warmer freezer setpoint where product and food-safety rules allow.,1.0,2026-08-18,20
MAP-0077,INIT-0020,Phase out fossil-fuelled patio heaters and avoid unnecessary outdoor heating,CCF-0020,CARD-0077,Cost Factors,CRS-0077,PRIMARY_DISPLAY,DISPLAY,SG-INIT-0020,ACTIVE,ACTIVE,Catalog cost value-card slot for Phase out fossil-fuelled patio heaters and avoid unnecessary outdoor heating.,1.0,2026-08-18,21
MAP-0078,INIT-0020,Phase out fossil-fuelled patio heaters and avoid unnecessary outdoor heating,CPF-0020,CARD-0078,Carbon Factors,CRS-0078,PRIMARY_DISPLAY,DISPLAY,SG-INIT-0020,ACTIVE,ACTIVE,Catalog carbon value-card slot for Phase out fossil-fuelled patio heaters and avoid unnecessary outdoor heating.,1.0,2026-08-18,21
MAP-0079,INIT-0020,Phase out fossil-fuelled patio heaters and avoid unnecessary outdoor heating,CTF-0020,CARD-0079,Timing Factors,CRS-0079,PRIMARY_DISPLAY,DISPLAY,SG-INIT-0020,ACTIVE,ACTIVE,Catalog timing value-card slot for Phase out fossil-fuelled patio heaters and avoid unnecessary outdoor heating.,1.0,2026-08-18,21
MAP-0080,INIT-0020,Phase out fossil-fuelled patio heaters and avoid unnecessary outdoor heating,CEF-0020,CARD-0080,Efficiency Factors,CRS-0080,PRIMARY_DISPLAY,DISPLAY,SG-INIT-0020,ACTIVE,ACTIVE,Catalog efficiency value-card slot for Phase out fossil-fuelled patio heaters and avoid unnecessary outdoor heating.,1.0,2026-08-18,21
MAP-0081,INIT-0021,Conduct whole-life carbon assessments for major capital projects,CCF-0021,CARD-0081,Cost Factors,CRS-0081,EMPTY_SLOT,DISPLAY,SG-INIT-0021,ACTIVE,ACTIVE,Catalog cost value-card slot for Conduct whole-life carbon assessments for major capital projects.,1.0,2026-08-18,22
MAP-0082,INIT-0021,Conduct whole-life carbon assessments for major capital projects,CPF-0021,CARD-0082,Carbon Factors,CRS-0082,EMPTY_SLOT,DISPLAY,SG-INIT-0021,ACTIVE,ACTIVE,Catalog carbon value-card slot for Conduct whole-life carbon assessments for major capital projects.,1.0,2026-08-18,22
MAP-0083,INIT-0021,Conduct whole-life carbon assessments for major capital projects,CTF-0021,CARD-0083,Timing Factors,CRS-0083,EMPTY_SLOT,DISPLAY,SG-INIT-0021,ACTIVE,ACTIVE,Catalog timing value-card slot for Conduct whole-life carbon assessments for major capital projects.,1.0,2026-08-18,22
MAP-0084,INIT-0021,Conduct whole-life carbon assessments for major capital projects,CEF-0021,CARD-0084,Efficiency Factors,CRS-0084,PRIMARY_DISPLAY,DISPLAY,SG-INIT-0021,ACTIVE,ACTIVE,Catalog efficiency value-card slot for Conduct whole-life carbon assessments for major capital projects.,1.0,2026-08-18,22
MAP-0085,INIT-0022,Set operational-energy and embodied-carbon targets for new construction and major refurbishment,CCF-0022,CARD-0085,Cost Factors,CRS-0085,EMPTY_SLOT,DISPLAY,SG-INIT-0022,ACTIVE,ACTIVE,Catalog cost value-card slot for Set operational-energy and embodied-carbon targets for new construction and major refurbishment.,1.0,2026-08-18,23
MAP-0086,INIT-0022,Set operational-energy and embodied-carbon targets for new construction and major refurbishment,CPF-0022,CARD-0086,Carbon Factors,CRS-0086,EMPTY_SLOT,DISPLAY,SG-INIT-0022,ACTIVE,ACTIVE,Catalog carbon value-card slot for Set operational-energy and embodied-carbon targets for new construction and major refurbishment.,1.0,2026-08-18,23
MAP-0087,INIT-0022,Set operational-energy and embodied-carbon targets for new construction and major refurbishment,CTF-0022,CARD-0087,Timing Factors,CRS-0087,EMPTY_SLOT,DISPLAY,SG-INIT-0022,ACTIVE,ACTIVE,Catalog timing value-card slot for Set operational-energy and embodied-carbon targets for new construction and major refurbishment.,1.0,2026-08-18,23
MAP-0088,INIT-0022,Set operational-energy and embodied-carbon targets for new construction and major refurbishment,CEF-0022,CARD-0088,Efficiency Factors,CRS-0088,EMPTY_SLOT,DISPLAY,SG-INIT-0022,ACTIVE,ACTIVE,Catalog efficiency value-card slot for Set operational-energy and embodied-carbon targets for new construction and major refurbishment.,1.0,2026-08-18,23
MAP-0089,INIT-0023,Apply carbon criteria at capital-project investment and design gates,CCF-0023,CARD-0089,Cost Factors,CRS-0089,EMPTY_SLOT,DISPLAY,SG-INIT-0023,ACTIVE,ACTIVE,Catalog cost value-card slot for Apply carbon criteria at capital-project investment and design gates.,1.0,2026-08-18,24
MAP-0090,INIT-0023,Apply carbon criteria at capital-project investment and design gates,CPF-0023,CARD-0090,Carbon Factors,CRS-0090,EMPTY_SLOT,DISPLAY,SG-INIT-0023,ACTIVE,ACTIVE,Catalog carbon value-card slot for Apply carbon criteria at capital-project investment and design gates.,1.0,2026-08-18,24
MAP-0091,INIT-0023,Apply carbon criteria at capital-project investment and design gates,CTF-0023,CARD-0091,Timing Factors,CRS-0091,EMPTY_SLOT,DISPLAY,SG-INIT-0023,ACTIVE,ACTIVE,Catalog timing value-card slot for Apply carbon criteria at capital-project investment and design gates.,1.0,2026-08-18,24
MAP-0092,INIT-0023,Apply carbon criteria at capital-project investment and design gates,CEF-0023,CARD-0092,Efficiency Factors,CRS-0092,PRIMARY_DISPLAY,DISPLAY,SG-INIT-0023,ACTIVE,ACTIVE,Catalog efficiency value-card slot for Apply carbon criteria at capital-project investment and design gates.,1.0,2026-08-18,24
MAP-0093,INIT-0024,Require EPDs or product-specific carbon data for priority materials and equipment,CCF-0024,CARD-0093,Cost Factors,CRS-0093,EMPTY_SLOT,DISPLAY,SG-INIT-0024,ACTIVE,ACTIVE,Catalog cost value-card slot for Require EPDs or product-specific carbon data for priority materials and equipment.,1.0,2026-08-18,25
MAP-0094,INIT-0024,Require EPDs or product-specific carbon data for priority materials and equipment,CPF-0024,CARD-0094,Carbon Factors,CRS-0094,PRIMARY_DISPLAY,DISPLAY,SG-INIT-0024,ACTIVE,ACTIVE,Catalog carbon value-card slot for Require EPDs or product-specific carbon data for priority materials and equipment.,1.0,2026-08-18,25
MAP-0095,INIT-0024,Require EPDs or product-specific carbon data for priority materials and equipment,CTF-0024,CARD-0095,Timing Factors,CRS-0095,EMPTY_SLOT,DISPLAY,SG-INIT-0024,ACTIVE,ACTIVE,Catalog timing value-card slot for Require EPDs or product-specific carbon data for priority materials and equipment.,1.0,2026-08-18,25
MAP-0096,INIT-0024,Require EPDs or product-specific carbon data for priority materials and equipment,CEF-0024,CARD-0096,Efficiency Factors,CRS-0096,PRIMARY_DISPLAY,DISPLAY,SG-INIT-0024,ACTIVE,ACTIVE,Catalog efficiency value-card slot for Require EPDs or product-specific carbon data for priority materials and equipment.,1.0,2026-08-18,25
MAP-0097,INIT-0025,"Prioritise refurbishment, reuse and adaptation before new construction",CCF-0025,CARD-0097,Cost Factors,CRS-0097,PRIMARY_DISPLAY,DISPLAY,SG-INIT-0025,ACTIVE,ACTIVE,"Catalog cost value-card slot for Prioritise refurbishment, reuse and adaptation before new construction.",1.0,2026-08-18,26
MAP-0098,INIT-0025,"Prioritise refurbishment, reuse and adaptation before new construction",CPF-0025,CARD-0098,Carbon Factors,CRS-0098,PRIMARY_DISPLAY,DISPLAY,SG-INIT-0025,ACTIVE,ACTIVE,"Catalog carbon value-card slot for Prioritise refurbishment, reuse and adaptation before new construction.",1.0,2026-08-18,26
MAP-0099,INIT-0025,"Prioritise refurbishment, reuse and adaptation before new construction",CTF-0025,CARD-0099,Timing Factors,CRS-0099,PRIMARY_DISPLAY,DISPLAY,SG-INIT-0025,ACTIVE,ACTIVE,"Catalog timing value-card slot for Prioritise refurbishment, reuse and adaptation before new construction.",1.0,2026-08-18,26
MAP-0100,INIT-0025,"Prioritise refurbishment, reuse and adaptation before new construction",CEF-0025,CARD-0100,Efficiency Factors,CRS-0100,PRIMARY_DISPLAY,DISPLAY,SG-INIT-0025,ACTIVE,ACTIVE,"Catalog efficiency value-card slot for Prioritise refurbishment, reuse and adaptation before new construction.",1.0,2026-08-18,26
MAP-0101,INIT-0026,Require component reuse and material recovery in building and fit-out projects,CCF-0026,CARD-0101,Cost Factors,CRS-0101,PRIMARY_DISPLAY,DISPLAY,SG-INIT-0026,ACTIVE,ACTIVE,Catalog cost value-card slot for Require component reuse and material recovery in building and fit-out projects.,1.0,2026-08-18,27
MAP-0102,INIT-0026,Require component reuse and material recovery in building and fit-out projects,CPF-0026,CARD-0102,Carbon Factors,CRS-0102,PRIMARY_DISPLAY,DISPLAY,SG-INIT-0026,ACTIVE,ACTIVE,Catalog carbon value-card slot for Require component reuse and material recovery in building and fit-out projects.,1.0,2026-08-18,27
MAP-0103,INIT-0026,Require component reuse and material recovery in building and fit-out projects,CTF-0026,CARD-0103,Timing Factors,CRS-0103,PRIMARY_DISPLAY,DISPLAY,SG-INIT-0026,ACTIVE,ACTIVE,Catalog timing value-card slot for Require component reuse and material recovery in building and fit-out projects.,1.0,2026-08-18,27
MAP-0104,INIT-0026,Require component reuse and material recovery in building and fit-out projects,CEF-0026,CARD-0104,Efficiency Factors,CRS-0104,PRIMARY_DISPLAY,DISPLAY,SG-INIT-0026,ACTIVE,ACTIVE,Catalog efficiency value-card slot for Require component reuse and material recovery in building and fit-out projects.,1.0,2026-08-18,27
MAP-0105,INIT-0027,Specify lower-carbon and responsibly sourced construction materials,CCF-0027,CARD-0105,Cost Factors,CRS-0105,PRIMARY_DISPLAY,DISPLAY,SG-INIT-0027,ACTIVE,ACTIVE,Catalog cost value-card slot for Specify lower-carbon and responsibly sourced construction materials.,1.0,2026-08-18,28
MAP-0106,INIT-0027,Specify lower-carbon and responsibly sourced construction materials,CPF-0027,CARD-0106,Carbon Factors,CRS-0106,PRIMARY_DISPLAY,DISPLAY,SG-INIT-0027,ACTIVE,ACTIVE,Catalog carbon value-card slot for Specify lower-carbon and responsibly sourced construction materials.,1.0,2026-08-18,28
MAP-0107,INIT-0027,Specify lower-carbon and responsibly sourced construction materials,CTF-0027,CARD-0107,Timing Factors,CRS-0107,PRIMARY_DISPLAY,DISPLAY,SG-INIT-0027,ACTIVE,ACTIVE,Catalog timing value-card slot for Specify lower-carbon and responsibly sourced construction materials.,1.0,2026-08-18,28
MAP-0108,INIT-0027,Specify lower-carbon and responsibly sourced construction materials,CEF-0027,CARD-0108,Efficiency Factors,CRS-0108,PRIMARY_DISPLAY,DISPLAY,SG-INIT-0027,ACTIVE,ACTIVE,Catalog efficiency value-card slot for Specify lower-carbon and responsibly sourced construction materials.,1.0,2026-08-18,28
MAP-0109,INIT-0028,"Specify durability, repairability, modularity and supplier take-back for capital equipment",CCF-0028,CARD-0109,Cost Factors,CRS-0109,PRIMARY_DISPLAY,DISPLAY,SG-INIT-0028,ACTIVE,ACTIVE,"Catalog cost value-card slot for Specify durability, repairability, modularity and supplier take-back for capital equipment.",1.0,2026-08-18,29
MAP-0110,INIT-0028,"Specify durability, repairability, modularity and supplier take-back for capital equipment",CPF-0028,CARD-0110,Carbon Factors,CRS-0110,PRIMARY_DISPLAY,DISPLAY,SG-INIT-0028,ACTIVE,ACTIVE,"Catalog carbon value-card slot for Specify durability, repairability, modularity and supplier take-back for capital equipment.",1.0,2026-08-18,29
MAP-0111,INIT-0028,"Specify durability, repairability, modularity and supplier take-back for capital equipment",CTF-0028,CARD-0111,Timing Factors,CRS-0111,PRIMARY_DISPLAY,DISPLAY,SG-INIT-0028,ACTIVE,ACTIVE,"Catalog timing value-card slot for Specify durability, repairability, modularity and supplier take-back for capital equipment.",1.0,2026-08-18,29
MAP-0112,INIT-0028,"Specify durability, repairability, modularity and supplier take-back for capital equipment",CEF-0028,CARD-0112,Efficiency Factors,CRS-0112,PRIMARY_DISPLAY,DISPLAY,SG-INIT-0028,ACTIVE,ACTIVE,"Catalog efficiency value-card slot for Specify durability, repairability, modularity and supplier take-back for capital equipment.",1.0,2026-08-18,29
MAP-0113,INIT-0029,"Design buildings and fit-outs for adaptability, disassembly and material recovery",CCF-0029,CARD-0113,Cost Factors,CRS-0113,EMPTY_SLOT,DISPLAY,SG-INIT-0029,ACTIVE,ACTIVE,"Catalog cost value-card slot for Design buildings and fit-outs for adaptability, disassembly and material recovery.",1.0,2026-08-18,30
MAP-0114,INIT-0029,"Design buildings and fit-outs for adaptability, disassembly and material recovery",CPF-0029,CARD-0114,Carbon Factors,CRS-0114,PRIMARY_DISPLAY,DISPLAY,SG-INIT-0029,ACTIVE,ACTIVE,"Catalog carbon value-card slot for Design buildings and fit-outs for adaptability, disassembly and material recovery.",1.0,2026-08-18,30
MAP-0115,INIT-0029,"Design buildings and fit-outs for adaptability, disassembly and material recovery",CTF-0029,CARD-0115,Timing Factors,CRS-0115,PRIMARY_DISPLAY,DISPLAY,SG-INIT-0029,ACTIVE,ACTIVE,"Catalog timing value-card slot for Design buildings and fit-outs for adaptability, disassembly and material recovery.",1.0,2026-08-18,30
MAP-0116,INIT-0029,"Design buildings and fit-outs for adaptability, disassembly and material recovery",CEF-0029,CARD-0116,Efficiency Factors,CRS-0116,PRIMARY_DISPLAY,DISPLAY,SG-INIT-0029,ACTIVE,ACTIVE,"Catalog efficiency value-card slot for Design buildings and fit-outs for adaptability, disassembly and material recovery.",1.0,2026-08-18,30
MAP-0117,INIT-0030,Commission new buildings and major refurbishments against designed operational performance,CCF-0030,CARD-0117,Cost Factors,CRS-0117,EMPTY_SLOT,DISPLAY,SG-INIT-0030,ACTIVE,ACTIVE,Catalog cost value-card slot for Commission new buildings and major refurbishments against designed operational performance.,1.0,2026-08-18,31
MAP-0118,INIT-0030,Commission new buildings and major refurbishments against designed operational performance,CPF-0030,CARD-0118,Carbon Factors,CRS-0118,EMPTY_SLOT,DISPLAY,SG-INIT-0030,ACTIVE,ACTIVE,Catalog carbon value-card slot for Commission new buildings and major refurbishments against designed operational performance.,1.0,2026-08-18,31
MAP-0119,INIT-0030,Commission new buildings and major refurbishments against designed operational performance,CTF-0030,CARD-0119,Timing Factors,CRS-0119,PRIMARY_DISPLAY,DISPLAY,SG-INIT-0030,ACTIVE,ACTIVE,Catalog timing value-card slot for Commission new buildings and major refurbishments against designed operational performance.,1.0,2026-08-18,31
MAP-0120,INIT-0030,Commission new buildings and major refurbishments against designed operational performance,CEF-0030,CARD-0120,Efficiency Factors,CRS-0120,PRIMARY_DISPLAY,DISPLAY,SG-INIT-0030,ACTIVE,ACTIVE,Catalog efficiency value-card slot for Commission new buildings and major refurbishments against designed operational performance.,1.0,2026-08-18,31
MAP-0121,INIT-0031,Apply verified energy-efficiency criteria when replacing kitchen equipment,CCF-0031,CARD-0121,Cost Factors,CRS-0121,PRIMARY_DISPLAY,DISPLAY,SG-INIT-0031,ACTIVE,ACTIVE,Catalog cost value-card slot for Apply verified energy-efficiency criteria when replacing kitchen equipment.,1.0,2026-08-18,32
MAP-0122,INIT-0031,Apply verified energy-efficiency criteria when replacing kitchen equipment,CPF-0031,CARD-0122,Carbon Factors,CRS-0122,EMPTY_SLOT,DISPLAY,SG-INIT-0031,ACTIVE,ACTIVE,Catalog carbon value-card slot for Apply verified energy-efficiency criteria when replacing kitchen equipment.,1.0,2026-08-18,32
MAP-0123,INIT-0031,Apply verified energy-efficiency criteria when replacing kitchen equipment,CTF-0031,CARD-0123,Timing Factors,CRS-0123,EMPTY_SLOT,DISPLAY,SG-INIT-0031,ACTIVE,ACTIVE,Catalog timing value-card slot for Apply verified energy-efficiency criteria when replacing kitchen equipment.,1.0,2026-08-18,32
MAP-0124,INIT-0031,Apply verified energy-efficiency criteria when replacing kitchen equipment,CEF-0031,CARD-0124,Efficiency Factors,CRS-0124,PRIMARY_DISPLAY,DISPLAY,SG-INIT-0031,ACTIVE,ACTIVE,Catalog efficiency value-card slot for Apply verified energy-efficiency criteria when replacing kitchen equipment.,1.0,2026-08-18,32
MAP-0125,INIT-0032,Assess the feasibility of hydrogen-ready kitchen equipment,CCF-0032,CARD-0125,Cost Factors,CRS-0125,EMPTY_SLOT,DISPLAY,SG-INIT-0032,ACTIVE,ACTIVE,Catalog cost value-card slot for Assess the feasibility of hydrogen-ready kitchen equipment.,1.0,2026-08-18,33
MAP-0126,INIT-0032,Assess the feasibility of hydrogen-ready kitchen equipment,CPF-0032,CARD-0126,Carbon Factors,CRS-0126,EMPTY_SLOT,DISPLAY,SG-INIT-0032,ACTIVE,ACTIVE,Catalog carbon value-card slot for Assess the feasibility of hydrogen-ready kitchen equipment.,1.0,2026-08-18,33
MAP-0127,INIT-0032,Assess the feasibility of hydrogen-ready kitchen equipment,CTF-0032,CARD-0127,Timing Factors,CRS-0127,EMPTY_SLOT,DISPLAY,SG-INIT-0032,ACTIVE,ACTIVE,Catalog timing value-card slot for Assess the feasibility of hydrogen-ready kitchen equipment.,1.0,2026-08-18,33
MAP-0128,INIT-0032,Assess the feasibility of hydrogen-ready kitchen equipment,CEF-0032,CARD-0128,Efficiency Factors,CRS-0128,PRIMARY_DISPLAY,DISPLAY,SG-INIT-0032,ACTIVE,ACTIVE,Catalog efficiency value-card slot for Assess the feasibility of hydrogen-ready kitchen equipment.,1.0,2026-08-18,33
MAP-0129,INIT-0033,Apply environmental-performance criteria when selecting leased sites,CCF-0033,CARD-0129,Cost Factors,CRS-0129,EMPTY_SLOT,DISPLAY,SG-INIT-0033,ACTIVE,ACTIVE,Catalog cost value-card slot for Apply environmental-performance criteria when selecting leased sites.,1.0,2026-08-18,34
MAP-0130,INIT-0033,Apply environmental-performance criteria when selecting leased sites,CPF-0033,CARD-0130,Carbon Factors,CRS-0130,EMPTY_SLOT,DISPLAY,SG-INIT-0033,ACTIVE,ACTIVE,Catalog carbon value-card slot for Apply environmental-performance criteria when selecting leased sites.,1.0,2026-08-18,34
MAP-0131,INIT-0033,Apply environmental-performance criteria when selecting leased sites,CTF-0033,CARD-0131,Timing Factors,CRS-0131,EMPTY_SLOT,DISPLAY,SG-INIT-0033,ACTIVE,ACTIVE,Catalog timing value-card slot for Apply environmental-performance criteria when selecting leased sites.,1.0,2026-08-18,34
MAP-0132,INIT-0033,Apply environmental-performance criteria when selecting leased sites,CEF-0033,CARD-0132,Efficiency Factors,CRS-0132,PRIMARY_DISPLAY,DISPLAY,SG-INIT-0033,ACTIVE,ACTIVE,Catalog efficiency value-card slot for Apply environmental-performance criteria when selecting leased sites.,1.0,2026-08-18,34
MAP-0133,INIT-0034,Apply energy and carbon criteria to lease renewals and franchise onboarding,CCF-0034,CARD-0133,Cost Factors,CRS-0133,EMPTY_SLOT,DISPLAY,SG-INIT-0034,ACTIVE,ACTIVE,Catalog cost value-card slot for Apply energy and carbon criteria to lease renewals and franchise onboarding.,1.0,2026-08-18,35
MAP-0134,INIT-0034,Apply energy and carbon criteria to lease renewals and franchise onboarding,CPF-0034,CARD-0134,Carbon Factors,CRS-0134,EMPTY_SLOT,DISPLAY,SG-INIT-0034,ACTIVE,ACTIVE,Catalog carbon value-card slot for Apply energy and carbon criteria to lease renewals and franchise onboarding.,1.0,2026-08-18,35
MAP-0135,INIT-0034,Apply energy and carbon criteria to lease renewals and franchise onboarding,CTF-0034,CARD-0135,Timing Factors,CRS-0135,EMPTY_SLOT,DISPLAY,SG-INIT-0034,ACTIVE,ACTIVE,Catalog timing value-card slot for Apply energy and carbon criteria to lease renewals and franchise onboarding.,1.0,2026-08-18,35
MAP-0136,INIT-0034,Apply energy and carbon criteria to lease renewals and franchise onboarding,CEF-0034,CARD-0136,Efficiency Factors,CRS-0136,PRIMARY_DISPLAY,DISPLAY,SG-INIT-0034,ACTIVE,ACTIVE,Catalog efficiency value-card slot for Apply energy and carbon criteria to lease renewals and franchise onboarding.,1.0,2026-08-18,35
MAP-0137,INIT-0035,"Include green performance, data and cooperation clauses in leases and franchise agreements",CCF-0035,CARD-0137,Cost Factors,CRS-0137,EMPTY_SLOT,DISPLAY,SG-INIT-0035,ACTIVE,ACTIVE,"Catalog cost value-card slot for Include green performance, data and cooperation clauses in leases and franchise agreements.",1.0,2026-08-18,36
MAP-0138,INIT-0035,"Include green performance, data and cooperation clauses in leases and franchise agreements",CPF-0035,CARD-0138,Carbon Factors,CRS-0138,EMPTY_SLOT,DISPLAY,SG-INIT-0035,ACTIVE,ACTIVE,"Catalog carbon value-card slot for Include green performance, data and cooperation clauses in leases and franchise agreements.",1.0,2026-08-18,36
MAP-0139,INIT-0035,"Include green performance, data and cooperation clauses in leases and franchise agreements",CTF-0035,CARD-0139,Timing Factors,CRS-0139,EMPTY_SLOT,DISPLAY,SG-INIT-0035,ACTIVE,ACTIVE,"Catalog timing value-card slot for Include green performance, data and cooperation clauses in leases and franchise agreements.",1.0,2026-08-18,36
MAP-0140,INIT-0035,"Include green performance, data and cooperation clauses in leases and franchise agreements",CEF-0035,CARD-0140,Efficiency Factors,CRS-0140,PRIMARY_DISPLAY,DISPLAY,SG-INIT-0035,ACTIVE,ACTIVE,"Catalog efficiency value-card slot for Include green performance, data and cooperation clauses in leases and franchise agreements.",1.0,2026-08-18,36
MAP-0141,INIT-0036,"Collect and quality-check energy and emissions data from leased, tenanted and franchised sites",CCF-0036,CARD-0141,Cost Factors,CRS-0141,PRIMARY_DISPLAY,DISPLAY,SG-INIT-0036,ACTIVE,ACTIVE,"Catalog cost value-card slot for Collect and quality-check energy and emissions data from leased, tenanted and franchised sites.",1.0,2026-08-18,37
MAP-0142,INIT-0036,"Collect and quality-check energy and emissions data from leased, tenanted and franchised sites",CPF-0036,CARD-0142,Carbon Factors,CRS-0142,PRIMARY_DISPLAY,DISPLAY,SG-INIT-0036,ACTIVE,ACTIVE,"Catalog carbon value-card slot for Collect and quality-check energy and emissions data from leased, tenanted and franchised sites.",1.0,2026-08-18,37
MAP-0143,INIT-0036,"Collect and quality-check energy and emissions data from leased, tenanted and franchised sites",CTF-0036,CARD-0143,Timing Factors,CRS-0143,PRIMARY_DISPLAY,DISPLAY,SG-INIT-0036,ACTIVE,ACTIVE,"Catalog timing value-card slot for Collect and quality-check energy and emissions data from leased, tenanted and franchised sites.",1.0,2026-08-18,37
MAP-0144,INIT-0036,"Collect and quality-check energy and emissions data from leased, tenanted and franchised sites",CEF-0036,CARD-0144,Efficiency Factors,CRS-0144,PRIMARY_DISPLAY,DISPLAY,SG-INIT-0036,ACTIVE,ACTIVE,"Catalog efficiency value-card slot for Collect and quality-check energy and emissions data from leased, tenanted and franchised sites.",1.0,2026-08-18,37
MAP-0145,INIT-0037,Secure rights and approval routes for environmental improvements in leased sites,CCF-0037,CARD-0145,Cost Factors,CRS-0145,EMPTY_SLOT,DISPLAY,SG-INIT-0037,ACTIVE,ACTIVE,Catalog cost value-card slot for Secure rights and approval routes for environmental improvements in leased sites.,1.0,2026-08-18,38
MAP-0146,INIT-0037,Secure rights and approval routes for environmental improvements in leased sites,CPF-0037,CARD-0146,Carbon Factors,CRS-0146,EMPTY_SLOT,DISPLAY,SG-INIT-0037,ACTIVE,ACTIVE,Catalog carbon value-card slot for Secure rights and approval routes for environmental improvements in leased sites.,1.0,2026-08-18,38
MAP-0147,INIT-0037,Secure rights and approval routes for environmental improvements in leased sites,CTF-0037,CARD-0147,Timing Factors,CRS-0147,EMPTY_SLOT,DISPLAY,SG-INIT-0037,ACTIVE,ACTIVE,Catalog timing value-card slot for Secure rights and approval routes for environmental improvements in leased sites.,1.0,2026-08-18,38
MAP-0148,INIT-0037,Secure rights and approval routes for environmental improvements in leased sites,CEF-0037,CARD-0148,Efficiency Factors,CRS-0148,PRIMARY_DISPLAY,DISPLAY,SG-INIT-0037,ACTIVE,ACTIVE,Catalog efficiency value-card slot for Secure rights and approval routes for environmental improvements in leased sites.,1.0,2026-08-18,38
MAP-0149,INIT-0038,Enable renewable electricity procurement under lease and franchise arrangements,CCF-0038,CARD-0149,Cost Factors,CRS-0149,EMPTY_SLOT,DISPLAY,SG-INIT-0038,ACTIVE,ACTIVE,Catalog cost value-card slot for Enable renewable electricity procurement under lease and franchise arrangements.,1.0,2026-08-18,39
MAP-0150,INIT-0038,Enable renewable electricity procurement under lease and franchise arrangements,CPF-0038,CARD-0150,Carbon Factors,CRS-0150,PRIMARY_DISPLAY,DISPLAY,SG-INIT-0038,ACTIVE,ACTIVE,Catalog carbon value-card slot for Enable renewable electricity procurement under lease and franchise arrangements.,1.0,2026-08-18,39
MAP-0151,INIT-0038,Enable renewable electricity procurement under lease and franchise arrangements,CTF-0038,CARD-0151,Timing Factors,CRS-0151,PRIMARY_DISPLAY,DISPLAY,SG-INIT-0038,ACTIVE,ACTIVE,Catalog timing value-card slot for Enable renewable electricity procurement under lease and franchise arrangements.,1.0,2026-08-18,39
MAP-0152,INIT-0038,Enable renewable electricity procurement under lease and franchise arrangements,CEF-0038,CARD-0152,Efficiency Factors,CRS-0152,PRIMARY_DISPLAY,DISPLAY,SG-INIT-0038,ACTIVE,ACTIVE,Catalog efficiency value-card slot for Enable renewable electricity procurement under lease and franchise arrangements.,1.0,2026-08-18,39
MAP-0153,INIT-0039,"Agree landlord-tenant decarbonisation plans with actions, funding and accountability",CCF-0039,CARD-0153,Cost Factors,CRS-0153,PRIMARY_DISPLAY,DISPLAY,SG-INIT-0039,ACTIVE,ACTIVE,"Catalog cost value-card slot for Agree landlord-tenant decarbonisation plans with actions, funding and accountability.",1.0,2026-08-18,40
MAP-0154,INIT-0039,"Agree landlord-tenant decarbonisation plans with actions, funding and accountability",CPF-0039,CARD-0154,Carbon Factors,CRS-0154,PRIMARY_DISPLAY,DISPLAY,SG-INIT-0039,ACTIVE,ACTIVE,"Catalog carbon value-card slot for Agree landlord-tenant decarbonisation plans with actions, funding and accountability.",1.0,2026-08-18,40
MAP-0155,INIT-0039,"Agree landlord-tenant decarbonisation plans with actions, funding and accountability",CTF-0039,CARD-0155,Timing Factors,CRS-0155,PRIMARY_DISPLAY,DISPLAY,SG-INIT-0039,ACTIVE,ACTIVE,"Catalog timing value-card slot for Agree landlord-tenant decarbonisation plans with actions, funding and accountability.",1.0,2026-08-18,40
MAP-0156,INIT-0039,"Agree landlord-tenant decarbonisation plans with actions, funding and accountability",CEF-0039,CARD-0156,Efficiency Factors,CRS-0156,PRIMARY_DISPLAY,DISPLAY,SG-INIT-0039,ACTIVE,ACTIVE,"Catalog efficiency value-card slot for Agree landlord-tenant decarbonisation plans with actions, funding and accountability.",1.0,2026-08-18,40
MAP-0157,INIT-0040,Set and monitor energy-performance standards for franchisees,CCF-0040,CARD-0157,Cost Factors,CRS-0157,EMPTY_SLOT,DISPLAY,SG-INIT-0040,ACTIVE,ACTIVE,Catalog cost value-card slot for Set and monitor energy-performance standards for franchisees.,1.0,2026-08-18,41
MAP-0158,INIT-0040,Set and monitor energy-performance standards for franchisees,CPF-0040,CARD-0158,Carbon Factors,CRS-0158,EMPTY_SLOT,DISPLAY,SG-INIT-0040,ACTIVE,ACTIVE,Catalog carbon value-card slot for Set and monitor energy-performance standards for franchisees.,1.0,2026-08-18,41
MAP-0159,INIT-0040,Set and monitor energy-performance standards for franchisees,CTF-0040,CARD-0159,Timing Factors,CRS-0159,EMPTY_SLOT,DISPLAY,SG-INIT-0040,ACTIVE,ACTIVE,Catalog timing value-card slot for Set and monitor energy-performance standards for franchisees.,1.0,2026-08-18,41
MAP-0160,INIT-0040,Set and monitor energy-performance standards for franchisees,CEF-0040,CARD-0160,Efficiency Factors,CRS-0160,PRIMARY_DISPLAY,DISPLAY,SG-INIT-0040,ACTIVE,ACTIVE,Catalog efficiency value-card slot for Set and monitor energy-performance standards for franchisees.,1.0,2026-08-18,41
MAP-0161,INIT-0041,Complete an Energy Health Check,CCF-0041,CARD-0161,Cost Factors,CRS-0161,PRIMARY_DISPLAY,DISPLAY,SG-INIT-0041,ACTIVE,ACTIVE,Catalog cost value-card slot for Complete an Energy Health Check.,1.0,2026-08-18,42
MAP-0162,INIT-0041,Complete an Energy Health Check,CPF-0041,CARD-0162,Carbon Factors,CRS-0162,PRIMARY_DISPLAY,DISPLAY,SG-INIT-0041,ACTIVE,ACTIVE,Catalog carbon value-card slot for Complete an Energy Health Check.,1.0,2026-08-18,42
MAP-0163,INIT-0041,Complete an Energy Health Check,CTF-0041,CARD-0163,Timing Factors,CRS-0163,PRIMARY_DISPLAY,DISPLAY,SG-INIT-0041,ACTIVE,ACTIVE,Catalog timing value-card slot for Complete an Energy Health Check.,1.0,2026-08-18,42
MAP-0164,INIT-0041,Complete an Energy Health Check,CEF-0041,CARD-0164,Efficiency Factors,CRS-0164,PRIMARY_DISPLAY,DISPLAY,SG-INIT-0041,ACTIVE,ACTIVE,Catalog efficiency value-card slot for Complete an Energy Health Check.,1.0,2026-08-18,42
MAP-0165,INIT-0042,Install battery storage (BESS),CCF-0042,CARD-0165,Cost Factors,CRS-0165,PRIMARY_DISPLAY,DISPLAY,SG-INIT-0042,ACTIVE,ACTIVE,Catalog cost value-card slot for Install battery storage (BESS).,1.0,2026-08-18,43
MAP-0166,INIT-0042,Install battery storage (BESS),CPF-0042,CARD-0166,Carbon Factors,CRS-0166,PRIMARY_DISPLAY,DISPLAY,SG-INIT-0042,ACTIVE,ACTIVE,Catalog carbon value-card slot for Install battery storage (BESS).,1.0,2026-08-18,43
MAP-0167,INIT-0042,Install battery storage (BESS),CTF-0042,CARD-0167,Timing Factors,CRS-0167,PRIMARY_DISPLAY,DISPLAY,SG-INIT-0042,ACTIVE,ACTIVE,Catalog timing value-card slot for Install battery storage (BESS).,1.0,2026-08-18,43
MAP-0168,INIT-0042,Install battery storage (BESS),CEF-0042,CARD-0168,Efficiency Factors,CRS-0168,PRIMARY_DISPLAY,DISPLAY,SG-INIT-0042,ACTIVE,ACTIVE,Catalog efficiency value-card slot for Install battery storage (BESS).,1.0,2026-08-18,43
MAP-0169,INIT-0043,Upgrade to LED lighting with optimised design and controls,CCF-0043,CARD-0169,Cost Factors,CRS-0169,PRIMARY_DISPLAY,DISPLAY,SG-INIT-0043,ACTIVE,ACTIVE,Catalog cost value-card slot for Upgrade to LED lighting with optimised design and controls.,1.0,2026-08-18,44
MAP-0170,INIT-0043,Upgrade to LED lighting with optimised design and controls,CPF-0043,CARD-0170,Carbon Factors,CRS-0170,PRIMARY_DISPLAY,DISPLAY,SG-INIT-0043,ACTIVE,ACTIVE,Catalog carbon value-card slot for Upgrade to LED lighting with optimised design and controls.,1.0,2026-08-18,44
MAP-0171,INIT-0043,Upgrade to LED lighting with optimised design and controls,CTF-0043,CARD-0171,Timing Factors,CRS-0171,PRIMARY_DISPLAY,DISPLAY,SG-INIT-0043,ACTIVE,ACTIVE,Catalog timing value-card slot for Upgrade to LED lighting with optimised design and controls.,1.0,2026-08-18,44
MAP-0172,INIT-0043,Upgrade to LED lighting with optimised design and controls,CEF-0043,CARD-0172,Efficiency Factors,CRS-0172,PRIMARY_DISPLAY,DISPLAY,SG-INIT-0043,ACTIVE,ACTIVE,Catalog efficiency value-card slot for Upgrade to LED lighting with optimised design and controls.,1.0,2026-08-18,44
MAP-0173,INIT-0044,Install heat/energy recovery ventilation units,CCF-0044,CARD-0173,Cost Factors,CRS-0173,PRIMARY_DISPLAY,DISPLAY,SG-INIT-0044,ACTIVE,ACTIVE,Catalog cost value-card slot for Install heat/energy recovery ventilation units.,1.0,2026-08-18,45
MAP-0174,INIT-0044,Install heat/energy recovery ventilation units,CPF-0044,CARD-0174,Carbon Factors,CRS-0174,PRIMARY_DISPLAY,DISPLAY,SG-INIT-0044,ACTIVE,ACTIVE,Catalog carbon value-card slot for Install heat/energy recovery ventilation units.,1.0,2026-08-18,45
MAP-0175,INIT-0044,Install heat/energy recovery ventilation units,CTF-0044,CARD-0175,Timing Factors,CRS-0175,PRIMARY_DISPLAY,DISPLAY,SG-INIT-0044,ACTIVE,ACTIVE,Catalog timing value-card slot for Install heat/energy recovery ventilation units.,1.0,2026-08-18,45
MAP-0176,INIT-0044,Install heat/energy recovery ventilation units,CEF-0044,CARD-0176,Efficiency Factors,CRS-0176,PRIMARY_DISPLAY,DISPLAY,SG-INIT-0044,ACTIVE,ACTIVE,Catalog efficiency value-card slot for Install heat/energy recovery ventilation units.,1.0,2026-08-18,45
MAP-0177,INIT-0045,Deploy gas boiler additives,CCF-0045,CARD-0177,Cost Factors,CRS-0177,PRIMARY_DISPLAY,DISPLAY,SG-INIT-0045,ACTIVE,ACTIVE,Catalog cost value-card slot for Deploy gas boiler additives.,1.0,2026-08-18,46
MAP-0178,INIT-0045,Deploy gas boiler additives,CPF-0045,CARD-0178,Carbon Factors,CRS-0178,PRIMARY_DISPLAY,DISPLAY,SG-INIT-0045,ACTIVE,ACTIVE,Catalog carbon value-card slot for Deploy gas boiler additives.,1.0,2026-08-18,46
MAP-0179,INIT-0045,Deploy gas boiler additives,CTF-0045,CARD-0179,Timing Factors,CRS-0179,PRIMARY_DISPLAY,DISPLAY,SG-INIT-0045,ACTIVE,ACTIVE,Catalog timing value-card slot for Deploy gas boiler additives.,1.0,2026-08-18,46
MAP-0180,INIT-0045,Deploy gas boiler additives,CEF-0045,CARD-0180,Efficiency Factors,CRS-0180,PRIMARY_DISPLAY,DISPLAY,SG-INIT-0045,ACTIVE,ACTIVE,Catalog efficiency value-card slot for Deploy gas boiler additives.,1.0,2026-08-18,46
MAP-0181,INIT-0046,Install air or ground source heat pumps,CCF-0046,CARD-0181,Cost Factors,CRS-0181,PRIMARY_DISPLAY,DISPLAY,SG-INIT-0046,ACTIVE,ACTIVE,Catalog cost value-card slot for Install air or ground source heat pumps.,1.0,2026-08-18,47
MAP-0182,INIT-0046,Install air or ground source heat pumps,CPF-0046,CARD-0182,Carbon Factors,CRS-0182,PRIMARY_DISPLAY,DISPLAY,SG-INIT-0046,ACTIVE,ACTIVE,Catalog carbon value-card slot for Install air or ground source heat pumps.,1.0,2026-08-18,47
MAP-0183,INIT-0046,Install air or ground source heat pumps,CTF-0046,CARD-0183,Timing Factors,CRS-0183,PRIMARY_DISPLAY,DISPLAY,SG-INIT-0046,ACTIVE,ACTIVE,Catalog timing value-card slot for Install air or ground source heat pumps.,1.0,2026-08-18,47
MAP-0184,INIT-0046,Install air or ground source heat pumps,CEF-0046,CARD-0184,Efficiency Factors,CRS-0184,PRIMARY_DISPLAY,DISPLAY,SG-INIT-0046,ACTIVE,ACTIVE,Catalog efficiency value-card slot for Install air or ground source heat pumps.,1.0,2026-08-18,47
MAP-0185,INIT-0047,Utilise cellar cooling across estates,CCF-0047,CARD-0185,Cost Factors,CRS-0185,PRIMARY_DISPLAY,DISPLAY,SG-INIT-0047,ACTIVE,ACTIVE,Catalog cost value-card slot for Utilise cellar cooling across estates.,1.0,2026-08-18,48
MAP-0186,INIT-0047,Utilise cellar cooling across estates,CPF-0047,CARD-0186,Carbon Factors,CRS-0186,PRIMARY_DISPLAY,DISPLAY,SG-INIT-0047,ACTIVE,ACTIVE,Catalog carbon value-card slot for Utilise cellar cooling across estates.,1.0,2026-08-18,48
MAP-0187,INIT-0047,Utilise cellar cooling across estates,CTF-0047,CARD-0187,Timing Factors,CRS-0187,PRIMARY_DISPLAY,DISPLAY,SG-INIT-0047,ACTIVE,ACTIVE,Catalog timing value-card slot for Utilise cellar cooling across estates.,1.0,2026-08-18,48
MAP-0188,INIT-0047,Utilise cellar cooling across estates,CEF-0047,CARD-0188,Efficiency Factors,CRS-0188,PRIMARY_DISPLAY,DISPLAY,SG-INIT-0047,ACTIVE,ACTIVE,Catalog efficiency value-card slot for Utilise cellar cooling across estates.,1.0,2026-08-18,48
MAP-0189,INIT-0048,Replace gas-fired heating and catering equipment with electric alternatives,CCF-0048,CARD-0189,Cost Factors,CRS-0189,PRIMARY_DISPLAY,DISPLAY,SG-INIT-0048,ACTIVE,ACTIVE,Catalog cost value-card slot for Replace gas-fired heating and catering equipment with electric alternatives.,1.0,2026-08-18,49
MAP-0190,INIT-0048,Replace gas-fired heating and catering equipment with electric alternatives,CPF-0048,CARD-0190,Carbon Factors,CRS-0190,PRIMARY_DISPLAY,DISPLAY,SG-INIT-0048,ACTIVE,ACTIVE,Catalog carbon value-card slot for Replace gas-fired heating and catering equipment with electric alternatives.,1.0,2026-08-18,49
MAP-0191,INIT-0048,Replace gas-fired heating and catering equipment with electric alternatives,CTF-0048,CARD-0191,Timing Factors,CRS-0191,PRIMARY_DISPLAY,DISPLAY,SG-INIT-0048,ACTIVE,ACTIVE,Catalog timing value-card slot for Replace gas-fired heating and catering equipment with electric alternatives.,1.0,2026-08-18,49
MAP-0192,INIT-0048,Replace gas-fired heating and catering equipment with electric alternatives,CEF-0048,CARD-0192,Efficiency Factors,CRS-0192,PRIMARY_DISPLAY,DISPLAY,SG-INIT-0048,ACTIVE,ACTIVE,Catalog efficiency value-card slot for Replace gas-fired heating and catering equipment with electric alternatives.,1.0,2026-08-18,49
MAP-0193,INIT-0049,Invest in energy-efficiency and renewables infrastructure,CCF-0049,CARD-0193,Cost Factors,CRS-0193,PRIMARY_DISPLAY,DISPLAY,SG-INIT-0049,ACTIVE,ACTIVE,Catalog cost value-card slot for Invest in energy-efficiency and renewables infrastructure.,1.0,2026-08-18,50
MAP-0194,INIT-0049,Invest in energy-efficiency and renewables infrastructure,CPF-0049,CARD-0194,Carbon Factors,CRS-0194,PRIMARY_DISPLAY,DISPLAY,SG-INIT-0049,ACTIVE,ACTIVE,Catalog carbon value-card slot for Invest in energy-efficiency and renewables infrastructure.,1.0,2026-08-18,50
MAP-0195,INIT-0049,Invest in energy-efficiency and renewables infrastructure,CTF-0049,CARD-0195,Timing Factors,CRS-0195,PRIMARY_DISPLAY,DISPLAY,SG-INIT-0049,ACTIVE,ACTIVE,Catalog timing value-card slot for Invest in energy-efficiency and renewables infrastructure.,1.0,2026-08-18,50
MAP-0196,INIT-0049,Invest in energy-efficiency and renewables infrastructure,CEF-0049,CARD-0196,Efficiency Factors,CRS-0196,PRIMARY_DISPLAY,DISPLAY,SG-INIT-0049,ACTIVE,ACTIVE,Catalog efficiency value-card slot for Invest in energy-efficiency and renewables infrastructure.,1.0,2026-08-18,50
MAP-0197,INIT-0050,"Upgrade building-fabric thermal performance (insulation, glazing, draught-proofing)",CCF-0050,CARD-0197,Cost Factors,CRS-0197,PRIMARY_DISPLAY,DISPLAY,SG-INIT-0050,ACTIVE,ACTIVE,"Catalog cost value-card slot for Upgrade building-fabric thermal performance (insulation, glazing, draught-proofing).",1.0,2026-08-18,51
MAP-0198,INIT-0050,"Upgrade building-fabric thermal performance (insulation, glazing, draught-proofing)",CPF-0050,CARD-0198,Carbon Factors,CRS-0198,PRIMARY_DISPLAY,DISPLAY,SG-INIT-0050,ACTIVE,ACTIVE,"Catalog carbon value-card slot for Upgrade building-fabric thermal performance (insulation, glazing, draught-proofing).",1.0,2026-08-18,51
MAP-0199,INIT-0050,"Upgrade building-fabric thermal performance (insulation, glazing, draught-proofing)",CTF-0050,CARD-0199,Timing Factors,CRS-0199,PRIMARY_DISPLAY,DISPLAY,SG-INIT-0050,ACTIVE,ACTIVE,"Catalog timing value-card slot for Upgrade building-fabric thermal performance (insulation, glazing, draught-proofing).",1.0,2026-08-18,51
MAP-0200,INIT-0050,"Upgrade building-fabric thermal performance (insulation, glazing, draught-proofing)",CEF-0050,CARD-0200,Efficiency Factors,CRS-0200,PRIMARY_DISPLAY,DISPLAY,SG-INIT-0050,ACTIVE,ACTIVE,"Catalog efficiency value-card slot for Upgrade building-fabric thermal performance (insulation, glazing, draught-proofing).",1.0,2026-08-18,51
MAP-0201,INIT-0051,Install smart sub-metering and a building management system (BMS),CCF-0051,CARD-0201,Cost Factors,CRS-0201,PRIMARY_DISPLAY,DISPLAY,SG-INIT-0051,ACTIVE,ACTIVE,Catalog cost value-card slot for Install smart sub-metering and a building management system (BMS).,1.0,2026-08-18,52
MAP-0202,INIT-0051,Install smart sub-metering and a building management system (BMS),CPF-0051,CARD-0202,Carbon Factors,CRS-0202,PRIMARY_DISPLAY,DISPLAY,SG-INIT-0051,ACTIVE,ACTIVE,Catalog carbon value-card slot for Install smart sub-metering and a building management system (BMS).,1.0,2026-08-18,52
MAP-0203,INIT-0051,Install smart sub-metering and a building management system (BMS),CTF-0051,CARD-0203,Timing Factors,CRS-0203,PRIMARY_DISPLAY,DISPLAY,SG-INIT-0051,ACTIVE,ACTIVE,Catalog timing value-card slot for Install smart sub-metering and a building management system (BMS).,1.0,2026-08-18,52
MAP-0204,INIT-0051,Install smart sub-metering and a building management system (BMS),CEF-0051,CARD-0204,Efficiency Factors,CRS-0204,PRIMARY_DISPLAY,DISPLAY,SG-INIT-0051,ACTIVE,ACTIVE,Catalog efficiency value-card slot for Install smart sub-metering and a building management system (BMS).,1.0,2026-08-18,52
MAP-0205,INIT-0052,Install on-site solar PV,CCF-0052,CARD-0205,Cost Factors,CRS-0205,PRIMARY_DISPLAY,DISPLAY,SG-INIT-0052,ACTIVE,ACTIVE,Catalog cost value-card slot for Install on-site solar PV.,1.0,2026-08-18,53
MAP-0206,INIT-0052,Install on-site solar PV,CPF-0052,CARD-0206,Carbon Factors,CRS-0206,PRIMARY_DISPLAY,DISPLAY,SG-INIT-0052,ACTIVE,ACTIVE,Catalog carbon value-card slot for Install on-site solar PV.,1.0,2026-08-18,53
MAP-0207,INIT-0052,Install on-site solar PV,CTF-0052,CARD-0207,Timing Factors,CRS-0207,PRIMARY_DISPLAY,DISPLAY,SG-INIT-0052,ACTIVE,ACTIVE,Catalog timing value-card slot for Install on-site solar PV.,1.0,2026-08-18,53
MAP-0208,INIT-0052,Install on-site solar PV,CEF-0052,CARD-0208,Efficiency Factors,CRS-0208,PRIMARY_DISPLAY,DISPLAY,SG-INIT-0052,ACTIVE,ACTIVE,Catalog efficiency value-card slot for Install on-site solar PV.,1.0,2026-08-18,53
MAP-0209,INIT-0053,Install voltage optimisation equipment,CCF-0053,CARD-0209,Cost Factors,CRS-0209,PRIMARY_DISPLAY,DISPLAY,SG-INIT-0053,ACTIVE,ACTIVE,Catalog cost value-card slot for Install voltage optimisation equipment.,1.0,2026-08-18,54
MAP-0210,INIT-0053,Install voltage optimisation equipment,CPF-0053,CARD-0210,Carbon Factors,CRS-0210,PRIMARY_DISPLAY,DISPLAY,SG-INIT-0053,ACTIVE,ACTIVE,Catalog carbon value-card slot for Install voltage optimisation equipment.,1.0,2026-08-18,54
MAP-0211,INIT-0053,Install voltage optimisation equipment,CTF-0053,CARD-0211,Timing Factors,CRS-0211,PRIMARY_DISPLAY,DISPLAY,SG-INIT-0053,ACTIVE,ACTIVE,Catalog timing value-card slot for Install voltage optimisation equipment.,1.0,2026-08-18,54
MAP-0212,INIT-0053,Install voltage optimisation equipment,CEF-0053,CARD-0212,Efficiency Factors,CRS-0212,PRIMARY_DISPLAY,DISPLAY,SG-INIT-0053,ACTIVE,ACTIVE,Catalog efficiency value-card slot for Install voltage optimisation equipment.,1.0,2026-08-18,54
MAP-0213,INIT-0054,Procure renewable electricity via PPAs or green tariffs,CCF-0054,CARD-0213,Cost Factors,CRS-0213,PRIMARY_DISPLAY,DISPLAY,SG-INIT-0054,ACTIVE,ACTIVE,Catalog cost value-card slot for Procure renewable electricity via PPAs or green tariffs.,1.0,2026-08-18,55
MAP-0214,INIT-0054,Procure renewable electricity via PPAs or green tariffs,CPF-0054,CARD-0214,Carbon Factors,CRS-0214,PRIMARY_DISPLAY,DISPLAY,SG-INIT-0054,ACTIVE,ACTIVE,Catalog carbon value-card slot for Procure renewable electricity via PPAs or green tariffs.,1.0,2026-08-18,55
MAP-0215,INIT-0054,Procure renewable electricity via PPAs or green tariffs,CTF-0054,CARD-0215,Timing Factors,CRS-0215,PRIMARY_DISPLAY,DISPLAY,SG-INIT-0054,ACTIVE,ACTIVE,Catalog timing value-card slot for Procure renewable electricity via PPAs or green tariffs.,1.0,2026-08-18,55
MAP-0216,INIT-0054,Procure renewable electricity via PPAs or green tariffs,CEF-0054,CARD-0216,Efficiency Factors,CRS-0216,PRIMARY_DISPLAY,DISPLAY,SG-INIT-0054,ACTIVE,ACTIVE,Catalog efficiency value-card slot for Procure renewable electricity via PPAs or green tariffs.,1.0,2026-08-18,55
MAP-0217,INIT-0055,Enroll sites in demand-side response and flexibility schemes,CCF-0055,CARD-0217,Cost Factors,CRS-0217,PRIMARY_DISPLAY,DISPLAY,SG-INIT-0055,ACTIVE,ACTIVE,Catalog cost value-card slot for Enroll sites in demand-side response and flexibility schemes.,1.0,2026-08-18,56
MAP-0218,INIT-0055,Enroll sites in demand-side response and flexibility schemes,CPF-0055,CARD-0218,Carbon Factors,CRS-0218,PRIMARY_DISPLAY,DISPLAY,SG-INIT-0055,ACTIVE,ACTIVE,Catalog carbon value-card slot for Enroll sites in demand-side response and flexibility schemes.,1.0,2026-08-18,56
MAP-0219,INIT-0055,Enroll sites in demand-side response and flexibility schemes,CTF-0055,CARD-0219,Timing Factors,CRS-0219,PRIMARY_DISPLAY,DISPLAY,SG-INIT-0055,ACTIVE,ACTIVE,Catalog timing value-card slot for Enroll sites in demand-side response and flexibility schemes.,1.0,2026-08-18,56
MAP-0220,INIT-0055,Enroll sites in demand-side response and flexibility schemes,CEF-0055,CARD-0220,Efficiency Factors,CRS-0220,PRIMARY_DISPLAY,DISPLAY,SG-INIT-0055,ACTIVE,ACTIVE,Catalog efficiency value-card slot for Enroll sites in demand-side response and flexibility schemes.,1.0,2026-08-18,56
MAP-0221,INIT-0056,Run staff energy-engagement programmes,CCF-0056,CARD-0221,Cost Factors,CRS-0221,PRIMARY_DISPLAY,DISPLAY,SG-INIT-0056,ACTIVE,ACTIVE,Catalog cost value-card slot for Run staff energy-engagement programmes.,1.0,2026-08-18,57
MAP-0222,INIT-0056,Run staff energy-engagement programmes,CPF-0056,CARD-0222,Carbon Factors,CRS-0222,PRIMARY_DISPLAY,DISPLAY,SG-INIT-0056,ACTIVE,ACTIVE,Catalog carbon value-card slot for Run staff energy-engagement programmes.,1.0,2026-08-18,57
MAP-0223,INIT-0056,Run staff energy-engagement programmes,CTF-0056,CARD-0223,Timing Factors,CRS-0223,PRIMARY_DISPLAY,DISPLAY,SG-INIT-0056,ACTIVE,ACTIVE,Catalog timing value-card slot for Run staff energy-engagement programmes.,1.0,2026-08-18,57
MAP-0224,INIT-0056,Run staff energy-engagement programmes,CEF-0056,CARD-0224,Efficiency Factors,CRS-0224,PRIMARY_DISPLAY,DISPLAY,SG-INIT-0056,ACTIVE,ACTIVE,Catalog efficiency value-card slot for Run staff energy-engagement programmes.,1.0,2026-08-18,57
MAP-0225,INIT-0057,Optimise heating controls,CCF-0057,CARD-0225,Cost Factors,CRS-0225,PRIMARY_DISPLAY,DISPLAY,SG-INIT-0057,ACTIVE,ACTIVE,Catalog cost value-card slot for Optimise heating controls.,1.0,2026-08-18,58
MAP-0226,INIT-0057,Optimise heating controls,CPF-0057,CARD-0226,Carbon Factors,CRS-0226,PRIMARY_DISPLAY,DISPLAY,SG-INIT-0057,ACTIVE,ACTIVE,Catalog carbon value-card slot for Optimise heating controls.,1.0,2026-08-18,58
MAP-0227,INIT-0057,Optimise heating controls,CTF-0057,CARD-0227,Timing Factors,CRS-0227,PRIMARY_DISPLAY,DISPLAY,SG-INIT-0057,ACTIVE,ACTIVE,Catalog timing value-card slot for Optimise heating controls.,1.0,2026-08-18,58
MAP-0228,INIT-0057,Optimise heating controls,CEF-0057,CARD-0228,Efficiency Factors,CRS-0228,PRIMARY_DISPLAY,DISPLAY,SG-INIT-0057,ACTIVE,ACTIVE,Catalog efficiency value-card slot for Optimise heating controls.,1.0,2026-08-18,58
MAP-0229,INIT-0058,Improve building EPC ratings to B or above,CCF-0058,CARD-0229,Cost Factors,CRS-0229,PRIMARY_DISPLAY,DISPLAY,SG-INIT-0058,ACTIVE,ACTIVE,Catalog cost value-card slot for Improve building EPC ratings to B or above.,1.0,2026-08-18,59
MAP-0230,INIT-0058,Improve building EPC ratings to B or above,CPF-0058,CARD-0230,Carbon Factors,CRS-0230,PRIMARY_DISPLAY,DISPLAY,SG-INIT-0058,ACTIVE,ACTIVE,Catalog carbon value-card slot for Improve building EPC ratings to B or above.,1.0,2026-08-18,59
MAP-0231,INIT-0058,Improve building EPC ratings to B or above,CTF-0058,CARD-0231,Timing Factors,CRS-0231,PRIMARY_DISPLAY,DISPLAY,SG-INIT-0058,ACTIVE,ACTIVE,Catalog timing value-card slot for Improve building EPC ratings to B or above.,1.0,2026-08-18,59
MAP-0232,INIT-0058,Improve building EPC ratings to B or above,CEF-0058,CARD-0232,Efficiency Factors,CRS-0232,PRIMARY_DISPLAY,DISPLAY,SG-INIT-0058,ACTIVE,ACTIVE,Catalog efficiency value-card slot for Improve building EPC ratings to B or above.,1.0,2026-08-18,59
MAP-0233,INIT-0059,Connect sites to low-carbon heat networks or solar thermal,CCF-0059,CARD-0233,Cost Factors,CRS-0233,PRIMARY_DISPLAY,DISPLAY,SG-INIT-0059,ACTIVE,ACTIVE,Catalog cost value-card slot for Connect sites to low-carbon heat networks or solar thermal.,1.0,2026-08-18,60
MAP-0234,INIT-0059,Connect sites to low-carbon heat networks or solar thermal,CPF-0059,CARD-0234,Carbon Factors,CRS-0234,PRIMARY_DISPLAY,DISPLAY,SG-INIT-0059,ACTIVE,ACTIVE,Catalog carbon value-card slot for Connect sites to low-carbon heat networks or solar thermal.,1.0,2026-08-18,60
MAP-0235,INIT-0059,Connect sites to low-carbon heat networks or solar thermal,CTF-0059,CARD-0235,Timing Factors,CRS-0235,PRIMARY_DISPLAY,DISPLAY,SG-INIT-0059,ACTIVE,ACTIVE,Catalog timing value-card slot for Connect sites to low-carbon heat networks or solar thermal.,1.0,2026-08-18,60
MAP-0236,INIT-0059,Connect sites to low-carbon heat networks or solar thermal,CEF-0059,CARD-0236,Efficiency Factors,CRS-0236,PRIMARY_DISPLAY,DISPLAY,SG-INIT-0059,ACTIVE,ACTIVE,Catalog efficiency value-card slot for Connect sites to low-carbon heat networks or solar thermal.,1.0,2026-08-18,60
MAP-0237,INIT-0060,Procure certified green gas or biomethane,CCF-0060,CARD-0237,Cost Factors,CRS-0237,PRIMARY_DISPLAY,DISPLAY,SG-INIT-0060,ACTIVE,ACTIVE,Catalog cost value-card slot for Procure certified green gas or biomethane.,1.0,2026-08-18,61
MAP-0238,INIT-0060,Procure certified green gas or biomethane,CPF-0060,CARD-0238,Carbon Factors,CRS-0238,PRIMARY_DISPLAY,DISPLAY,SG-INIT-0060,ACTIVE,ACTIVE,Catalog carbon value-card slot for Procure certified green gas or biomethane.,1.0,2026-08-18,61
MAP-0239,INIT-0060,Procure certified green gas or biomethane,CTF-0060,CARD-0239,Timing Factors,CRS-0239,PRIMARY_DISPLAY,DISPLAY,SG-INIT-0060,ACTIVE,ACTIVE,Catalog timing value-card slot for Procure certified green gas or biomethane.,1.0,2026-08-18,61
MAP-0240,INIT-0060,Procure certified green gas or biomethane,CEF-0060,CARD-0240,Efficiency Factors,CRS-0240,PRIMARY_DISPLAY,DISPLAY,SG-INIT-0060,ACTIVE,ACTIVE,Catalog efficiency value-card slot for Procure certified green gas or biomethane.,1.0,2026-08-18,61
MAP-0241,INIT-0061,Certify sites to ISO 50001 energy management,CCF-0061,CARD-0241,Cost Factors,CRS-0241,PRIMARY_DISPLAY,DISPLAY,SG-INIT-0061,ACTIVE,ACTIVE,Catalog cost value-card slot for Certify sites to ISO 50001 energy management.,1.0,2026-08-18,62
MAP-0242,INIT-0061,Certify sites to ISO 50001 energy management,CPF-0061,CARD-0242,Carbon Factors,CRS-0242,PRIMARY_DISPLAY,DISPLAY,SG-INIT-0061,ACTIVE,ACTIVE,Catalog carbon value-card slot for Certify sites to ISO 50001 energy management.,1.0,2026-08-18,62
MAP-0243,INIT-0061,Certify sites to ISO 50001 energy management,CTF-0061,CARD-0243,Timing Factors,CRS-0243,PRIMARY_DISPLAY,DISPLAY,SG-INIT-0061,ACTIVE,ACTIVE,Catalog timing value-card slot for Certify sites to ISO 50001 energy management.,1.0,2026-08-18,62
MAP-0244,INIT-0061,Certify sites to ISO 50001 energy management,CEF-0061,CARD-0244,Efficiency Factors,CRS-0244,PRIMARY_DISPLAY,DISPLAY,SG-INIT-0061,ACTIVE,ACTIVE,Catalog efficiency value-card slot for Certify sites to ISO 50001 energy management.,1.0,2026-08-18,62
MAP-0245,INIT-0062,Install power factor correction,CCF-0062,CARD-0245,Cost Factors,CRS-0245,PRIMARY_DISPLAY,DISPLAY,SG-INIT-0062,ACTIVE,ACTIVE,Catalog cost value-card slot for Install power factor correction.,1.0,2026-08-18,63
MAP-0246,INIT-0062,Install power factor correction,CPF-0062,CARD-0246,Carbon Factors,CRS-0246,PRIMARY_DISPLAY,DISPLAY,SG-INIT-0062,ACTIVE,ACTIVE,Catalog carbon value-card slot for Install power factor correction.,1.0,2026-08-18,63
MAP-0247,INIT-0062,Install power factor correction,CTF-0062,CARD-0247,Timing Factors,CRS-0247,PRIMARY_DISPLAY,DISPLAY,SG-INIT-0062,ACTIVE,ACTIVE,Catalog timing value-card slot for Install power factor correction.,1.0,2026-08-18,63
MAP-0248,INIT-0062,Install power factor correction,CEF-0062,CARD-0248,Efficiency Factors,CRS-0248,PRIMARY_DISPLAY,DISPLAY,SG-INIT-0062,ACTIVE,ACTIVE,Catalog efficiency value-card slot for Install power factor correction.,1.0,2026-08-18,63
MAP-0249,INIT-0063,Build to BREEAM 'Very Good' or above,CCF-0063,CARD-0249,Cost Factors,CRS-0249,PRIMARY_DISPLAY,DISPLAY,SG-INIT-0063,ACTIVE,ACTIVE,Catalog cost value-card slot for Build to BREEAM 'Very Good' or above.,1.0,2026-08-18,64
MAP-0250,INIT-0063,Build to BREEAM 'Very Good' or above,CPF-0063,CARD-0250,Carbon Factors,CRS-0250,PRIMARY_DISPLAY,DISPLAY,SG-INIT-0063,ACTIVE,ACTIVE,Catalog carbon value-card slot for Build to BREEAM 'Very Good' or above.,1.0,2026-08-18,64
MAP-0251,INIT-0063,Build to BREEAM 'Very Good' or above,CTF-0063,CARD-0251,Timing Factors,CRS-0251,PRIMARY_DISPLAY,DISPLAY,SG-INIT-0063,ACTIVE,ACTIVE,Catalog timing value-card slot for Build to BREEAM 'Very Good' or above.,1.0,2026-08-18,64
MAP-0252,INIT-0063,Build to BREEAM 'Very Good' or above,CEF-0063,CARD-0252,Efficiency Factors,CRS-0252,PRIMARY_DISPLAY,DISPLAY,SG-INIT-0063,ACTIVE,ACTIVE,Catalog efficiency value-card slot for Build to BREEAM 'Very Good' or above.,1.0,2026-08-18,64
MAP-0253,INIT-0064,Allocate responsibility at Board level,CCF-0064,CARD-0253,Cost Factors,CRS-0253,PRIMARY_DISPLAY,DISPLAY,SG-INIT-0064,ACTIVE,ACTIVE,Catalog cost value-card slot for Allocate responsibility at Board level.,1.0,2026-08-18,65
MAP-0254,INIT-0064,Allocate responsibility at Board level,CPF-0064,CARD-0254,Carbon Factors,CRS-0254,PRIMARY_DISPLAY,DISPLAY,SG-INIT-0064,ACTIVE,ACTIVE,Catalog carbon value-card slot for Allocate responsibility at Board level.,1.0,2026-08-18,65
MAP-0255,INIT-0064,Allocate responsibility at Board level,CTF-0064,CARD-0255,Timing Factors,CRS-0255,PRIMARY_DISPLAY,DISPLAY,SG-INIT-0064,ACTIVE,ACTIVE,Catalog timing value-card slot for Allocate responsibility at Board level.,1.0,2026-08-18,65
MAP-0256,INIT-0064,Allocate responsibility at Board level,CEF-0064,CARD-0256,Efficiency Factors,CRS-0256,PRIMARY_DISPLAY,DISPLAY,SG-INIT-0064,ACTIVE,ACTIVE,Catalog efficiency value-card slot for Allocate responsibility at Board level.,1.0,2026-08-18,65
MAP-0257,INIT-0065,Appoint a sustainability lead or assign executive responsibility for sustainability,CCF-0065,CARD-0257,Cost Factors,CRS-0257,PRIMARY_DISPLAY,DISPLAY,SG-INIT-0065,ACTIVE,ACTIVE,Catalog cost value-card slot for Appoint a sustainability lead or assign executive responsibility for sustainability.,1.0,2026-08-18,66
MAP-0258,INIT-0065,Appoint a sustainability lead or assign executive responsibility for sustainability,CPF-0065,CARD-0258,Carbon Factors,CRS-0258,PRIMARY_DISPLAY,DISPLAY,SG-INIT-0065,ACTIVE,ACTIVE,Catalog carbon value-card slot for Appoint a sustainability lead or assign executive responsibility for sustainability.,1.0,2026-08-18,66
MAP-0259,INIT-0065,Appoint a sustainability lead or assign executive responsibility for sustainability,CTF-0065,CARD-0259,Timing Factors,CRS-0259,PRIMARY_DISPLAY,DISPLAY,SG-INIT-0065,ACTIVE,ACTIVE,Catalog timing value-card slot for Appoint a sustainability lead or assign executive responsibility for sustainability.,1.0,2026-08-18,66
MAP-0260,INIT-0065,Appoint a sustainability lead or assign executive responsibility for sustainability,CEF-0065,CARD-0260,Efficiency Factors,CRS-0260,PRIMARY_DISPLAY,DISPLAY,SG-INIT-0065,ACTIVE,ACTIVE,Catalog efficiency value-card slot for Appoint a sustainability lead or assign executive responsibility for sustainability.,1.0,2026-08-18,66
MAP-0261,INIT-0066,Establish a Sustainability Committee,CCF-0066,CARD-0261,Cost Factors,CRS-0261,PRIMARY_DISPLAY,DISPLAY,SG-INIT-0066,ACTIVE,ACTIVE,Catalog cost value-card slot for Establish a Sustainability Committee.,1.0,2026-08-18,67
MAP-0262,INIT-0066,Establish a Sustainability Committee,CPF-0066,CARD-0262,Carbon Factors,CRS-0262,PRIMARY_DISPLAY,DISPLAY,SG-INIT-0066,ACTIVE,ACTIVE,Catalog carbon value-card slot for Establish a Sustainability Committee.,1.0,2026-08-18,67
MAP-0263,INIT-0066,Establish a Sustainability Committee,CTF-0066,CARD-0263,Timing Factors,CRS-0263,PRIMARY_DISPLAY,DISPLAY,SG-INIT-0066,ACTIVE,ACTIVE,Catalog timing value-card slot for Establish a Sustainability Committee.,1.0,2026-08-18,67
MAP-0264,INIT-0066,Establish a Sustainability Committee,CEF-0066,CARD-0264,Efficiency Factors,CRS-0264,PRIMARY_DISPLAY,DISPLAY,SG-INIT-0066,ACTIVE,ACTIVE,Catalog efficiency value-card slot for Establish a Sustainability Committee.,1.0,2026-08-18,67
MAP-0265,INIT-0067,Link executive remuneration to sustainability and climate performance,CCF-0067,CARD-0265,Cost Factors,CRS-0265,PRIMARY_DISPLAY,DISPLAY,SG-INIT-0067,ACTIVE,ACTIVE,Catalog cost value-card slot for Link executive remuneration to sustainability and climate performance.,1.0,2026-08-18,68
MAP-0266,INIT-0067,Link executive remuneration to sustainability and climate performance,CPF-0067,CARD-0266,Carbon Factors,CRS-0266,PRIMARY_DISPLAY,DISPLAY,SG-INIT-0067,ACTIVE,ACTIVE,Catalog carbon value-card slot for Link executive remuneration to sustainability and climate performance.,1.0,2026-08-18,68
MAP-0267,INIT-0067,Link executive remuneration to sustainability and climate performance,CTF-0067,CARD-0267,Timing Factors,CRS-0267,PRIMARY_DISPLAY,DISPLAY,SG-INIT-0067,ACTIVE,ACTIVE,Catalog timing value-card slot for Link executive remuneration to sustainability and climate performance.,1.0,2026-08-18,68
MAP-0268,INIT-0067,Link executive remuneration to sustainability and climate performance,CEF-0067,CARD-0268,Efficiency Factors,CRS-0268,PRIMARY_DISPLAY,DISPLAY,SG-INIT-0067,ACTIVE,ACTIVE,Catalog efficiency value-card slot for Link executive remuneration to sustainability and climate performance.,1.0,2026-08-18,68
MAP-0269,INIT-0068,Engage your shareholders around climate risks and opportunities,CCF-0068,CARD-0269,Cost Factors,CRS-0269,PRIMARY_DISPLAY,DISPLAY,SG-INIT-0068,ACTIVE,ACTIVE,Catalog cost value-card slot for Engage your shareholders around climate risks and opportunities.,1.0,2026-08-18,69
MAP-0270,INIT-0068,Engage your shareholders around climate risks and opportunities,CPF-0068,CARD-0270,Carbon Factors,CRS-0270,PRIMARY_DISPLAY,DISPLAY,SG-INIT-0068,ACTIVE,ACTIVE,Catalog carbon value-card slot for Engage your shareholders around climate risks and opportunities.,1.0,2026-08-18,69
MAP-0271,INIT-0068,Engage your shareholders around climate risks and opportunities,CTF-0068,CARD-0271,Timing Factors,CRS-0271,PRIMARY_DISPLAY,DISPLAY,SG-INIT-0068,ACTIVE,ACTIVE,Catalog timing value-card slot for Engage your shareholders around climate risks and opportunities.,1.0,2026-08-18,69
MAP-0272,INIT-0068,Engage your shareholders around climate risks and opportunities,CEF-0068,CARD-0272,Efficiency Factors,CRS-0272,PRIMARY_DISPLAY,DISPLAY,SG-INIT-0068,ACTIVE,ACTIVE,Catalog efficiency value-card slot for Engage your shareholders around climate risks and opportunities.,1.0,2026-08-18,69
MAP-0273,INIT-0069,Regularly review sustainability performance at senior management and Board level.,CCF-0069,CARD-0273,Cost Factors,CRS-0273,PRIMARY_DISPLAY,DISPLAY,SG-INIT-0069,ACTIVE,ACTIVE,Catalog cost value-card slot for Regularly review sustainability performance at senior management and Board level..,1.0,2026-08-18,70
MAP-0274,INIT-0069,Regularly review sustainability performance at senior management and Board level.,CPF-0069,CARD-0274,Carbon Factors,CRS-0274,PRIMARY_DISPLAY,DISPLAY,SG-INIT-0069,ACTIVE,ACTIVE,Catalog carbon value-card slot for Regularly review sustainability performance at senior management and Board level..,1.0,2026-08-18,70
MAP-0275,INIT-0069,Regularly review sustainability performance at senior management and Board level.,CTF-0069,CARD-0275,Timing Factors,CRS-0275,PRIMARY_DISPLAY,DISPLAY,SG-INIT-0069,ACTIVE,ACTIVE,Catalog timing value-card slot for Regularly review sustainability performance at senior management and Board level..,1.0,2026-08-18,70
MAP-0276,INIT-0069,Regularly review sustainability performance at senior management and Board level.,CEF-0069,CARD-0276,Efficiency Factors,CRS-0276,PRIMARY_DISPLAY,DISPLAY,SG-INIT-0069,ACTIVE,ACTIVE,Catalog efficiency value-card slot for Regularly review sustainability performance at senior management and Board level..,1.0,2026-08-18,70
MAP-0277,INIT-0070,Develop a sustainability strategy informed by a double materiality assessment.,CCF-0070,CARD-0277,Cost Factors,CRS-0277,PRIMARY_DISPLAY,DISPLAY,SG-INIT-0070,ACTIVE,ACTIVE,Catalog cost value-card slot for Develop a sustainability strategy informed by a double materiality assessment..,1.0,2026-08-18,71
MAP-0278,INIT-0070,Develop a sustainability strategy informed by a double materiality assessment.,CPF-0070,CARD-0278,Carbon Factors,CRS-0278,PRIMARY_DISPLAY,DISPLAY,SG-INIT-0070,ACTIVE,ACTIVE,Catalog carbon value-card slot for Develop a sustainability strategy informed by a double materiality assessment..,1.0,2026-08-18,71
MAP-0279,INIT-0070,Develop a sustainability strategy informed by a double materiality assessment.,CTF-0070,CARD-0279,Timing Factors,CRS-0279,PRIMARY_DISPLAY,DISPLAY,SG-INIT-0070,ACTIVE,ACTIVE,Catalog timing value-card slot for Develop a sustainability strategy informed by a double materiality assessment..,1.0,2026-08-18,71
MAP-0280,INIT-0070,Develop a sustainability strategy informed by a double materiality assessment.,CEF-0070,CARD-0280,Efficiency Factors,CRS-0280,PRIMARY_DISPLAY,DISPLAY,SG-INIT-0070,ACTIVE,ACTIVE,Catalog efficiency value-card slot for Develop a sustainability strategy informed by a double materiality assessment..,1.0,2026-08-18,71
MAP-0281,INIT-0071,Calculate your baseline GHG footprint.,CCF-0071,CARD-0281,Cost Factors,CRS-0281,PRIMARY_DISPLAY,DISPLAY,SG-INIT-0071,ACTIVE,ACTIVE,Catalog cost value-card slot for Calculate your baseline GHG footprint..,1.0,2026-08-18,72
MAP-0282,INIT-0071,Calculate your baseline GHG footprint.,CPF-0071,CARD-0282,Carbon Factors,CRS-0282,PRIMARY_DISPLAY,DISPLAY,SG-INIT-0071,ACTIVE,ACTIVE,Catalog carbon value-card slot for Calculate your baseline GHG footprint..,1.0,2026-08-18,72
MAP-0283,INIT-0071,Calculate your baseline GHG footprint.,CTF-0071,CARD-0283,Timing Factors,CRS-0283,PRIMARY_DISPLAY,DISPLAY,SG-INIT-0071,ACTIVE,ACTIVE,Catalog timing value-card slot for Calculate your baseline GHG footprint..,1.0,2026-08-18,72
MAP-0284,INIT-0071,Calculate your baseline GHG footprint.,CEF-0071,CARD-0284,Efficiency Factors,CRS-0284,PRIMARY_DISPLAY,DISPLAY,SG-INIT-0071,ACTIVE,ACTIVE,Catalog efficiency value-card slot for Calculate your baseline GHG footprint..,1.0,2026-08-18,72
MAP-0285,INIT-0072,Use the TCFD framework to review and disclose your climate-related risks and opportunities.,CCF-0072,CARD-0285,Cost Factors,CRS-0285,PRIMARY_DISPLAY,DISPLAY,SG-INIT-0072,ACTIVE,ACTIVE,Catalog cost value-card slot for Use the TCFD framework to review and disclose your climate-related risks and opportunities..,1.0,2026-08-18,73
MAP-0286,INIT-0072,Use the TCFD framework to review and disclose your climate-related risks and opportunities.,CPF-0072,CARD-0286,Carbon Factors,CRS-0286,PRIMARY_DISPLAY,DISPLAY,SG-INIT-0072,ACTIVE,ACTIVE,Catalog carbon value-card slot for Use the TCFD framework to review and disclose your climate-related risks and opportunities..,1.0,2026-08-18,73
MAP-0287,INIT-0072,Use the TCFD framework to review and disclose your climate-related risks and opportunities.,CTF-0072,CARD-0287,Timing Factors,CRS-0287,PRIMARY_DISPLAY,DISPLAY,SG-INIT-0072,ACTIVE,ACTIVE,Catalog timing value-card slot for Use the TCFD framework to review and disclose your climate-related risks and opportunities..,1.0,2026-08-18,73
MAP-0288,INIT-0072,Use the TCFD framework to review and disclose your climate-related risks and opportunities.,CEF-0072,CARD-0288,Efficiency Factors,CRS-0288,PRIMARY_DISPLAY,DISPLAY,SG-INIT-0072,ACTIVE,ACTIVE,Catalog efficiency value-card slot for Use the TCFD framework to review and disclose your climate-related risks and opportunities..,1.0,2026-08-18,73
MAP-0289,INIT-0073,Develop a Net Zero Strategy.,CCF-0073,CARD-0289,Cost Factors,CRS-0289,PRIMARY_DISPLAY,DISPLAY,SG-INIT-0073,ACTIVE,ACTIVE,Catalog cost value-card slot for Develop a Net Zero Strategy..,1.0,2026-08-18,74
MAP-0290,INIT-0073,Develop a Net Zero Strategy.,CPF-0073,CARD-0290,Carbon Factors,CRS-0290,PRIMARY_DISPLAY,DISPLAY,SG-INIT-0073,ACTIVE,ACTIVE,Catalog carbon value-card slot for Develop a Net Zero Strategy..,1.0,2026-08-18,74
MAP-0291,INIT-0073,Develop a Net Zero Strategy.,CTF-0073,CARD-0291,Timing Factors,CRS-0291,PRIMARY_DISPLAY,DISPLAY,SG-INIT-0073,ACTIVE,ACTIVE,Catalog timing value-card slot for Develop a Net Zero Strategy..,1.0,2026-08-18,74
MAP-0292,INIT-0073,Develop a Net Zero Strategy.,CEF-0073,CARD-0292,Efficiency Factors,CRS-0292,PRIMARY_DISPLAY,DISPLAY,SG-INIT-0073,ACTIVE,ACTIVE,Catalog efficiency value-card slot for Develop a Net Zero Strategy..,1.0,2026-08-18,74
MAP-0293,INIT-0074,Set a Net Zero target.,CCF-0074,CARD-0293,Cost Factors,CRS-0293,PRIMARY_DISPLAY,DISPLAY,SG-INIT-0074,ACTIVE,ACTIVE,Catalog cost value-card slot for Set a Net Zero target..,1.0,2026-08-18,75
MAP-0294,INIT-0074,Set a Net Zero target.,CPF-0074,CARD-0294,Carbon Factors,CRS-0294,PRIMARY_DISPLAY,DISPLAY,SG-INIT-0074,ACTIVE,ACTIVE,Catalog carbon value-card slot for Set a Net Zero target..,1.0,2026-08-18,75
MAP-0295,INIT-0074,Set a Net Zero target.,CTF-0074,CARD-0295,Timing Factors,CRS-0295,PRIMARY_DISPLAY,DISPLAY,SG-INIT-0074,ACTIVE,ACTIVE,Catalog timing value-card slot for Set a Net Zero target..,1.0,2026-08-18,75
MAP-0296,INIT-0074,Set a Net Zero target.,CEF-0074,CARD-0296,Efficiency Factors,CRS-0296,PRIMARY_DISPLAY,DISPLAY,SG-INIT-0074,ACTIVE,ACTIVE,Catalog efficiency value-card slot for Set a Net Zero target..,1.0,2026-08-18,75
MAP-0297,INIT-0075,Validate targets through SBTi.,CCF-0075,CARD-0297,Cost Factors,CRS-0297,PRIMARY_DISPLAY,DISPLAY,SG-INIT-0075,ACTIVE,ACTIVE,Catalog cost value-card slot for Validate targets through SBTi..,1.0,2026-08-18,76
MAP-0298,INIT-0075,Validate targets through SBTi.,CPF-0075,CARD-0298,Carbon Factors,CRS-0298,PRIMARY_DISPLAY,DISPLAY,SG-INIT-0075,ACTIVE,ACTIVE,Catalog carbon value-card slot for Validate targets through SBTi..,1.0,2026-08-18,76
MAP-0299,INIT-0075,Validate targets through SBTi.,CTF-0075,CARD-0299,Timing Factors,CRS-0299,PRIMARY_DISPLAY,DISPLAY,SG-INIT-0075,ACTIVE,ACTIVE,Catalog timing value-card slot for Validate targets through SBTi..,1.0,2026-08-18,76
MAP-0300,INIT-0075,Validate targets through SBTi.,CEF-0075,CARD-0300,Efficiency Factors,CRS-0300,PRIMARY_DISPLAY,DISPLAY,SG-INIT-0075,ACTIVE,ACTIVE,Catalog efficiency value-card slot for Validate targets through SBTi..,1.0,2026-08-18,76
MAP-0301,INIT-0076,Integrate sustainability objectives and KPIs into business planning.,CCF-0076,CARD-0301,Cost Factors,CRS-0301,PRIMARY_DISPLAY,DISPLAY,SG-INIT-0076,ACTIVE,ACTIVE,Catalog cost value-card slot for Integrate sustainability objectives and KPIs into business planning..,1.0,2026-08-18,77
MAP-0302,INIT-0076,Integrate sustainability objectives and KPIs into business planning.,CPF-0076,CARD-0302,Carbon Factors,CRS-0302,PRIMARY_DISPLAY,DISPLAY,SG-INIT-0076,ACTIVE,ACTIVE,Catalog carbon value-card slot for Integrate sustainability objectives and KPIs into business planning..,1.0,2026-08-18,77
MAP-0303,INIT-0076,Integrate sustainability objectives and KPIs into business planning.,CTF-0076,CARD-0303,Timing Factors,CRS-0303,PRIMARY_DISPLAY,DISPLAY,SG-INIT-0076,ACTIVE,ACTIVE,Catalog timing value-card slot for Integrate sustainability objectives and KPIs into business planning..,1.0,2026-08-18,77
MAP-0304,INIT-0076,Integrate sustainability objectives and KPIs into business planning.,CEF-0076,CARD-0304,Efficiency Factors,CRS-0304,PRIMARY_DISPLAY,DISPLAY,SG-INIT-0076,ACTIVE,ACTIVE,Catalog efficiency value-card slot for Integrate sustainability objectives and KPIs into business planning..,1.0,2026-08-18,77
MAP-0305,INIT-0077,Develop a long-term decarbonisation funding plan.,CCF-0077,CARD-0305,Cost Factors,CRS-0305,PRIMARY_DISPLAY,DISPLAY,SG-INIT-0077,ACTIVE,ACTIVE,Catalog cost value-card slot for Develop a long-term decarbonisation funding plan..,1.0,2026-08-18,78
MAP-0306,INIT-0077,Develop a long-term decarbonisation funding plan.,CPF-0077,CARD-0306,Carbon Factors,CRS-0306,PRIMARY_DISPLAY,DISPLAY,SG-INIT-0077,ACTIVE,ACTIVE,Catalog carbon value-card slot for Develop a long-term decarbonisation funding plan..,1.0,2026-08-18,78
MAP-0307,INIT-0077,Develop a long-term decarbonisation funding plan.,CTF-0077,CARD-0307,Timing Factors,CRS-0307,PRIMARY_DISPLAY,DISPLAY,SG-INIT-0077,ACTIVE,ACTIVE,Catalog timing value-card slot for Develop a long-term decarbonisation funding plan..,1.0,2026-08-18,78
MAP-0308,INIT-0077,Develop a long-term decarbonisation funding plan.,CEF-0077,CARD-0308,Efficiency Factors,CRS-0308,PRIMARY_DISPLAY,DISPLAY,SG-INIT-0077,ACTIVE,ACTIVE,Catalog efficiency value-card slot for Develop a long-term decarbonisation funding plan..,1.0,2026-08-18,78
MAP-0309,INIT-0078,"Explore external grants, funding and incentives.",CCF-0078,CARD-0309,Cost Factors,CRS-0309,PRIMARY_DISPLAY,DISPLAY,SG-INIT-0078,ACTIVE,ACTIVE,"Catalog cost value-card slot for Explore external grants, funding and incentives..",1.0,2026-08-18,79
MAP-0310,INIT-0078,"Explore external grants, funding and incentives.",CPF-0078,CARD-0310,Carbon Factors,CRS-0310,PRIMARY_DISPLAY,DISPLAY,SG-INIT-0078,ACTIVE,ACTIVE,"Catalog carbon value-card slot for Explore external grants, funding and incentives..",1.0,2026-08-18,79
MAP-0311,INIT-0078,"Explore external grants, funding and incentives.",CTF-0078,CARD-0311,Timing Factors,CRS-0311,PRIMARY_DISPLAY,DISPLAY,SG-INIT-0078,ACTIVE,ACTIVE,"Catalog timing value-card slot for Explore external grants, funding and incentives..",1.0,2026-08-18,79
MAP-0312,INIT-0078,"Explore external grants, funding and incentives.",CEF-0078,CARD-0312,Efficiency Factors,CRS-0312,PRIMARY_DISPLAY,DISPLAY,SG-INIT-0078,ACTIVE,ACTIVE,"Catalog efficiency value-card slot for Explore external grants, funding and incentives..",1.0,2026-08-18,79
MAP-0313,INIT-0079,Develop a carbon removals strategy and quality criteria.,CCF-0079,CARD-0313,Cost Factors,CRS-0313,PRIMARY_DISPLAY,DISPLAY,SG-INIT-0079,ACTIVE,ACTIVE,Catalog cost value-card slot for Develop a carbon removals strategy and quality criteria..,1.0,2026-08-18,80
MAP-0314,INIT-0079,Develop a carbon removals strategy and quality criteria.,CPF-0079,CARD-0314,Carbon Factors,CRS-0314,PRIMARY_DISPLAY,DISPLAY,SG-INIT-0079,ACTIVE,ACTIVE,Catalog carbon value-card slot for Develop a carbon removals strategy and quality criteria..,1.0,2026-08-18,80
MAP-0315,INIT-0079,Develop a carbon removals strategy and quality criteria.,CTF-0079,CARD-0315,Timing Factors,CRS-0315,PRIMARY_DISPLAY,DISPLAY,SG-INIT-0079,ACTIVE,ACTIVE,Catalog timing value-card slot for Develop a carbon removals strategy and quality criteria..,1.0,2026-08-18,80
MAP-0316,INIT-0079,Develop a carbon removals strategy and quality criteria.,CEF-0079,CARD-0316,Efficiency Factors,CRS-0316,PRIMARY_DISPLAY,DISPLAY,SG-INIT-0079,ACTIVE,ACTIVE,Catalog efficiency value-card slot for Develop a carbon removals strategy and quality criteria..,1.0,2026-08-18,80
MAP-0317,INIT-0080,Involve your guests in sustainability initiatives- offer discounts for opting out of daily cleaning of the room-- ask them to give feedback on your activities,CCF-0080,CARD-0317,Cost Factors,CRS-0317,PRIMARY_DISPLAY,DISPLAY,SG-INIT-0080,ACTIVE,ACTIVE,Catalog cost value-card slot for Involve your guests in sustainability initiatives- offer discounts for opting out of daily cleaning of the room-- ask them to give feedback on your activities.,1.0,2026-08-18,81
MAP-0318,INIT-0080,Involve your guests in sustainability initiatives- offer discounts for opting out of daily cleaning of the room-- ask them to give feedback on your activities,CPF-0080,CARD-0318,Carbon Factors,CRS-0318,PRIMARY_DISPLAY,DISPLAY,SG-INIT-0080,ACTIVE,ACTIVE,Catalog carbon value-card slot for Involve your guests in sustainability initiatives- offer discounts for opting out of daily cleaning of the room-- ask them to give feedback on your activities.,1.0,2026-08-18,81
MAP-0319,INIT-0080,Involve your guests in sustainability initiatives- offer discounts for opting out of daily cleaning of the room-- ask them to give feedback on your activities,CTF-0080,CARD-0319,Timing Factors,CRS-0319,PRIMARY_DISPLAY,DISPLAY,SG-INIT-0080,ACTIVE,ACTIVE,Catalog timing value-card slot for Involve your guests in sustainability initiatives- offer discounts for opting out of daily cleaning of the room-- ask them to give feedback on your activities.,1.0,2026-08-18,81
MAP-0320,INIT-0080,Involve your guests in sustainability initiatives- offer discounts for opting out of daily cleaning of the room-- ask them to give feedback on your activities,CEF-0080,CARD-0320,Efficiency Factors,CRS-0320,PRIMARY_DISPLAY,DISPLAY,SG-INIT-0080,ACTIVE,ACTIVE,Catalog efficiency value-card slot for Involve your guests in sustainability initiatives- offer discounts for opting out of daily cleaning of the room-- ask them to give feedback on your activities.,1.0,2026-08-18,81
MAP-0321,INIT-0081,"Provide sustainability training for your leadership team, operations and functional central support teams.",CCF-0081,CARD-0321,Cost Factors,CRS-0321,PRIMARY_DISPLAY,DISPLAY,SG-INIT-0081,ACTIVE,ACTIVE,"Catalog cost value-card slot for Provide sustainability training for your leadership team, operations and functional central support teams..",1.0,2026-08-18,82
MAP-0322,INIT-0081,"Provide sustainability training for your leadership team, operations and functional central support teams.",CPF-0081,CARD-0322,Carbon Factors,CRS-0322,PRIMARY_DISPLAY,DISPLAY,SG-INIT-0081,ACTIVE,ACTIVE,"Catalog carbon value-card slot for Provide sustainability training for your leadership team, operations and functional central support teams..",1.0,2026-08-18,82
MAP-0323,INIT-0081,"Provide sustainability training for your leadership team, operations and functional central support teams.",CTF-0081,CARD-0323,Timing Factors,CRS-0323,PRIMARY_DISPLAY,DISPLAY,SG-INIT-0081,ACTIVE,ACTIVE,"Catalog timing value-card slot for Provide sustainability training for your leadership team, operations and functional central support teams..",1.0,2026-08-18,82
MAP-0324,INIT-0081,"Provide sustainability training for your leadership team, operations and functional central support teams.",CEF-0081,CARD-0324,Efficiency Factors,CRS-0324,PRIMARY_DISPLAY,DISPLAY,SG-INIT-0081,ACTIVE,ACTIVE,"Catalog efficiency value-card slot for Provide sustainability training for your leadership team, operations and functional central support teams..",1.0,2026-08-18,82
MAP-0325,INIT-0082,Offer a sustainable pension to employees (Ideally make it the default choice),CCF-0082,CARD-0325,Cost Factors,CRS-0325,PRIMARY_DISPLAY,DISPLAY,SG-INIT-0082,ACTIVE,ACTIVE,Catalog cost value-card slot for Offer a sustainable pension to employees (Ideally make it the default choice).,1.0,2026-08-18,83
MAP-0326,INIT-0082,Offer a sustainable pension to employees (Ideally make it the default choice),CPF-0082,CARD-0326,Carbon Factors,CRS-0326,PRIMARY_DISPLAY,DISPLAY,SG-INIT-0082,ACTIVE,ACTIVE,Catalog carbon value-card slot for Offer a sustainable pension to employees (Ideally make it the default choice).,1.0,2026-08-18,83
MAP-0327,INIT-0082,Offer a sustainable pension to employees (Ideally make it the default choice),CTF-0082,CARD-0327,Timing Factors,CRS-0327,PRIMARY_DISPLAY,DISPLAY,SG-INIT-0082,ACTIVE,ACTIVE,Catalog timing value-card slot for Offer a sustainable pension to employees (Ideally make it the default choice).,1.0,2026-08-18,83
MAP-0328,INIT-0082,Offer a sustainable pension to employees (Ideally make it the default choice),CEF-0082,CARD-0328,Efficiency Factors,CRS-0328,PRIMARY_DISPLAY,DISPLAY,SG-INIT-0082,ACTIVE,ACTIVE,Catalog efficiency value-card slot for Offer a sustainable pension to employees (Ideally make it the default choice).,1.0,2026-08-18,83
MAP-0329,INIT-0083,Understand employee sustainability expectations and strengthen engagement,CCF-0083,CARD-0329,Cost Factors,CRS-0329,PRIMARY_DISPLAY,DISPLAY,SG-INIT-0083,ACTIVE,ACTIVE,Catalog cost value-card slot for Understand employee sustainability expectations and strengthen engagement.,1.0,2026-08-18,84
MAP-0330,INIT-0083,Understand employee sustainability expectations and strengthen engagement,CPF-0083,CARD-0330,Carbon Factors,CRS-0330,PRIMARY_DISPLAY,DISPLAY,SG-INIT-0083,ACTIVE,ACTIVE,Catalog carbon value-card slot for Understand employee sustainability expectations and strengthen engagement.,1.0,2026-08-18,84
MAP-0331,INIT-0083,Understand employee sustainability expectations and strengthen engagement,CTF-0083,CARD-0331,Timing Factors,CRS-0331,PRIMARY_DISPLAY,DISPLAY,SG-INIT-0083,ACTIVE,ACTIVE,Catalog timing value-card slot for Understand employee sustainability expectations and strengthen engagement.,1.0,2026-08-18,84
MAP-0332,INIT-0083,Understand employee sustainability expectations and strengthen engagement,CEF-0083,CARD-0332,Efficiency Factors,CRS-0332,PRIMARY_DISPLAY,DISPLAY,SG-INIT-0083,ACTIVE,ACTIVE,Catalog efficiency value-card slot for Understand employee sustainability expectations and strengthen engagement.,1.0,2026-08-18,84
MAP-0333,INIT-0084,Embed sustainability into employee roles and responsibilities,CCF-0084,CARD-0333,Cost Factors,CRS-0333,PRIMARY_DISPLAY,DISPLAY,SG-INIT-0084,ACTIVE,ACTIVE,Catalog cost value-card slot for Embed sustainability into employee roles and responsibilities.,1.0,2026-08-18,85
MAP-0334,INIT-0084,Embed sustainability into employee roles and responsibilities,CPF-0084,CARD-0334,Carbon Factors,CRS-0334,PRIMARY_DISPLAY,DISPLAY,SG-INIT-0084,ACTIVE,ACTIVE,Catalog carbon value-card slot for Embed sustainability into employee roles and responsibilities.,1.0,2026-08-18,85
MAP-0335,INIT-0084,Embed sustainability into employee roles and responsibilities,CTF-0084,CARD-0335,Timing Factors,CRS-0335,PRIMARY_DISPLAY,DISPLAY,SG-INIT-0084,ACTIVE,ACTIVE,Catalog timing value-card slot for Embed sustainability into employee roles and responsibilities.,1.0,2026-08-18,85
MAP-0336,INIT-0084,Embed sustainability into employee roles and responsibilities,CEF-0084,CARD-0336,Efficiency Factors,CRS-0336,PRIMARY_DISPLAY,DISPLAY,SG-INIT-0084,ACTIVE,ACTIVE,Catalog efficiency value-card slot for Embed sustainability into employee roles and responsibilities.,1.0,2026-08-18,85
MAP-0337,INIT-0085,Recognizing and rewarding employees for their contributions to sustainability efforts can boost morale and motivation,CCF-0085,CARD-0337,Cost Factors,CRS-0337,PRIMARY_DISPLAY,DISPLAY,SG-INIT-0085,ACTIVE,ACTIVE,Catalog cost value-card slot for Recognizing and rewarding employees for their contributions to sustainability efforts can boost morale and motivation.,1.0,2026-08-18,86
MAP-0338,INIT-0085,Recognizing and rewarding employees for their contributions to sustainability efforts can boost morale and motivation,CPF-0085,CARD-0338,Carbon Factors,CRS-0338,PRIMARY_DISPLAY,DISPLAY,SG-INIT-0085,ACTIVE,ACTIVE,Catalog carbon value-card slot for Recognizing and rewarding employees for their contributions to sustainability efforts can boost morale and motivation.,1.0,2026-08-18,86
MAP-0339,INIT-0085,Recognizing and rewarding employees for their contributions to sustainability efforts can boost morale and motivation,CTF-0085,CARD-0339,Timing Factors,CRS-0339,PRIMARY_DISPLAY,DISPLAY,SG-INIT-0085,ACTIVE,ACTIVE,Catalog timing value-card slot for Recognizing and rewarding employees for their contributions to sustainability efforts can boost morale and motivation.,1.0,2026-08-18,86
MAP-0340,INIT-0085,Recognizing and rewarding employees for their contributions to sustainability efforts can boost morale and motivation,CEF-0085,CARD-0340,Efficiency Factors,CRS-0340,PRIMARY_DISPLAY,DISPLAY,SG-INIT-0085,ACTIVE,ACTIVE,Catalog efficiency value-card slot for Recognizing and rewarding employees for their contributions to sustainability efforts can boost morale and motivation.,1.0,2026-08-18,86
MAP-0341,INIT-0086,Develop and maintain a Climate Transition Plan.,CCF-0086,CARD-0341,Cost Factors,CRS-0341,PRIMARY_DISPLAY,DISPLAY,SG-INIT-0086,ACTIVE,ACTIVE,Catalog cost value-card slot for Develop and maintain a Climate Transition Plan..,1.0,2026-08-18,87
MAP-0342,INIT-0086,Develop and maintain a Climate Transition Plan.,CPF-0086,CARD-0342,Carbon Factors,CRS-0342,PRIMARY_DISPLAY,DISPLAY,SG-INIT-0086,ACTIVE,ACTIVE,Catalog carbon value-card slot for Develop and maintain a Climate Transition Plan..,1.0,2026-08-18,87
MAP-0343,INIT-0086,Develop and maintain a Climate Transition Plan.,CTF-0086,CARD-0343,Timing Factors,CRS-0343,PRIMARY_DISPLAY,DISPLAY,SG-INIT-0086,ACTIVE,ACTIVE,Catalog timing value-card slot for Develop and maintain a Climate Transition Plan..,1.0,2026-08-18,87
MAP-0344,INIT-0086,Develop and maintain a Climate Transition Plan.,CEF-0086,CARD-0344,Efficiency Factors,CRS-0344,PRIMARY_DISPLAY,DISPLAY,SG-INIT-0086,ACTIVE,ACTIVE,Catalog efficiency value-card slot for Develop and maintain a Climate Transition Plan..,1.0,2026-08-18,87
MAP-0345,INIT-0087,"Disclose climate-related information using recognised reporting frameworks (e.g. UK SRS, IFRS S2 and TCFD).",CCF-0087,CARD-0345,Cost Factors,CRS-0345,PRIMARY_DISPLAY,DISPLAY,SG-INIT-0087,ACTIVE,ACTIVE,"Catalog cost value-card slot for Disclose climate-related information using recognised reporting frameworks (e.g. UK SRS, IFRS S2 and TCFD)..",1.0,2026-08-18,88
MAP-0346,INIT-0087,"Disclose climate-related information using recognised reporting frameworks (e.g. UK SRS, IFRS S2 and TCFD).",CPF-0087,CARD-0346,Carbon Factors,CRS-0346,PRIMARY_DISPLAY,DISPLAY,SG-INIT-0087,ACTIVE,ACTIVE,"Catalog carbon value-card slot for Disclose climate-related information using recognised reporting frameworks (e.g. UK SRS, IFRS S2 and TCFD)..",1.0,2026-08-18,88
MAP-0347,INIT-0087,"Disclose climate-related information using recognised reporting frameworks (e.g. UK SRS, IFRS S2 and TCFD).",CTF-0087,CARD-0347,Timing Factors,CRS-0347,PRIMARY_DISPLAY,DISPLAY,SG-INIT-0087,ACTIVE,ACTIVE,"Catalog timing value-card slot for Disclose climate-related information using recognised reporting frameworks (e.g. UK SRS, IFRS S2 and TCFD)..",1.0,2026-08-18,88
MAP-0348,INIT-0087,"Disclose climate-related information using recognised reporting frameworks (e.g. UK SRS, IFRS S2 and TCFD).",CEF-0087,CARD-0348,Efficiency Factors,CRS-0348,PRIMARY_DISPLAY,DISPLAY,SG-INIT-0087,ACTIVE,ACTIVE,"Catalog efficiency value-card slot for Disclose climate-related information using recognised reporting frameworks (e.g. UK SRS, IFRS S2 and TCFD)..",1.0,2026-08-18,88
MAP-0349,INIT-0088,"Ensure compliance with applicable environmental legislation and reporting requirements (e.g. SECR, ESOS, Simpler Recycling, EPR and the Green Claims Code, where applicable).",CCF-0088,CARD-0349,Cost Factors,CRS-0349,PRIMARY_DISPLAY,DISPLAY,SG-INIT-0088,ACTIVE,ACTIVE,"Catalog cost value-card slot for Ensure compliance with applicable environmental legislation and reporting requirements (e.g. SECR, ESOS, Simpler Recycling, EPR and the Green Claims Code, where applicable)..",1.0,2026-08-18,89
MAP-0350,INIT-0088,"Ensure compliance with applicable environmental legislation and reporting requirements (e.g. SECR, ESOS, Simpler Recycling, EPR and the Green Claims Code, where applicable).",CPF-0088,CARD-0350,Carbon Factors,CRS-0350,PRIMARY_DISPLAY,DISPLAY,SG-INIT-0088,ACTIVE,ACTIVE,"Catalog carbon value-card slot for Ensure compliance with applicable environmental legislation and reporting requirements (e.g. SECR, ESOS, Simpler Recycling, EPR and the Green Claims Code, where applicable)..",1.0,2026-08-18,89
MAP-0351,INIT-0088,"Ensure compliance with applicable environmental legislation and reporting requirements (e.g. SECR, ESOS, Simpler Recycling, EPR and the Green Claims Code, where applicable).",CTF-0088,CARD-0351,Timing Factors,CRS-0351,PRIMARY_DISPLAY,DISPLAY,SG-INIT-0088,ACTIVE,ACTIVE,"Catalog timing value-card slot for Ensure compliance with applicable environmental legislation and reporting requirements (e.g. SECR, ESOS, Simpler Recycling, EPR and the Green Claims Code, where applicable)..",1.0,2026-08-18,89
MAP-0352,INIT-0088,"Ensure compliance with applicable environmental legislation and reporting requirements (e.g. SECR, ESOS, Simpler Recycling, EPR and the Green Claims Code, where applicable).",CEF-0088,CARD-0352,Efficiency Factors,CRS-0352,PRIMARY_DISPLAY,DISPLAY,SG-INIT-0088,ACTIVE,ACTIVE,"Catalog efficiency value-card slot for Ensure compliance with applicable environmental legislation and reporting requirements (e.g. SECR, ESOS, Simpler Recycling, EPR and the Green Claims Code, where applicable)..",1.0,2026-08-18,89
MAP-0353,INIT-0089,Implement an Environmental Management System (e.g. ISO 14001).,CCF-0089,CARD-0353,Cost Factors,CRS-0353,PRIMARY_DISPLAY,DISPLAY,SG-INIT-0089,ACTIVE,ACTIVE,Catalog cost value-card slot for Implement an Environmental Management System (e.g. ISO 14001)..,1.0,2026-08-18,90
MAP-0354,INIT-0089,Implement an Environmental Management System (e.g. ISO 14001).,CPF-0089,CARD-0354,Carbon Factors,CRS-0354,PRIMARY_DISPLAY,DISPLAY,SG-INIT-0089,ACTIVE,ACTIVE,Catalog carbon value-card slot for Implement an Environmental Management System (e.g. ISO 14001)..,1.0,2026-08-18,90
MAP-0355,INIT-0089,Implement an Environmental Management System (e.g. ISO 14001).,CTF-0089,CARD-0355,Timing Factors,CRS-0355,PRIMARY_DISPLAY,DISPLAY,SG-INIT-0089,ACTIVE,ACTIVE,Catalog timing value-card slot for Implement an Environmental Management System (e.g. ISO 14001)..,1.0,2026-08-18,90
MAP-0356,INIT-0089,Implement an Environmental Management System (e.g. ISO 14001).,CEF-0089,CARD-0356,Efficiency Factors,CRS-0356,PRIMARY_DISPLAY,DISPLAY,SG-INIT-0089,ACTIVE,ACTIVE,Catalog efficiency value-card slot for Implement an Environmental Management System (e.g. ISO 14001)..,1.0,2026-08-18,90
MAP-0357,INIT-0090,"Pursue recognised sustainability certifications and voluntary commitments (e.g. Green Key, Green Tourism, B Corp, Race to Zero or The Climate Pledge)",CCF-0090,CARD-0357,Cost Factors,CRS-0357,PRIMARY_DISPLAY,DISPLAY,SG-INIT-0090,ACTIVE,ACTIVE,"Catalog cost value-card slot for Pursue recognised sustainability certifications and voluntary commitments (e.g. Green Key, Green Tourism, B Corp, Race to Zero or The Climate Pledge).",1.0,2026-08-18,91
MAP-0358,INIT-0090,"Pursue recognised sustainability certifications and voluntary commitments (e.g. Green Key, Green Tourism, B Corp, Race to Zero or The Climate Pledge)",CPF-0090,CARD-0358,Carbon Factors,CRS-0358,PRIMARY_DISPLAY,DISPLAY,SG-INIT-0090,ACTIVE,ACTIVE,"Catalog carbon value-card slot for Pursue recognised sustainability certifications and voluntary commitments (e.g. Green Key, Green Tourism, B Corp, Race to Zero or The Climate Pledge).",1.0,2026-08-18,91
MAP-0359,INIT-0090,"Pursue recognised sustainability certifications and voluntary commitments (e.g. Green Key, Green Tourism, B Corp, Race to Zero or The Climate Pledge)",CTF-0090,CARD-0359,Timing Factors,CRS-0359,PRIMARY_DISPLAY,DISPLAY,SG-INIT-0090,ACTIVE,ACTIVE,"Catalog timing value-card slot for Pursue recognised sustainability certifications and voluntary commitments (e.g. Green Key, Green Tourism, B Corp, Race to Zero or The Climate Pledge).",1.0,2026-08-18,91
MAP-0360,INIT-0090,"Pursue recognised sustainability certifications and voluntary commitments (e.g. Green Key, Green Tourism, B Corp, Race to Zero or The Climate Pledge)",CEF-0090,CARD-0360,Efficiency Factors,CRS-0360,PRIMARY_DISPLAY,DISPLAY,SG-INIT-0090,ACTIVE,ACTIVE,"Catalog efficiency value-card slot for Pursue recognised sustainability certifications and voluntary commitments (e.g. Green Key, Green Tourism, B Corp, Race to Zero or The Climate Pledge).",1.0,2026-08-18,91
MAP-0361,INIT-0091,Establish a Management Information System to Track Sustainability KPIs Monthly,CCF-0091,CARD-0361,Cost Factors,CRS-0361,PRIMARY_DISPLAY,DISPLAY,SG-INIT-0091,ACTIVE,ACTIVE,Catalog cost value-card slot for Establish a Management Information System to Track Sustainability KPIs Monthly.,1.0,2026-08-18,92
MAP-0362,INIT-0091,Establish a Management Information System to Track Sustainability KPIs Monthly,CPF-0091,CARD-0362,Carbon Factors,CRS-0362,PRIMARY_DISPLAY,DISPLAY,SG-INIT-0091,ACTIVE,ACTIVE,Catalog carbon value-card slot for Establish a Management Information System to Track Sustainability KPIs Monthly.,1.0,2026-08-18,92
MAP-0363,INIT-0091,Establish a Management Information System to Track Sustainability KPIs Monthly,CTF-0091,CARD-0363,Timing Factors,CRS-0363,PRIMARY_DISPLAY,DISPLAY,SG-INIT-0091,ACTIVE,ACTIVE,Catalog timing value-card slot for Establish a Management Information System to Track Sustainability KPIs Monthly.,1.0,2026-08-18,92
MAP-0364,INIT-0091,Establish a Management Information System to Track Sustainability KPIs Monthly,CEF-0091,CARD-0364,Efficiency Factors,CRS-0364,PRIMARY_DISPLAY,DISPLAY,SG-INIT-0091,ACTIVE,ACTIVE,Catalog efficiency value-card slot for Establish a Management Information System to Track Sustainability KPIs Monthly.,1.0,2026-08-18,92
MAP-0365,INIT-0092,Reduce the volume and impact of packaging materials used.,CCF-0092,CARD-0365,Cost Factors,CRS-0365,PRIMARY_DISPLAY,DISPLAY,SG-INIT-0092,ACTIVE,ACTIVE,Catalog cost value-card slot for Reduce the volume and impact of packaging materials used..,1.0,2026-08-18,93
MAP-0366,INIT-0092,Reduce the volume and impact of packaging materials used.,CPF-0092,CARD-0366,Carbon Factors,CRS-0366,PRIMARY_DISPLAY,DISPLAY,SG-INIT-0092,ACTIVE,ACTIVE,Catalog carbon value-card slot for Reduce the volume and impact of packaging materials used..,1.0,2026-08-18,93
MAP-0367,INIT-0092,Reduce the volume and impact of packaging materials used.,CTF-0092,CARD-0367,Timing Factors,CRS-0367,PRIMARY_DISPLAY,DISPLAY,SG-INIT-0092,ACTIVE,ACTIVE,Catalog timing value-card slot for Reduce the volume and impact of packaging materials used..,1.0,2026-08-18,93
MAP-0368,INIT-0092,Reduce the volume and impact of packaging materials used.,CEF-0092,CARD-0368,Efficiency Factors,CRS-0368,PRIMARY_DISPLAY,DISPLAY,SG-INIT-0092,ACTIVE,ACTIVE,Catalog efficiency value-card slot for Reduce the volume and impact of packaging materials used..,1.0,2026-08-18,93
MAP-0369,INIT-0093,Collaborate with suppliers to reduce packaging impacts across the supply chain,CCF-0093,CARD-0369,Cost Factors,CRS-0369,PRIMARY_DISPLAY,DISPLAY,SG-INIT-0093,ACTIVE,ACTIVE,Catalog cost value-card slot for Collaborate with suppliers to reduce packaging impacts across the supply chain.,1.0,2026-08-18,94
MAP-0370,INIT-0093,Collaborate with suppliers to reduce packaging impacts across the supply chain,CPF-0093,CARD-0370,Carbon Factors,CRS-0370,PRIMARY_DISPLAY,DISPLAY,SG-INIT-0093,ACTIVE,ACTIVE,Catalog carbon value-card slot for Collaborate with suppliers to reduce packaging impacts across the supply chain.,1.0,2026-08-18,94
MAP-0371,INIT-0093,Collaborate with suppliers to reduce packaging impacts across the supply chain,CTF-0093,CARD-0371,Timing Factors,CRS-0371,PRIMARY_DISPLAY,DISPLAY,SG-INIT-0093,ACTIVE,ACTIVE,Catalog timing value-card slot for Collaborate with suppliers to reduce packaging impacts across the supply chain.,1.0,2026-08-18,94
MAP-0372,INIT-0093,Collaborate with suppliers to reduce packaging impacts across the supply chain,CEF-0093,CARD-0372,Efficiency Factors,CRS-0372,PRIMARY_DISPLAY,DISPLAY,SG-INIT-0093,ACTIVE,ACTIVE,Catalog efficiency value-card slot for Collaborate with suppliers to reduce packaging impacts across the supply chain.,1.0,2026-08-18,94
MAP-0373,INIT-0094,Use dispense or refill systems for drinks rather than single-use packaging,CCF-0094,CARD-0373,Cost Factors,CRS-0373,PRIMARY_DISPLAY,DISPLAY,SG-INIT-0094,ACTIVE,ACTIVE,Catalog cost value-card slot for Use dispense or refill systems for drinks rather than single-use packaging.,1.0,2026-08-18,95
MAP-0374,INIT-0094,Use dispense or refill systems for drinks rather than single-use packaging,CPF-0094,CARD-0374,Carbon Factors,CRS-0374,PRIMARY_DISPLAY,DISPLAY,SG-INIT-0094,ACTIVE,ACTIVE,Catalog carbon value-card slot for Use dispense or refill systems for drinks rather than single-use packaging.,1.0,2026-08-18,95
MAP-0375,INIT-0094,Use dispense or refill systems for drinks rather than single-use packaging,CTF-0094,CARD-0375,Timing Factors,CRS-0375,PRIMARY_DISPLAY,DISPLAY,SG-INIT-0094,ACTIVE,ACTIVE,Catalog timing value-card slot for Use dispense or refill systems for drinks rather than single-use packaging.,1.0,2026-08-18,95
MAP-0376,INIT-0094,Use dispense or refill systems for drinks rather than single-use packaging,CEF-0094,CARD-0376,Efficiency Factors,CRS-0376,PRIMARY_DISPLAY,DISPLAY,SG-INIT-0094,ACTIVE,ACTIVE,Catalog efficiency value-card slot for Use dispense or refill systems for drinks rather than single-use packaging.,1.0,2026-08-18,95
MAP-0377,INIT-0095,Undertake life cycle assessment (LCA) of packaging to understand its full environmental impact,CCF-0095,CARD-0377,Cost Factors,CRS-0377,PRIMARY_DISPLAY,DISPLAY,SG-INIT-0095,ACTIVE,ACTIVE,Catalog cost value-card slot for Undertake life cycle assessment (LCA) of packaging to understand its full environmental impact.,1.0,2026-08-18,96
MAP-0378,INIT-0095,Undertake life cycle assessment (LCA) of packaging to understand its full environmental impact,CPF-0095,CARD-0378,Carbon Factors,CRS-0378,PRIMARY_DISPLAY,DISPLAY,SG-INIT-0095,ACTIVE,ACTIVE,Catalog carbon value-card slot for Undertake life cycle assessment (LCA) of packaging to understand its full environmental impact.,1.0,2026-08-18,96
MAP-0379,INIT-0095,Undertake life cycle assessment (LCA) of packaging to understand its full environmental impact,CTF-0095,CARD-0379,Timing Factors,CRS-0379,PRIMARY_DISPLAY,DISPLAY,SG-INIT-0095,ACTIVE,ACTIVE,Catalog timing value-card slot for Undertake life cycle assessment (LCA) of packaging to understand its full environmental impact.,1.0,2026-08-18,96
MAP-0380,INIT-0095,Undertake life cycle assessment (LCA) of packaging to understand its full environmental impact,CEF-0095,CARD-0380,Efficiency Factors,CRS-0380,PRIMARY_DISPLAY,DISPLAY,SG-INIT-0095,ACTIVE,ACTIVE,Catalog efficiency value-card slot for Undertake life cycle assessment (LCA) of packaging to understand its full environmental impact.,1.0,2026-08-18,96
MAP-0381,INIT-0096,Eliminate single-use plastic items from operations,CCF-0096,CARD-0381,Cost Factors,CRS-0381,PRIMARY_DISPLAY,DISPLAY,SG-INIT-0096,ACTIVE,ACTIVE,Catalog cost value-card slot for Eliminate single-use plastic items from operations.,1.0,2026-08-18,97
MAP-0382,INIT-0096,Eliminate single-use plastic items from operations,CPF-0096,CARD-0382,Carbon Factors,CRS-0382,PRIMARY_DISPLAY,DISPLAY,SG-INIT-0096,ACTIVE,ACTIVE,Catalog carbon value-card slot for Eliminate single-use plastic items from operations.,1.0,2026-08-18,97
MAP-0383,INIT-0096,Eliminate single-use plastic items from operations,CTF-0096,CARD-0383,Timing Factors,CRS-0383,PRIMARY_DISPLAY,DISPLAY,SG-INIT-0096,ACTIVE,ACTIVE,Catalog timing value-card slot for Eliminate single-use plastic items from operations.,1.0,2026-08-18,97
MAP-0384,INIT-0096,Eliminate single-use plastic items from operations,CEF-0096,CARD-0384,Efficiency Factors,CRS-0384,PRIMARY_DISPLAY,DISPLAY,SG-INIT-0096,ACTIVE,ACTIVE,Catalog efficiency value-card slot for Eliminate single-use plastic items from operations.,1.0,2026-08-18,97
MAP-0385,INIT-0097,Increase recycled content in packaging materials,CCF-0097,CARD-0385,Cost Factors,CRS-0385,PRIMARY_DISPLAY,DISPLAY,SG-INIT-0097,ACTIVE,ACTIVE,Catalog cost value-card slot for Increase recycled content in packaging materials.,1.0,2026-08-18,98
MAP-0386,INIT-0097,Increase recycled content in packaging materials,CPF-0097,CARD-0386,Carbon Factors,CRS-0386,PRIMARY_DISPLAY,DISPLAY,SG-INIT-0097,ACTIVE,ACTIVE,Catalog carbon value-card slot for Increase recycled content in packaging materials.,1.0,2026-08-18,98
MAP-0387,INIT-0097,Increase recycled content in packaging materials,CTF-0097,CARD-0387,Timing Factors,CRS-0387,PRIMARY_DISPLAY,DISPLAY,SG-INIT-0097,ACTIVE,ACTIVE,Catalog timing value-card slot for Increase recycled content in packaging materials.,1.0,2026-08-18,98
MAP-0388,INIT-0097,Increase recycled content in packaging materials,CEF-0097,CARD-0388,Efficiency Factors,CRS-0388,PRIMARY_DISPLAY,DISPLAY,SG-INIT-0097,ACTIVE,ACTIVE,Catalog efficiency value-card slot for Increase recycled content in packaging materials.,1.0,2026-08-18,98
MAP-0389,INIT-0098,Evaluate equipment purchases based on full life-cycle cost and environmental impact,CCF-0098,CARD-0389,Cost Factors,CRS-0389,PRIMARY_DISPLAY,DISPLAY,SG-INIT-0098,ACTIVE,ACTIVE,Catalog cost value-card slot for Evaluate equipment purchases based on full life-cycle cost and environmental impact.,1.0,2026-08-18,99
MAP-0390,INIT-0098,Evaluate equipment purchases based on full life-cycle cost and environmental impact,CPF-0098,CARD-0390,Carbon Factors,CRS-0390,PRIMARY_DISPLAY,DISPLAY,SG-INIT-0098,ACTIVE,ACTIVE,Catalog carbon value-card slot for Evaluate equipment purchases based on full life-cycle cost and environmental impact.,1.0,2026-08-18,99
MAP-0391,INIT-0098,Evaluate equipment purchases based on full life-cycle cost and environmental impact,CTF-0098,CARD-0391,Timing Factors,CRS-0391,PRIMARY_DISPLAY,DISPLAY,SG-INIT-0098,ACTIVE,ACTIVE,Catalog timing value-card slot for Evaluate equipment purchases based on full life-cycle cost and environmental impact.,1.0,2026-08-18,99
MAP-0392,INIT-0098,Evaluate equipment purchases based on full life-cycle cost and environmental impact,CEF-0098,CARD-0392,Efficiency Factors,CRS-0392,PRIMARY_DISPLAY,DISPLAY,SG-INIT-0098,ACTIVE,ACTIVE,Catalog efficiency value-card slot for Evaluate equipment purchases based on full life-cycle cost and environmental impact.,1.0,2026-08-18,99
MAP-0393,INIT-0099,Shift from equipment ownership to service or leasing models,CCF-0099,CARD-0393,Cost Factors,CRS-0393,PRIMARY_DISPLAY,DISPLAY,SG-INIT-0099,ACTIVE,ACTIVE,Catalog cost value-card slot for Shift from equipment ownership to service or leasing models.,1.0,2026-08-18,100
MAP-0394,INIT-0099,Shift from equipment ownership to service or leasing models,CPF-0099,CARD-0394,Carbon Factors,CRS-0394,PRIMARY_DISPLAY,DISPLAY,SG-INIT-0099,ACTIVE,ACTIVE,Catalog carbon value-card slot for Shift from equipment ownership to service or leasing models.,1.0,2026-08-18,100
MAP-0395,INIT-0099,Shift from equipment ownership to service or leasing models,CTF-0099,CARD-0395,Timing Factors,CRS-0395,PRIMARY_DISPLAY,DISPLAY,SG-INIT-0099,ACTIVE,ACTIVE,Catalog timing value-card slot for Shift from equipment ownership to service or leasing models.,1.0,2026-08-18,100
MAP-0396,INIT-0099,Shift from equipment ownership to service or leasing models,CEF-0099,CARD-0396,Efficiency Factors,CRS-0396,PRIMARY_DISPLAY,DISPLAY,SG-INIT-0099,ACTIVE,ACTIVE,Catalog efficiency value-card slot for Shift from equipment ownership to service or leasing models.,1.0,2026-08-18,100
MAP-0397,INIT-0100,"Prioritise reused, refurbished and responsibly sourced furniture and fittings",CCF-0100,CARD-0397,Cost Factors,CRS-0397,PRIMARY_DISPLAY,DISPLAY,SG-INIT-0100,ACTIVE,ACTIVE,"Catalog cost value-card slot for Prioritise reused, refurbished and responsibly sourced furniture and fittings.",1.0,2026-08-18,101
MAP-0398,INIT-0100,"Prioritise reused, refurbished and responsibly sourced furniture and fittings",CPF-0100,CARD-0398,Carbon Factors,CRS-0398,PRIMARY_DISPLAY,DISPLAY,SG-INIT-0100,ACTIVE,ACTIVE,"Catalog carbon value-card slot for Prioritise reused, refurbished and responsibly sourced furniture and fittings.",1.0,2026-08-18,101
MAP-0399,INIT-0100,"Prioritise reused, refurbished and responsibly sourced furniture and fittings",CTF-0100,CARD-0399,Timing Factors,CRS-0399,PRIMARY_DISPLAY,DISPLAY,SG-INIT-0100,ACTIVE,ACTIVE,"Catalog timing value-card slot for Prioritise reused, refurbished and responsibly sourced furniture and fittings.",1.0,2026-08-18,101
MAP-0400,INIT-0100,"Prioritise reused, refurbished and responsibly sourced furniture and fittings",CEF-0100,CARD-0400,Efficiency Factors,CRS-0400,PRIMARY_DISPLAY,DISPLAY,SG-INIT-0100,ACTIVE,ACTIVE,"Catalog efficiency value-card slot for Prioritise reused, refurbished and responsibly sourced furniture and fittings.",1.0,2026-08-18,101
MAP-0401,INIT-0101,"Extend equipment life and manage WEEE through repair, refurbishment, reuse and responsible recycling",CCF-0101,CARD-0401,Cost Factors,CRS-0401,PRIMARY_DISPLAY,DISPLAY,SG-INIT-0101,ACTIVE,ACTIVE,"Catalog cost value-card slot for Extend equipment life and manage WEEE through repair, refurbishment, reuse and responsible recycling.",1.0,2026-08-18,102
MAP-0402,INIT-0101,"Extend equipment life and manage WEEE through repair, refurbishment, reuse and responsible recycling",CPF-0101,CARD-0402,Carbon Factors,CRS-0402,PRIMARY_DISPLAY,DISPLAY,SG-INIT-0101,ACTIVE,ACTIVE,"Catalog carbon value-card slot for Extend equipment life and manage WEEE through repair, refurbishment, reuse and responsible recycling.",1.0,2026-08-18,102
MAP-0403,INIT-0101,"Extend equipment life and manage WEEE through repair, refurbishment, reuse and responsible recycling",CTF-0101,CARD-0403,Timing Factors,CRS-0403,PRIMARY_DISPLAY,DISPLAY,SG-INIT-0101,ACTIVE,ACTIVE,"Catalog timing value-card slot for Extend equipment life and manage WEEE through repair, refurbishment, reuse and responsible recycling.",1.0,2026-08-18,102
MAP-0404,INIT-0101,"Extend equipment life and manage WEEE through repair, refurbishment, reuse and responsible recycling",CEF-0101,CARD-0404,Efficiency Factors,CRS-0404,PRIMARY_DISPLAY,DISPLAY,SG-INIT-0101,ACTIVE,ACTIVE,"Catalog efficiency value-card slot for Extend equipment life and manage WEEE through repair, refurbishment, reuse and responsible recycling.",1.0,2026-08-18,102
MAP-0405,INIT-0102,Set responsible sourcing standards for packaging procurement,CCF-0102,CARD-0405,Cost Factors,CRS-0405,PRIMARY_DISPLAY,DISPLAY,SG-INIT-0102,ACTIVE,ACTIVE,Catalog cost value-card slot for Set responsible sourcing standards for packaging procurement.,1.0,2026-08-18,103
MAP-0406,INIT-0102,Set responsible sourcing standards for packaging procurement,CPF-0102,CARD-0406,Carbon Factors,CRS-0406,PRIMARY_DISPLAY,DISPLAY,SG-INIT-0102,ACTIVE,ACTIVE,Catalog carbon value-card slot for Set responsible sourcing standards for packaging procurement.,1.0,2026-08-18,103
MAP-0407,INIT-0102,Set responsible sourcing standards for packaging procurement,CTF-0102,CARD-0407,Timing Factors,CRS-0407,PRIMARY_DISPLAY,DISPLAY,SG-INIT-0102,ACTIVE,ACTIVE,Catalog timing value-card slot for Set responsible sourcing standards for packaging procurement.,1.0,2026-08-18,103
MAP-0408,INIT-0102,Set responsible sourcing standards for packaging procurement,CEF-0102,CARD-0408,Efficiency Factors,CRS-0408,PRIMARY_DISPLAY,DISPLAY,SG-INIT-0102,ACTIVE,ACTIVE,Catalog efficiency value-card slot for Set responsible sourcing standards for packaging procurement.,1.0,2026-08-18,103
MAP-0409,INIT-0103,Procure lower-impact staff uniforms and operational textiles,CCF-0103,CARD-0409,Cost Factors,CRS-0409,PRIMARY_DISPLAY,DISPLAY,SG-INIT-0103,ACTIVE,ACTIVE,Catalog cost value-card slot for Procure lower-impact staff uniforms and operational textiles.,1.0,2026-08-18,104
MAP-0410,INIT-0103,Procure lower-impact staff uniforms and operational textiles,CPF-0103,CARD-0410,Carbon Factors,CRS-0410,PRIMARY_DISPLAY,DISPLAY,SG-INIT-0103,ACTIVE,ACTIVE,Catalog carbon value-card slot for Procure lower-impact staff uniforms and operational textiles.,1.0,2026-08-18,104
MAP-0411,INIT-0103,Procure lower-impact staff uniforms and operational textiles,CTF-0103,CARD-0411,Timing Factors,CRS-0411,PRIMARY_DISPLAY,DISPLAY,SG-INIT-0103,ACTIVE,ACTIVE,Catalog timing value-card slot for Procure lower-impact staff uniforms and operational textiles.,1.0,2026-08-18,104
MAP-0412,INIT-0103,Procure lower-impact staff uniforms and operational textiles,CEF-0103,CARD-0412,Efficiency Factors,CRS-0412,PRIMARY_DISPLAY,DISPLAY,SG-INIT-0103,ACTIVE,ACTIVE,Catalog efficiency value-card slot for Procure lower-impact staff uniforms and operational textiles.,1.0,2026-08-18,104
MAP-0413,INIT-0104,Procure environmentally preferable cleaning products,CCF-0104,CARD-0413,Cost Factors,CRS-0413,PRIMARY_DISPLAY,DISPLAY,SG-INIT-0104,ACTIVE,ACTIVE,Catalog cost value-card slot for Procure environmentally preferable cleaning products.,1.0,2026-08-18,105
MAP-0414,INIT-0104,Procure environmentally preferable cleaning products,CPF-0104,CARD-0414,Carbon Factors,CRS-0414,PRIMARY_DISPLAY,DISPLAY,SG-INIT-0104,ACTIVE,ACTIVE,Catalog carbon value-card slot for Procure environmentally preferable cleaning products.,1.0,2026-08-18,105
MAP-0415,INIT-0104,Procure environmentally preferable cleaning products,CTF-0104,CARD-0415,Timing Factors,CRS-0415,PRIMARY_DISPLAY,DISPLAY,SG-INIT-0104,ACTIVE,ACTIVE,Catalog timing value-card slot for Procure environmentally preferable cleaning products.,1.0,2026-08-18,105
MAP-0416,INIT-0104,Procure environmentally preferable cleaning products,CEF-0104,CARD-0416,Efficiency Factors,CRS-0416,PRIMARY_DISPLAY,DISPLAY,SG-INIT-0104,ACTIVE,ACTIVE,Catalog efficiency value-card slot for Procure environmentally preferable cleaning products.,1.0,2026-08-18,105
MAP-0417,INIT-0105,Reduce office paper use and office consumables,CCF-0105,CARD-0417,Cost Factors,CRS-0417,PRIMARY_DISPLAY,DISPLAY,SG-INIT-0105,ACTIVE,ACTIVE,Catalog cost value-card slot for Reduce office paper use and office consumables.,1.0,2026-08-18,106
MAP-0418,INIT-0105,Reduce office paper use and office consumables,CPF-0105,CARD-0418,Carbon Factors,CRS-0418,PRIMARY_DISPLAY,DISPLAY,SG-INIT-0105,ACTIVE,ACTIVE,Catalog carbon value-card slot for Reduce office paper use and office consumables.,1.0,2026-08-18,106
MAP-0419,INIT-0105,Reduce office paper use and office consumables,CTF-0105,CARD-0419,Timing Factors,CRS-0419,PRIMARY_DISPLAY,DISPLAY,SG-INIT-0105,ACTIVE,ACTIVE,Catalog timing value-card slot for Reduce office paper use and office consumables.,1.0,2026-08-18,106
MAP-0420,INIT-0105,Reduce office paper use and office consumables,CEF-0105,CARD-0420,Efficiency Factors,CRS-0420,PRIMARY_DISPLAY,DISPLAY,SG-INIT-0105,ACTIVE,ACTIVE,Catalog efficiency value-card slot for Reduce office paper use and office consumables.,1.0,2026-08-18,106
MAP-0421,INIT-0106,Measure and reduce emissions from purchased goods and services,CCF-0106,CARD-0421,Cost Factors,CRS-0421,PRIMARY_DISPLAY,DISPLAY,SG-INIT-0106,ACTIVE,ACTIVE,Catalog cost value-card slot for Measure and reduce emissions from purchased goods and services.,1.0,2026-08-18,107
MAP-0422,INIT-0106,Measure and reduce emissions from purchased goods and services,CPF-0106,CARD-0422,Carbon Factors,CRS-0422,PRIMARY_DISPLAY,DISPLAY,SG-INIT-0106,ACTIVE,ACTIVE,Catalog carbon value-card slot for Measure and reduce emissions from purchased goods and services.,1.0,2026-08-18,107
MAP-0423,INIT-0106,Measure and reduce emissions from purchased goods and services,CTF-0106,CARD-0423,Timing Factors,CRS-0423,PRIMARY_DISPLAY,DISPLAY,SG-INIT-0106,ACTIVE,ACTIVE,Catalog timing value-card slot for Measure and reduce emissions from purchased goods and services.,1.0,2026-08-18,107
MAP-0424,INIT-0106,Measure and reduce emissions from purchased goods and services,CEF-0106,CARD-0424,Efficiency Factors,CRS-0424,PRIMARY_DISPLAY,DISPLAY,SG-INIT-0106,ACTIVE,ACTIVE,Catalog efficiency value-card slot for Measure and reduce emissions from purchased goods and services.,1.0,2026-08-18,107
MAP-0425,INIT-0107,Adopt recognised certifications for key categories,CCF-0107,CARD-0425,Cost Factors,CRS-0425,PRIMARY_DISPLAY,DISPLAY,SG-INIT-0107,ACTIVE,ACTIVE,Catalog cost value-card slot for Adopt recognised certifications for key categories.,1.0,2026-08-18,108
MAP-0426,INIT-0107,Adopt recognised certifications for key categories,CPF-0107,CARD-0426,Carbon Factors,CRS-0426,PRIMARY_DISPLAY,DISPLAY,SG-INIT-0107,ACTIVE,ACTIVE,Catalog carbon value-card slot for Adopt recognised certifications for key categories.,1.0,2026-08-18,108
MAP-0427,INIT-0107,Adopt recognised certifications for key categories,CTF-0107,CARD-0427,Timing Factors,CRS-0427,PRIMARY_DISPLAY,DISPLAY,SG-INIT-0107,ACTIVE,ACTIVE,Catalog timing value-card slot for Adopt recognised certifications for key categories.,1.0,2026-08-18,108
MAP-0428,INIT-0107,Adopt recognised certifications for key categories,CEF-0107,CARD-0428,Efficiency Factors,CRS-0428,PRIMARY_DISPLAY,DISPLAY,SG-INIT-0107,ACTIVE,ACTIVE,Catalog efficiency value-card slot for Adopt recognised certifications for key categories.,1.0,2026-08-18,108
MAP-0429,INIT-0108,Set targets to increase local/regional and seasonal sourcing to reduce transport emissions and support UK producers,CCF-0108,CARD-0429,Cost Factors,CRS-0429,PRIMARY_DISPLAY,DISPLAY,SG-INIT-0108,ACTIVE,ACTIVE,Catalog cost value-card slot for Set targets to increase local/regional and seasonal sourcing to reduce transport emissions and support UK producers.,1.0,2026-08-18,109
MAP-0430,INIT-0108,Set targets to increase local/regional and seasonal sourcing to reduce transport emissions and support UK producers,CPF-0108,CARD-0430,Carbon Factors,CRS-0430,PRIMARY_DISPLAY,DISPLAY,SG-INIT-0108,ACTIVE,ACTIVE,Catalog carbon value-card slot for Set targets to increase local/regional and seasonal sourcing to reduce transport emissions and support UK producers.,1.0,2026-08-18,109
MAP-0431,INIT-0108,Set targets to increase local/regional and seasonal sourcing to reduce transport emissions and support UK producers,CTF-0108,CARD-0431,Timing Factors,CRS-0431,PRIMARY_DISPLAY,DISPLAY,SG-INIT-0108,ACTIVE,ACTIVE,Catalog timing value-card slot for Set targets to increase local/regional and seasonal sourcing to reduce transport emissions and support UK producers.,1.0,2026-08-18,109
MAP-0432,INIT-0108,Set targets to increase local/regional and seasonal sourcing to reduce transport emissions and support UK producers,CEF-0108,CARD-0432,Efficiency Factors,CRS-0432,PRIMARY_DISPLAY,DISPLAY,SG-INIT-0108,ACTIVE,ACTIVE,Catalog efficiency value-card slot for Set targets to increase local/regional and seasonal sourcing to reduce transport emissions and support UK producers.,1.0,2026-08-18,109
MAP-0433,INIT-0109,Pilot new sourcing models with innovative/smaller suppliers to diversify supply and de-risk from commodity volatility,CCF-0109,CARD-0433,Cost Factors,CRS-0433,PRIMARY_DISPLAY,DISPLAY,SG-INIT-0109,ACTIVE,ACTIVE,Catalog cost value-card slot for Pilot new sourcing models with innovative/smaller suppliers to diversify supply and de-risk from commodity volatility.,1.0,2026-08-18,110
MAP-0434,INIT-0109,Pilot new sourcing models with innovative/smaller suppliers to diversify supply and de-risk from commodity volatility,CPF-0109,CARD-0434,Carbon Factors,CRS-0434,PRIMARY_DISPLAY,DISPLAY,SG-INIT-0109,ACTIVE,ACTIVE,Catalog carbon value-card slot for Pilot new sourcing models with innovative/smaller suppliers to diversify supply and de-risk from commodity volatility.,1.0,2026-08-18,110
MAP-0435,INIT-0109,Pilot new sourcing models with innovative/smaller suppliers to diversify supply and de-risk from commodity volatility,CTF-0109,CARD-0435,Timing Factors,CRS-0435,PRIMARY_DISPLAY,DISPLAY,SG-INIT-0109,ACTIVE,ACTIVE,Catalog timing value-card slot for Pilot new sourcing models with innovative/smaller suppliers to diversify supply and de-risk from commodity volatility.,1.0,2026-08-18,110
MAP-0436,INIT-0109,Pilot new sourcing models with innovative/smaller suppliers to diversify supply and de-risk from commodity volatility,CEF-0109,CARD-0436,Efficiency Factors,CRS-0436,PRIMARY_DISPLAY,DISPLAY,SG-INIT-0109,ACTIVE,ACTIVE,Catalog efficiency value-card slot for Pilot new sourcing models with innovative/smaller suppliers to diversify supply and de-risk from commodity volatility.,1.0,2026-08-18,110
MAP-0437,INIT-0110,Proportion of plant-based dishes on the menu,CCF-0110,CARD-0437,Cost Factors,CRS-0437,PRIMARY_DISPLAY,DISPLAY,SG-INIT-0110,ACTIVE,ACTIVE,Catalog cost value-card slot for Proportion of plant-based dishes on the menu.,1.0,2026-08-18,111
MAP-0438,INIT-0110,Proportion of plant-based dishes on the menu,CPF-0110,CARD-0438,Carbon Factors,CRS-0438,PRIMARY_DISPLAY,DISPLAY,SG-INIT-0110,ACTIVE,ACTIVE,Catalog carbon value-card slot for Proportion of plant-based dishes on the menu.,1.0,2026-08-18,111
MAP-0439,INIT-0110,Proportion of plant-based dishes on the menu,CTF-0110,CARD-0439,Timing Factors,CRS-0439,PRIMARY_DISPLAY,DISPLAY,SG-INIT-0110,ACTIVE,ACTIVE,Catalog timing value-card slot for Proportion of plant-based dishes on the menu.,1.0,2026-08-18,111
MAP-0440,INIT-0110,Proportion of plant-based dishes on the menu,CEF-0110,CARD-0440,Efficiency Factors,CRS-0440,PRIMARY_DISPLAY,DISPLAY,SG-INIT-0110,ACTIVE,ACTIVE,Catalog efficiency value-card slot for Proportion of plant-based dishes on the menu.,1.0,2026-08-18,111
MAP-0441,INIT-0111,Procure items sourced from ingredients grown using regenerative practices,CCF-0111,CARD-0441,Cost Factors,CRS-0441,PRIMARY_DISPLAY,DISPLAY,SG-INIT-0111,ACTIVE,ACTIVE,Catalog cost value-card slot for Procure items sourced from ingredients grown using regenerative practices.,1.0,2026-08-18,112
MAP-0442,INIT-0111,Procure items sourced from ingredients grown using regenerative practices,CPF-0111,CARD-0442,Carbon Factors,CRS-0442,PRIMARY_DISPLAY,DISPLAY,SG-INIT-0111,ACTIVE,ACTIVE,Catalog carbon value-card slot for Procure items sourced from ingredients grown using regenerative practices.,1.0,2026-08-18,112
MAP-0443,INIT-0111,Procure items sourced from ingredients grown using regenerative practices,CTF-0111,CARD-0443,Timing Factors,CRS-0443,PRIMARY_DISPLAY,DISPLAY,SG-INIT-0111,ACTIVE,ACTIVE,Catalog timing value-card slot for Procure items sourced from ingredients grown using regenerative practices.,1.0,2026-08-18,112
MAP-0444,INIT-0111,Procure items sourced from ingredients grown using regenerative practices,CEF-0111,CARD-0444,Efficiency Factors,CRS-0444,PRIMARY_DISPLAY,DISPLAY,SG-INIT-0111,ACTIVE,ACTIVE,Catalog efficiency value-card slot for Procure items sourced from ingredients grown using regenerative practices.,1.0,2026-08-18,112
MAP-0445,INIT-0112,Design the menu to highlight and nudge customers toward lower-carbon choices,CCF-0112,CARD-0445,Cost Factors,CRS-0445,PRIMARY_DISPLAY,DISPLAY,SG-INIT-0112,ACTIVE,ACTIVE,Catalog cost value-card slot for Design the menu to highlight and nudge customers toward lower-carbon choices.,1.0,2026-08-18,113
MAP-0446,INIT-0112,Design the menu to highlight and nudge customers toward lower-carbon choices,CPF-0112,CARD-0446,Carbon Factors,CRS-0446,PRIMARY_DISPLAY,DISPLAY,SG-INIT-0112,ACTIVE,ACTIVE,Catalog carbon value-card slot for Design the menu to highlight and nudge customers toward lower-carbon choices.,1.0,2026-08-18,113
MAP-0447,INIT-0112,Design the menu to highlight and nudge customers toward lower-carbon choices,CTF-0112,CARD-0447,Timing Factors,CRS-0447,PRIMARY_DISPLAY,DISPLAY,SG-INIT-0112,ACTIVE,ACTIVE,Catalog timing value-card slot for Design the menu to highlight and nudge customers toward lower-carbon choices.,1.0,2026-08-18,113
MAP-0448,INIT-0112,Design the menu to highlight and nudge customers toward lower-carbon choices,CEF-0112,CARD-0448,Efficiency Factors,CRS-0448,PRIMARY_DISPLAY,DISPLAY,SG-INIT-0112,ACTIVE,ACTIVE,Catalog efficiency value-card slot for Design the menu to highlight and nudge customers toward lower-carbon choices.,1.0,2026-08-18,113
MAP-0449,INIT-0113,Swap high-impact ingredients for lower-impact equivalents where they don't compromise the dish,CCF-0113,CARD-0449,Cost Factors,CRS-0449,PRIMARY_DISPLAY,DISPLAY,SG-INIT-0113,ACTIVE,ACTIVE,Catalog cost value-card slot for Swap high-impact ingredients for lower-impact equivalents where they don't compromise the dish.,1.0,2026-08-18,114
MAP-0450,INIT-0113,Swap high-impact ingredients for lower-impact equivalents where they don't compromise the dish,CPF-0113,CARD-0450,Carbon Factors,CRS-0450,PRIMARY_DISPLAY,DISPLAY,SG-INIT-0113,ACTIVE,ACTIVE,Catalog carbon value-card slot for Swap high-impact ingredients for lower-impact equivalents where they don't compromise the dish.,1.0,2026-08-18,114
MAP-0451,INIT-0113,Swap high-impact ingredients for lower-impact equivalents where they don't compromise the dish,CTF-0113,CARD-0451,Timing Factors,CRS-0451,PRIMARY_DISPLAY,DISPLAY,SG-INIT-0113,ACTIVE,ACTIVE,Catalog timing value-card slot for Swap high-impact ingredients for lower-impact equivalents where they don't compromise the dish.,1.0,2026-08-18,114
MAP-0452,INIT-0113,Swap high-impact ingredients for lower-impact equivalents where they don't compromise the dish,CEF-0113,CARD-0452,Efficiency Factors,CRS-0452,PRIMARY_DISPLAY,DISPLAY,SG-INIT-0113,ACTIVE,ACTIVE,Catalog efficiency value-card slot for Swap high-impact ingredients for lower-impact equivalents where they don't compromise the dish.,1.0,2026-08-18,114
MAP-0453,INIT-0114,Use nose-to-tail cooking to reduce waste from higher-impact proteins,CCF-0114,CARD-0453,Cost Factors,CRS-0453,PRIMARY_DISPLAY,DISPLAY,SG-INIT-0114,ACTIVE,ACTIVE,Catalog cost value-card slot for Use nose-to-tail cooking to reduce waste from higher-impact proteins.,1.0,2026-08-18,115
MAP-0454,INIT-0114,Use nose-to-tail cooking to reduce waste from higher-impact proteins,CPF-0114,CARD-0454,Carbon Factors,CRS-0454,PRIMARY_DISPLAY,DISPLAY,SG-INIT-0114,ACTIVE,ACTIVE,Catalog carbon value-card slot for Use nose-to-tail cooking to reduce waste from higher-impact proteins.,1.0,2026-08-18,115
MAP-0455,INIT-0114,Use nose-to-tail cooking to reduce waste from higher-impact proteins,CTF-0114,CARD-0455,Timing Factors,CRS-0455,PRIMARY_DISPLAY,DISPLAY,SG-INIT-0114,ACTIVE,ACTIVE,Catalog timing value-card slot for Use nose-to-tail cooking to reduce waste from higher-impact proteins.,1.0,2026-08-18,115
MAP-0456,INIT-0114,Use nose-to-tail cooking to reduce waste from higher-impact proteins,CEF-0114,CARD-0456,Efficiency Factors,CRS-0456,PRIMARY_DISPLAY,DISPLAY,SG-INIT-0114,ACTIVE,ACTIVE,Catalog efficiency value-card slot for Use nose-to-tail cooking to reduce waste from higher-impact proteins.,1.0,2026-08-18,115
MAP-0457,INIT-0115,Adjust portion sizes and prep quantities based on waste data,CCF-0115,CARD-0457,Cost Factors,CRS-0457,PRIMARY_DISPLAY,DISPLAY,SG-INIT-0115,ACTIVE,ACTIVE,Catalog cost value-card slot for Adjust portion sizes and prep quantities based on waste data.,1.0,2026-08-18,116
MAP-0458,INIT-0115,Adjust portion sizes and prep quantities based on waste data,CPF-0115,CARD-0458,Carbon Factors,CRS-0458,PRIMARY_DISPLAY,DISPLAY,SG-INIT-0115,ACTIVE,ACTIVE,Catalog carbon value-card slot for Adjust portion sizes and prep quantities based on waste data.,1.0,2026-08-18,116
MAP-0459,INIT-0115,Adjust portion sizes and prep quantities based on waste data,CTF-0115,CARD-0459,Timing Factors,CRS-0459,PRIMARY_DISPLAY,DISPLAY,SG-INIT-0115,ACTIVE,ACTIVE,Catalog timing value-card slot for Adjust portion sizes and prep quantities based on waste data.,1.0,2026-08-18,116
MAP-0460,INIT-0115,Adjust portion sizes and prep quantities based on waste data,CEF-0115,CARD-0460,Efficiency Factors,CRS-0460,PRIMARY_DISPLAY,DISPLAY,SG-INIT-0115,ACTIVE,ACTIVE,Catalog efficiency value-card slot for Adjust portion sizes and prep quantities based on waste data.,1.0,2026-08-18,116
MAP-0461,INIT-0116,Undertake a comprehensive review of emissions and sustainability risk across the supply chain (baseline assessment),CCF-0116,CARD-0461,Cost Factors,CRS-0461,PRIMARY_DISPLAY,DISPLAY,SG-INIT-0116,ACTIVE,ACTIVE,Catalog cost value-card slot for Undertake a comprehensive review of emissions and sustainability risk across the supply chain (baseline assessment).,1.0,2026-08-18,117
MAP-0462,INIT-0116,Undertake a comprehensive review of emissions and sustainability risk across the supply chain (baseline assessment),CPF-0116,CARD-0462,Carbon Factors,CRS-0462,PRIMARY_DISPLAY,DISPLAY,SG-INIT-0116,ACTIVE,ACTIVE,Catalog carbon value-card slot for Undertake a comprehensive review of emissions and sustainability risk across the supply chain (baseline assessment).,1.0,2026-08-18,117
MAP-0463,INIT-0116,Undertake a comprehensive review of emissions and sustainability risk across the supply chain (baseline assessment),CTF-0116,CARD-0463,Timing Factors,CRS-0463,PRIMARY_DISPLAY,DISPLAY,SG-INIT-0116,ACTIVE,ACTIVE,Catalog timing value-card slot for Undertake a comprehensive review of emissions and sustainability risk across the supply chain (baseline assessment).,1.0,2026-08-18,117
MAP-0464,INIT-0116,Undertake a comprehensive review of emissions and sustainability risk across the supply chain (baseline assessment),CEF-0116,CARD-0464,Efficiency Factors,CRS-0464,PRIMARY_DISPLAY,DISPLAY,SG-INIT-0116,ACTIVE,ACTIVE,Catalog efficiency value-card slot for Undertake a comprehensive review of emissions and sustainability risk across the supply chain (baseline assessment).,1.0,2026-08-18,117
MAP-0465,INIT-0117,Set a Scope 3 emissions reduction target (e.g. aligned to SBTi),CCF-0117,CARD-0465,Cost Factors,CRS-0465,PRIMARY_DISPLAY,DISPLAY,SG-INIT-0117,ACTIVE,ACTIVE,Catalog cost value-card slot for Set a Scope 3 emissions reduction target (e.g. aligned to SBTi).,1.0,2026-08-18,118
MAP-0466,INIT-0117,Set a Scope 3 emissions reduction target (e.g. aligned to SBTi),CPF-0117,CARD-0466,Carbon Factors,CRS-0466,PRIMARY_DISPLAY,DISPLAY,SG-INIT-0117,ACTIVE,ACTIVE,Catalog carbon value-card slot for Set a Scope 3 emissions reduction target (e.g. aligned to SBTi).,1.0,2026-08-18,118
MAP-0467,INIT-0117,Set a Scope 3 emissions reduction target (e.g. aligned to SBTi),CTF-0117,CARD-0467,Timing Factors,CRS-0467,PRIMARY_DISPLAY,DISPLAY,SG-INIT-0117,ACTIVE,ACTIVE,Catalog timing value-card slot for Set a Scope 3 emissions reduction target (e.g. aligned to SBTi).,1.0,2026-08-18,118
MAP-0468,INIT-0117,Set a Scope 3 emissions reduction target (e.g. aligned to SBTi),CEF-0117,CARD-0468,Efficiency Factors,CRS-0468,PRIMARY_DISPLAY,DISPLAY,SG-INIT-0117,ACTIVE,ACTIVE,Catalog efficiency value-card slot for Set a Scope 3 emissions reduction target (e.g. aligned to SBTi).,1.0,2026-08-18,118
MAP-0469,INIT-0118,"Establish a sustainable procurement policy, approved and sponsored at Board/ExCo level",CCF-0118,CARD-0469,Cost Factors,CRS-0469,PRIMARY_DISPLAY,DISPLAY,SG-INIT-0118,ACTIVE,ACTIVE,"Catalog cost value-card slot for Establish a sustainable procurement policy, approved and sponsored at Board/ExCo level.",1.0,2026-08-18,119
MAP-0470,INIT-0118,"Establish a sustainable procurement policy, approved and sponsored at Board/ExCo level",CPF-0118,CARD-0470,Carbon Factors,CRS-0470,PRIMARY_DISPLAY,DISPLAY,SG-INIT-0118,ACTIVE,ACTIVE,"Catalog carbon value-card slot for Establish a sustainable procurement policy, approved and sponsored at Board/ExCo level.",1.0,2026-08-18,119
MAP-0471,INIT-0118,"Establish a sustainable procurement policy, approved and sponsored at Board/ExCo level",CTF-0118,CARD-0471,Timing Factors,CRS-0471,PRIMARY_DISPLAY,DISPLAY,SG-INIT-0118,ACTIVE,ACTIVE,"Catalog timing value-card slot for Establish a sustainable procurement policy, approved and sponsored at Board/ExCo level.",1.0,2026-08-18,119
MAP-0472,INIT-0118,"Establish a sustainable procurement policy, approved and sponsored at Board/ExCo level",CEF-0118,CARD-0472,Efficiency Factors,CRS-0472,PRIMARY_DISPLAY,DISPLAY,SG-INIT-0118,ACTIVE,ACTIVE,"Catalog efficiency value-card slot for Establish a sustainable procurement policy, approved and sponsored at Board/ExCo level.",1.0,2026-08-18,119
MAP-0473,INIT-0119,"Implement a regular cadence of touchpoints between procurement, sustainability, and category teams to drive Responsible Procurement priorities",CCF-0119,CARD-0473,Cost Factors,CRS-0473,PRIMARY_DISPLAY,DISPLAY,SG-INIT-0119,ACTIVE,ACTIVE,"Catalog cost value-card slot for Implement a regular cadence of touchpoints between procurement, sustainability, and category teams to drive Responsible Procurement priorities.",1.0,2026-08-18,120
MAP-0474,INIT-0119,"Implement a regular cadence of touchpoints between procurement, sustainability, and category teams to drive Responsible Procurement priorities",CPF-0119,CARD-0474,Carbon Factors,CRS-0474,PRIMARY_DISPLAY,DISPLAY,SG-INIT-0119,ACTIVE,ACTIVE,"Catalog carbon value-card slot for Implement a regular cadence of touchpoints between procurement, sustainability, and category teams to drive Responsible Procurement priorities.",1.0,2026-08-18,120
MAP-0475,INIT-0119,"Implement a regular cadence of touchpoints between procurement, sustainability, and category teams to drive Responsible Procurement priorities",CTF-0119,CARD-0475,Timing Factors,CRS-0475,PRIMARY_DISPLAY,DISPLAY,SG-INIT-0119,ACTIVE,ACTIVE,"Catalog timing value-card slot for Implement a regular cadence of touchpoints between procurement, sustainability, and category teams to drive Responsible Procurement priorities.",1.0,2026-08-18,120
MAP-0476,INIT-0119,"Implement a regular cadence of touchpoints between procurement, sustainability, and category teams to drive Responsible Procurement priorities",CEF-0119,CARD-0476,Efficiency Factors,CRS-0476,PRIMARY_DISPLAY,DISPLAY,SG-INIT-0119,ACTIVE,ACTIVE,"Catalog efficiency value-card slot for Implement a regular cadence of touchpoints between procurement, sustainability, and category teams to drive Responsible Procurement priorities.",1.0,2026-08-18,120
MAP-0477,INIT-0120,Build sustainable procurement training and capability into the wider procurement team's professional development,CCF-0120,CARD-0477,Cost Factors,CRS-0477,PRIMARY_DISPLAY,DISPLAY,SG-INIT-0120,ACTIVE,ACTIVE,Catalog cost value-card slot for Build sustainable procurement training and capability into the wider procurement team's professional development.,1.0,2026-08-18,121
MAP-0478,INIT-0120,Build sustainable procurement training and capability into the wider procurement team's professional development,CPF-0120,CARD-0478,Carbon Factors,CRS-0478,PRIMARY_DISPLAY,DISPLAY,SG-INIT-0120,ACTIVE,ACTIVE,Catalog carbon value-card slot for Build sustainable procurement training and capability into the wider procurement team's professional development.,1.0,2026-08-18,121
MAP-0479,INIT-0120,Build sustainable procurement training and capability into the wider procurement team's professional development,CTF-0120,CARD-0479,Timing Factors,CRS-0479,PRIMARY_DISPLAY,DISPLAY,SG-INIT-0120,ACTIVE,ACTIVE,Catalog timing value-card slot for Build sustainable procurement training and capability into the wider procurement team's professional development.,1.0,2026-08-18,121
MAP-0480,INIT-0120,Build sustainable procurement training and capability into the wider procurement team's professional development,CEF-0120,CARD-0480,Efficiency Factors,CRS-0480,PRIMARY_DISPLAY,DISPLAY,SG-INIT-0120,ACTIVE,ACTIVE,Catalog efficiency value-card slot for Build sustainable procurement training and capability into the wider procurement team's professional development.,1.0,2026-08-18,121
MAP-0481,INIT-0121,Collect sustainability data from suppliers,CCF-0121,CARD-0481,Cost Factors,CRS-0481,PRIMARY_DISPLAY,DISPLAY,SG-INIT-0121,ACTIVE,ACTIVE,Catalog cost value-card slot for Collect sustainability data from suppliers.,1.0,2026-08-18,122
MAP-0482,INIT-0121,Collect sustainability data from suppliers,CPF-0121,CARD-0482,Carbon Factors,CRS-0482,PRIMARY_DISPLAY,DISPLAY,SG-INIT-0121,ACTIVE,ACTIVE,Catalog carbon value-card slot for Collect sustainability data from suppliers.,1.0,2026-08-18,122
MAP-0483,INIT-0121,Collect sustainability data from suppliers,CTF-0121,CARD-0483,Timing Factors,CRS-0483,PRIMARY_DISPLAY,DISPLAY,SG-INIT-0121,ACTIVE,ACTIVE,Catalog timing value-card slot for Collect sustainability data from suppliers.,1.0,2026-08-18,122
MAP-0484,INIT-0121,Collect sustainability data from suppliers,CEF-0121,CARD-0484,Efficiency Factors,CRS-0484,PRIMARY_DISPLAY,DISPLAY,SG-INIT-0121,ACTIVE,ACTIVE,Catalog efficiency value-card slot for Collect sustainability data from suppliers.,1.0,2026-08-18,122
MAP-0485,INIT-0122,Conduct lifecycle assessments (LCA) and collect product carbon footprints on key commodities to understand emissions at ingredient level,CCF-0122,CARD-0485,Cost Factors,CRS-0485,PRIMARY_DISPLAY,DISPLAY,SG-INIT-0122,ACTIVE,ACTIVE,Catalog cost value-card slot for Conduct lifecycle assessments (LCA) and collect product carbon footprints on key commodities to understand emissions at ingredient level.,1.0,2026-08-18,123
MAP-0486,INIT-0122,Conduct lifecycle assessments (LCA) and collect product carbon footprints on key commodities to understand emissions at ingredient level,CPF-0122,CARD-0486,Carbon Factors,CRS-0486,PRIMARY_DISPLAY,DISPLAY,SG-INIT-0122,ACTIVE,ACTIVE,Catalog carbon value-card slot for Conduct lifecycle assessments (LCA) and collect product carbon footprints on key commodities to understand emissions at ingredient level.,1.0,2026-08-18,123
MAP-0487,INIT-0122,Conduct lifecycle assessments (LCA) and collect product carbon footprints on key commodities to understand emissions at ingredient level,CTF-0122,CARD-0487,Timing Factors,CRS-0487,PRIMARY_DISPLAY,DISPLAY,SG-INIT-0122,ACTIVE,ACTIVE,Catalog timing value-card slot for Conduct lifecycle assessments (LCA) and collect product carbon footprints on key commodities to understand emissions at ingredient level.,1.0,2026-08-18,123
MAP-0488,INIT-0122,Conduct lifecycle assessments (LCA) and collect product carbon footprints on key commodities to understand emissions at ingredient level,CEF-0122,CARD-0488,Efficiency Factors,CRS-0488,PRIMARY_DISPLAY,DISPLAY,SG-INIT-0122,ACTIVE,ACTIVE,Catalog efficiency value-card slot for Conduct lifecycle assessments (LCA) and collect product carbon footprints on key commodities to understand emissions at ingredient level.,1.0,2026-08-18,123
MAP-0489,INIT-0123,Set supplier-facing requirements (Supplier codes of conduct) and communicate shared targets,CCF-0123,CARD-0489,Cost Factors,CRS-0489,PRIMARY_DISPLAY,DISPLAY,SG-INIT-0123,ACTIVE,ACTIVE,Catalog cost value-card slot for Set supplier-facing requirements (Supplier codes of conduct) and communicate shared targets.,1.0,2026-08-18,124
MAP-0490,INIT-0123,Set supplier-facing requirements (Supplier codes of conduct) and communicate shared targets,CPF-0123,CARD-0490,Carbon Factors,CRS-0490,PRIMARY_DISPLAY,DISPLAY,SG-INIT-0123,ACTIVE,ACTIVE,Catalog carbon value-card slot for Set supplier-facing requirements (Supplier codes of conduct) and communicate shared targets.,1.0,2026-08-18,124
MAP-0491,INIT-0123,Set supplier-facing requirements (Supplier codes of conduct) and communicate shared targets,CTF-0123,CARD-0491,Timing Factors,CRS-0491,PRIMARY_DISPLAY,DISPLAY,SG-INIT-0123,ACTIVE,ACTIVE,Catalog timing value-card slot for Set supplier-facing requirements (Supplier codes of conduct) and communicate shared targets.,1.0,2026-08-18,124
MAP-0492,INIT-0123,Set supplier-facing requirements (Supplier codes of conduct) and communicate shared targets,CEF-0123,CARD-0492,Efficiency Factors,CRS-0492,PRIMARY_DISPLAY,DISPLAY,SG-INIT-0123,ACTIVE,ACTIVE,Catalog efficiency value-card slot for Set supplier-facing requirements (Supplier codes of conduct) and communicate shared targets.,1.0,2026-08-18,124
MAP-0493,INIT-0124,Use a supplier scorecard to track performance and prioritise engagement with material suppliers,CCF-0124,CARD-0493,Cost Factors,CRS-0493,PRIMARY_DISPLAY,DISPLAY,SG-INIT-0124,ACTIVE,ACTIVE,Catalog cost value-card slot for Use a supplier scorecard to track performance and prioritise engagement with material suppliers.,1.0,2026-08-18,125
MAP-0494,INIT-0124,Use a supplier scorecard to track performance and prioritise engagement with material suppliers,CPF-0124,CARD-0494,Carbon Factors,CRS-0494,PRIMARY_DISPLAY,DISPLAY,SG-INIT-0124,ACTIVE,ACTIVE,Catalog carbon value-card slot for Use a supplier scorecard to track performance and prioritise engagement with material suppliers.,1.0,2026-08-18,125
MAP-0495,INIT-0124,Use a supplier scorecard to track performance and prioritise engagement with material suppliers,CTF-0124,CARD-0495,Timing Factors,CRS-0495,PRIMARY_DISPLAY,DISPLAY,SG-INIT-0124,ACTIVE,ACTIVE,Catalog timing value-card slot for Use a supplier scorecard to track performance and prioritise engagement with material suppliers.,1.0,2026-08-18,125
MAP-0496,INIT-0124,Use a supplier scorecard to track performance and prioritise engagement with material suppliers,CEF-0124,CARD-0496,Efficiency Factors,CRS-0496,PRIMARY_DISPLAY,DISPLAY,SG-INIT-0124,ACTIVE,ACTIVE,Catalog efficiency value-card slot for Use a supplier scorecard to track performance and prioritise engagement with material suppliers.,1.0,2026-08-18,125
MAP-0497,INIT-0125,"Provide a tailored supplier engagement strategy for material/priority suppliers (segmented by spend, risk, and emissions contribution)",CCF-0125,CARD-0497,Cost Factors,CRS-0497,PRIMARY_DISPLAY,DISPLAY,SG-INIT-0125,ACTIVE,ACTIVE,"Catalog cost value-card slot for Provide a tailored supplier engagement strategy for material/priority suppliers (segmented by spend, risk, and emissions contribution).",1.0,2026-08-18,126
MAP-0498,INIT-0125,"Provide a tailored supplier engagement strategy for material/priority suppliers (segmented by spend, risk, and emissions contribution)",CPF-0125,CARD-0498,Carbon Factors,CRS-0498,PRIMARY_DISPLAY,DISPLAY,SG-INIT-0125,ACTIVE,ACTIVE,"Catalog carbon value-card slot for Provide a tailored supplier engagement strategy for material/priority suppliers (segmented by spend, risk, and emissions contribution).",1.0,2026-08-18,126
MAP-0499,INIT-0125,"Provide a tailored supplier engagement strategy for material/priority suppliers (segmented by spend, risk, and emissions contribution)",CTF-0125,CARD-0499,Timing Factors,CRS-0499,PRIMARY_DISPLAY,DISPLAY,SG-INIT-0125,ACTIVE,ACTIVE,"Catalog timing value-card slot for Provide a tailored supplier engagement strategy for material/priority suppliers (segmented by spend, risk, and emissions contribution).",1.0,2026-08-18,126
MAP-0500,INIT-0125,"Provide a tailored supplier engagement strategy for material/priority suppliers (segmented by spend, risk, and emissions contribution)",CEF-0125,CARD-0500,Efficiency Factors,CRS-0500,PRIMARY_DISPLAY,DISPLAY,SG-INIT-0125,ACTIVE,ACTIVE,"Catalog efficiency value-card slot for Provide a tailored supplier engagement strategy for material/priority suppliers (segmented by spend, risk, and emissions contribution).",1.0,2026-08-18,126
MAP-0501,INIT-0126,"Incentivise supplier progress (e.g. preferred status, longer contracts)",CCF-0126,CARD-0501,Cost Factors,CRS-0501,PRIMARY_DISPLAY,DISPLAY,SG-INIT-0126,ACTIVE,ACTIVE,"Catalog cost value-card slot for Incentivise supplier progress (e.g. preferred status, longer contracts).",1.0,2026-08-18,127
MAP-0502,INIT-0126,"Incentivise supplier progress (e.g. preferred status, longer contracts)",CPF-0126,CARD-0502,Carbon Factors,CRS-0502,PRIMARY_DISPLAY,DISPLAY,SG-INIT-0126,ACTIVE,ACTIVE,"Catalog carbon value-card slot for Incentivise supplier progress (e.g. preferred status, longer contracts).",1.0,2026-08-18,127
MAP-0503,INIT-0126,"Incentivise supplier progress (e.g. preferred status, longer contracts)",CTF-0126,CARD-0503,Timing Factors,CRS-0503,PRIMARY_DISPLAY,DISPLAY,SG-INIT-0126,ACTIVE,ACTIVE,"Catalog timing value-card slot for Incentivise supplier progress (e.g. preferred status, longer contracts).",1.0,2026-08-18,127
MAP-0504,INIT-0126,"Incentivise supplier progress (e.g. preferred status, longer contracts)",CEF-0126,CARD-0504,Efficiency Factors,CRS-0504,PRIMARY_DISPLAY,DISPLAY,SG-INIT-0126,ACTIVE,ACTIVE,"Catalog efficiency value-card slot for Incentivise supplier progress (e.g. preferred status, longer contracts).",1.0,2026-08-18,127
MAP-0505,INIT-0127,Co-invest with suppliers in decarbonisation or regenerative agriculture projects (e.g. insetting programmes),CCF-0127,CARD-0505,Cost Factors,CRS-0505,PRIMARY_DISPLAY,DISPLAY,SG-INIT-0127,ACTIVE,ACTIVE,Catalog cost value-card slot for Co-invest with suppliers in decarbonisation or regenerative agriculture projects (e.g. insetting programmes).,1.0,2026-08-18,128
MAP-0506,INIT-0127,Co-invest with suppliers in decarbonisation or regenerative agriculture projects (e.g. insetting programmes),CPF-0127,CARD-0506,Carbon Factors,CRS-0506,PRIMARY_DISPLAY,DISPLAY,SG-INIT-0127,ACTIVE,ACTIVE,Catalog carbon value-card slot for Co-invest with suppliers in decarbonisation or regenerative agriculture projects (e.g. insetting programmes).,1.0,2026-08-18,128
MAP-0507,INIT-0127,Co-invest with suppliers in decarbonisation or regenerative agriculture projects (e.g. insetting programmes),CTF-0127,CARD-0507,Timing Factors,CRS-0507,PRIMARY_DISPLAY,DISPLAY,SG-INIT-0127,ACTIVE,ACTIVE,Catalog timing value-card slot for Co-invest with suppliers in decarbonisation or regenerative agriculture projects (e.g. insetting programmes).,1.0,2026-08-18,128
MAP-0508,INIT-0127,Co-invest with suppliers in decarbonisation or regenerative agriculture projects (e.g. insetting programmes),CEF-0127,CARD-0508,Efficiency Factors,CRS-0508,PRIMARY_DISPLAY,DISPLAY,SG-INIT-0127,ACTIVE,ACTIVE,Catalog efficiency value-card slot for Co-invest with suppliers in decarbonisation or regenerative agriculture projects (e.g. insetting programmes).,1.0,2026-08-18,128
MAP-0509,INIT-0128,"Map supply chains beyond Tier 1 (Tier 2/3, down to farm/origin level) for material (High-spend, high-carbon and/or high-risk commodities)",CCF-0128,CARD-0509,Cost Factors,CRS-0509,PRIMARY_DISPLAY,DISPLAY,SG-INIT-0128,ACTIVE,ACTIVE,"Catalog cost value-card slot for Map supply chains beyond Tier 1 (Tier 2/3, down to farm/origin level) for material (High-spend, high-carbon and/or high-risk commodities).",1.0,2026-08-18,129
MAP-0510,INIT-0128,"Map supply chains beyond Tier 1 (Tier 2/3, down to farm/origin level) for material (High-spend, high-carbon and/or high-risk commodities)",CPF-0128,CARD-0510,Carbon Factors,CRS-0510,PRIMARY_DISPLAY,DISPLAY,SG-INIT-0128,ACTIVE,ACTIVE,"Catalog carbon value-card slot for Map supply chains beyond Tier 1 (Tier 2/3, down to farm/origin level) for material (High-spend, high-carbon and/or high-risk commodities).",1.0,2026-08-18,129
MAP-0511,INIT-0128,"Map supply chains beyond Tier 1 (Tier 2/3, down to farm/origin level) for material (High-spend, high-carbon and/or high-risk commodities)",CTF-0128,CARD-0511,Timing Factors,CRS-0511,PRIMARY_DISPLAY,DISPLAY,SG-INIT-0128,ACTIVE,ACTIVE,"Catalog timing value-card slot for Map supply chains beyond Tier 1 (Tier 2/3, down to farm/origin level) for material (High-spend, high-carbon and/or high-risk commodities).",1.0,2026-08-18,129
MAP-0512,INIT-0128,"Map supply chains beyond Tier 1 (Tier 2/3, down to farm/origin level) for material (High-spend, high-carbon and/or high-risk commodities)",CEF-0128,CARD-0512,Efficiency Factors,CRS-0512,PRIMARY_DISPLAY,DISPLAY,SG-INIT-0128,ACTIVE,ACTIVE,"Catalog efficiency value-card slot for Map supply chains beyond Tier 1 (Tier 2/3, down to farm/origin level) for material (High-spend, high-carbon and/or high-risk commodities).",1.0,2026-08-18,129
MAP-0513,INIT-0129,"Map exposure to forest-risk commodities (soy, palm oil, cocoa, coffee, beef/leather, rubber, timber/paper & packaging)",CCF-0129,CARD-0513,Cost Factors,CRS-0513,PRIMARY_DISPLAY,DISPLAY,SG-INIT-0129,ACTIVE,ACTIVE,"Catalog cost value-card slot for Map exposure to forest-risk commodities (soy, palm oil, cocoa, coffee, beef/leather, rubber, timber/paper & packaging).",1.0,2026-08-18,130
MAP-0514,INIT-0129,"Map exposure to forest-risk commodities (soy, palm oil, cocoa, coffee, beef/leather, rubber, timber/paper & packaging)",CPF-0129,CARD-0514,Carbon Factors,CRS-0514,PRIMARY_DISPLAY,DISPLAY,SG-INIT-0129,ACTIVE,ACTIVE,"Catalog carbon value-card slot for Map exposure to forest-risk commodities (soy, palm oil, cocoa, coffee, beef/leather, rubber, timber/paper & packaging).",1.0,2026-08-18,130
MAP-0515,INIT-0129,"Map exposure to forest-risk commodities (soy, palm oil, cocoa, coffee, beef/leather, rubber, timber/paper & packaging)",CTF-0129,CARD-0515,Timing Factors,CRS-0515,PRIMARY_DISPLAY,DISPLAY,SG-INIT-0129,ACTIVE,ACTIVE,"Catalog timing value-card slot for Map exposure to forest-risk commodities (soy, palm oil, cocoa, coffee, beef/leather, rubber, timber/paper & packaging).",1.0,2026-08-18,130
MAP-0516,INIT-0129,"Map exposure to forest-risk commodities (soy, palm oil, cocoa, coffee, beef/leather, rubber, timber/paper & packaging)",CEF-0129,CARD-0516,Efficiency Factors,CRS-0516,PRIMARY_DISPLAY,DISPLAY,SG-INIT-0129,ACTIVE,ACTIVE,"Catalog efficiency value-card slot for Map exposure to forest-risk commodities (soy, palm oil, cocoa, coffee, beef/leather, rubber, timber/paper & packaging).",1.0,2026-08-18,130
MAP-0517,INIT-0130,Set a deforestation-free sourcing commitment and require traceability to origin,CCF-0130,CARD-0517,Cost Factors,CRS-0517,PRIMARY_DISPLAY,DISPLAY,SG-INIT-0130,ACTIVE,ACTIVE,Catalog cost value-card slot for Set a deforestation-free sourcing commitment and require traceability to origin.,1.0,2026-08-18,131
MAP-0518,INIT-0130,Set a deforestation-free sourcing commitment and require traceability to origin,CPF-0130,CARD-0518,Carbon Factors,CRS-0518,PRIMARY_DISPLAY,DISPLAY,SG-INIT-0130,ACTIVE,ACTIVE,Catalog carbon value-card slot for Set a deforestation-free sourcing commitment and require traceability to origin.,1.0,2026-08-18,131
MAP-0519,INIT-0130,Set a deforestation-free sourcing commitment and require traceability to origin,CTF-0130,CARD-0519,Timing Factors,CRS-0519,PRIMARY_DISPLAY,DISPLAY,SG-INIT-0130,ACTIVE,ACTIVE,Catalog timing value-card slot for Set a deforestation-free sourcing commitment and require traceability to origin.,1.0,2026-08-18,131
MAP-0520,INIT-0130,Set a deforestation-free sourcing commitment and require traceability to origin,CEF-0130,CARD-0520,Efficiency Factors,CRS-0520,PRIMARY_DISPLAY,DISPLAY,SG-INIT-0130,ACTIVE,ACTIVE,Catalog efficiency value-card slot for Set a deforestation-free sourcing commitment and require traceability to origin.,1.0,2026-08-18,131
MAP-0521,INIT-0131,"Source certified sustainable commodities (e.g. RSPO for palm oil, Rainforest Alliance/UTZ or 4C for coffee and cocoa, FSC/PEFC for timber and paper-based packaging)",CCF-0131,CARD-0521,Cost Factors,CRS-0521,PRIMARY_DISPLAY,DISPLAY,SG-INIT-0131,ACTIVE,ACTIVE,"Catalog cost value-card slot for Source certified sustainable commodities (e.g. RSPO for palm oil, Rainforest Alliance/UTZ or 4C for coffee and cocoa, FSC/PEFC for timber and paper-based packaging).",1.0,2026-08-18,132
MAP-0522,INIT-0131,"Source certified sustainable commodities (e.g. RSPO for palm oil, Rainforest Alliance/UTZ or 4C for coffee and cocoa, FSC/PEFC for timber and paper-based packaging)",CPF-0131,CARD-0522,Carbon Factors,CRS-0522,PRIMARY_DISPLAY,DISPLAY,SG-INIT-0131,ACTIVE,ACTIVE,"Catalog carbon value-card slot for Source certified sustainable commodities (e.g. RSPO for palm oil, Rainforest Alliance/UTZ or 4C for coffee and cocoa, FSC/PEFC for timber and paper-based packaging).",1.0,2026-08-18,132
MAP-0523,INIT-0131,"Source certified sustainable commodities (e.g. RSPO for palm oil, Rainforest Alliance/UTZ or 4C for coffee and cocoa, FSC/PEFC for timber and paper-based packaging)",CTF-0131,CARD-0523,Timing Factors,CRS-0523,PRIMARY_DISPLAY,DISPLAY,SG-INIT-0131,ACTIVE,ACTIVE,"Catalog timing value-card slot for Source certified sustainable commodities (e.g. RSPO for palm oil, Rainforest Alliance/UTZ or 4C for coffee and cocoa, FSC/PEFC for timber and paper-based packaging).",1.0,2026-08-18,132
MAP-0524,INIT-0131,"Source certified sustainable commodities (e.g. RSPO for palm oil, Rainforest Alliance/UTZ or 4C for coffee and cocoa, FSC/PEFC for timber and paper-based packaging)",CEF-0131,CARD-0524,Efficiency Factors,CRS-0524,PRIMARY_DISPLAY,DISPLAY,SG-INIT-0131,ACTIVE,ACTIVE,"Catalog efficiency value-card slot for Source certified sustainable commodities (e.g. RSPO for palm oil, Rainforest Alliance/UTZ or 4C for coffee and cocoa, FSC/PEFC for timber and paper-based packaging).",1.0,2026-08-18,132
MAP-0525,INIT-0132,Establish corporate travel policies that prioritise lower carbon transport,CCF-0132,CARD-0525,Cost Factors,CRS-0525,PRIMARY_DISPLAY,DISPLAY,SG-INIT-0132,ACTIVE,ACTIVE,Catalog cost value-card slot for Establish corporate travel policies that prioritise lower carbon transport.,1.0,2026-08-18,133
MAP-0526,INIT-0132,Establish corporate travel policies that prioritise lower carbon transport,CPF-0132,CARD-0526,Carbon Factors,CRS-0526,PRIMARY_DISPLAY,DISPLAY,SG-INIT-0132,ACTIVE,ACTIVE,Catalog carbon value-card slot for Establish corporate travel policies that prioritise lower carbon transport.,1.0,2026-08-18,133
MAP-0527,INIT-0132,Establish corporate travel policies that prioritise lower carbon transport,CTF-0132,CARD-0527,Timing Factors,CRS-0527,PRIMARY_DISPLAY,DISPLAY,SG-INIT-0132,ACTIVE,ACTIVE,Catalog timing value-card slot for Establish corporate travel policies that prioritise lower carbon transport.,1.0,2026-08-18,133
MAP-0528,INIT-0132,Establish corporate travel policies that prioritise lower carbon transport,CEF-0132,CARD-0528,Efficiency Factors,CRS-0528,PRIMARY_DISPLAY,DISPLAY,SG-INIT-0132,ACTIVE,ACTIVE,Catalog efficiency value-card slot for Establish corporate travel policies that prioritise lower carbon transport.,1.0,2026-08-18,133
MAP-0529,INIT-0133,Provide infrastructure and incentives for low-carbon guest travel,CCF-0133,CARD-0529,Cost Factors,CRS-0529,PRIMARY_DISPLAY,DISPLAY,SG-INIT-0133,ACTIVE,ACTIVE,Catalog cost value-card slot for Provide infrastructure and incentives for low-carbon guest travel.,1.0,2026-08-18,134
MAP-0530,INIT-0133,Provide infrastructure and incentives for low-carbon guest travel,CPF-0133,CARD-0530,Carbon Factors,CRS-0530,PRIMARY_DISPLAY,DISPLAY,SG-INIT-0133,ACTIVE,ACTIVE,Catalog carbon value-card slot for Provide infrastructure and incentives for low-carbon guest travel.,1.0,2026-08-18,134
MAP-0531,INIT-0133,Provide infrastructure and incentives for low-carbon guest travel,CTF-0133,CARD-0531,Timing Factors,CRS-0531,PRIMARY_DISPLAY,DISPLAY,SG-INIT-0133,ACTIVE,ACTIVE,Catalog timing value-card slot for Provide infrastructure and incentives for low-carbon guest travel.,1.0,2026-08-18,134
MAP-0532,INIT-0133,Provide infrastructure and incentives for low-carbon guest travel,CEF-0133,CARD-0532,Efficiency Factors,CRS-0532,PRIMARY_DISPLAY,DISPLAY,SG-INIT-0133,ACTIVE,ACTIVE,Catalog efficiency value-card slot for Provide infrastructure and incentives for low-carbon guest travel.,1.0,2026-08-18,134
MAP-0533,INIT-0134,Commission specialist assessments for on-farm emissions hotspots in the top three commodities,CCF-0134,CARD-0533,Cost Factors,CRS-0533,PRIMARY_DISPLAY,DISPLAY,SG-INIT-0134,ACTIVE,ACTIVE,Catalog cost value-card slot for Commission specialist assessments for on-farm emissions hotspots in the top three commodities.,1.0,2026-08-18,135
MAP-0534,INIT-0134,Commission specialist assessments for on-farm emissions hotspots in the top three commodities,CPF-0134,CARD-0534,Carbon Factors,CRS-0534,PRIMARY_DISPLAY,DISPLAY,SG-INIT-0134,ACTIVE,ACTIVE,Catalog carbon value-card slot for Commission specialist assessments for on-farm emissions hotspots in the top three commodities.,1.0,2026-08-18,135
MAP-0535,INIT-0134,Commission specialist assessments for on-farm emissions hotspots in the top three commodities,CTF-0134,CARD-0535,Timing Factors,CRS-0535,PRIMARY_DISPLAY,DISPLAY,SG-INIT-0134,ACTIVE,ACTIVE,Catalog timing value-card slot for Commission specialist assessments for on-farm emissions hotspots in the top three commodities.,1.0,2026-08-18,135
MAP-0536,INIT-0134,Commission specialist assessments for on-farm emissions hotspots in the top three commodities,CEF-0134,CARD-0536,Efficiency Factors,CRS-0536,PRIMARY_DISPLAY,DISPLAY,SG-INIT-0134,ACTIVE,ACTIVE,Catalog efficiency value-card slot for Commission specialist assessments for on-farm emissions hotspots in the top three commodities.,1.0,2026-08-18,135
MAP-0537,INIT-0135,Publish a biodiversity policy with named targets and owner,CCF-0135,CARD-0537,Cost Factors,CRS-0537,PRIMARY_DISPLAY,DISPLAY,SG-INIT-0135,ACTIVE,ACTIVE,Catalog cost value-card slot for Publish a biodiversity policy with named targets and owner.,1.0,2026-08-18,136
MAP-0538,INIT-0135,Publish a biodiversity policy with named targets and owner,CPF-0135,CARD-0538,Carbon Factors,CRS-0538,PRIMARY_DISPLAY,DISPLAY,SG-INIT-0135,ACTIVE,ACTIVE,Catalog carbon value-card slot for Publish a biodiversity policy with named targets and owner.,1.0,2026-08-18,136
MAP-0539,INIT-0135,Publish a biodiversity policy with named targets and owner,CTF-0135,CARD-0539,Timing Factors,CRS-0539,PRIMARY_DISPLAY,DISPLAY,SG-INIT-0135,ACTIVE,ACTIVE,Catalog timing value-card slot for Publish a biodiversity policy with named targets and owner.,1.0,2026-08-18,136
MAP-0540,INIT-0135,Publish a biodiversity policy with named targets and owner,CEF-0135,CARD-0540,Efficiency Factors,CRS-0540,PRIMARY_DISPLAY,DISPLAY,SG-INIT-0135,ACTIVE,ACTIVE,Catalog efficiency value-card slot for Publish a biodiversity policy with named targets and owner.,1.0,2026-08-18,136
MAP-0541,INIT-0136,Ensure compliance with Biodiversity Net Gain (BNG) requirements,CCF-0136,CARD-0541,Cost Factors,CRS-0541,PRIMARY_DISPLAY,DISPLAY,SG-INIT-0136,ACTIVE,ACTIVE,Catalog cost value-card slot for Ensure compliance with Biodiversity Net Gain (BNG) requirements.,1.0,2026-08-18,137
MAP-0542,INIT-0136,Ensure compliance with Biodiversity Net Gain (BNG) requirements,CPF-0136,CARD-0542,Carbon Factors,CRS-0542,PRIMARY_DISPLAY,DISPLAY,SG-INIT-0136,ACTIVE,ACTIVE,Catalog carbon value-card slot for Ensure compliance with Biodiversity Net Gain (BNG) requirements.,1.0,2026-08-18,137
MAP-0543,INIT-0136,Ensure compliance with Biodiversity Net Gain (BNG) requirements,CTF-0136,CARD-0543,Timing Factors,CRS-0543,PRIMARY_DISPLAY,DISPLAY,SG-INIT-0136,ACTIVE,ACTIVE,Catalog timing value-card slot for Ensure compliance with Biodiversity Net Gain (BNG) requirements.,1.0,2026-08-18,137
MAP-0544,INIT-0136,Ensure compliance with Biodiversity Net Gain (BNG) requirements,CEF-0136,CARD-0544,Efficiency Factors,CRS-0544,PRIMARY_DISPLAY,DISPLAY,SG-INIT-0136,ACTIVE,ACTIVE,Catalog efficiency value-card slot for Ensure compliance with Biodiversity Net Gain (BNG) requirements.,1.0,2026-08-18,137
MAP-0545,INIT-0137,Engage priority suppliers by spend on biodiversity and request a formal response within 90 days,CCF-0137,CARD-0545,Cost Factors,CRS-0545,PRIMARY_DISPLAY,DISPLAY,SG-INIT-0137,ACTIVE,ACTIVE,Catalog cost value-card slot for Engage priority suppliers by spend on biodiversity and request a formal response within 90 days.,1.0,2026-08-18,138
MAP-0546,INIT-0137,Engage priority suppliers by spend on biodiversity and request a formal response within 90 days,CPF-0137,CARD-0546,Carbon Factors,CRS-0546,PRIMARY_DISPLAY,DISPLAY,SG-INIT-0137,ACTIVE,ACTIVE,Catalog carbon value-card slot for Engage priority suppliers by spend on biodiversity and request a formal response within 90 days.,1.0,2026-08-18,138
MAP-0547,INIT-0137,Engage priority suppliers by spend on biodiversity and request a formal response within 90 days,CTF-0137,CARD-0547,Timing Factors,CRS-0547,PRIMARY_DISPLAY,DISPLAY,SG-INIT-0137,ACTIVE,ACTIVE,Catalog timing value-card slot for Engage priority suppliers by spend on biodiversity and request a formal response within 90 days.,1.0,2026-08-18,138
MAP-0548,INIT-0137,Engage priority suppliers by spend on biodiversity and request a formal response within 90 days,CEF-0137,CARD-0548,Efficiency Factors,CRS-0548,PRIMARY_DISPLAY,DISPLAY,SG-INIT-0137,ACTIVE,ACTIVE,Catalog efficiency value-card slot for Engage priority suppliers by spend on biodiversity and request a formal response within 90 days.,1.0,2026-08-18,138
MAP-0549,INIT-0138,Undertake a TNFD review,CCF-0138,CARD-0549,Cost Factors,CRS-0549,PRIMARY_DISPLAY,DISPLAY,SG-INIT-0138,ACTIVE,ACTIVE,Catalog cost value-card slot for Undertake a TNFD review.,1.0,2026-08-18,139
MAP-0550,INIT-0138,Undertake a TNFD review,CPF-0138,CARD-0550,Carbon Factors,CRS-0550,PRIMARY_DISPLAY,DISPLAY,SG-INIT-0138,ACTIVE,ACTIVE,Catalog carbon value-card slot for Undertake a TNFD review.,1.0,2026-08-18,139
MAP-0551,INIT-0138,Undertake a TNFD review,CTF-0138,CARD-0551,Timing Factors,CRS-0551,PRIMARY_DISPLAY,DISPLAY,SG-INIT-0138,ACTIVE,ACTIVE,Catalog timing value-card slot for Undertake a TNFD review.,1.0,2026-08-18,139
MAP-0552,INIT-0138,Undertake a TNFD review,CEF-0138,CARD-0552,Efficiency Factors,CRS-0552,PRIMARY_DISPLAY,DISPLAY,SG-INIT-0138,ACTIVE,ACTIVE,Catalog efficiency value-card slot for Undertake a TNFD review.,1.0,2026-08-18,139
MAP-0553,INIT-0139,Fund a named biodiversity protection or restoration programme with annual investment and independent verification,CCF-0139,CARD-0553,Cost Factors,CRS-0553,PRIMARY_DISPLAY,DISPLAY,SG-INIT-0139,ACTIVE,ACTIVE,Catalog cost value-card slot for Fund a named biodiversity protection or restoration programme with annual investment and independent verification.,1.0,2026-08-18,140
MAP-0554,INIT-0139,Fund a named biodiversity protection or restoration programme with annual investment and independent verification,CPF-0139,CARD-0554,Carbon Factors,CRS-0554,PRIMARY_DISPLAY,DISPLAY,SG-INIT-0139,ACTIVE,ACTIVE,Catalog carbon value-card slot for Fund a named biodiversity protection or restoration programme with annual investment and independent verification.,1.0,2026-08-18,140
MAP-0555,INIT-0139,Fund a named biodiversity protection or restoration programme with annual investment and independent verification,CTF-0139,CARD-0555,Timing Factors,CRS-0555,PRIMARY_DISPLAY,DISPLAY,SG-INIT-0139,ACTIVE,ACTIVE,Catalog timing value-card slot for Fund a named biodiversity protection or restoration programme with annual investment and independent verification.,1.0,2026-08-18,140
MAP-0556,INIT-0139,Fund a named biodiversity protection or restoration programme with annual investment and independent verification,CEF-0139,CARD-0556,Efficiency Factors,CRS-0556,PRIMARY_DISPLAY,DISPLAY,SG-INIT-0139,ACTIVE,ACTIVE,Catalog efficiency value-card slot for Fund a named biodiversity protection or restoration programme with annual investment and independent verification.,1.0,2026-08-18,140
MAP-0557,INIT-0140,Complete a water efficiency audit across all kitchen and bathroom fixtures and implement identified measures within 12 months,CCF-0140,CARD-0557,Cost Factors,CRS-0557,PRIMARY_DISPLAY,DISPLAY,SG-INIT-0140,ACTIVE,ACTIVE,Catalog cost value-card slot for Complete a water efficiency audit across all kitchen and bathroom fixtures and implement identified measures within 12 months.,1.0,2026-08-18,141
MAP-0558,INIT-0140,Complete a water efficiency audit across all kitchen and bathroom fixtures and implement identified measures within 12 months,CPF-0140,CARD-0558,Carbon Factors,CRS-0558,PRIMARY_DISPLAY,DISPLAY,SG-INIT-0140,ACTIVE,ACTIVE,Catalog carbon value-card slot for Complete a water efficiency audit across all kitchen and bathroom fixtures and implement identified measures within 12 months.,1.0,2026-08-18,141
MAP-0559,INIT-0140,Complete a water efficiency audit across all kitchen and bathroom fixtures and implement identified measures within 12 months,CTF-0140,CARD-0559,Timing Factors,CRS-0559,PRIMARY_DISPLAY,DISPLAY,SG-INIT-0140,ACTIVE,ACTIVE,Catalog timing value-card slot for Complete a water efficiency audit across all kitchen and bathroom fixtures and implement identified measures within 12 months.,1.0,2026-08-18,141
MAP-0560,INIT-0140,Complete a water efficiency audit across all kitchen and bathroom fixtures and implement identified measures within 12 months,CEF-0140,CARD-0560,Efficiency Factors,CRS-0560,PRIMARY_DISPLAY,DISPLAY,SG-INIT-0140,ACTIVE,ACTIVE,Catalog efficiency value-card slot for Complete a water efficiency audit across all kitchen and bathroom fixtures and implement identified measures within 12 months.,1.0,2026-08-18,141
MAP-0561,INIT-0141,"Complete a formal water risk assessment for all owned sites and top 10 suppliers by spend, with a mitigation plan for each identified risk",CCF-0141,CARD-0561,Cost Factors,CRS-0561,PRIMARY_DISPLAY,DISPLAY,SG-INIT-0141,ACTIVE,ACTIVE,"Catalog cost value-card slot for Complete a formal water risk assessment for all owned sites and top 10 suppliers by spend, with a mitigation plan for each identified risk.",1.0,2026-08-18,142
MAP-0562,INIT-0141,"Complete a formal water risk assessment for all owned sites and top 10 suppliers by spend, with a mitigation plan for each identified risk",CPF-0141,CARD-0562,Carbon Factors,CRS-0562,PRIMARY_DISPLAY,DISPLAY,SG-INIT-0141,ACTIVE,ACTIVE,"Catalog carbon value-card slot for Complete a formal water risk assessment for all owned sites and top 10 suppliers by spend, with a mitigation plan for each identified risk.",1.0,2026-08-18,142
MAP-0563,INIT-0141,"Complete a formal water risk assessment for all owned sites and top 10 suppliers by spend, with a mitigation plan for each identified risk",CTF-0141,CARD-0563,Timing Factors,CRS-0563,PRIMARY_DISPLAY,DISPLAY,SG-INIT-0141,ACTIVE,ACTIVE,"Catalog timing value-card slot for Complete a formal water risk assessment for all owned sites and top 10 suppliers by spend, with a mitigation plan for each identified risk.",1.0,2026-08-18,142
MAP-0564,INIT-0141,"Complete a formal water risk assessment for all owned sites and top 10 suppliers by spend, with a mitigation plan for each identified risk",CEF-0141,CARD-0564,Efficiency Factors,CRS-0564,PRIMARY_DISPLAY,DISPLAY,SG-INIT-0141,ACTIVE,ACTIVE,"Catalog efficiency value-card slot for Complete a formal water risk assessment for all owned sites and top 10 suppliers by spend, with a mitigation plan for each identified risk.",1.0,2026-08-18,142
MAP-0565,INIT-0142,Recycle rainwater and grey water,CCF-0142,CARD-0565,Cost Factors,CRS-0565,PRIMARY_DISPLAY,DISPLAY,SG-INIT-0142,ACTIVE,ACTIVE,Catalog cost value-card slot for Recycle rainwater and grey water.,1.0,2026-08-18,143
MAP-0566,INIT-0142,Recycle rainwater and grey water,CPF-0142,CARD-0566,Carbon Factors,CRS-0566,PRIMARY_DISPLAY,DISPLAY,SG-INIT-0142,ACTIVE,ACTIVE,Catalog carbon value-card slot for Recycle rainwater and grey water.,1.0,2026-08-18,143
MAP-0567,INIT-0142,Recycle rainwater and grey water,CTF-0142,CARD-0567,Timing Factors,CRS-0567,PRIMARY_DISPLAY,DISPLAY,SG-INIT-0142,ACTIVE,ACTIVE,Catalog timing value-card slot for Recycle rainwater and grey water.,1.0,2026-08-18,143
MAP-0568,INIT-0142,Recycle rainwater and grey water,CEF-0142,CARD-0568,Efficiency Factors,CRS-0568,PRIMARY_DISPLAY,DISPLAY,SG-INIT-0142,ACTIVE,ACTIVE,Catalog efficiency value-card slot for Recycle rainwater and grey water.,1.0,2026-08-18,143
MAP-0569,INIT-0143,Self-supply water direct from the wholesale water market,CCF-0143,CARD-0569,Cost Factors,CRS-0569,PRIMARY_DISPLAY,DISPLAY,SG-INIT-0143,ACTIVE,ACTIVE,Catalog cost value-card slot for Self-supply water direct from the wholesale water market.,1.0,2026-08-18,144
MAP-0570,INIT-0143,Self-supply water direct from the wholesale water market,CPF-0143,CARD-0570,Carbon Factors,CRS-0570,PRIMARY_DISPLAY,DISPLAY,SG-INIT-0143,ACTIVE,ACTIVE,Catalog carbon value-card slot for Self-supply water direct from the wholesale water market.,1.0,2026-08-18,144
MAP-0571,INIT-0143,Self-supply water direct from the wholesale water market,CTF-0143,CARD-0571,Timing Factors,CRS-0571,PRIMARY_DISPLAY,DISPLAY,SG-INIT-0143,ACTIVE,ACTIVE,Catalog timing value-card slot for Self-supply water direct from the wholesale water market.,1.0,2026-08-18,144
MAP-0572,INIT-0143,Self-supply water direct from the wholesale water market,CEF-0143,CARD-0572,Efficiency Factors,CRS-0572,PRIMARY_DISPLAY,DISPLAY,SG-INIT-0143,ACTIVE,ACTIVE,Catalog efficiency value-card slot for Self-supply water direct from the wholesale water market.,1.0,2026-08-18,144
MAP-0573,INIT-0144,Complete supply chain water mapping covering top 5 commodities by estimated water use,CCF-0144,CARD-0573,Cost Factors,CRS-0573,PRIMARY_DISPLAY,DISPLAY,SG-INIT-0144,ACTIVE,ACTIVE,Catalog cost value-card slot for Complete supply chain water mapping covering top 5 commodities by estimated water use.,1.0,2026-08-18,145
MAP-0574,INIT-0144,Complete supply chain water mapping covering top 5 commodities by estimated water use,CPF-0144,CARD-0574,Carbon Factors,CRS-0574,PRIMARY_DISPLAY,DISPLAY,SG-INIT-0144,ACTIVE,ACTIVE,Catalog carbon value-card slot for Complete supply chain water mapping covering top 5 commodities by estimated water use.,1.0,2026-08-18,145
MAP-0575,INIT-0144,Complete supply chain water mapping covering top 5 commodities by estimated water use,CTF-0144,CARD-0575,Timing Factors,CRS-0575,PRIMARY_DISPLAY,DISPLAY,SG-INIT-0144,ACTIVE,ACTIVE,Catalog timing value-card slot for Complete supply chain water mapping covering top 5 commodities by estimated water use.,1.0,2026-08-18,145
MAP-0576,INIT-0144,Complete supply chain water mapping covering top 5 commodities by estimated water use,CEF-0144,CARD-0576,Efficiency Factors,CRS-0576,PRIMARY_DISPLAY,DISPLAY,SG-INIT-0144,ACTIVE,ACTIVE,Catalog efficiency value-card slot for Complete supply chain water mapping covering top 5 commodities by estimated water use.,1.0,2026-08-18,145
MAP-0577,INIT-0145,Use high-efficiency shower and faucet aerators,CCF-0145,CARD-0577,Cost Factors,CRS-0577,PRIMARY_DISPLAY,DISPLAY,SG-INIT-0145,ACTIVE,ACTIVE,Catalog cost value-card slot for Use high-efficiency shower and faucet aerators.,1.0,2026-08-18,146
MAP-0578,INIT-0145,Use high-efficiency shower and faucet aerators,CPF-0145,CARD-0578,Carbon Factors,CRS-0578,PRIMARY_DISPLAY,DISPLAY,SG-INIT-0145,ACTIVE,ACTIVE,Catalog carbon value-card slot for Use high-efficiency shower and faucet aerators.,1.0,2026-08-18,146
MAP-0579,INIT-0145,Use high-efficiency shower and faucet aerators,CTF-0145,CARD-0579,Timing Factors,CRS-0579,PRIMARY_DISPLAY,DISPLAY,SG-INIT-0145,ACTIVE,ACTIVE,Catalog timing value-card slot for Use high-efficiency shower and faucet aerators.,1.0,2026-08-18,146
MAP-0580,INIT-0145,Use high-efficiency shower and faucet aerators,CEF-0145,CARD-0580,Efficiency Factors,CRS-0580,PRIMARY_DISPLAY,DISPLAY,SG-INIT-0145,ACTIVE,ACTIVE,Catalog efficiency value-card slot for Use high-efficiency shower and faucet aerators.,1.0,2026-08-18,146
MAP-0581,INIT-0146,Optimise hot liquor use,CCF-0146,CARD-0581,Cost Factors,CRS-0581,PRIMARY_DISPLAY,DISPLAY,SG-INIT-0146,ACTIVE,ACTIVE,Catalog cost value-card slot for Optimise hot liquor use.,1.0,2026-08-18,147
MAP-0582,INIT-0146,Optimise hot liquor use,CPF-0146,CARD-0582,Carbon Factors,CRS-0582,PRIMARY_DISPLAY,DISPLAY,SG-INIT-0146,ACTIVE,ACTIVE,Catalog carbon value-card slot for Optimise hot liquor use.,1.0,2026-08-18,147
MAP-0583,INIT-0146,Optimise hot liquor use,CTF-0146,CARD-0583,Timing Factors,CRS-0583,PRIMARY_DISPLAY,DISPLAY,SG-INIT-0146,ACTIVE,ACTIVE,Catalog timing value-card slot for Optimise hot liquor use.,1.0,2026-08-18,147
MAP-0584,INIT-0146,Optimise hot liquor use,CEF-0146,CARD-0584,Efficiency Factors,CRS-0584,PRIMARY_DISPLAY,DISPLAY,SG-INIT-0146,ACTIVE,ACTIVE,Catalog efficiency value-card slot for Optimise hot liquor use.,1.0,2026-08-18,147
MAP-0585,INIT-0147,Optimise CIP wash temperature,CCF-0147,CARD-0585,Cost Factors,CRS-0585,PRIMARY_DISPLAY,DISPLAY,SG-INIT-0147,ACTIVE,ACTIVE,Catalog cost value-card slot for Optimise CIP wash temperature.,1.0,2026-08-18,148
MAP-0586,INIT-0147,Optimise CIP wash temperature,CPF-0147,CARD-0586,Carbon Factors,CRS-0586,PRIMARY_DISPLAY,DISPLAY,SG-INIT-0147,ACTIVE,ACTIVE,Catalog carbon value-card slot for Optimise CIP wash temperature.,1.0,2026-08-18,148
MAP-0587,INIT-0147,Optimise CIP wash temperature,CTF-0147,CARD-0587,Timing Factors,CRS-0587,PRIMARY_DISPLAY,DISPLAY,SG-INIT-0147,ACTIVE,ACTIVE,Catalog timing value-card slot for Optimise CIP wash temperature.,1.0,2026-08-18,148
MAP-0588,INIT-0147,Optimise CIP wash temperature,CEF-0147,CARD-0588,Efficiency Factors,CRS-0588,PRIMARY_DISPLAY,DISPLAY,SG-INIT-0147,ACTIVE,ACTIVE,Catalog efficiency value-card slot for Optimise CIP wash temperature.,1.0,2026-08-18,148
MAP-0589,INIT-0148,Reduce water temp in laundry; and line dry linens where possible,CCF-0148,CARD-0589,Cost Factors,CRS-0589,PRIMARY_DISPLAY,DISPLAY,SG-INIT-0148,ACTIVE,ACTIVE,Catalog cost value-card slot for Reduce water temp in laundry; and line dry linens where possible.,1.0,2026-08-18,149
MAP-0590,INIT-0148,Reduce water temp in laundry; and line dry linens where possible,CPF-0148,CARD-0590,Carbon Factors,CRS-0590,PRIMARY_DISPLAY,DISPLAY,SG-INIT-0148,ACTIVE,ACTIVE,Catalog carbon value-card slot for Reduce water temp in laundry; and line dry linens where possible.,1.0,2026-08-18,149
MAP-0591,INIT-0148,Reduce water temp in laundry; and line dry linens where possible,CTF-0148,CARD-0591,Timing Factors,CRS-0591,PRIMARY_DISPLAY,DISPLAY,SG-INIT-0148,ACTIVE,ACTIVE,Catalog timing value-card slot for Reduce water temp in laundry; and line dry linens where possible.,1.0,2026-08-18,149
MAP-0592,INIT-0148,Reduce water temp in laundry; and line dry linens where possible,CEF-0148,CARD-0592,Efficiency Factors,CRS-0592,PRIMARY_DISPLAY,DISPLAY,SG-INIT-0148,ACTIVE,ACTIVE,Catalog efficiency value-card slot for Reduce water temp in laundry; and line dry linens where possible.,1.0,2026-08-18,149
MAP-0593,INIT-0149,Conduct a waste characterisation assessment,CCF-0149,CARD-0593,Cost Factors,CRS-0593,PRIMARY_DISPLAY,DISPLAY,SG-INIT-0149,ACTIVE,ACTIVE,Catalog cost value-card slot for Conduct a waste characterisation assessment.,1.0,2026-08-18,150
MAP-0594,INIT-0149,Conduct a waste characterisation assessment,CPF-0149,CARD-0594,Carbon Factors,CRS-0594,PRIMARY_DISPLAY,DISPLAY,SG-INIT-0149,ACTIVE,ACTIVE,Catalog carbon value-card slot for Conduct a waste characterisation assessment.,1.0,2026-08-18,150
MAP-0595,INIT-0149,Conduct a waste characterisation assessment,CTF-0149,CARD-0595,Timing Factors,CRS-0595,PRIMARY_DISPLAY,DISPLAY,SG-INIT-0149,ACTIVE,ACTIVE,Catalog timing value-card slot for Conduct a waste characterisation assessment.,1.0,2026-08-18,150
MAP-0596,INIT-0149,Conduct a waste characterisation assessment,CEF-0149,CARD-0596,Efficiency Factors,CRS-0596,PRIMARY_DISPLAY,DISPLAY,SG-INIT-0149,ACTIVE,ACTIVE,Catalog efficiency value-card slot for Conduct a waste characterisation assessment.,1.0,2026-08-18,150
MAP-0597,INIT-0150,"Set a documented food waste reduction target with a baseline year, an interim milestone, and a final target date",CCF-0150,CARD-0597,Cost Factors,CRS-0597,PRIMARY_DISPLAY,DISPLAY,SG-INIT-0150,ACTIVE,ACTIVE,"Catalog cost value-card slot for Set a documented food waste reduction target with a baseline year, an interim milestone, and a final target date.",1.0,2026-08-18,151
MAP-0598,INIT-0150,"Set a documented food waste reduction target with a baseline year, an interim milestone, and a final target date",CPF-0150,CARD-0598,Carbon Factors,CRS-0598,PRIMARY_DISPLAY,DISPLAY,SG-INIT-0150,ACTIVE,ACTIVE,"Catalog carbon value-card slot for Set a documented food waste reduction target with a baseline year, an interim milestone, and a final target date.",1.0,2026-08-18,151
MAP-0599,INIT-0150,"Set a documented food waste reduction target with a baseline year, an interim milestone, and a final target date",CTF-0150,CARD-0599,Timing Factors,CRS-0599,PRIMARY_DISPLAY,DISPLAY,SG-INIT-0150,ACTIVE,ACTIVE,"Catalog timing value-card slot for Set a documented food waste reduction target with a baseline year, an interim milestone, and a final target date.",1.0,2026-08-18,151
MAP-0600,INIT-0150,"Set a documented food waste reduction target with a baseline year, an interim milestone, and a final target date",CEF-0150,CARD-0600,Efficiency Factors,CRS-0600,PRIMARY_DISPLAY,DISPLAY,SG-INIT-0150,ACTIVE,ACTIVE,"Catalog efficiency value-card slot for Set a documented food waste reduction target with a baseline year, an interim milestone, and a final target date.",1.0,2026-08-18,151
MAP-0601,INIT-0151,Segregate food waste for composting or Anaerobic Digestion,CCF-0151,CARD-0601,Cost Factors,CRS-0601,PRIMARY_DISPLAY,DISPLAY,SG-INIT-0151,ACTIVE,ACTIVE,Catalog cost value-card slot for Segregate food waste for composting or Anaerobic Digestion.,1.0,2026-08-18,152
MAP-0602,INIT-0151,Segregate food waste for composting or Anaerobic Digestion,CPF-0151,CARD-0602,Carbon Factors,CRS-0602,PRIMARY_DISPLAY,DISPLAY,SG-INIT-0151,ACTIVE,ACTIVE,Catalog carbon value-card slot for Segregate food waste for composting or Anaerobic Digestion.,1.0,2026-08-18,152
MAP-0603,INIT-0151,Segregate food waste for composting or Anaerobic Digestion,CTF-0151,CARD-0603,Timing Factors,CRS-0603,PRIMARY_DISPLAY,DISPLAY,SG-INIT-0151,ACTIVE,ACTIVE,Catalog timing value-card slot for Segregate food waste for composting or Anaerobic Digestion.,1.0,2026-08-18,152
MAP-0604,INIT-0151,Segregate food waste for composting or Anaerobic Digestion,CEF-0151,CARD-0604,Efficiency Factors,CRS-0604,PRIMARY_DISPLAY,DISPLAY,SG-INIT-0151,ACTIVE,ACTIVE,Catalog efficiency value-card slot for Segregate food waste for composting or Anaerobic Digestion.,1.0,2026-08-18,152
MAP-0605,INIT-0152,Distribute Surplus Food via a credible distribution partner,CCF-0152,CARD-0605,Cost Factors,CRS-0605,PRIMARY_DISPLAY,DISPLAY,SG-INIT-0152,ACTIVE,ACTIVE,Catalog cost value-card slot for Distribute Surplus Food via a credible distribution partner.,1.0,2026-08-18,153
MAP-0606,INIT-0152,Distribute Surplus Food via a credible distribution partner,CPF-0152,CARD-0606,Carbon Factors,CRS-0606,PRIMARY_DISPLAY,DISPLAY,SG-INIT-0152,ACTIVE,ACTIVE,Catalog carbon value-card slot for Distribute Surplus Food via a credible distribution partner.,1.0,2026-08-18,153
MAP-0607,INIT-0152,Distribute Surplus Food via a credible distribution partner,CTF-0152,CARD-0607,Timing Factors,CRS-0607,PRIMARY_DISPLAY,DISPLAY,SG-INIT-0152,ACTIVE,ACTIVE,Catalog timing value-card slot for Distribute Surplus Food via a credible distribution partner.,1.0,2026-08-18,153
MAP-0608,INIT-0152,Distribute Surplus Food via a credible distribution partner,CEF-0152,CARD-0608,Efficiency Factors,CRS-0608,PRIMARY_DISPLAY,DISPLAY,SG-INIT-0152,ACTIVE,ACTIVE,Catalog efficiency value-card slot for Distribute Surplus Food via a credible distribution partner.,1.0,2026-08-18,153
MAP-0609,INIT-0153,Complete a circularity audit covering the top three waste streams by volume and identify at least one viable circular option per stream within 90 days,CCF-0153,CARD-0609,Cost Factors,CRS-0609,PRIMARY_DISPLAY,DISPLAY,SG-INIT-0153,ACTIVE,ACTIVE,Catalog cost value-card slot for Complete a circularity audit covering the top three waste streams by volume and identify at least one viable circular option per stream within 90 days.,1.0,2026-08-18,154
MAP-0610,INIT-0153,Complete a circularity audit covering the top three waste streams by volume and identify at least one viable circular option per stream within 90 days,CPF-0153,CARD-0610,Carbon Factors,CRS-0610,PRIMARY_DISPLAY,DISPLAY,SG-INIT-0153,ACTIVE,ACTIVE,Catalog carbon value-card slot for Complete a circularity audit covering the top three waste streams by volume and identify at least one viable circular option per stream within 90 days.,1.0,2026-08-18,154
MAP-0611,INIT-0153,Complete a circularity audit covering the top three waste streams by volume and identify at least one viable circular option per stream within 90 days,CTF-0153,CARD-0611,Timing Factors,CRS-0611,PRIMARY_DISPLAY,DISPLAY,SG-INIT-0153,ACTIVE,ACTIVE,Catalog timing value-card slot for Complete a circularity audit covering the top three waste streams by volume and identify at least one viable circular option per stream within 90 days.,1.0,2026-08-18,154
MAP-0612,INIT-0153,Complete a circularity audit covering the top three waste streams by volume and identify at least one viable circular option per stream within 90 days,CEF-0153,CARD-0612,Efficiency Factors,CRS-0612,PRIMARY_DISPLAY,DISPLAY,SG-INIT-0153,ACTIVE,ACTIVE,Catalog efficiency value-card slot for Complete a circularity audit covering the top three waste streams by volume and identify at least one viable circular option per stream within 90 days.,1.0,2026-08-18,154
MAP-0613,INIT-0154,Train operational teams to reduce production waste and measure pre/post-training waste performance,CCF-0154,CARD-0613,Cost Factors,CRS-0613,PRIMARY_DISPLAY,DISPLAY,SG-INIT-0154,ACTIVE,ACTIVE,Catalog cost value-card slot for Train operational teams to reduce production waste and measure pre/post-training waste performance.,1.0,2026-08-18,155
MAP-0614,INIT-0154,Train operational teams to reduce production waste and measure pre/post-training waste performance,CPF-0154,CARD-0614,Carbon Factors,CRS-0614,PRIMARY_DISPLAY,DISPLAY,SG-INIT-0154,ACTIVE,ACTIVE,Catalog carbon value-card slot for Train operational teams to reduce production waste and measure pre/post-training waste performance.,1.0,2026-08-18,155
MAP-0615,INIT-0154,Train operational teams to reduce production waste and measure pre/post-training waste performance,CTF-0154,CARD-0615,Timing Factors,CRS-0615,PRIMARY_DISPLAY,DISPLAY,SG-INIT-0154,ACTIVE,ACTIVE,Catalog timing value-card slot for Train operational teams to reduce production waste and measure pre/post-training waste performance.,1.0,2026-08-18,155
MAP-0616,INIT-0154,Train operational teams to reduce production waste and measure pre/post-training waste performance,CEF-0154,CARD-0616,Efficiency Factors,CRS-0616,PRIMARY_DISPLAY,DISPLAY,SG-INIT-0154,ACTIVE,ACTIVE,Catalog efficiency value-card slot for Train operational teams to reduce production waste and measure pre/post-training waste performance.,1.0,2026-08-18,155
MAP-0617,INIT-0155,Quantify your food waste,CCF-0155,CARD-0617,Cost Factors,CRS-0617,PRIMARY_DISPLAY,DISPLAY,SG-INIT-0155,ACTIVE,ACTIVE,Catalog cost value-card slot for Quantify your food waste.,1.0,2026-08-18,156
MAP-0618,INIT-0155,Quantify your food waste,CPF-0155,CARD-0618,Carbon Factors,CRS-0618,PRIMARY_DISPLAY,DISPLAY,SG-INIT-0155,ACTIVE,ACTIVE,Catalog carbon value-card slot for Quantify your food waste.,1.0,2026-08-18,156
MAP-0619,INIT-0155,Quantify your food waste,CTF-0155,CARD-0619,Timing Factors,CRS-0619,PRIMARY_DISPLAY,DISPLAY,SG-INIT-0155,ACTIVE,ACTIVE,Catalog timing value-card slot for Quantify your food waste.,1.0,2026-08-18,156
MAP-0620,INIT-0155,Quantify your food waste,CEF-0155,CARD-0620,Efficiency Factors,CRS-0620,PRIMARY_DISPLAY,DISPLAY,SG-INIT-0155,ACTIVE,ACTIVE,Catalog efficiency value-card slot for Quantify your food waste.,1.0,2026-08-18,156
MAP-0621,INIT-0156,Extend the life of your cooking oil,CCF-0156,CARD-0621,Cost Factors,CRS-0621,PRIMARY_DISPLAY,DISPLAY,SG-INIT-0156,ACTIVE,ACTIVE,Catalog cost value-card slot for Extend the life of your cooking oil.,1.0,2026-08-18,157
MAP-0622,INIT-0156,Extend the life of your cooking oil,CPF-0156,CARD-0622,Carbon Factors,CRS-0622,PRIMARY_DISPLAY,DISPLAY,SG-INIT-0156,ACTIVE,ACTIVE,Catalog carbon value-card slot for Extend the life of your cooking oil.,1.0,2026-08-18,157
MAP-0623,INIT-0156,Extend the life of your cooking oil,CTF-0156,CARD-0623,Timing Factors,CRS-0623,PRIMARY_DISPLAY,DISPLAY,SG-INIT-0156,ACTIVE,ACTIVE,Catalog timing value-card slot for Extend the life of your cooking oil.,1.0,2026-08-18,157
MAP-0624,INIT-0156,Extend the life of your cooking oil,CEF-0156,CARD-0624,Efficiency Factors,CRS-0624,PRIMARY_DISPLAY,DISPLAY,SG-INIT-0156,ACTIVE,ACTIVE,Catalog efficiency value-card slot for Extend the life of your cooking oil.,1.0,2026-08-18,157
MAP-0625,INIT-0157,Recycle your used cooking oil at end of life,CCF-0157,CARD-0625,Cost Factors,CRS-0625,PRIMARY_DISPLAY,DISPLAY,SG-INIT-0157,ACTIVE,ACTIVE,Catalog cost value-card slot for Recycle your used cooking oil at end of life.,1.0,2026-08-18,158
MAP-0626,INIT-0157,Recycle your used cooking oil at end of life,CPF-0157,CARD-0626,Carbon Factors,CRS-0626,PRIMARY_DISPLAY,DISPLAY,SG-INIT-0157,ACTIVE,ACTIVE,Catalog carbon value-card slot for Recycle your used cooking oil at end of life.,1.0,2026-08-18,158
MAP-0627,INIT-0157,Recycle your used cooking oil at end of life,CTF-0157,CARD-0627,Timing Factors,CRS-0627,PRIMARY_DISPLAY,DISPLAY,SG-INIT-0157,ACTIVE,ACTIVE,Catalog timing value-card slot for Recycle your used cooking oil at end of life.,1.0,2026-08-18,158
MAP-0628,INIT-0157,Recycle your used cooking oil at end of life,CEF-0157,CARD-0628,Efficiency Factors,CRS-0628,PRIMARY_DISPLAY,DISPLAY,SG-INIT-0157,ACTIVE,ACTIVE,Catalog efficiency value-card slot for Recycle your used cooking oil at end of life.,1.0,2026-08-18,158
MAP-0629,INIT-0158,Process food waste on-site,CCF-0158,CARD-0629,Cost Factors,CRS-0629,PRIMARY_DISPLAY,DISPLAY,SG-INIT-0158,ACTIVE,ACTIVE,Catalog cost value-card slot for Process food waste on-site.,1.0,2026-08-18,159
MAP-0630,INIT-0158,Process food waste on-site,CPF-0158,CARD-0630,Carbon Factors,CRS-0630,PRIMARY_DISPLAY,DISPLAY,SG-INIT-0158,ACTIVE,ACTIVE,Catalog carbon value-card slot for Process food waste on-site.,1.0,2026-08-18,159
MAP-0631,INIT-0158,Process food waste on-site,CTF-0158,CARD-0631,Timing Factors,CRS-0631,PRIMARY_DISPLAY,DISPLAY,SG-INIT-0158,ACTIVE,ACTIVE,Catalog timing value-card slot for Process food waste on-site.,1.0,2026-08-18,159
MAP-0632,INIT-0158,Process food waste on-site,CEF-0158,CARD-0632,Efficiency Factors,CRS-0632,PRIMARY_DISPLAY,DISPLAY,SG-INIT-0158,ACTIVE,ACTIVE,Catalog efficiency value-card slot for Process food waste on-site.,1.0,2026-08-18,159
MAP-0633,INIT-0159,Recycle and responsibly dispose of staff uniforms at end-of-life,CCF-0159,CARD-0633,Cost Factors,CRS-0633,PRIMARY_DISPLAY,DISPLAY,SG-INIT-0159,ACTIVE,ACTIVE,Catalog cost value-card slot for Recycle and responsibly dispose of staff uniforms at end-of-life.,1.0,2026-08-18,160
MAP-0634,INIT-0159,Recycle and responsibly dispose of staff uniforms at end-of-life,CPF-0159,CARD-0634,Carbon Factors,CRS-0634,PRIMARY_DISPLAY,DISPLAY,SG-INIT-0159,ACTIVE,ACTIVE,Catalog carbon value-card slot for Recycle and responsibly dispose of staff uniforms at end-of-life.,1.0,2026-08-18,160
MAP-0635,INIT-0159,Recycle and responsibly dispose of staff uniforms at end-of-life,CTF-0159,CARD-0635,Timing Factors,CRS-0635,PRIMARY_DISPLAY,DISPLAY,SG-INIT-0159,ACTIVE,ACTIVE,Catalog timing value-card slot for Recycle and responsibly dispose of staff uniforms at end-of-life.,1.0,2026-08-18,160
MAP-0636,INIT-0159,Recycle and responsibly dispose of staff uniforms at end-of-life,CEF-0159,CARD-0636,Efficiency Factors,CRS-0636,PRIMARY_DISPLAY,DISPLAY,SG-INIT-0159,ACTIVE,ACTIVE,Catalog efficiency value-card slot for Recycle and responsibly dispose of staff uniforms at end-of-life.,1.0,2026-08-18,160
MAP-0637,INIT-0160,Switch to lower-impact takeaway packaging,CCF-0160,CARD-0637,Cost Factors,CRS-0637,PRIMARY_DISPLAY,DISPLAY,SG-INIT-0160,ACTIVE,ACTIVE,Catalog cost value-card slot for Switch to lower-impact takeaway packaging.,1.0,2026-08-18,161
MAP-0638,INIT-0160,Switch to lower-impact takeaway packaging,CPF-0160,CARD-0638,Carbon Factors,CRS-0638,PRIMARY_DISPLAY,DISPLAY,SG-INIT-0160,ACTIVE,ACTIVE,Catalog carbon value-card slot for Switch to lower-impact takeaway packaging.,1.0,2026-08-18,161
MAP-0639,INIT-0160,Switch to lower-impact takeaway packaging,CTF-0160,CARD-0639,Timing Factors,CRS-0639,PRIMARY_DISPLAY,DISPLAY,SG-INIT-0160,ACTIVE,ACTIVE,Catalog timing value-card slot for Switch to lower-impact takeaway packaging.,1.0,2026-08-18,161
MAP-0640,INIT-0160,Switch to lower-impact takeaway packaging,CEF-0160,CARD-0640,Efficiency Factors,CRS-0640,PRIMARY_DISPLAY,DISPLAY,SG-INIT-0160,ACTIVE,ACTIVE,Catalog efficiency value-card slot for Switch to lower-impact takeaway packaging.,1.0,2026-08-18,161
MAP-0641,INIT-0161,"Support and encourage employees in choosing low-carbon commuting alternatives (e.g. cycle to work, public transport)",CCF-0161,CARD-0641,Cost Factors,CRS-0641,EMPTY_SLOT,DISPLAY,SG-INIT-0161,ACTIVE,ACTIVE,"Catalog cost value-card slot for Support and encourage employees in choosing low-carbon commuting alternatives (e.g. cycle to work, public transport).",1.0,2026-08-18,162
MAP-0642,INIT-0161,"Support and encourage employees in choosing low-carbon commuting alternatives (e.g. cycle to work, public transport)",CPF-0161,CARD-0642,Carbon Factors,CRS-0642,EMPTY_SLOT,DISPLAY,SG-INIT-0161,ACTIVE,ACTIVE,"Catalog carbon value-card slot for Support and encourage employees in choosing low-carbon commuting alternatives (e.g. cycle to work, public transport).",1.0,2026-08-18,162
MAP-0643,INIT-0161,"Support and encourage employees in choosing low-carbon commuting alternatives (e.g. cycle to work, public transport)",CTF-0161,CARD-0643,Timing Factors,CRS-0643,EMPTY_SLOT,DISPLAY,SG-INIT-0161,ACTIVE,ACTIVE,"Catalog timing value-card slot for Support and encourage employees in choosing low-carbon commuting alternatives (e.g. cycle to work, public transport).",1.0,2026-08-18,162
MAP-0644,INIT-0161,"Support and encourage employees in choosing low-carbon commuting alternatives (e.g. cycle to work, public transport)",CEF-0161,CARD-0644,Efficiency Factors,CRS-0644,EMPTY_SLOT,DISPLAY,SG-INIT-0161,ACTIVE,ACTIVE,"Catalog efficiency value-card slot for Support and encourage employees in choosing low-carbon commuting alternatives (e.g. cycle to work, public transport).",1.0,2026-08-18,162
MAP-0645,INIT-0162,Transition company owned fleet vehicles to low-carbon alternatives at end of life,CCF-0162,CARD-0645,Cost Factors,CRS-0645,EMPTY_SLOT,DISPLAY,SG-INIT-0162,ACTIVE,ACTIVE,Catalog cost value-card slot for Transition company owned fleet vehicles to low-carbon alternatives at end of life.,1.0,2026-08-18,163
MAP-0646,INIT-0162,Transition company owned fleet vehicles to low-carbon alternatives at end of life,CPF-0162,CARD-0646,Carbon Factors,CRS-0646,EMPTY_SLOT,DISPLAY,SG-INIT-0162,ACTIVE,ACTIVE,Catalog carbon value-card slot for Transition company owned fleet vehicles to low-carbon alternatives at end of life.,1.0,2026-08-18,163
MAP-0647,INIT-0162,Transition company owned fleet vehicles to low-carbon alternatives at end of life,CTF-0162,CARD-0647,Timing Factors,CRS-0647,EMPTY_SLOT,DISPLAY,SG-INIT-0162,ACTIVE,ACTIVE,Catalog timing value-card slot for Transition company owned fleet vehicles to low-carbon alternatives at end of life.,1.0,2026-08-18,163
MAP-0648,INIT-0162,Transition company owned fleet vehicles to low-carbon alternatives at end of life,CEF-0162,CARD-0648,Efficiency Factors,CRS-0648,EMPTY_SLOT,DISPLAY,SG-INIT-0162,ACTIVE,ACTIVE,Catalog efficiency value-card slot for Transition company owned fleet vehicles to low-carbon alternatives at end of life.,1.0,2026-08-18,163
MAP-0649,INIT-0163,Reduce emissions from delivery and distribution by improving fleet efficiency before the journey,CCF-0163,CARD-0649,Cost Factors,CRS-0649,EMPTY_SLOT,DISPLAY,SG-INIT-0163,ACTIVE,ACTIVE,Catalog cost value-card slot for Reduce emissions from delivery and distribution by improving fleet efficiency before the journey.,1.0,2026-08-18,164
MAP-0650,INIT-0163,Reduce emissions from delivery and distribution by improving fleet efficiency before the journey,CPF-0163,CARD-0650,Carbon Factors,CRS-0650,EMPTY_SLOT,DISPLAY,SG-INIT-0163,ACTIVE,ACTIVE,Catalog carbon value-card slot for Reduce emissions from delivery and distribution by improving fleet efficiency before the journey.,1.0,2026-08-18,164
MAP-0651,INIT-0163,Reduce emissions from delivery and distribution by improving fleet efficiency before the journey,CTF-0163,CARD-0651,Timing Factors,CRS-0651,EMPTY_SLOT,DISPLAY,SG-INIT-0163,ACTIVE,ACTIVE,Catalog timing value-card slot for Reduce emissions from delivery and distribution by improving fleet efficiency before the journey.,1.0,2026-08-18,164
MAP-0652,INIT-0163,Reduce emissions from delivery and distribution by improving fleet efficiency before the journey,CEF-0163,CARD-0652,Efficiency Factors,CRS-0652,EMPTY_SLOT,DISPLAY,SG-INIT-0163,ACTIVE,ACTIVE,Catalog efficiency value-card slot for Reduce emissions from delivery and distribution by improving fleet efficiency before the journey.,1.0,2026-08-18,164
MAP-0653,INIT-0164,Reduce emissions from delivery and distribution by improving fleet efficiency during and after the journey,CCF-0164,CARD-0653,Cost Factors,CRS-0653,EMPTY_SLOT,DISPLAY,SG-INIT-0164,ACTIVE,ACTIVE,Catalog cost value-card slot for Reduce emissions from delivery and distribution by improving fleet efficiency during and after the journey.,1.0,2026-08-18,165
MAP-0654,INIT-0164,Reduce emissions from delivery and distribution by improving fleet efficiency during and after the journey,CPF-0164,CARD-0654,Carbon Factors,CRS-0654,EMPTY_SLOT,DISPLAY,SG-INIT-0164,ACTIVE,ACTIVE,Catalog carbon value-card slot for Reduce emissions from delivery and distribution by improving fleet efficiency during and after the journey.,1.0,2026-08-18,165
MAP-0655,INIT-0164,Reduce emissions from delivery and distribution by improving fleet efficiency during and after the journey,CTF-0164,CARD-0655,Timing Factors,CRS-0655,EMPTY_SLOT,DISPLAY,SG-INIT-0164,ACTIVE,ACTIVE,Catalog timing value-card slot for Reduce emissions from delivery and distribution by improving fleet efficiency during and after the journey.,1.0,2026-08-18,165
MAP-0656,INIT-0164,Reduce emissions from delivery and distribution by improving fleet efficiency during and after the journey,CEF-0164,CARD-0656,Efficiency Factors,CRS-0656,EMPTY_SLOT,DISPLAY,SG-INIT-0164,ACTIVE,ACTIVE,Catalog efficiency value-card slot for Reduce emissions from delivery and distribution by improving fleet efficiency during and after the journey.,1.0,2026-08-18,165
MAP-0657,INIT-0165,Reduce emissions from delivery and distribution by engaging with suppliers,CCF-0165,CARD-0657,Cost Factors,CRS-0657,EMPTY_SLOT,DISPLAY,SG-INIT-0165,ACTIVE,ACTIVE,Catalog cost value-card slot for Reduce emissions from delivery and distribution by engaging with suppliers.,1.0,2026-08-18,166
MAP-0658,INIT-0165,Reduce emissions from delivery and distribution by engaging with suppliers,CPF-0165,CARD-0658,Carbon Factors,CRS-0658,EMPTY_SLOT,DISPLAY,SG-INIT-0165,ACTIVE,ACTIVE,Catalog carbon value-card slot for Reduce emissions from delivery and distribution by engaging with suppliers.,1.0,2026-08-18,166
MAP-0659,INIT-0165,Reduce emissions from delivery and distribution by engaging with suppliers,CTF-0165,CARD-0659,Timing Factors,CRS-0659,EMPTY_SLOT,DISPLAY,SG-INIT-0165,ACTIVE,ACTIVE,Catalog timing value-card slot for Reduce emissions from delivery and distribution by engaging with suppliers.,1.0,2026-08-18,166
MAP-0660,INIT-0165,Reduce emissions from delivery and distribution by engaging with suppliers,CEF-0165,CARD-0660,Efficiency Factors,CRS-0660,EMPTY_SLOT,DISPLAY,SG-INIT-0165,ACTIVE,ACTIVE,Catalog efficiency value-card slot for Reduce emissions from delivery and distribution by engaging with suppliers.,1.0,2026-08-18,166
MAP-0661,INIT-0166,Reduce emissions from customer delivery,CCF-0166,CARD-0661,Cost Factors,CRS-0661,EMPTY_SLOT,DISPLAY,SG-INIT-0166,ACTIVE,ACTIVE,Catalog cost value-card slot for Reduce emissions from customer delivery.,1.0,2026-08-18,167
MAP-0662,INIT-0166,Reduce emissions from customer delivery,CPF-0166,CARD-0662,Carbon Factors,CRS-0662,EMPTY_SLOT,DISPLAY,SG-INIT-0166,ACTIVE,ACTIVE,Catalog carbon value-card slot for Reduce emissions from customer delivery.,1.0,2026-08-18,167
MAP-0663,INIT-0166,Reduce emissions from customer delivery,CTF-0166,CARD-0663,Timing Factors,CRS-0663,EMPTY_SLOT,DISPLAY,SG-INIT-0166,ACTIVE,ACTIVE,Catalog timing value-card slot for Reduce emissions from customer delivery.,1.0,2026-08-18,167
MAP-0664,INIT-0166,Reduce emissions from customer delivery,CEF-0166,CARD-0664,Efficiency Factors,CRS-0664,EMPTY_SLOT,DISPLAY,SG-INIT-0166,ACTIVE,ACTIVE,Catalog efficiency value-card slot for Reduce emissions from customer delivery.,1.0,2026-08-18,167
MAP-0665,INIT-0167,Install EV Charging Infrastructure at Depots and Distribution Hubs,CCF-0167,CARD-0665,Cost Factors,CRS-0665,EMPTY_SLOT,DISPLAY,SG-INIT-0167,ACTIVE,ACTIVE,Catalog cost value-card slot for Install EV Charging Infrastructure at Depots and Distribution Hubs.,1.0,2026-08-18,168
MAP-0666,INIT-0167,Install EV Charging Infrastructure at Depots and Distribution Hubs,CPF-0167,CARD-0666,Carbon Factors,CRS-0666,EMPTY_SLOT,DISPLAY,SG-INIT-0167,ACTIVE,ACTIVE,Catalog carbon value-card slot for Install EV Charging Infrastructure at Depots and Distribution Hubs.,1.0,2026-08-18,168
MAP-0667,INIT-0167,Install EV Charging Infrastructure at Depots and Distribution Hubs,CTF-0167,CARD-0667,Timing Factors,CRS-0667,EMPTY_SLOT,DISPLAY,SG-INIT-0167,ACTIVE,ACTIVE,Catalog timing value-card slot for Install EV Charging Infrastructure at Depots and Distribution Hubs.,1.0,2026-08-18,168
MAP-0668,INIT-0167,Install EV Charging Infrastructure at Depots and Distribution Hubs,CEF-0167,CARD-0668,Efficiency Factors,CRS-0668,EMPTY_SLOT,DISPLAY,SG-INIT-0167,ACTIVE,ACTIVE,Catalog efficiency value-card slot for Install EV Charging Infrastructure at Depots and Distribution Hubs.,1.0,2026-08-18,168
MAP-0669,INIT-0168,Install a filtered water system to avoid bottled water.,CCF-0168,CARD-0669,Cost Factors,CRS-0669,EMPTY_SLOT,DISPLAY,SG-INIT-0168,ACTIVE,ACTIVE,Catalog cost value-card slot for Install a filtered water system to avoid bottled water..,1.0,2026-08-18,169
MAP-0670,INIT-0168,Install a filtered water system to avoid bottled water.,CPF-0168,CARD-0670,Carbon Factors,CRS-0670,EMPTY_SLOT,DISPLAY,SG-INIT-0168,ACTIVE,ACTIVE,Catalog carbon value-card slot for Install a filtered water system to avoid bottled water..,1.0,2026-08-18,169
MAP-0671,INIT-0168,Install a filtered water system to avoid bottled water.,CTF-0168,CARD-0671,Timing Factors,CRS-0671,EMPTY_SLOT,DISPLAY,SG-INIT-0168,ACTIVE,ACTIVE,Catalog timing value-card slot for Install a filtered water system to avoid bottled water..,1.0,2026-08-18,169
MAP-0672,INIT-0168,Install a filtered water system to avoid bottled water.,CEF-0168,CARD-0672,Efficiency Factors,CRS-0672,EMPTY_SLOT,DISPLAY,SG-INIT-0168,ACTIVE,ACTIVE,Catalog efficiency value-card slot for Install a filtered water system to avoid bottled water..,1.0,2026-08-18,169
MAP-0673,INIT-0169,Procure water sustainably.,CCF-0169,CARD-0673,Cost Factors,CRS-0673,EMPTY_SLOT,DISPLAY,SG-INIT-0169,ACTIVE,ACTIVE,Catalog cost value-card slot for Procure water sustainably..,1.0,2026-08-18,170
MAP-0674,INIT-0169,Procure water sustainably.,CPF-0169,CARD-0674,Carbon Factors,CRS-0674,EMPTY_SLOT,DISPLAY,SG-INIT-0169,ACTIVE,ACTIVE,Catalog carbon value-card slot for Procure water sustainably..,1.0,2026-08-18,170
MAP-0675,INIT-0169,Procure water sustainably.,CTF-0169,CARD-0675,Timing Factors,CRS-0675,EMPTY_SLOT,DISPLAY,SG-INIT-0169,ACTIVE,ACTIVE,Catalog timing value-card slot for Procure water sustainably..,1.0,2026-08-18,170
MAP-0676,INIT-0169,Procure water sustainably.,CEF-0169,CARD-0676,Efficiency Factors,CRS-0676,EMPTY_SLOT,DISPLAY,SG-INIT-0169,ACTIVE,ACTIVE,Catalog efficiency value-card slot for Procure water sustainably..,1.0,2026-08-18,170
MAP-0677,INIT-0170,Publish a water reduction policy with targets for water-stressed regions,CCF-0170,CARD-0677,Cost Factors,CRS-0677,EMPTY_SLOT,DISPLAY,SG-INIT-0170,ACTIVE,ACTIVE,Catalog cost value-card slot for Publish a water reduction policy with targets for water-stressed regions.,1.0,2026-08-18,171
MAP-0678,INIT-0170,Publish a water reduction policy with targets for water-stressed regions,CPF-0170,CARD-0678,Carbon Factors,CRS-0678,EMPTY_SLOT,DISPLAY,SG-INIT-0170,ACTIVE,ACTIVE,Catalog carbon value-card slot for Publish a water reduction policy with targets for water-stressed regions.,1.0,2026-08-18,171
MAP-0679,INIT-0170,Publish a water reduction policy with targets for water-stressed regions,CTF-0170,CARD-0679,Timing Factors,CRS-0679,EMPTY_SLOT,DISPLAY,SG-INIT-0170,ACTIVE,ACTIVE,Catalog timing value-card slot for Publish a water reduction policy with targets for water-stressed regions.,1.0,2026-08-18,171
MAP-0680,INIT-0170,Publish a water reduction policy with targets for water-stressed regions,CEF-0170,CARD-0680,Efficiency Factors,CRS-0680,EMPTY_SLOT,DISPLAY,SG-INIT-0170,ACTIVE,ACTIVE,Catalog efficiency value-card slot for Publish a water reduction policy with targets for water-stressed regions.,1.0,2026-08-18,171
MAP-0681,INIT-0171,Recycle equipment at end-of-life,CCF-0171,CARD-0681,Cost Factors,CRS-0681,EMPTY_SLOT,DISPLAY,SG-INIT-0171,ACTIVE,ACTIVE,Catalog cost value-card slot for Recycle equipment at end-of-life.,1.0,2026-08-18,172
MAP-0682,INIT-0171,Recycle equipment at end-of-life,CPF-0171,CARD-0682,Carbon Factors,CRS-0682,EMPTY_SLOT,DISPLAY,SG-INIT-0171,ACTIVE,ACTIVE,Catalog carbon value-card slot for Recycle equipment at end-of-life.,1.0,2026-08-18,172
MAP-0683,INIT-0171,Recycle equipment at end-of-life,CTF-0171,CARD-0683,Timing Factors,CRS-0683,EMPTY_SLOT,DISPLAY,SG-INIT-0171,ACTIVE,ACTIVE,Catalog timing value-card slot for Recycle equipment at end-of-life.,1.0,2026-08-18,172
MAP-0684,INIT-0171,Recycle equipment at end-of-life,CEF-0171,CARD-0684,Efficiency Factors,CRS-0684,EMPTY_SLOT,DISPLAY,SG-INIT-0171,ACTIVE,ACTIVE,Catalog efficiency value-card slot for Recycle equipment at end-of-life.,1.0,2026-08-18,172
MAP-0685,INIT-0172,Promote takeaway options for unfinished food,CCF-0172,CARD-0685,Cost Factors,CRS-0685,EMPTY_SLOT,DISPLAY,SG-INIT-0172,ACTIVE,ACTIVE,Catalog cost value-card slot for Promote takeaway options for unfinished food.,1.0,2026-08-18,173
MAP-0686,INIT-0172,Promote takeaway options for unfinished food,CPF-0172,CARD-0686,Carbon Factors,CRS-0686,EMPTY_SLOT,DISPLAY,SG-INIT-0172,ACTIVE,ACTIVE,Catalog carbon value-card slot for Promote takeaway options for unfinished food.,1.0,2026-08-18,173
MAP-0687,INIT-0172,Promote takeaway options for unfinished food,CTF-0172,CARD-0687,Timing Factors,CRS-0687,EMPTY_SLOT,DISPLAY,SG-INIT-0172,ACTIVE,ACTIVE,Catalog timing value-card slot for Promote takeaway options for unfinished food.,1.0,2026-08-18,173
MAP-0688,INIT-0172,Promote takeaway options for unfinished food,CEF-0172,CARD-0688,Efficiency Factors,CRS-0688,EMPTY_SLOT,DISPLAY,SG-INIT-0172,ACTIVE,ACTIVE,Catalog efficiency value-card slot for Promote takeaway options for unfinished food.,1.0,2026-08-18,173
MAP-0689,INIT-0173,"Reduce active menu SKU count by a defined %, and measure the impact on food waste per cover over the following 90 days",CCF-0173,CARD-0689,Cost Factors,CRS-0689,EMPTY_SLOT,DISPLAY,SG-INIT-0173,ACTIVE,ACTIVE,"Catalog cost value-card slot for Reduce active menu SKU count by a defined %, and measure the impact on food waste per cover over the following 90 days.",1.0,2026-08-18,174
MAP-0690,INIT-0173,"Reduce active menu SKU count by a defined %, and measure the impact on food waste per cover over the following 90 days",CPF-0173,CARD-0690,Carbon Factors,CRS-0690,EMPTY_SLOT,DISPLAY,SG-INIT-0173,ACTIVE,ACTIVE,"Catalog carbon value-card slot for Reduce active menu SKU count by a defined %, and measure the impact on food waste per cover over the following 90 days.",1.0,2026-08-18,174
MAP-0691,INIT-0173,"Reduce active menu SKU count by a defined %, and measure the impact on food waste per cover over the following 90 days",CTF-0173,CARD-0691,Timing Factors,CRS-0691,EMPTY_SLOT,DISPLAY,SG-INIT-0173,ACTIVE,ACTIVE,"Catalog timing value-card slot for Reduce active menu SKU count by a defined %, and measure the impact on food waste per cover over the following 90 days.",1.0,2026-08-18,174
MAP-0692,INIT-0173,"Reduce active menu SKU count by a defined %, and measure the impact on food waste per cover over the following 90 days",CEF-0173,CARD-0692,Efficiency Factors,CRS-0692,EMPTY_SLOT,DISPLAY,SG-INIT-0173,ACTIVE,ACTIVE,"Catalog efficiency value-card slot for Reduce active menu SKU count by a defined %, and measure the impact on food waste per cover over the following 90 days.",1.0,2026-08-18,174
MAP-0693,INIT-0174,Responsibly dispose off or donate furniture and fittings at end-of-life,CCF-0174,CARD-0693,Cost Factors,CRS-0693,EMPTY_SLOT,DISPLAY,SG-INIT-0174,ACTIVE,ACTIVE,Catalog cost value-card slot for Responsibly dispose off or donate furniture and fittings at end-of-life.,1.0,2026-08-18,175
MAP-0694,INIT-0174,Responsibly dispose off or donate furniture and fittings at end-of-life,CPF-0174,CARD-0694,Carbon Factors,CRS-0694,EMPTY_SLOT,DISPLAY,SG-INIT-0174,ACTIVE,ACTIVE,Catalog carbon value-card slot for Responsibly dispose off or donate furniture and fittings at end-of-life.,1.0,2026-08-18,175
MAP-0695,INIT-0174,Responsibly dispose off or donate furniture and fittings at end-of-life,CTF-0174,CARD-0695,Timing Factors,CRS-0695,EMPTY_SLOT,DISPLAY,SG-INIT-0174,ACTIVE,ACTIVE,Catalog timing value-card slot for Responsibly dispose off or donate furniture and fittings at end-of-life.,1.0,2026-08-18,175
MAP-0696,INIT-0174,Responsibly dispose off or donate furniture and fittings at end-of-life,CEF-0174,CARD-0696,Efficiency Factors,CRS-0696,EMPTY_SLOT,DISPLAY,SG-INIT-0174,ACTIVE,ACTIVE,Catalog efficiency value-card slot for Responsibly dispose off or donate furniture and fittings at end-of-life.,1.0,2026-08-18,175
MAP-0697,INIT-0175,Deploy [named technology] to monitor [named waste stream] and use data to reduce [waste type] by [target %] within 12 months,CCF-0175,CARD-0697,Cost Factors,CRS-0697,EMPTY_SLOT,DISPLAY,SG-INIT-0175,ACTIVE,ACTIVE,Catalog cost value-card slot for Deploy [named technology] to monitor [named waste stream] and use data to reduce [waste type] by [target %] within 12 months.,1.0,2026-08-18,176
MAP-0698,INIT-0175,Deploy [named technology] to monitor [named waste stream] and use data to reduce [waste type] by [target %] within 12 months,CPF-0175,CARD-0698,Carbon Factors,CRS-0698,EMPTY_SLOT,DISPLAY,SG-INIT-0175,ACTIVE,ACTIVE,Catalog carbon value-card slot for Deploy [named technology] to monitor [named waste stream] and use data to reduce [waste type] by [target %] within 12 months.,1.0,2026-08-18,176
MAP-0699,INIT-0175,Deploy [named technology] to monitor [named waste stream] and use data to reduce [waste type] by [target %] within 12 months,CTF-0175,CARD-0699,Timing Factors,CRS-0699,EMPTY_SLOT,DISPLAY,SG-INIT-0175,ACTIVE,ACTIVE,Catalog timing value-card slot for Deploy [named technology] to monitor [named waste stream] and use data to reduce [waste type] by [target %] within 12 months.,1.0,2026-08-18,176
MAP-0700,INIT-0175,Deploy [named technology] to monitor [named waste stream] and use data to reduce [waste type] by [target %] within 12 months,CEF-0175,CARD-0700,Efficiency Factors,CRS-0700,EMPTY_SLOT,DISPLAY,SG-INIT-0175,ACTIVE,ACTIVE,Catalog efficiency value-card slot for Deploy [named technology] to monitor [named waste stream] and use data to reduce [waste type] by [target %] within 12 months.,1.0,2026-08-18,176
MAP-0701,INIT-0176,Join the plastics pact,CCF-0176,CARD-0701,Cost Factors,CRS-0701,EMPTY_SLOT,DISPLAY,SG-INIT-0176,ACTIVE,ACTIVE,Catalog cost value-card slot for Join the plastics pact.,1.0,2026-08-18,177
MAP-0702,INIT-0176,Join the plastics pact,CPF-0176,CARD-0702,Carbon Factors,CRS-0702,EMPTY_SLOT,DISPLAY,SG-INIT-0176,ACTIVE,ACTIVE,Catalog carbon value-card slot for Join the plastics pact.,1.0,2026-08-18,177
MAP-0703,INIT-0176,Join the plastics pact,CTF-0176,CARD-0703,Timing Factors,CRS-0703,EMPTY_SLOT,DISPLAY,SG-INIT-0176,ACTIVE,ACTIVE,Catalog timing value-card slot for Join the plastics pact.,1.0,2026-08-18,177
MAP-0704,INIT-0176,Join the plastics pact,CEF-0176,CARD-0704,Efficiency Factors,CRS-0704,EMPTY_SLOT,DISPLAY,SG-INIT-0176,ACTIVE,ACTIVE,Catalog efficiency value-card slot for Join the plastics pact.,1.0,2026-08-18,177
MAP-0705,INIT-0177,"Design for reusability, removing single-use items and therefore reducing overall waste produced",CCF-0177,CARD-0705,Cost Factors,CRS-0705,EMPTY_SLOT,DISPLAY,SG-INIT-0177,ACTIVE,ACTIVE,"Catalog cost value-card slot for Design for reusability, removing single-use items and therefore reducing overall waste produced.",1.0,2026-08-18,178
MAP-0706,INIT-0177,"Design for reusability, removing single-use items and therefore reducing overall waste produced",CPF-0177,CARD-0706,Carbon Factors,CRS-0706,EMPTY_SLOT,DISPLAY,SG-INIT-0177,ACTIVE,ACTIVE,"Catalog carbon value-card slot for Design for reusability, removing single-use items and therefore reducing overall waste produced.",1.0,2026-08-18,178
MAP-0707,INIT-0177,"Design for reusability, removing single-use items and therefore reducing overall waste produced",CTF-0177,CARD-0707,Timing Factors,CRS-0707,EMPTY_SLOT,DISPLAY,SG-INIT-0177,ACTIVE,ACTIVE,"Catalog timing value-card slot for Design for reusability, removing single-use items and therefore reducing overall waste produced.",1.0,2026-08-18,178
MAP-0708,INIT-0177,"Design for reusability, removing single-use items and therefore reducing overall waste produced",CEF-0177,CARD-0708,Efficiency Factors,CRS-0708,EMPTY_SLOT,DISPLAY,SG-INIT-0177,ACTIVE,ACTIVE,"Catalog efficiency value-card slot for Design for reusability, removing single-use items and therefore reducing overall waste produced.",1.0,2026-08-18,178
MAP-0709,INIT-0178,Install an anaerobic digestion plant to recover biogas,CCF-0178,CARD-0709,Cost Factors,CRS-0709,EMPTY_SLOT,DISPLAY,SG-INIT-0178,ACTIVE,ACTIVE,Catalog cost value-card slot for Install an anaerobic digestion plant to recover biogas.,1.0,2026-08-18,179
MAP-0710,INIT-0178,Install an anaerobic digestion plant to recover biogas,CPF-0178,CARD-0710,Carbon Factors,CRS-0710,EMPTY_SLOT,DISPLAY,SG-INIT-0178,ACTIVE,ACTIVE,Catalog carbon value-card slot for Install an anaerobic digestion plant to recover biogas.,1.0,2026-08-18,179
MAP-0711,INIT-0178,Install an anaerobic digestion plant to recover biogas,CTF-0178,CARD-0711,Timing Factors,CRS-0711,EMPTY_SLOT,DISPLAY,SG-INIT-0178,ACTIVE,ACTIVE,Catalog timing value-card slot for Install an anaerobic digestion plant to recover biogas.,1.0,2026-08-18,179
MAP-0712,INIT-0178,Install an anaerobic digestion plant to recover biogas,CEF-0178,CARD-0712,Efficiency Factors,CRS-0712,EMPTY_SLOT,DISPLAY,SG-INIT-0178,ACTIVE,ACTIVE,Catalog efficiency value-card slot for Install an anaerobic digestion plant to recover biogas.,1.0,2026-08-18,179
MAP-0713,INIT-0179,Minimise extract losses and product wastage,CCF-0179,CARD-0713,Cost Factors,CRS-0713,EMPTY_SLOT,DISPLAY,SG-INIT-0179,ACTIVE,ACTIVE,Catalog cost value-card slot for Minimise extract losses and product wastage.,1.0,2026-08-18,180
MAP-0714,INIT-0179,Minimise extract losses and product wastage,CPF-0179,CARD-0714,Carbon Factors,CRS-0714,EMPTY_SLOT,DISPLAY,SG-INIT-0179,ACTIVE,ACTIVE,Catalog carbon value-card slot for Minimise extract losses and product wastage.,1.0,2026-08-18,180
MAP-0715,INIT-0179,Minimise extract losses and product wastage,CTF-0179,CARD-0715,Timing Factors,CRS-0715,EMPTY_SLOT,DISPLAY,SG-INIT-0179,ACTIVE,ACTIVE,Catalog timing value-card slot for Minimise extract losses and product wastage.,1.0,2026-08-18,180
MAP-0716,INIT-0179,Minimise extract losses and product wastage,CEF-0179,CARD-0716,Efficiency Factors,CRS-0716,EMPTY_SLOT,DISPLAY,SG-INIT-0179,ACTIVE,ACTIVE,Catalog efficiency value-card slot for Minimise extract losses and product wastage.,1.0,2026-08-18,180
