Gap_ID,Initiative_ID,Initiative_Name,Factor_ID,Card_ID,Topic,Sub_Topic,Gap_Type,Calculation_Readiness,Gap_Status,Gap_Note
GAP-0001,INIT-0001,Adopt a net-zero buildings plan,CCF-0001,CARD-0001,Energy & Buildings,Buildings & Refrigerants & Fugitive Emissions,MISSING_DISPLAY_VALUE,DISPLAY_ONLY,OPEN,Consolidate value cell is empty. Left empty on purpose.
GAP-0002,INIT-0001,Adopt a net-zero buildings plan,CCF-0001,CARD-0001,Energy & Buildings,Buildings & Refrigerants & Fugitive Emissions,MISSING_CALCULATION_METHOD,DISPLAY_ONLY,OPEN,No calculation / evidence-logic text in Consolidate.
GAP-0003,INIT-0001,Adopt a net-zero buildings plan,CCF-0001,CARD-0001,Energy & Buildings,Buildings & Refrigerants & Fugitive Emissions,MISSING_EVIDENCE,DISPLAY_ONLY,OPEN,No source URL in the card evidence-link cell.
GAP-0004,INIT-0001,Adopt a net-zero buildings plan,CPF-0001,CARD-0002,Energy & Buildings,Buildings & Refrigerants & Fugitive Emissions,MISSING_DISPLAY_VALUE,DISPLAY_ONLY,OPEN,Consolidate value cell is empty. Left empty on purpose.
GAP-0005,INIT-0001,Adopt a net-zero buildings plan,CPF-0001,CARD-0002,Energy & Buildings,Buildings & Refrigerants & Fugitive Emissions,MISSING_CALCULATION_METHOD,DISPLAY_ONLY,OPEN,No calculation / evidence-logic text in Consolidate.
GAP-0006,INIT-0001,Adopt a net-zero buildings plan,CPF-0001,CARD-0002,Energy & Buildings,Buildings & Refrigerants & Fugitive Emissions,MISSING_EVIDENCE,DISPLAY_ONLY,OPEN,No source URL in the card evidence-link cell.
GAP-0007,INIT-0001,Adopt a net-zero buildings plan,CTF-0001,CARD-0003,Energy & Buildings,Buildings & Refrigerants & Fugitive Emissions,MISSING_DISPLAY_VALUE,DISPLAY_ONLY,OPEN,Consolidate value cell is empty. Left empty on purpose.
GAP-0008,INIT-0001,Adopt a net-zero buildings plan,CTF-0001,CARD-0003,Energy & Buildings,Buildings & Refrigerants & Fugitive Emissions,MISSING_CALCULATION_METHOD,DISPLAY_ONLY,OPEN,No calculation / evidence-logic text in Consolidate.
GAP-0009,INIT-0001,Adopt a net-zero buildings plan,CTF-0001,CARD-0003,Energy & Buildings,Buildings & Refrigerants & Fugitive Emissions,MISSING_EVIDENCE,DISPLAY_ONLY,OPEN,No source URL in the card evidence-link cell.
GAP-0010,INIT-0001,Adopt a net-zero buildings plan,CEF-0001,CARD-0004,Energy & Buildings,Buildings & Refrigerants & Fugitive Emissions,MISSING_DISPLAY_VALUE,DISPLAY_ONLY,OPEN,Consolidate value cell is empty. Left empty on purpose.
GAP-0011,INIT-0001,Adopt a net-zero buildings plan,CEF-0001,CARD-0004,Energy & Buildings,Buildings & Refrigerants & Fugitive Emissions,MISSING_CALCULATION_METHOD,DISPLAY_ONLY,OPEN,No calculation / evidence-logic text in Consolidate.
GAP-0012,INIT-0001,Adopt a net-zero buildings plan,CEF-0001,CARD-0004,Energy & Buildings,Buildings & Refrigerants & Fugitive Emissions,MISSING_EVIDENCE,DISPLAY_ONLY,OPEN,No source URL in the card evidence-link cell.
GAP-0013,INIT-0011,"Implement power management for small-power, IT and server-room equipment",CCF-0011,CARD-0041,Energy & Buildings,Buildings & Refrigerants & Fugitive Emissions,MISSING_DISPLAY_VALUE,DISPLAY_ONLY,OPEN,Consolidate value cell is empty. Left empty on purpose.
GAP-0014,INIT-0011,"Implement power management for small-power, IT and server-room equipment",CCF-0011,CARD-0041,Energy & Buildings,Buildings & Refrigerants & Fugitive Emissions,MISSING_CALCULATION_METHOD,DISPLAY_ONLY,OPEN,No calculation / evidence-logic text in Consolidate.
GAP-0015,INIT-0011,"Implement power management for small-power, IT and server-room equipment",CCF-0011,CARD-0041,Energy & Buildings,Buildings & Refrigerants & Fugitive Emissions,MISSING_EVIDENCE,DISPLAY_ONLY,OPEN,No source URL in the card evidence-link cell.
GAP-0016,INIT-0016,Maintain a governed refrigerant inventory and leakage record,CCF-0016,CARD-0061,Energy & Buildings,Buildings & Refrigerants & Fugitive Emissions,MISSING_DISPLAY_VALUE,DISPLAY_ONLY,OPEN,Consolidate value cell is empty. Left empty on purpose.
GAP-0017,INIT-0016,Maintain a governed refrigerant inventory and leakage record,CCF-0016,CARD-0061,Energy & Buildings,Buildings & Refrigerants & Fugitive Emissions,MISSING_CALCULATION_METHOD,DISPLAY_ONLY,OPEN,No calculation / evidence-logic text in Consolidate.
GAP-0018,INIT-0016,Maintain a governed refrigerant inventory and leakage record,CCF-0016,CARD-0061,Energy & Buildings,Buildings & Refrigerants & Fugitive Emissions,MISSING_EVIDENCE,DISPLAY_ONLY,OPEN,No source URL in the card evidence-link cell.
GAP-0019,INIT-0016,Maintain a governed refrigerant inventory and leakage record,CPF-0016,CARD-0062,Energy & Buildings,Buildings & Refrigerants & Fugitive Emissions,MISSING_DISPLAY_VALUE,DISPLAY_ONLY,OPEN,Consolidate value cell is empty. Left empty on purpose.
GAP-0020,INIT-0016,Maintain a governed refrigerant inventory and leakage record,CPF-0016,CARD-0062,Energy & Buildings,Buildings & Refrigerants & Fugitive Emissions,MISSING_CALCULATION_METHOD,DISPLAY_ONLY,OPEN,No calculation / evidence-logic text in Consolidate.
GAP-0021,INIT-0016,Maintain a governed refrigerant inventory and leakage record,CPF-0016,CARD-0062,Energy & Buildings,Buildings & Refrigerants & Fugitive Emissions,MISSING_EVIDENCE,DISPLAY_ONLY,OPEN,No source URL in the card evidence-link cell.
GAP-0022,INIT-0016,Maintain a governed refrigerant inventory and leakage record,CTF-0016,CARD-0063,Energy & Buildings,Buildings & Refrigerants & Fugitive Emissions,MISSING_DISPLAY_VALUE,DISPLAY_ONLY,OPEN,Consolidate value cell is empty. Left empty on purpose.
GAP-0023,INIT-0016,Maintain a governed refrigerant inventory and leakage record,CTF-0016,CARD-0063,Energy & Buildings,Buildings & Refrigerants & Fugitive Emissions,MISSING_CALCULATION_METHOD,DISPLAY_ONLY,OPEN,No calculation / evidence-logic text in Consolidate.
GAP-0024,INIT-0016,Maintain a governed refrigerant inventory and leakage record,CTF-0016,CARD-0063,Energy & Buildings,Buildings & Refrigerants & Fugitive Emissions,MISSING_EVIDENCE,DISPLAY_ONLY,OPEN,No source URL in the card evidence-link cell.
GAP-0025,INIT-0019,Adopt a validated warmer freezer setpoint where product and food-safety rules allow,CCF-0019,CARD-0073,Energy & Buildings,Buildings & Refrigerants & Fugitive Emissions,MISSING_DISPLAY_VALUE,DISPLAY_ONLY,OPEN,Consolidate value cell is empty. Left empty on purpose.
GAP-0026,INIT-0019,Adopt a validated warmer freezer setpoint where product and food-safety rules allow,CCF-0019,CARD-0073,Energy & Buildings,Buildings & Refrigerants & Fugitive Emissions,MISSING_CALCULATION_METHOD,DISPLAY_ONLY,OPEN,No calculation / evidence-logic text in Consolidate.
GAP-0027,INIT-0019,Adopt a validated warmer freezer setpoint where product and food-safety rules allow,CCF-0019,CARD-0073,Energy & Buildings,Buildings & Refrigerants & Fugitive Emissions,MISSING_EVIDENCE,DISPLAY_ONLY,OPEN,No source URL in the card evidence-link cell.
GAP-0028,INIT-0019,Adopt a validated warmer freezer setpoint where product and food-safety rules allow,CTF-0019,CARD-0075,Energy & Buildings,Buildings & Refrigerants & Fugitive Emissions,MISSING_DISPLAY_VALUE,DISPLAY_ONLY,OPEN,Consolidate value cell is empty. Left empty on purpose.
GAP-0029,INIT-0019,Adopt a validated warmer freezer setpoint where product and food-safety rules allow,CTF-0019,CARD-0075,Energy & Buildings,Buildings & Refrigerants & Fugitive Emissions,MISSING_CALCULATION_METHOD,DISPLAY_ONLY,OPEN,No calculation / evidence-logic text in Consolidate.
GAP-0030,INIT-0019,Adopt a validated warmer freezer setpoint where product and food-safety rules allow,CTF-0019,CARD-0075,Energy & Buildings,Buildings & Refrigerants & Fugitive Emissions,MISSING_EVIDENCE,DISPLAY_ONLY,OPEN,No source URL in the card evidence-link cell.
GAP-0031,INIT-0021,Conduct whole-life carbon assessments for major capital projects,CCF-0021,CARD-0081,Energy & Buildings,Capital Goods (sub group supply chain),MISSING_DISPLAY_VALUE,DISPLAY_ONLY,OPEN,Consolidate value cell is empty. Left empty on purpose.
GAP-0032,INIT-0021,Conduct whole-life carbon assessments for major capital projects,CCF-0021,CARD-0081,Energy & Buildings,Capital Goods (sub group supply chain),MISSING_CALCULATION_METHOD,DISPLAY_ONLY,OPEN,No calculation / evidence-logic text in Consolidate.
GAP-0033,INIT-0021,Conduct whole-life carbon assessments for major capital projects,CCF-0021,CARD-0081,Energy & Buildings,Capital Goods (sub group supply chain),MISSING_EVIDENCE,DISPLAY_ONLY,OPEN,No source URL in the card evidence-link cell.
GAP-0034,INIT-0021,Conduct whole-life carbon assessments for major capital projects,CPF-0021,CARD-0082,Energy & Buildings,Capital Goods (sub group supply chain),MISSING_DISPLAY_VALUE,DISPLAY_ONLY,OPEN,Consolidate value cell is empty. Left empty on purpose.
GAP-0035,INIT-0021,Conduct whole-life carbon assessments for major capital projects,CPF-0021,CARD-0082,Energy & Buildings,Capital Goods (sub group supply chain),MISSING_CALCULATION_METHOD,DISPLAY_ONLY,OPEN,No calculation / evidence-logic text in Consolidate.
GAP-0036,INIT-0021,Conduct whole-life carbon assessments for major capital projects,CPF-0021,CARD-0082,Energy & Buildings,Capital Goods (sub group supply chain),MISSING_EVIDENCE,DISPLAY_ONLY,OPEN,No source URL in the card evidence-link cell.
GAP-0037,INIT-0021,Conduct whole-life carbon assessments for major capital projects,CTF-0021,CARD-0083,Energy & Buildings,Capital Goods (sub group supply chain),MISSING_DISPLAY_VALUE,DISPLAY_ONLY,OPEN,Consolidate value cell is empty. Left empty on purpose.
GAP-0038,INIT-0021,Conduct whole-life carbon assessments for major capital projects,CTF-0021,CARD-0083,Energy & Buildings,Capital Goods (sub group supply chain),MISSING_CALCULATION_METHOD,DISPLAY_ONLY,OPEN,No calculation / evidence-logic text in Consolidate.
GAP-0039,INIT-0021,Conduct whole-life carbon assessments for major capital projects,CTF-0021,CARD-0083,Energy & Buildings,Capital Goods (sub group supply chain),MISSING_EVIDENCE,DISPLAY_ONLY,OPEN,No source URL in the card evidence-link cell.
GAP-0040,INIT-0022,Set operational-energy and embodied-carbon targets for new construction and major refurbishment,CCF-0022,CARD-0085,Energy & Buildings,Capital Goods (sub group supply chain),MISSING_DISPLAY_VALUE,DISPLAY_ONLY,OPEN,Consolidate value cell is empty. Left empty on purpose.
GAP-0041,INIT-0022,Set operational-energy and embodied-carbon targets for new construction and major refurbishment,CCF-0022,CARD-0085,Energy & Buildings,Capital Goods (sub group supply chain),MISSING_CALCULATION_METHOD,DISPLAY_ONLY,OPEN,No calculation / evidence-logic text in Consolidate.
GAP-0042,INIT-0022,Set operational-energy and embodied-carbon targets for new construction and major refurbishment,CCF-0022,CARD-0085,Energy & Buildings,Capital Goods (sub group supply chain),MISSING_EVIDENCE,DISPLAY_ONLY,OPEN,No source URL in the card evidence-link cell.
GAP-0043,INIT-0022,Set operational-energy and embodied-carbon targets for new construction and major refurbishment,CPF-0022,CARD-0086,Energy & Buildings,Capital Goods (sub group supply chain),MISSING_DISPLAY_VALUE,DISPLAY_ONLY,OPEN,Consolidate value cell is empty. Left empty on purpose.
GAP-0044,INIT-0022,Set operational-energy and embodied-carbon targets for new construction and major refurbishment,CPF-0022,CARD-0086,Energy & Buildings,Capital Goods (sub group supply chain),MISSING_CALCULATION_METHOD,DISPLAY_ONLY,OPEN,No calculation / evidence-logic text in Consolidate.
GAP-0045,INIT-0022,Set operational-energy and embodied-carbon targets for new construction and major refurbishment,CPF-0022,CARD-0086,Energy & Buildings,Capital Goods (sub group supply chain),MISSING_EVIDENCE,DISPLAY_ONLY,OPEN,No source URL in the card evidence-link cell.
GAP-0046,INIT-0022,Set operational-energy and embodied-carbon targets for new construction and major refurbishment,CTF-0022,CARD-0087,Energy & Buildings,Capital Goods (sub group supply chain),MISSING_DISPLAY_VALUE,DISPLAY_ONLY,OPEN,Consolidate value cell is empty. Left empty on purpose.
GAP-0047,INIT-0022,Set operational-energy and embodied-carbon targets for new construction and major refurbishment,CTF-0022,CARD-0087,Energy & Buildings,Capital Goods (sub group supply chain),MISSING_CALCULATION_METHOD,DISPLAY_ONLY,OPEN,No calculation / evidence-logic text in Consolidate.
GAP-0048,INIT-0022,Set operational-energy and embodied-carbon targets for new construction and major refurbishment,CTF-0022,CARD-0087,Energy & Buildings,Capital Goods (sub group supply chain),MISSING_EVIDENCE,DISPLAY_ONLY,OPEN,No source URL in the card evidence-link cell.
GAP-0049,INIT-0022,Set operational-energy and embodied-carbon targets for new construction and major refurbishment,CEF-0022,CARD-0088,Energy & Buildings,Capital Goods (sub group supply chain),MISSING_DISPLAY_VALUE,DISPLAY_ONLY,OPEN,Consolidate value cell is empty. Left empty on purpose.
GAP-0050,INIT-0022,Set operational-energy and embodied-carbon targets for new construction and major refurbishment,CEF-0022,CARD-0088,Energy & Buildings,Capital Goods (sub group supply chain),MISSING_CALCULATION_METHOD,DISPLAY_ONLY,OPEN,No calculation / evidence-logic text in Consolidate.
GAP-0051,INIT-0022,Set operational-energy and embodied-carbon targets for new construction and major refurbishment,CEF-0022,CARD-0088,Energy & Buildings,Capital Goods (sub group supply chain),MISSING_EVIDENCE,DISPLAY_ONLY,OPEN,No source URL in the card evidence-link cell.
GAP-0052,INIT-0023,Apply carbon criteria at capital-project investment and design gates,CCF-0023,CARD-0089,Energy & Buildings,Capital Goods (sub group supply chain),MISSING_DISPLAY_VALUE,DISPLAY_ONLY,OPEN,Consolidate value cell is empty. Left empty on purpose.
GAP-0053,INIT-0023,Apply carbon criteria at capital-project investment and design gates,CCF-0023,CARD-0089,Energy & Buildings,Capital Goods (sub group supply chain),MISSING_CALCULATION_METHOD,DISPLAY_ONLY,OPEN,No calculation / evidence-logic text in Consolidate.
GAP-0054,INIT-0023,Apply carbon criteria at capital-project investment and design gates,CCF-0023,CARD-0089,Energy & Buildings,Capital Goods (sub group supply chain),MISSING_EVIDENCE,DISPLAY_ONLY,OPEN,No source URL in the card evidence-link cell.
GAP-0055,INIT-0023,Apply carbon criteria at capital-project investment and design gates,CPF-0023,CARD-0090,Energy & Buildings,Capital Goods (sub group supply chain),MISSING_DISPLAY_VALUE,DISPLAY_ONLY,OPEN,Consolidate value cell is empty. Left empty on purpose.
GAP-0056,INIT-0023,Apply carbon criteria at capital-project investment and design gates,CPF-0023,CARD-0090,Energy & Buildings,Capital Goods (sub group supply chain),MISSING_CALCULATION_METHOD,DISPLAY_ONLY,OPEN,No calculation / evidence-logic text in Consolidate.
GAP-0057,INIT-0023,Apply carbon criteria at capital-project investment and design gates,CPF-0023,CARD-0090,Energy & Buildings,Capital Goods (sub group supply chain),MISSING_EVIDENCE,DISPLAY_ONLY,OPEN,No source URL in the card evidence-link cell.
GAP-0058,INIT-0023,Apply carbon criteria at capital-project investment and design gates,CTF-0023,CARD-0091,Energy & Buildings,Capital Goods (sub group supply chain),MISSING_DISPLAY_VALUE,DISPLAY_ONLY,OPEN,Consolidate value cell is empty. Left empty on purpose.
GAP-0059,INIT-0023,Apply carbon criteria at capital-project investment and design gates,CTF-0023,CARD-0091,Energy & Buildings,Capital Goods (sub group supply chain),MISSING_CALCULATION_METHOD,DISPLAY_ONLY,OPEN,No calculation / evidence-logic text in Consolidate.
GAP-0060,INIT-0023,Apply carbon criteria at capital-project investment and design gates,CTF-0023,CARD-0091,Energy & Buildings,Capital Goods (sub group supply chain),MISSING_EVIDENCE,DISPLAY_ONLY,OPEN,No source URL in the card evidence-link cell.
GAP-0061,INIT-0024,Require EPDs or product-specific carbon data for priority materials and equipment,CCF-0024,CARD-0093,Energy & Buildings,Capital Goods (sub group supply chain),MISSING_DISPLAY_VALUE,DISPLAY_ONLY,OPEN,Consolidate value cell is empty. Left empty on purpose.
GAP-0062,INIT-0024,Require EPDs or product-specific carbon data for priority materials and equipment,CCF-0024,CARD-0093,Energy & Buildings,Capital Goods (sub group supply chain),MISSING_CALCULATION_METHOD,DISPLAY_ONLY,OPEN,No calculation / evidence-logic text in Consolidate.
GAP-0063,INIT-0024,Require EPDs or product-specific carbon data for priority materials and equipment,CCF-0024,CARD-0093,Energy & Buildings,Capital Goods (sub group supply chain),MISSING_EVIDENCE,DISPLAY_ONLY,OPEN,No source URL in the card evidence-link cell.
GAP-0064,INIT-0024,Require EPDs or product-specific carbon data for priority materials and equipment,CTF-0024,CARD-0095,Energy & Buildings,Capital Goods (sub group supply chain),MISSING_DISPLAY_VALUE,DISPLAY_ONLY,OPEN,Consolidate value cell is empty. Left empty on purpose.
GAP-0065,INIT-0024,Require EPDs or product-specific carbon data for priority materials and equipment,CTF-0024,CARD-0095,Energy & Buildings,Capital Goods (sub group supply chain),MISSING_CALCULATION_METHOD,DISPLAY_ONLY,OPEN,No calculation / evidence-logic text in Consolidate.
GAP-0066,INIT-0024,Require EPDs or product-specific carbon data for priority materials and equipment,CTF-0024,CARD-0095,Energy & Buildings,Capital Goods (sub group supply chain),MISSING_EVIDENCE,DISPLAY_ONLY,OPEN,No source URL in the card evidence-link cell.
GAP-0067,INIT-0025,"Prioritise refurbishment, reuse and adaptation before new construction",CCF-0025,CARD-0097,Energy & Buildings,Capital Goods (sub group supply chain),MISSING_EVIDENCE,DISPLAY_ONLY,OPEN,No source URL in the card evidence-link cell.
GAP-0068,INIT-0026,Require component reuse and material recovery in building and fit-out projects,CCF-0026,CARD-0101,Energy & Buildings,Capital Goods (sub group supply chain),MISSING_EVIDENCE,DISPLAY_ONLY,OPEN,No source URL in the card evidence-link cell.
GAP-0069,INIT-0029,"Design buildings and fit-outs for adaptability, disassembly and material recovery",CCF-0029,CARD-0113,Energy & Buildings,Capital Goods (sub group supply chain),MISSING_DISPLAY_VALUE,DISPLAY_ONLY,OPEN,Consolidate value cell is empty. Left empty on purpose.
GAP-0070,INIT-0029,"Design buildings and fit-outs for adaptability, disassembly and material recovery",CCF-0029,CARD-0113,Energy & Buildings,Capital Goods (sub group supply chain),MISSING_CALCULATION_METHOD,DISPLAY_ONLY,OPEN,No calculation / evidence-logic text in Consolidate.
GAP-0071,INIT-0029,"Design buildings and fit-outs for adaptability, disassembly and material recovery",CCF-0029,CARD-0113,Energy & Buildings,Capital Goods (sub group supply chain),MISSING_EVIDENCE,DISPLAY_ONLY,OPEN,No source URL in the card evidence-link cell.
GAP-0072,INIT-0029,"Design buildings and fit-outs for adaptability, disassembly and material recovery",CPF-0029,CARD-0114,Energy & Buildings,Capital Goods (sub group supply chain),MISSING_EVIDENCE,DISPLAY_ONLY,OPEN,No source URL in the card evidence-link cell.
GAP-0073,INIT-0030,Commission new buildings and major refurbishments against designed operational performance,CCF-0030,CARD-0117,Energy & Buildings,Capital Goods (sub group supply chain),MISSING_DISPLAY_VALUE,DISPLAY_ONLY,OPEN,Consolidate value cell is empty. Left empty on purpose.
GAP-0074,INIT-0030,Commission new buildings and major refurbishments against designed operational performance,CCF-0030,CARD-0117,Energy & Buildings,Capital Goods (sub group supply chain),MISSING_CALCULATION_METHOD,DISPLAY_ONLY,OPEN,No calculation / evidence-logic text in Consolidate.
GAP-0075,INIT-0030,Commission new buildings and major refurbishments against designed operational performance,CCF-0030,CARD-0117,Energy & Buildings,Capital Goods (sub group supply chain),MISSING_EVIDENCE,DISPLAY_ONLY,OPEN,No source URL in the card evidence-link cell.
GAP-0076,INIT-0030,Commission new buildings and major refurbishments against designed operational performance,CPF-0030,CARD-0118,Energy & Buildings,Capital Goods (sub group supply chain),MISSING_DISPLAY_VALUE,DISPLAY_ONLY,OPEN,Consolidate value cell is empty. Left empty on purpose.
GAP-0077,INIT-0030,Commission new buildings and major refurbishments against designed operational performance,CPF-0030,CARD-0118,Energy & Buildings,Capital Goods (sub group supply chain),MISSING_CALCULATION_METHOD,DISPLAY_ONLY,OPEN,No calculation / evidence-logic text in Consolidate.
GAP-0078,INIT-0030,Commission new buildings and major refurbishments against designed operational performance,CPF-0030,CARD-0118,Energy & Buildings,Capital Goods (sub group supply chain),MISSING_EVIDENCE,DISPLAY_ONLY,OPEN,No source URL in the card evidence-link cell.
GAP-0079,INIT-0031,Apply verified energy-efficiency criteria when replacing kitchen equipment,CPF-0031,CARD-0122,Energy & Buildings,Capital Goods (sub group supply chain),MISSING_DISPLAY_VALUE,DISPLAY_ONLY,OPEN,Consolidate value cell is empty. Left empty on purpose.
GAP-0080,INIT-0031,Apply verified energy-efficiency criteria when replacing kitchen equipment,CPF-0031,CARD-0122,Energy & Buildings,Capital Goods (sub group supply chain),MISSING_CALCULATION_METHOD,DISPLAY_ONLY,OPEN,No calculation / evidence-logic text in Consolidate.
GAP-0081,INIT-0031,Apply verified energy-efficiency criteria when replacing kitchen equipment,CPF-0031,CARD-0122,Energy & Buildings,Capital Goods (sub group supply chain),MISSING_EVIDENCE,DISPLAY_ONLY,OPEN,No source URL in the card evidence-link cell.
GAP-0082,INIT-0031,Apply verified energy-efficiency criteria when replacing kitchen equipment,CTF-0031,CARD-0123,Energy & Buildings,Capital Goods (sub group supply chain),MISSING_DISPLAY_VALUE,DISPLAY_ONLY,OPEN,Consolidate value cell is empty. Left empty on purpose.
GAP-0083,INIT-0031,Apply verified energy-efficiency criteria when replacing kitchen equipment,CTF-0031,CARD-0123,Energy & Buildings,Capital Goods (sub group supply chain),MISSING_CALCULATION_METHOD,DISPLAY_ONLY,OPEN,No calculation / evidence-logic text in Consolidate.
GAP-0084,INIT-0031,Apply verified energy-efficiency criteria when replacing kitchen equipment,CTF-0031,CARD-0123,Energy & Buildings,Capital Goods (sub group supply chain),MISSING_EVIDENCE,DISPLAY_ONLY,OPEN,No source URL in the card evidence-link cell.
GAP-0085,INIT-0032,Assess the feasibility of hydrogen-ready kitchen equipment,CCF-0032,CARD-0125,Energy & Buildings,Capital Goods (sub group supply chain),MISSING_DISPLAY_VALUE,DISPLAY_ONLY,OPEN,Consolidate value cell is empty. Left empty on purpose.
GAP-0086,INIT-0032,Assess the feasibility of hydrogen-ready kitchen equipment,CCF-0032,CARD-0125,Energy & Buildings,Capital Goods (sub group supply chain),MISSING_CALCULATION_METHOD,DISPLAY_ONLY,OPEN,No calculation / evidence-logic text in Consolidate.
GAP-0087,INIT-0032,Assess the feasibility of hydrogen-ready kitchen equipment,CCF-0032,CARD-0125,Energy & Buildings,Capital Goods (sub group supply chain),MISSING_EVIDENCE,DISPLAY_ONLY,OPEN,No source URL in the card evidence-link cell.
GAP-0088,INIT-0032,Assess the feasibility of hydrogen-ready kitchen equipment,CPF-0032,CARD-0126,Energy & Buildings,Capital Goods (sub group supply chain),MISSING_DISPLAY_VALUE,DISPLAY_ONLY,OPEN,Consolidate value cell is empty. Left empty on purpose.
GAP-0089,INIT-0032,Assess the feasibility of hydrogen-ready kitchen equipment,CPF-0032,CARD-0126,Energy & Buildings,Capital Goods (sub group supply chain),MISSING_CALCULATION_METHOD,DISPLAY_ONLY,OPEN,No calculation / evidence-logic text in Consolidate.
GAP-0090,INIT-0032,Assess the feasibility of hydrogen-ready kitchen equipment,CPF-0032,CARD-0126,Energy & Buildings,Capital Goods (sub group supply chain),MISSING_EVIDENCE,DISPLAY_ONLY,OPEN,No source URL in the card evidence-link cell.
GAP-0091,INIT-0032,Assess the feasibility of hydrogen-ready kitchen equipment,CTF-0032,CARD-0127,Energy & Buildings,Capital Goods (sub group supply chain),MISSING_DISPLAY_VALUE,DISPLAY_ONLY,OPEN,Consolidate value cell is empty. Left empty on purpose.
GAP-0092,INIT-0032,Assess the feasibility of hydrogen-ready kitchen equipment,CTF-0032,CARD-0127,Energy & Buildings,Capital Goods (sub group supply chain),MISSING_CALCULATION_METHOD,DISPLAY_ONLY,OPEN,No calculation / evidence-logic text in Consolidate.
GAP-0093,INIT-0032,Assess the feasibility of hydrogen-ready kitchen equipment,CTF-0032,CARD-0127,Energy & Buildings,Capital Goods (sub group supply chain),MISSING_EVIDENCE,DISPLAY_ONLY,OPEN,No source URL in the card evidence-link cell.
GAP-0094,INIT-0033,Apply environmental-performance criteria when selecting leased sites,CCF-0033,CARD-0129,Energy & Buildings,"Leased, Tenanted & Franchised Sites",MISSING_DISPLAY_VALUE,DISPLAY_ONLY,OPEN,Consolidate value cell is empty. Left empty on purpose.
GAP-0095,INIT-0033,Apply environmental-performance criteria when selecting leased sites,CCF-0033,CARD-0129,Energy & Buildings,"Leased, Tenanted & Franchised Sites",MISSING_CALCULATION_METHOD,DISPLAY_ONLY,OPEN,No calculation / evidence-logic text in Consolidate.
GAP-0096,INIT-0033,Apply environmental-performance criteria when selecting leased sites,CCF-0033,CARD-0129,Energy & Buildings,"Leased, Tenanted & Franchised Sites",MISSING_EVIDENCE,DISPLAY_ONLY,OPEN,No source URL in the card evidence-link cell.
GAP-0097,INIT-0033,Apply environmental-performance criteria when selecting leased sites,CPF-0033,CARD-0130,Energy & Buildings,"Leased, Tenanted & Franchised Sites",MISSING_DISPLAY_VALUE,DISPLAY_ONLY,OPEN,Consolidate value cell is empty. Left empty on purpose.
GAP-0098,INIT-0033,Apply environmental-performance criteria when selecting leased sites,CPF-0033,CARD-0130,Energy & Buildings,"Leased, Tenanted & Franchised Sites",MISSING_CALCULATION_METHOD,DISPLAY_ONLY,OPEN,No calculation / evidence-logic text in Consolidate.
GAP-0099,INIT-0033,Apply environmental-performance criteria when selecting leased sites,CPF-0033,CARD-0130,Energy & Buildings,"Leased, Tenanted & Franchised Sites",MISSING_EVIDENCE,DISPLAY_ONLY,OPEN,No source URL in the card evidence-link cell.
GAP-0100,INIT-0033,Apply environmental-performance criteria when selecting leased sites,CTF-0033,CARD-0131,Energy & Buildings,"Leased, Tenanted & Franchised Sites",MISSING_DISPLAY_VALUE,DISPLAY_ONLY,OPEN,Consolidate value cell is empty. Left empty on purpose.
GAP-0101,INIT-0033,Apply environmental-performance criteria when selecting leased sites,CTF-0033,CARD-0131,Energy & Buildings,"Leased, Tenanted & Franchised Sites",MISSING_CALCULATION_METHOD,DISPLAY_ONLY,OPEN,No calculation / evidence-logic text in Consolidate.
GAP-0102,INIT-0033,Apply environmental-performance criteria when selecting leased sites,CTF-0033,CARD-0131,Energy & Buildings,"Leased, Tenanted & Franchised Sites",MISSING_EVIDENCE,DISPLAY_ONLY,OPEN,No source URL in the card evidence-link cell.
GAP-0103,INIT-0034,Apply energy and carbon criteria to lease renewals and franchise onboarding,CCF-0034,CARD-0133,Energy & Buildings,"Leased, Tenanted & Franchised Sites",MISSING_DISPLAY_VALUE,DISPLAY_ONLY,OPEN,Consolidate value cell is empty. Left empty on purpose.
GAP-0104,INIT-0034,Apply energy and carbon criteria to lease renewals and franchise onboarding,CCF-0034,CARD-0133,Energy & Buildings,"Leased, Tenanted & Franchised Sites",MISSING_CALCULATION_METHOD,DISPLAY_ONLY,OPEN,No calculation / evidence-logic text in Consolidate.
GAP-0105,INIT-0034,Apply energy and carbon criteria to lease renewals and franchise onboarding,CCF-0034,CARD-0133,Energy & Buildings,"Leased, Tenanted & Franchised Sites",MISSING_EVIDENCE,DISPLAY_ONLY,OPEN,No source URL in the card evidence-link cell.
GAP-0106,INIT-0034,Apply energy and carbon criteria to lease renewals and franchise onboarding,CPF-0034,CARD-0134,Energy & Buildings,"Leased, Tenanted & Franchised Sites",MISSING_DISPLAY_VALUE,DISPLAY_ONLY,OPEN,Consolidate value cell is empty. Left empty on purpose.
GAP-0107,INIT-0034,Apply energy and carbon criteria to lease renewals and franchise onboarding,CPF-0034,CARD-0134,Energy & Buildings,"Leased, Tenanted & Franchised Sites",MISSING_CALCULATION_METHOD,DISPLAY_ONLY,OPEN,No calculation / evidence-logic text in Consolidate.
GAP-0108,INIT-0034,Apply energy and carbon criteria to lease renewals and franchise onboarding,CPF-0034,CARD-0134,Energy & Buildings,"Leased, Tenanted & Franchised Sites",MISSING_EVIDENCE,DISPLAY_ONLY,OPEN,No source URL in the card evidence-link cell.
GAP-0109,INIT-0034,Apply energy and carbon criteria to lease renewals and franchise onboarding,CTF-0034,CARD-0135,Energy & Buildings,"Leased, Tenanted & Franchised Sites",MISSING_DISPLAY_VALUE,DISPLAY_ONLY,OPEN,Consolidate value cell is empty. Left empty on purpose.
GAP-0110,INIT-0034,Apply energy and carbon criteria to lease renewals and franchise onboarding,CTF-0034,CARD-0135,Energy & Buildings,"Leased, Tenanted & Franchised Sites",MISSING_CALCULATION_METHOD,DISPLAY_ONLY,OPEN,No calculation / evidence-logic text in Consolidate.
GAP-0111,INIT-0034,Apply energy and carbon criteria to lease renewals and franchise onboarding,CTF-0034,CARD-0135,Energy & Buildings,"Leased, Tenanted & Franchised Sites",MISSING_EVIDENCE,DISPLAY_ONLY,OPEN,No source URL in the card evidence-link cell.
GAP-0112,INIT-0035,"Include green performance, data and cooperation clauses in leases and franchise agreements",CCF-0035,CARD-0137,Energy & Buildings,"Leased, Tenanted & Franchised Sites",MISSING_DISPLAY_VALUE,DISPLAY_ONLY,OPEN,Consolidate value cell is empty. Left empty on purpose.
GAP-0113,INIT-0035,"Include green performance, data and cooperation clauses in leases and franchise agreements",CCF-0035,CARD-0137,Energy & Buildings,"Leased, Tenanted & Franchised Sites",MISSING_CALCULATION_METHOD,DISPLAY_ONLY,OPEN,No calculation / evidence-logic text in Consolidate.
GAP-0114,INIT-0035,"Include green performance, data and cooperation clauses in leases and franchise agreements",CCF-0035,CARD-0137,Energy & Buildings,"Leased, Tenanted & Franchised Sites",MISSING_EVIDENCE,DISPLAY_ONLY,OPEN,No source URL in the card evidence-link cell.
GAP-0115,INIT-0035,"Include green performance, data and cooperation clauses in leases and franchise agreements",CPF-0035,CARD-0138,Energy & Buildings,"Leased, Tenanted & Franchised Sites",MISSING_DISPLAY_VALUE,DISPLAY_ONLY,OPEN,Consolidate value cell is empty. Left empty on purpose.
GAP-0116,INIT-0035,"Include green performance, data and cooperation clauses in leases and franchise agreements",CPF-0035,CARD-0138,Energy & Buildings,"Leased, Tenanted & Franchised Sites",MISSING_CALCULATION_METHOD,DISPLAY_ONLY,OPEN,No calculation / evidence-logic text in Consolidate.
GAP-0117,INIT-0035,"Include green performance, data and cooperation clauses in leases and franchise agreements",CPF-0035,CARD-0138,Energy & Buildings,"Leased, Tenanted & Franchised Sites",MISSING_EVIDENCE,DISPLAY_ONLY,OPEN,No source URL in the card evidence-link cell.
GAP-0118,INIT-0035,"Include green performance, data and cooperation clauses in leases and franchise agreements",CTF-0035,CARD-0139,Energy & Buildings,"Leased, Tenanted & Franchised Sites",MISSING_DISPLAY_VALUE,DISPLAY_ONLY,OPEN,Consolidate value cell is empty. Left empty on purpose.
GAP-0119,INIT-0035,"Include green performance, data and cooperation clauses in leases and franchise agreements",CTF-0035,CARD-0139,Energy & Buildings,"Leased, Tenanted & Franchised Sites",MISSING_CALCULATION_METHOD,DISPLAY_ONLY,OPEN,No calculation / evidence-logic text in Consolidate.
GAP-0120,INIT-0035,"Include green performance, data and cooperation clauses in leases and franchise agreements",CTF-0035,CARD-0139,Energy & Buildings,"Leased, Tenanted & Franchised Sites",MISSING_EVIDENCE,DISPLAY_ONLY,OPEN,No source URL in the card evidence-link cell.
GAP-0121,INIT-0037,Secure rights and approval routes for environmental improvements in leased sites,CCF-0037,CARD-0145,Energy & Buildings,"Leased, Tenanted & Franchised Sites",MISSING_DISPLAY_VALUE,DISPLAY_ONLY,OPEN,Consolidate value cell is empty. Left empty on purpose.
GAP-0122,INIT-0037,Secure rights and approval routes for environmental improvements in leased sites,CCF-0037,CARD-0145,Energy & Buildings,"Leased, Tenanted & Franchised Sites",MISSING_CALCULATION_METHOD,DISPLAY_ONLY,OPEN,No calculation / evidence-logic text in Consolidate.
GAP-0123,INIT-0037,Secure rights and approval routes for environmental improvements in leased sites,CCF-0037,CARD-0145,Energy & Buildings,"Leased, Tenanted & Franchised Sites",MISSING_EVIDENCE,DISPLAY_ONLY,OPEN,No source URL in the card evidence-link cell.
GAP-0124,INIT-0037,Secure rights and approval routes for environmental improvements in leased sites,CPF-0037,CARD-0146,Energy & Buildings,"Leased, Tenanted & Franchised Sites",MISSING_DISPLAY_VALUE,DISPLAY_ONLY,OPEN,Consolidate value cell is empty. Left empty on purpose.
GAP-0125,INIT-0037,Secure rights and approval routes for environmental improvements in leased sites,CPF-0037,CARD-0146,Energy & Buildings,"Leased, Tenanted & Franchised Sites",MISSING_CALCULATION_METHOD,DISPLAY_ONLY,OPEN,No calculation / evidence-logic text in Consolidate.
GAP-0126,INIT-0037,Secure rights and approval routes for environmental improvements in leased sites,CPF-0037,CARD-0146,Energy & Buildings,"Leased, Tenanted & Franchised Sites",MISSING_EVIDENCE,DISPLAY_ONLY,OPEN,No source URL in the card evidence-link cell.
GAP-0127,INIT-0037,Secure rights and approval routes for environmental improvements in leased sites,CTF-0037,CARD-0147,Energy & Buildings,"Leased, Tenanted & Franchised Sites",MISSING_DISPLAY_VALUE,DISPLAY_ONLY,OPEN,Consolidate value cell is empty. Left empty on purpose.
GAP-0128,INIT-0037,Secure rights and approval routes for environmental improvements in leased sites,CTF-0037,CARD-0147,Energy & Buildings,"Leased, Tenanted & Franchised Sites",MISSING_CALCULATION_METHOD,DISPLAY_ONLY,OPEN,No calculation / evidence-logic text in Consolidate.
GAP-0129,INIT-0037,Secure rights and approval routes for environmental improvements in leased sites,CTF-0037,CARD-0147,Energy & Buildings,"Leased, Tenanted & Franchised Sites",MISSING_EVIDENCE,DISPLAY_ONLY,OPEN,No source URL in the card evidence-link cell.
GAP-0130,INIT-0038,Enable renewable electricity procurement under lease and franchise arrangements,CCF-0038,CARD-0149,Energy & Buildings,"Leased, Tenanted & Franchised Sites",MISSING_DISPLAY_VALUE,DISPLAY_ONLY,OPEN,Consolidate value cell is empty. Left empty on purpose.
GAP-0131,INIT-0038,Enable renewable electricity procurement under lease and franchise arrangements,CCF-0038,CARD-0149,Energy & Buildings,"Leased, Tenanted & Franchised Sites",MISSING_CALCULATION_METHOD,DISPLAY_ONLY,OPEN,No calculation / evidence-logic text in Consolidate.
GAP-0132,INIT-0038,Enable renewable electricity procurement under lease and franchise arrangements,CCF-0038,CARD-0149,Energy & Buildings,"Leased, Tenanted & Franchised Sites",MISSING_EVIDENCE,DISPLAY_ONLY,OPEN,No source URL in the card evidence-link cell.
GAP-0133,INIT-0039,"Agree landlord-tenant decarbonisation plans with actions, funding and accountability",CCF-0039,CARD-0153,Energy & Buildings,"Leased, Tenanted & Franchised Sites",MISSING_CALCULATION_METHOD,DISPLAY_ONLY,OPEN,No calculation / evidence-logic text in Consolidate.
GAP-0134,INIT-0040,Set and monitor energy-performance standards for franchisees,CCF-0040,CARD-0157,Energy & Buildings,"Leased, Tenanted & Franchised Sites",MISSING_DISPLAY_VALUE,DISPLAY_ONLY,OPEN,Consolidate value cell is empty. Left empty on purpose.
GAP-0135,INIT-0040,Set and monitor energy-performance standards for franchisees,CCF-0040,CARD-0157,Energy & Buildings,"Leased, Tenanted & Franchised Sites",MISSING_CALCULATION_METHOD,DISPLAY_ONLY,OPEN,No calculation / evidence-logic text in Consolidate.
GAP-0136,INIT-0040,Set and monitor energy-performance standards for franchisees,CCF-0040,CARD-0157,Energy & Buildings,"Leased, Tenanted & Franchised Sites",MISSING_EVIDENCE,DISPLAY_ONLY,OPEN,No source URL in the card evidence-link cell.
GAP-0137,INIT-0040,Set and monitor energy-performance standards for franchisees,CPF-0040,CARD-0158,Energy & Buildings,"Leased, Tenanted & Franchised Sites",MISSING_DISPLAY_VALUE,DISPLAY_ONLY,OPEN,Consolidate value cell is empty. Left empty on purpose.
GAP-0138,INIT-0040,Set and monitor energy-performance standards for franchisees,CPF-0040,CARD-0158,Energy & Buildings,"Leased, Tenanted & Franchised Sites",MISSING_CALCULATION_METHOD,DISPLAY_ONLY,OPEN,No calculation / evidence-logic text in Consolidate.
GAP-0139,INIT-0040,Set and monitor energy-performance standards for franchisees,CPF-0040,CARD-0158,Energy & Buildings,"Leased, Tenanted & Franchised Sites",MISSING_EVIDENCE,DISPLAY_ONLY,OPEN,No source URL in the card evidence-link cell.
GAP-0140,INIT-0040,Set and monitor energy-performance standards for franchisees,CTF-0040,CARD-0159,Energy & Buildings,"Leased, Tenanted & Franchised Sites",MISSING_DISPLAY_VALUE,DISPLAY_ONLY,OPEN,Consolidate value cell is empty. Left empty on purpose.
GAP-0141,INIT-0040,Set and monitor energy-performance standards for franchisees,CTF-0040,CARD-0159,Energy & Buildings,"Leased, Tenanted & Franchised Sites",MISSING_CALCULATION_METHOD,DISPLAY_ONLY,OPEN,No calculation / evidence-logic text in Consolidate.
GAP-0142,INIT-0040,Set and monitor energy-performance standards for franchisees,CTF-0040,CARD-0159,Energy & Buildings,"Leased, Tenanted & Franchised Sites",MISSING_EVIDENCE,DISPLAY_ONLY,OPEN,No source URL in the card evidence-link cell.
GAP-0143,INIT-0134,Commission specialist assessments for on-farm emissions hotspots in the top three commodities,CCF-0134,CARD-0533,Nature & Resources,Nature & Biodiversity – Supplier Engagement,MISSING_EVIDENCE,DISPLAY_ONLY,OPEN,No source URL in the card evidence-link cell.
GAP-0144,INIT-0134,Commission specialist assessments for on-farm emissions hotspots in the top three commodities,CPF-0134,CARD-0534,Nature & Resources,Nature & Biodiversity – Supplier Engagement,MISSING_EVIDENCE,DISPLAY_ONLY,OPEN,No source URL in the card evidence-link cell.
GAP-0145,INIT-0134,Commission specialist assessments for on-farm emissions hotspots in the top three commodities,CTF-0134,CARD-0535,Nature & Resources,Nature & Biodiversity – Supplier Engagement,MISSING_EVIDENCE,DISPLAY_ONLY,OPEN,No source URL in the card evidence-link cell.
GAP-0146,INIT-0134,Commission specialist assessments for on-farm emissions hotspots in the top three commodities,CEF-0134,CARD-0536,Nature & Resources,Nature & Biodiversity – Supplier Engagement,MISSING_EVIDENCE,DISPLAY_ONLY,OPEN,No source URL in the card evidence-link cell.
GAP-0147,INIT-0135,Publish a biodiversity policy with named targets and owner,CCF-0135,CARD-0537,Nature & Resources,Nature & Biodiversity – Biodiversity,MISSING_EVIDENCE,DISPLAY_ONLY,OPEN,No source URL in the card evidence-link cell.
GAP-0148,INIT-0135,Publish a biodiversity policy with named targets and owner,CPF-0135,CARD-0538,Nature & Resources,Nature & Biodiversity – Biodiversity,MISSING_EVIDENCE,DISPLAY_ONLY,OPEN,No source URL in the card evidence-link cell.
GAP-0149,INIT-0135,Publish a biodiversity policy with named targets and owner,CTF-0135,CARD-0539,Nature & Resources,Nature & Biodiversity – Biodiversity,MISSING_EVIDENCE,DISPLAY_ONLY,OPEN,No source URL in the card evidence-link cell.
GAP-0150,INIT-0135,Publish a biodiversity policy with named targets and owner,CEF-0135,CARD-0540,Nature & Resources,Nature & Biodiversity – Biodiversity,MISSING_EVIDENCE,DISPLAY_ONLY,OPEN,No source URL in the card evidence-link cell.
GAP-0151,INIT-0136,Ensure compliance with Biodiversity Net Gain (BNG) requirements,CCF-0136,CARD-0541,Nature & Resources,Nature & Biodiversity – Biodiversity,MISSING_EVIDENCE,DISPLAY_ONLY,OPEN,No source URL in the card evidence-link cell.
GAP-0152,INIT-0136,Ensure compliance with Biodiversity Net Gain (BNG) requirements,CPF-0136,CARD-0542,Nature & Resources,Nature & Biodiversity – Biodiversity,MISSING_EVIDENCE,DISPLAY_ONLY,OPEN,No source URL in the card evidence-link cell.
GAP-0153,INIT-0136,Ensure compliance with Biodiversity Net Gain (BNG) requirements,CTF-0136,CARD-0543,Nature & Resources,Nature & Biodiversity – Biodiversity,MISSING_EVIDENCE,DISPLAY_ONLY,OPEN,No source URL in the card evidence-link cell.
GAP-0154,INIT-0136,Ensure compliance with Biodiversity Net Gain (BNG) requirements,CEF-0136,CARD-0544,Nature & Resources,Nature & Biodiversity – Biodiversity,MISSING_EVIDENCE,DISPLAY_ONLY,OPEN,No source URL in the card evidence-link cell.
GAP-0155,INIT-0137,Engage priority suppliers by spend on biodiversity and request a formal response within 90 days,CCF-0137,CARD-0545,Nature & Resources,Nature & Biodiversity – Biodiversity,MISSING_EVIDENCE,DISPLAY_ONLY,OPEN,No source URL in the card evidence-link cell.
GAP-0156,INIT-0137,Engage priority suppliers by spend on biodiversity and request a formal response within 90 days,CPF-0137,CARD-0546,Nature & Resources,Nature & Biodiversity – Biodiversity,MISSING_EVIDENCE,DISPLAY_ONLY,OPEN,No source URL in the card evidence-link cell.
GAP-0157,INIT-0137,Engage priority suppliers by spend on biodiversity and request a formal response within 90 days,CTF-0137,CARD-0547,Nature & Resources,Nature & Biodiversity – Biodiversity,MISSING_EVIDENCE,DISPLAY_ONLY,OPEN,No source URL in the card evidence-link cell.
GAP-0158,INIT-0137,Engage priority suppliers by spend on biodiversity and request a formal response within 90 days,CEF-0137,CARD-0548,Nature & Resources,Nature & Biodiversity – Biodiversity,MISSING_EVIDENCE,DISPLAY_ONLY,OPEN,No source URL in the card evidence-link cell.
GAP-0159,INIT-0138,Undertake a TNFD review,CCF-0138,CARD-0549,Nature & Resources,Nature & Biodiversity – Biodiversity,MISSING_EVIDENCE,DISPLAY_ONLY,OPEN,No source URL in the card evidence-link cell.
GAP-0160,INIT-0138,Undertake a TNFD review,CPF-0138,CARD-0550,Nature & Resources,Nature & Biodiversity – Biodiversity,MISSING_EVIDENCE,DISPLAY_ONLY,OPEN,No source URL in the card evidence-link cell.
GAP-0161,INIT-0138,Undertake a TNFD review,CTF-0138,CARD-0551,Nature & Resources,Nature & Biodiversity – Biodiversity,MISSING_EVIDENCE,DISPLAY_ONLY,OPEN,No source URL in the card evidence-link cell.
GAP-0162,INIT-0138,Undertake a TNFD review,CEF-0138,CARD-0552,Nature & Resources,Nature & Biodiversity – Biodiversity,MISSING_EVIDENCE,DISPLAY_ONLY,OPEN,No source URL in the card evidence-link cell.
GAP-0163,INIT-0139,Fund a named biodiversity protection or restoration programme with annual investment and independent verification,CCF-0139,CARD-0553,Nature & Resources,Nature & Biodiversity – Biodiversity,MISSING_EVIDENCE,DISPLAY_ONLY,OPEN,No source URL in the card evidence-link cell.
GAP-0164,INIT-0139,Fund a named biodiversity protection or restoration programme with annual investment and independent verification,CPF-0139,CARD-0554,Nature & Resources,Nature & Biodiversity – Biodiversity,MISSING_EVIDENCE,DISPLAY_ONLY,OPEN,No source URL in the card evidence-link cell.
GAP-0165,INIT-0139,Fund a named biodiversity protection or restoration programme with annual investment and independent verification,CTF-0139,CARD-0555,Nature & Resources,Nature & Biodiversity – Biodiversity,MISSING_EVIDENCE,DISPLAY_ONLY,OPEN,No source URL in the card evidence-link cell.
GAP-0166,INIT-0139,Fund a named biodiversity protection or restoration programme with annual investment and independent verification,CEF-0139,CARD-0556,Nature & Resources,Nature & Biodiversity – Biodiversity,MISSING_EVIDENCE,DISPLAY_ONLY,OPEN,No source URL in the card evidence-link cell.
GAP-0167,INIT-0140,Complete a water efficiency audit across all kitchen and bathroom fixtures and implement identified measures within 12 months,CCF-0140,CARD-0557,Nature & Resources,Water Management – Water,MISSING_EVIDENCE,DISPLAY_ONLY,OPEN,No source URL in the card evidence-link cell.
GAP-0168,INIT-0140,Complete a water efficiency audit across all kitchen and bathroom fixtures and implement identified measures within 12 months,CPF-0140,CARD-0558,Nature & Resources,Water Management – Water,MISSING_EVIDENCE,DISPLAY_ONLY,OPEN,No source URL in the card evidence-link cell.
GAP-0169,INIT-0140,Complete a water efficiency audit across all kitchen and bathroom fixtures and implement identified measures within 12 months,CTF-0140,CARD-0559,Nature & Resources,Water Management – Water,MISSING_EVIDENCE,DISPLAY_ONLY,OPEN,No source URL in the card evidence-link cell.
GAP-0170,INIT-0140,Complete a water efficiency audit across all kitchen and bathroom fixtures and implement identified measures within 12 months,CEF-0140,CARD-0560,Nature & Resources,Water Management – Water,MISSING_EVIDENCE,DISPLAY_ONLY,OPEN,No source URL in the card evidence-link cell.
GAP-0171,INIT-0141,"Complete a formal water risk assessment for all owned sites and top 10 suppliers by spend, with a mitigation plan for each identified risk",CCF-0141,CARD-0561,Nature & Resources,Water Management – Water,MISSING_EVIDENCE,DISPLAY_ONLY,OPEN,No source URL in the card evidence-link cell.
GAP-0172,INIT-0141,"Complete a formal water risk assessment for all owned sites and top 10 suppliers by spend, with a mitigation plan for each identified risk",CPF-0141,CARD-0562,Nature & Resources,Water Management – Water,MISSING_EVIDENCE,DISPLAY_ONLY,OPEN,No source URL in the card evidence-link cell.
GAP-0173,INIT-0141,"Complete a formal water risk assessment for all owned sites and top 10 suppliers by spend, with a mitigation plan for each identified risk",CTF-0141,CARD-0563,Nature & Resources,Water Management – Water,MISSING_EVIDENCE,DISPLAY_ONLY,OPEN,No source URL in the card evidence-link cell.
GAP-0174,INIT-0141,"Complete a formal water risk assessment for all owned sites and top 10 suppliers by spend, with a mitigation plan for each identified risk",CEF-0141,CARD-0564,Nature & Resources,Water Management – Water,MISSING_EVIDENCE,DISPLAY_ONLY,OPEN,No source URL in the card evidence-link cell.
GAP-0175,INIT-0142,Recycle rainwater and grey water,CCF-0142,CARD-0565,Nature & Resources,Water Management – Water,MISSING_EVIDENCE,DISPLAY_ONLY,OPEN,No source URL in the card evidence-link cell.
GAP-0176,INIT-0142,Recycle rainwater and grey water,CPF-0142,CARD-0566,Nature & Resources,Water Management – Water,MISSING_EVIDENCE,DISPLAY_ONLY,OPEN,No source URL in the card evidence-link cell.
GAP-0177,INIT-0142,Recycle rainwater and grey water,CTF-0142,CARD-0567,Nature & Resources,Water Management – Water,MISSING_EVIDENCE,DISPLAY_ONLY,OPEN,No source URL in the card evidence-link cell.
GAP-0178,INIT-0142,Recycle rainwater and grey water,CEF-0142,CARD-0568,Nature & Resources,Water Management – Water,MISSING_EVIDENCE,DISPLAY_ONLY,OPEN,No source URL in the card evidence-link cell.
GAP-0179,INIT-0143,Self-supply water direct from the wholesale water market,CCF-0143,CARD-0569,Nature & Resources,Water Management – Water,MISSING_EVIDENCE,DISPLAY_ONLY,OPEN,No source URL in the card evidence-link cell.
GAP-0180,INIT-0143,Self-supply water direct from the wholesale water market,CPF-0143,CARD-0570,Nature & Resources,Water Management – Water,MISSING_EVIDENCE,DISPLAY_ONLY,OPEN,No source URL in the card evidence-link cell.
GAP-0181,INIT-0143,Self-supply water direct from the wholesale water market,CTF-0143,CARD-0571,Nature & Resources,Water Management – Water,MISSING_EVIDENCE,DISPLAY_ONLY,OPEN,No source URL in the card evidence-link cell.
GAP-0182,INIT-0143,Self-supply water direct from the wholesale water market,CEF-0143,CARD-0572,Nature & Resources,Water Management – Water,MISSING_EVIDENCE,DISPLAY_ONLY,OPEN,No source URL in the card evidence-link cell.
GAP-0183,INIT-0144,Complete supply chain water mapping covering top 5 commodities by estimated water use,CCF-0144,CARD-0573,Nature & Resources,Water Management – Water,MISSING_EVIDENCE,DISPLAY_ONLY,OPEN,No source URL in the card evidence-link cell.
GAP-0184,INIT-0144,Complete supply chain water mapping covering top 5 commodities by estimated water use,CPF-0144,CARD-0574,Nature & Resources,Water Management – Water,MISSING_EVIDENCE,DISPLAY_ONLY,OPEN,No source URL in the card evidence-link cell.
GAP-0185,INIT-0144,Complete supply chain water mapping covering top 5 commodities by estimated water use,CTF-0144,CARD-0575,Nature & Resources,Water Management – Water,MISSING_EVIDENCE,DISPLAY_ONLY,OPEN,No source URL in the card evidence-link cell.
GAP-0186,INIT-0144,Complete supply chain water mapping covering top 5 commodities by estimated water use,CEF-0144,CARD-0576,Nature & Resources,Water Management – Water,MISSING_EVIDENCE,DISPLAY_ONLY,OPEN,No source URL in the card evidence-link cell.
GAP-0187,INIT-0145,Use high-efficiency shower and faucet aerators,CCF-0145,CARD-0577,Nature & Resources,Water Management – Water,MISSING_EVIDENCE,DISPLAY_ONLY,OPEN,No source URL in the card evidence-link cell.
GAP-0188,INIT-0145,Use high-efficiency shower and faucet aerators,CPF-0145,CARD-0578,Nature & Resources,Water Management – Water,MISSING_EVIDENCE,DISPLAY_ONLY,OPEN,No source URL in the card evidence-link cell.
GAP-0189,INIT-0145,Use high-efficiency shower and faucet aerators,CTF-0145,CARD-0579,Nature & Resources,Water Management – Water,MISSING_EVIDENCE,DISPLAY_ONLY,OPEN,No source URL in the card evidence-link cell.
GAP-0190,INIT-0145,Use high-efficiency shower and faucet aerators,CEF-0145,CARD-0580,Nature & Resources,Water Management – Water,MISSING_EVIDENCE,DISPLAY_ONLY,OPEN,No source URL in the card evidence-link cell.
GAP-0191,INIT-0146,Optimise hot liquor use,CCF-0146,CARD-0581,Nature & Resources,Water Management – Brewing,MISSING_EVIDENCE,DISPLAY_ONLY,OPEN,No source URL in the card evidence-link cell.
GAP-0192,INIT-0146,Optimise hot liquor use,CPF-0146,CARD-0582,Nature & Resources,Water Management – Brewing,MISSING_EVIDENCE,DISPLAY_ONLY,OPEN,No source URL in the card evidence-link cell.
GAP-0193,INIT-0146,Optimise hot liquor use,CTF-0146,CARD-0583,Nature & Resources,Water Management – Brewing,MISSING_EVIDENCE,DISPLAY_ONLY,OPEN,No source URL in the card evidence-link cell.
GAP-0194,INIT-0146,Optimise hot liquor use,CEF-0146,CARD-0584,Nature & Resources,Water Management – Brewing,MISSING_EVIDENCE,DISPLAY_ONLY,OPEN,No source URL in the card evidence-link cell.
GAP-0195,INIT-0147,Optimise CIP wash temperature,CCF-0147,CARD-0585,Nature & Resources,Water Management – Brewing,MISSING_EVIDENCE,DISPLAY_ONLY,OPEN,No source URL in the card evidence-link cell.
GAP-0196,INIT-0147,Optimise CIP wash temperature,CPF-0147,CARD-0586,Nature & Resources,Water Management – Brewing,MISSING_EVIDENCE,DISPLAY_ONLY,OPEN,No source URL in the card evidence-link cell.
GAP-0197,INIT-0147,Optimise CIP wash temperature,CTF-0147,CARD-0587,Nature & Resources,Water Management – Brewing,MISSING_EVIDENCE,DISPLAY_ONLY,OPEN,No source URL in the card evidence-link cell.
GAP-0198,INIT-0147,Optimise CIP wash temperature,CEF-0147,CARD-0588,Nature & Resources,Water Management – Brewing,MISSING_EVIDENCE,DISPLAY_ONLY,OPEN,No source URL in the card evidence-link cell.
GAP-0199,INIT-0148,Reduce water temp in laundry; and line dry linens where possible,CCF-0148,CARD-0589,Nature & Resources,Water Management – Brewing,MISSING_EVIDENCE,DISPLAY_ONLY,OPEN,No source URL in the card evidence-link cell.
GAP-0200,INIT-0148,Reduce water temp in laundry; and line dry linens where possible,CPF-0148,CARD-0590,Nature & Resources,Water Management – Brewing,MISSING_EVIDENCE,DISPLAY_ONLY,OPEN,No source URL in the card evidence-link cell.
GAP-0201,INIT-0148,Reduce water temp in laundry; and line dry linens where possible,CTF-0148,CARD-0591,Nature & Resources,Water Management – Brewing,MISSING_EVIDENCE,DISPLAY_ONLY,OPEN,No source URL in the card evidence-link cell.
GAP-0202,INIT-0148,Reduce water temp in laundry; and line dry linens where possible,CEF-0148,CARD-0592,Nature & Resources,Water Management – Brewing,MISSING_EVIDENCE,DISPLAY_ONLY,OPEN,No source URL in the card evidence-link cell.
GAP-0203,INIT-0149,Conduct a waste characterisation assessment,CCF-0149,CARD-0593,Nature & Resources,Waste & Circularity – Waste Management,MISSING_EVIDENCE,DISPLAY_ONLY,OPEN,No source URL in the card evidence-link cell.
GAP-0204,INIT-0149,Conduct a waste characterisation assessment,CPF-0149,CARD-0594,Nature & Resources,Waste & Circularity – Waste Management,MISSING_EVIDENCE,DISPLAY_ONLY,OPEN,No source URL in the card evidence-link cell.
GAP-0205,INIT-0149,Conduct a waste characterisation assessment,CTF-0149,CARD-0595,Nature & Resources,Waste & Circularity – Waste Management,MISSING_EVIDENCE,DISPLAY_ONLY,OPEN,No source URL in the card evidence-link cell.
GAP-0206,INIT-0149,Conduct a waste characterisation assessment,CEF-0149,CARD-0596,Nature & Resources,Waste & Circularity – Waste Management,MISSING_EVIDENCE,DISPLAY_ONLY,OPEN,No source URL in the card evidence-link cell.
GAP-0207,INIT-0150,"Set a documented food waste reduction target with a baseline year, an interim milestone, and a final target date",CCF-0150,CARD-0597,Nature & Resources,Waste & Circularity – Waste Management,MISSING_EVIDENCE,DISPLAY_ONLY,OPEN,No source URL in the card evidence-link cell.
GAP-0208,INIT-0150,"Set a documented food waste reduction target with a baseline year, an interim milestone, and a final target date",CPF-0150,CARD-0598,Nature & Resources,Waste & Circularity – Waste Management,MISSING_EVIDENCE,DISPLAY_ONLY,OPEN,No source URL in the card evidence-link cell.
GAP-0209,INIT-0150,"Set a documented food waste reduction target with a baseline year, an interim milestone, and a final target date",CTF-0150,CARD-0599,Nature & Resources,Waste & Circularity – Waste Management,MISSING_EVIDENCE,DISPLAY_ONLY,OPEN,No source URL in the card evidence-link cell.
GAP-0210,INIT-0150,"Set a documented food waste reduction target with a baseline year, an interim milestone, and a final target date",CEF-0150,CARD-0600,Nature & Resources,Waste & Circularity – Waste Management,MISSING_EVIDENCE,DISPLAY_ONLY,OPEN,No source URL in the card evidence-link cell.
GAP-0211,INIT-0151,Segregate food waste for composting or Anaerobic Digestion,CCF-0151,CARD-0601,Nature & Resources,Waste & Circularity – Waste Management,MISSING_EVIDENCE,DISPLAY_ONLY,OPEN,No source URL in the card evidence-link cell.
GAP-0212,INIT-0151,Segregate food waste for composting or Anaerobic Digestion,CPF-0151,CARD-0602,Nature & Resources,Waste & Circularity – Waste Management,MISSING_EVIDENCE,DISPLAY_ONLY,OPEN,No source URL in the card evidence-link cell.
GAP-0213,INIT-0151,Segregate food waste for composting or Anaerobic Digestion,CTF-0151,CARD-0603,Nature & Resources,Waste & Circularity – Waste Management,MISSING_EVIDENCE,DISPLAY_ONLY,OPEN,No source URL in the card evidence-link cell.
GAP-0214,INIT-0151,Segregate food waste for composting or Anaerobic Digestion,CEF-0151,CARD-0604,Nature & Resources,Waste & Circularity – Waste Management,MISSING_EVIDENCE,DISPLAY_ONLY,OPEN,No source URL in the card evidence-link cell.
GAP-0215,INIT-0152,Distribute Surplus Food via a credible distribution partner,CCF-0152,CARD-0605,Nature & Resources,Waste & Circularity – Waste Management,MISSING_EVIDENCE,DISPLAY_ONLY,OPEN,No source URL in the card evidence-link cell.
GAP-0216,INIT-0152,Distribute Surplus Food via a credible distribution partner,CPF-0152,CARD-0606,Nature & Resources,Waste & Circularity – Waste Management,MISSING_EVIDENCE,DISPLAY_ONLY,OPEN,No source URL in the card evidence-link cell.
GAP-0217,INIT-0152,Distribute Surplus Food via a credible distribution partner,CTF-0152,CARD-0607,Nature & Resources,Waste & Circularity – Waste Management,MISSING_EVIDENCE,DISPLAY_ONLY,OPEN,No source URL in the card evidence-link cell.
GAP-0218,INIT-0152,Distribute Surplus Food via a credible distribution partner,CEF-0152,CARD-0608,Nature & Resources,Waste & Circularity – Waste Management,MISSING_EVIDENCE,DISPLAY_ONLY,OPEN,No source URL in the card evidence-link cell.
GAP-0219,INIT-0153,Complete a circularity audit covering the top three waste streams by volume and identify at least one viable circular option per stream within 90 days,CCF-0153,CARD-0609,Nature & Resources,Waste & Circularity – Waste Management,MISSING_EVIDENCE,DISPLAY_ONLY,OPEN,No source URL in the card evidence-link cell.
GAP-0220,INIT-0153,Complete a circularity audit covering the top three waste streams by volume and identify at least one viable circular option per stream within 90 days,CPF-0153,CARD-0610,Nature & Resources,Waste & Circularity – Waste Management,MISSING_EVIDENCE,DISPLAY_ONLY,OPEN,No source URL in the card evidence-link cell.
GAP-0221,INIT-0153,Complete a circularity audit covering the top three waste streams by volume and identify at least one viable circular option per stream within 90 days,CTF-0153,CARD-0611,Nature & Resources,Waste & Circularity – Waste Management,MISSING_EVIDENCE,DISPLAY_ONLY,OPEN,No source URL in the card evidence-link cell.
GAP-0222,INIT-0153,Complete a circularity audit covering the top three waste streams by volume and identify at least one viable circular option per stream within 90 days,CEF-0153,CARD-0612,Nature & Resources,Waste & Circularity – Waste Management,MISSING_EVIDENCE,DISPLAY_ONLY,OPEN,No source URL in the card evidence-link cell.
GAP-0223,INIT-0154,Train operational teams to reduce production waste and measure pre/post-training waste performance,CCF-0154,CARD-0613,Nature & Resources,Waste & Circularity – Waste Management,MISSING_EVIDENCE,DISPLAY_ONLY,OPEN,No source URL in the card evidence-link cell.
GAP-0224,INIT-0154,Train operational teams to reduce production waste and measure pre/post-training waste performance,CPF-0154,CARD-0614,Nature & Resources,Waste & Circularity – Waste Management,MISSING_EVIDENCE,DISPLAY_ONLY,OPEN,No source URL in the card evidence-link cell.
GAP-0225,INIT-0154,Train operational teams to reduce production waste and measure pre/post-training waste performance,CTF-0154,CARD-0615,Nature & Resources,Waste & Circularity – Waste Management,MISSING_EVIDENCE,DISPLAY_ONLY,OPEN,No source URL in the card evidence-link cell.
GAP-0226,INIT-0154,Train operational teams to reduce production waste and measure pre/post-training waste performance,CEF-0154,CARD-0616,Nature & Resources,Waste & Circularity – Waste Management,MISSING_EVIDENCE,DISPLAY_ONLY,OPEN,No source URL in the card evidence-link cell.
GAP-0227,INIT-0155,Quantify your food waste,CCF-0155,CARD-0617,Nature & Resources,Waste & Circularity – Waste Management,MISSING_EVIDENCE,DISPLAY_ONLY,OPEN,No source URL in the card evidence-link cell.
GAP-0228,INIT-0155,Quantify your food waste,CPF-0155,CARD-0618,Nature & Resources,Waste & Circularity – Waste Management,MISSING_EVIDENCE,DISPLAY_ONLY,OPEN,No source URL in the card evidence-link cell.
GAP-0229,INIT-0155,Quantify your food waste,CTF-0155,CARD-0619,Nature & Resources,Waste & Circularity – Waste Management,MISSING_EVIDENCE,DISPLAY_ONLY,OPEN,No source URL in the card evidence-link cell.
GAP-0230,INIT-0155,Quantify your food waste,CEF-0155,CARD-0620,Nature & Resources,Waste & Circularity – Waste Management,MISSING_EVIDENCE,DISPLAY_ONLY,OPEN,No source URL in the card evidence-link cell.
GAP-0231,INIT-0156,Extend the life of your cooking oil,CCF-0156,CARD-0621,Nature & Resources,Waste & Circularity – Waste Management,MISSING_EVIDENCE,DISPLAY_ONLY,OPEN,No source URL in the card evidence-link cell.
GAP-0232,INIT-0156,Extend the life of your cooking oil,CPF-0156,CARD-0622,Nature & Resources,Waste & Circularity – Waste Management,MISSING_EVIDENCE,DISPLAY_ONLY,OPEN,No source URL in the card evidence-link cell.
GAP-0233,INIT-0156,Extend the life of your cooking oil,CTF-0156,CARD-0623,Nature & Resources,Waste & Circularity – Waste Management,MISSING_EVIDENCE,DISPLAY_ONLY,OPEN,No source URL in the card evidence-link cell.
GAP-0234,INIT-0156,Extend the life of your cooking oil,CEF-0156,CARD-0624,Nature & Resources,Waste & Circularity – Waste Management,MISSING_EVIDENCE,DISPLAY_ONLY,OPEN,No source URL in the card evidence-link cell.
GAP-0235,INIT-0157,Recycle your used cooking oil at end of life,CCF-0157,CARD-0625,Nature & Resources,Waste & Circularity – Waste Management,MISSING_EVIDENCE,DISPLAY_ONLY,OPEN,No source URL in the card evidence-link cell.
GAP-0236,INIT-0157,Recycle your used cooking oil at end of life,CPF-0157,CARD-0626,Nature & Resources,Waste & Circularity – Waste Management,MISSING_EVIDENCE,DISPLAY_ONLY,OPEN,No source URL in the card evidence-link cell.
GAP-0237,INIT-0157,Recycle your used cooking oil at end of life,CTF-0157,CARD-0627,Nature & Resources,Waste & Circularity – Waste Management,MISSING_EVIDENCE,DISPLAY_ONLY,OPEN,No source URL in the card evidence-link cell.
GAP-0238,INIT-0157,Recycle your used cooking oil at end of life,CEF-0157,CARD-0628,Nature & Resources,Waste & Circularity – Waste Management,MISSING_EVIDENCE,DISPLAY_ONLY,OPEN,No source URL in the card evidence-link cell.
GAP-0239,INIT-0158,Process food waste on-site,CCF-0158,CARD-0629,Nature & Resources,Waste & Circularity – Waste Management,MISSING_EVIDENCE,DISPLAY_ONLY,OPEN,No source URL in the card evidence-link cell.
GAP-0240,INIT-0158,Process food waste on-site,CPF-0158,CARD-0630,Nature & Resources,Waste & Circularity – Waste Management,MISSING_EVIDENCE,DISPLAY_ONLY,OPEN,No source URL in the card evidence-link cell.
GAP-0241,INIT-0158,Process food waste on-site,CTF-0158,CARD-0631,Nature & Resources,Waste & Circularity – Waste Management,MISSING_EVIDENCE,DISPLAY_ONLY,OPEN,No source URL in the card evidence-link cell.
GAP-0242,INIT-0158,Process food waste on-site,CEF-0158,CARD-0632,Nature & Resources,Waste & Circularity – Waste Management,MISSING_EVIDENCE,DISPLAY_ONLY,OPEN,No source URL in the card evidence-link cell.
GAP-0243,INIT-0159,Recycle and responsibly dispose of staff uniforms at end-of-life,CCF-0159,CARD-0633,Nature & Resources,Waste & Circularity – Waste Management,MISSING_EVIDENCE,DISPLAY_ONLY,OPEN,No source URL in the card evidence-link cell.
GAP-0244,INIT-0159,Recycle and responsibly dispose of staff uniforms at end-of-life,CPF-0159,CARD-0634,Nature & Resources,Waste & Circularity – Waste Management,MISSING_EVIDENCE,DISPLAY_ONLY,OPEN,No source URL in the card evidence-link cell.
GAP-0245,INIT-0159,Recycle and responsibly dispose of staff uniforms at end-of-life,CTF-0159,CARD-0635,Nature & Resources,Waste & Circularity – Waste Management,MISSING_EVIDENCE,DISPLAY_ONLY,OPEN,No source URL in the card evidence-link cell.
GAP-0246,INIT-0159,Recycle and responsibly dispose of staff uniforms at end-of-life,CEF-0159,CARD-0636,Nature & Resources,Waste & Circularity – Waste Management,MISSING_EVIDENCE,DISPLAY_ONLY,OPEN,No source URL in the card evidence-link cell.
GAP-0247,INIT-0160,Switch to lower-impact takeaway packaging,CCF-0160,CARD-0637,Nature & Resources,Waste & Circularity – Packaging,MISSING_EVIDENCE,DISPLAY_ONLY,OPEN,No source URL in the card evidence-link cell.
GAP-0248,INIT-0160,Switch to lower-impact takeaway packaging,CPF-0160,CARD-0638,Nature & Resources,Waste & Circularity – Packaging,MISSING_EVIDENCE,DISPLAY_ONLY,OPEN,No source URL in the card evidence-link cell.
GAP-0249,INIT-0160,Switch to lower-impact takeaway packaging,CTF-0160,CARD-0639,Nature & Resources,Waste & Circularity – Packaging,MISSING_EVIDENCE,DISPLAY_ONLY,OPEN,No source URL in the card evidence-link cell.
GAP-0250,INIT-0160,Switch to lower-impact takeaway packaging,CEF-0160,CARD-0640,Nature & Resources,Waste & Circularity – Packaging,MISSING_EVIDENCE,DISPLAY_ONLY,OPEN,No source URL in the card evidence-link cell.
GAP-0251,INIT-0161,"Support and encourage employees in choosing low-carbon commuting alternatives (e.g. cycle to work, public transport)",CCF-0161,CARD-0641,Supply Chain,Transport and Distribution,MISSING_DISPLAY_VALUE,DISPLAY_ONLY,OPEN,Consolidate value cell is empty. Left empty on purpose.
GAP-0252,INIT-0161,"Support and encourage employees in choosing low-carbon commuting alternatives (e.g. cycle to work, public transport)",CCF-0161,CARD-0641,Supply Chain,Transport and Distribution,MISSING_CALCULATION_METHOD,DISPLAY_ONLY,OPEN,No calculation / evidence-logic text in Consolidate.
GAP-0253,INIT-0161,"Support and encourage employees in choosing low-carbon commuting alternatives (e.g. cycle to work, public transport)",CCF-0161,CARD-0641,Supply Chain,Transport and Distribution,MISSING_EVIDENCE,DISPLAY_ONLY,OPEN,No source URL in the card evidence-link cell.
GAP-0254,INIT-0161,"Support and encourage employees in choosing low-carbon commuting alternatives (e.g. cycle to work, public transport)",CPF-0161,CARD-0642,Supply Chain,Transport and Distribution,MISSING_DISPLAY_VALUE,DISPLAY_ONLY,OPEN,Consolidate value cell is empty. Left empty on purpose.
GAP-0255,INIT-0161,"Support and encourage employees in choosing low-carbon commuting alternatives (e.g. cycle to work, public transport)",CPF-0161,CARD-0642,Supply Chain,Transport and Distribution,MISSING_CALCULATION_METHOD,DISPLAY_ONLY,OPEN,No calculation / evidence-logic text in Consolidate.
GAP-0256,INIT-0161,"Support and encourage employees in choosing low-carbon commuting alternatives (e.g. cycle to work, public transport)",CPF-0161,CARD-0642,Supply Chain,Transport and Distribution,MISSING_EVIDENCE,DISPLAY_ONLY,OPEN,No source URL in the card evidence-link cell.
GAP-0257,INIT-0161,"Support and encourage employees in choosing low-carbon commuting alternatives (e.g. cycle to work, public transport)",CTF-0161,CARD-0643,Supply Chain,Transport and Distribution,MISSING_DISPLAY_VALUE,DISPLAY_ONLY,OPEN,Consolidate value cell is empty. Left empty on purpose.
GAP-0258,INIT-0161,"Support and encourage employees in choosing low-carbon commuting alternatives (e.g. cycle to work, public transport)",CTF-0161,CARD-0643,Supply Chain,Transport and Distribution,MISSING_CALCULATION_METHOD,DISPLAY_ONLY,OPEN,No calculation / evidence-logic text in Consolidate.
GAP-0259,INIT-0161,"Support and encourage employees in choosing low-carbon commuting alternatives (e.g. cycle to work, public transport)",CTF-0161,CARD-0643,Supply Chain,Transport and Distribution,MISSING_EVIDENCE,DISPLAY_ONLY,OPEN,No source URL in the card evidence-link cell.
GAP-0260,INIT-0161,"Support and encourage employees in choosing low-carbon commuting alternatives (e.g. cycle to work, public transport)",CEF-0161,CARD-0644,Supply Chain,Transport and Distribution,MISSING_DISPLAY_VALUE,DISPLAY_ONLY,OPEN,Consolidate value cell is empty. Left empty on purpose.
GAP-0261,INIT-0161,"Support and encourage employees in choosing low-carbon commuting alternatives (e.g. cycle to work, public transport)",CEF-0161,CARD-0644,Supply Chain,Transport and Distribution,MISSING_CALCULATION_METHOD,DISPLAY_ONLY,OPEN,No calculation / evidence-logic text in Consolidate.
GAP-0262,INIT-0161,"Support and encourage employees in choosing low-carbon commuting alternatives (e.g. cycle to work, public transport)",CEF-0161,CARD-0644,Supply Chain,Transport and Distribution,MISSING_EVIDENCE,DISPLAY_ONLY,OPEN,No source URL in the card evidence-link cell.
GAP-0263,INIT-0162,Transition company owned fleet vehicles to low-carbon alternatives at end of life,CCF-0162,CARD-0645,Supply Chain,Transport and Distribution,MISSING_DISPLAY_VALUE,DISPLAY_ONLY,OPEN,Consolidate value cell is empty. Left empty on purpose.
GAP-0264,INIT-0162,Transition company owned fleet vehicles to low-carbon alternatives at end of life,CCF-0162,CARD-0645,Supply Chain,Transport and Distribution,MISSING_CALCULATION_METHOD,DISPLAY_ONLY,OPEN,No calculation / evidence-logic text in Consolidate.
GAP-0265,INIT-0162,Transition company owned fleet vehicles to low-carbon alternatives at end of life,CCF-0162,CARD-0645,Supply Chain,Transport and Distribution,MISSING_EVIDENCE,DISPLAY_ONLY,OPEN,No source URL in the card evidence-link cell.
GAP-0266,INIT-0162,Transition company owned fleet vehicles to low-carbon alternatives at end of life,CPF-0162,CARD-0646,Supply Chain,Transport and Distribution,MISSING_DISPLAY_VALUE,DISPLAY_ONLY,OPEN,Consolidate value cell is empty. Left empty on purpose.
GAP-0267,INIT-0162,Transition company owned fleet vehicles to low-carbon alternatives at end of life,CPF-0162,CARD-0646,Supply Chain,Transport and Distribution,MISSING_CALCULATION_METHOD,DISPLAY_ONLY,OPEN,No calculation / evidence-logic text in Consolidate.
GAP-0268,INIT-0162,Transition company owned fleet vehicles to low-carbon alternatives at end of life,CPF-0162,CARD-0646,Supply Chain,Transport and Distribution,MISSING_EVIDENCE,DISPLAY_ONLY,OPEN,No source URL in the card evidence-link cell.
GAP-0269,INIT-0162,Transition company owned fleet vehicles to low-carbon alternatives at end of life,CTF-0162,CARD-0647,Supply Chain,Transport and Distribution,MISSING_DISPLAY_VALUE,DISPLAY_ONLY,OPEN,Consolidate value cell is empty. Left empty on purpose.
GAP-0270,INIT-0162,Transition company owned fleet vehicles to low-carbon alternatives at end of life,CTF-0162,CARD-0647,Supply Chain,Transport and Distribution,MISSING_CALCULATION_METHOD,DISPLAY_ONLY,OPEN,No calculation / evidence-logic text in Consolidate.
GAP-0271,INIT-0162,Transition company owned fleet vehicles to low-carbon alternatives at end of life,CTF-0162,CARD-0647,Supply Chain,Transport and Distribution,MISSING_EVIDENCE,DISPLAY_ONLY,OPEN,No source URL in the card evidence-link cell.
GAP-0272,INIT-0162,Transition company owned fleet vehicles to low-carbon alternatives at end of life,CEF-0162,CARD-0648,Supply Chain,Transport and Distribution,MISSING_DISPLAY_VALUE,DISPLAY_ONLY,OPEN,Consolidate value cell is empty. Left empty on purpose.
GAP-0273,INIT-0162,Transition company owned fleet vehicles to low-carbon alternatives at end of life,CEF-0162,CARD-0648,Supply Chain,Transport and Distribution,MISSING_CALCULATION_METHOD,DISPLAY_ONLY,OPEN,No calculation / evidence-logic text in Consolidate.
GAP-0274,INIT-0162,Transition company owned fleet vehicles to low-carbon alternatives at end of life,CEF-0162,CARD-0648,Supply Chain,Transport and Distribution,MISSING_EVIDENCE,DISPLAY_ONLY,OPEN,No source URL in the card evidence-link cell.
GAP-0275,INIT-0163,Reduce emissions from delivery and distribution by improving fleet efficiency before the journey,,,Supply Chain,Transport and Distribution,MISSING_CASE,DISPLAY_ONLY,OPEN,No case narrative or case source URL in Consolidate.
GAP-0276,INIT-0163,Reduce emissions from delivery and distribution by improving fleet efficiency before the journey,CCF-0163,CARD-0649,Supply Chain,Transport and Distribution,MISSING_DISPLAY_VALUE,DISPLAY_ONLY,OPEN,Consolidate value cell is empty. Left empty on purpose.
GAP-0277,INIT-0163,Reduce emissions from delivery and distribution by improving fleet efficiency before the journey,CCF-0163,CARD-0649,Supply Chain,Transport and Distribution,MISSING_CALCULATION_METHOD,DISPLAY_ONLY,OPEN,No calculation / evidence-logic text in Consolidate.
GAP-0278,INIT-0163,Reduce emissions from delivery and distribution by improving fleet efficiency before the journey,CCF-0163,CARD-0649,Supply Chain,Transport and Distribution,MISSING_EVIDENCE,DISPLAY_ONLY,OPEN,No source URL in the card evidence-link cell.
GAP-0279,INIT-0163,Reduce emissions from delivery and distribution by improving fleet efficiency before the journey,CPF-0163,CARD-0650,Supply Chain,Transport and Distribution,MISSING_DISPLAY_VALUE,DISPLAY_ONLY,OPEN,Consolidate value cell is empty. Left empty on purpose.
GAP-0280,INIT-0163,Reduce emissions from delivery and distribution by improving fleet efficiency before the journey,CPF-0163,CARD-0650,Supply Chain,Transport and Distribution,MISSING_CALCULATION_METHOD,DISPLAY_ONLY,OPEN,No calculation / evidence-logic text in Consolidate.
GAP-0281,INIT-0163,Reduce emissions from delivery and distribution by improving fleet efficiency before the journey,CPF-0163,CARD-0650,Supply Chain,Transport and Distribution,MISSING_EVIDENCE,DISPLAY_ONLY,OPEN,No source URL in the card evidence-link cell.
GAP-0282,INIT-0163,Reduce emissions from delivery and distribution by improving fleet efficiency before the journey,CTF-0163,CARD-0651,Supply Chain,Transport and Distribution,MISSING_DISPLAY_VALUE,DISPLAY_ONLY,OPEN,Consolidate value cell is empty. Left empty on purpose.
GAP-0283,INIT-0163,Reduce emissions from delivery and distribution by improving fleet efficiency before the journey,CTF-0163,CARD-0651,Supply Chain,Transport and Distribution,MISSING_CALCULATION_METHOD,DISPLAY_ONLY,OPEN,No calculation / evidence-logic text in Consolidate.
GAP-0284,INIT-0163,Reduce emissions from delivery and distribution by improving fleet efficiency before the journey,CTF-0163,CARD-0651,Supply Chain,Transport and Distribution,MISSING_EVIDENCE,DISPLAY_ONLY,OPEN,No source URL in the card evidence-link cell.
GAP-0285,INIT-0163,Reduce emissions from delivery and distribution by improving fleet efficiency before the journey,CEF-0163,CARD-0652,Supply Chain,Transport and Distribution,MISSING_DISPLAY_VALUE,DISPLAY_ONLY,OPEN,Consolidate value cell is empty. Left empty on purpose.
GAP-0286,INIT-0163,Reduce emissions from delivery and distribution by improving fleet efficiency before the journey,CEF-0163,CARD-0652,Supply Chain,Transport and Distribution,MISSING_CALCULATION_METHOD,DISPLAY_ONLY,OPEN,No calculation / evidence-logic text in Consolidate.
GAP-0287,INIT-0163,Reduce emissions from delivery and distribution by improving fleet efficiency before the journey,CEF-0163,CARD-0652,Supply Chain,Transport and Distribution,MISSING_EVIDENCE,DISPLAY_ONLY,OPEN,No source URL in the card evidence-link cell.
GAP-0288,INIT-0164,Reduce emissions from delivery and distribution by improving fleet efficiency during and after the journey,,,Supply Chain,Transport and Distribution,MISSING_CASE,DISPLAY_ONLY,OPEN,No case narrative or case source URL in Consolidate.
GAP-0289,INIT-0164,Reduce emissions from delivery and distribution by improving fleet efficiency during and after the journey,CCF-0164,CARD-0653,Supply Chain,Transport and Distribution,MISSING_DISPLAY_VALUE,DISPLAY_ONLY,OPEN,Consolidate value cell is empty. Left empty on purpose.
GAP-0290,INIT-0164,Reduce emissions from delivery and distribution by improving fleet efficiency during and after the journey,CCF-0164,CARD-0653,Supply Chain,Transport and Distribution,MISSING_CALCULATION_METHOD,DISPLAY_ONLY,OPEN,No calculation / evidence-logic text in Consolidate.
GAP-0291,INIT-0164,Reduce emissions from delivery and distribution by improving fleet efficiency during and after the journey,CCF-0164,CARD-0653,Supply Chain,Transport and Distribution,MISSING_EVIDENCE,DISPLAY_ONLY,OPEN,No source URL in the card evidence-link cell.
GAP-0292,INIT-0164,Reduce emissions from delivery and distribution by improving fleet efficiency during and after the journey,CPF-0164,CARD-0654,Supply Chain,Transport and Distribution,MISSING_DISPLAY_VALUE,DISPLAY_ONLY,OPEN,Consolidate value cell is empty. Left empty on purpose.
GAP-0293,INIT-0164,Reduce emissions from delivery and distribution by improving fleet efficiency during and after the journey,CPF-0164,CARD-0654,Supply Chain,Transport and Distribution,MISSING_CALCULATION_METHOD,DISPLAY_ONLY,OPEN,No calculation / evidence-logic text in Consolidate.
GAP-0294,INIT-0164,Reduce emissions from delivery and distribution by improving fleet efficiency during and after the journey,CPF-0164,CARD-0654,Supply Chain,Transport and Distribution,MISSING_EVIDENCE,DISPLAY_ONLY,OPEN,No source URL in the card evidence-link cell.
GAP-0295,INIT-0164,Reduce emissions from delivery and distribution by improving fleet efficiency during and after the journey,CTF-0164,CARD-0655,Supply Chain,Transport and Distribution,MISSING_DISPLAY_VALUE,DISPLAY_ONLY,OPEN,Consolidate value cell is empty. Left empty on purpose.
GAP-0296,INIT-0164,Reduce emissions from delivery and distribution by improving fleet efficiency during and after the journey,CTF-0164,CARD-0655,Supply Chain,Transport and Distribution,MISSING_CALCULATION_METHOD,DISPLAY_ONLY,OPEN,No calculation / evidence-logic text in Consolidate.
GAP-0297,INIT-0164,Reduce emissions from delivery and distribution by improving fleet efficiency during and after the journey,CTF-0164,CARD-0655,Supply Chain,Transport and Distribution,MISSING_EVIDENCE,DISPLAY_ONLY,OPEN,No source URL in the card evidence-link cell.
GAP-0298,INIT-0164,Reduce emissions from delivery and distribution by improving fleet efficiency during and after the journey,CEF-0164,CARD-0656,Supply Chain,Transport and Distribution,MISSING_DISPLAY_VALUE,DISPLAY_ONLY,OPEN,Consolidate value cell is empty. Left empty on purpose.
GAP-0299,INIT-0164,Reduce emissions from delivery and distribution by improving fleet efficiency during and after the journey,CEF-0164,CARD-0656,Supply Chain,Transport and Distribution,MISSING_CALCULATION_METHOD,DISPLAY_ONLY,OPEN,No calculation / evidence-logic text in Consolidate.
GAP-0300,INIT-0164,Reduce emissions from delivery and distribution by improving fleet efficiency during and after the journey,CEF-0164,CARD-0656,Supply Chain,Transport and Distribution,MISSING_EVIDENCE,DISPLAY_ONLY,OPEN,No source URL in the card evidence-link cell.
GAP-0301,INIT-0165,Reduce emissions from delivery and distribution by engaging with suppliers,,,Supply Chain,Transport and Distribution,MISSING_CASE,DISPLAY_ONLY,OPEN,No case narrative or case source URL in Consolidate.
GAP-0302,INIT-0165,Reduce emissions from delivery and distribution by engaging with suppliers,CCF-0165,CARD-0657,Supply Chain,Transport and Distribution,MISSING_DISPLAY_VALUE,DISPLAY_ONLY,OPEN,Consolidate value cell is empty. Left empty on purpose.
GAP-0303,INIT-0165,Reduce emissions from delivery and distribution by engaging with suppliers,CCF-0165,CARD-0657,Supply Chain,Transport and Distribution,MISSING_CALCULATION_METHOD,DISPLAY_ONLY,OPEN,No calculation / evidence-logic text in Consolidate.
GAP-0304,INIT-0165,Reduce emissions from delivery and distribution by engaging with suppliers,CCF-0165,CARD-0657,Supply Chain,Transport and Distribution,MISSING_EVIDENCE,DISPLAY_ONLY,OPEN,No source URL in the card evidence-link cell.
GAP-0305,INIT-0165,Reduce emissions from delivery and distribution by engaging with suppliers,CPF-0165,CARD-0658,Supply Chain,Transport and Distribution,MISSING_DISPLAY_VALUE,DISPLAY_ONLY,OPEN,Consolidate value cell is empty. Left empty on purpose.
GAP-0306,INIT-0165,Reduce emissions from delivery and distribution by engaging with suppliers,CPF-0165,CARD-0658,Supply Chain,Transport and Distribution,MISSING_CALCULATION_METHOD,DISPLAY_ONLY,OPEN,No calculation / evidence-logic text in Consolidate.
GAP-0307,INIT-0165,Reduce emissions from delivery and distribution by engaging with suppliers,CPF-0165,CARD-0658,Supply Chain,Transport and Distribution,MISSING_EVIDENCE,DISPLAY_ONLY,OPEN,No source URL in the card evidence-link cell.
GAP-0308,INIT-0165,Reduce emissions from delivery and distribution by engaging with suppliers,CTF-0165,CARD-0659,Supply Chain,Transport and Distribution,MISSING_DISPLAY_VALUE,DISPLAY_ONLY,OPEN,Consolidate value cell is empty. Left empty on purpose.
GAP-0309,INIT-0165,Reduce emissions from delivery and distribution by engaging with suppliers,CTF-0165,CARD-0659,Supply Chain,Transport and Distribution,MISSING_CALCULATION_METHOD,DISPLAY_ONLY,OPEN,No calculation / evidence-logic text in Consolidate.
GAP-0310,INIT-0165,Reduce emissions from delivery and distribution by engaging with suppliers,CTF-0165,CARD-0659,Supply Chain,Transport and Distribution,MISSING_EVIDENCE,DISPLAY_ONLY,OPEN,No source URL in the card evidence-link cell.
GAP-0311,INIT-0165,Reduce emissions from delivery and distribution by engaging with suppliers,CEF-0165,CARD-0660,Supply Chain,Transport and Distribution,MISSING_DISPLAY_VALUE,DISPLAY_ONLY,OPEN,Consolidate value cell is empty. Left empty on purpose.
GAP-0312,INIT-0165,Reduce emissions from delivery and distribution by engaging with suppliers,CEF-0165,CARD-0660,Supply Chain,Transport and Distribution,MISSING_CALCULATION_METHOD,DISPLAY_ONLY,OPEN,No calculation / evidence-logic text in Consolidate.
GAP-0313,INIT-0165,Reduce emissions from delivery and distribution by engaging with suppliers,CEF-0165,CARD-0660,Supply Chain,Transport and Distribution,MISSING_EVIDENCE,DISPLAY_ONLY,OPEN,No source URL in the card evidence-link cell.
GAP-0314,INIT-0166,Reduce emissions from customer delivery,,,Supply Chain,Transport and Distribution,MISSING_CASE,DISPLAY_ONLY,OPEN,No case narrative or case source URL in Consolidate.
GAP-0315,INIT-0166,Reduce emissions from customer delivery,CCF-0166,CARD-0661,Supply Chain,Transport and Distribution,MISSING_DISPLAY_VALUE,DISPLAY_ONLY,OPEN,Consolidate value cell is empty. Left empty on purpose.
GAP-0316,INIT-0166,Reduce emissions from customer delivery,CCF-0166,CARD-0661,Supply Chain,Transport and Distribution,MISSING_CALCULATION_METHOD,DISPLAY_ONLY,OPEN,No calculation / evidence-logic text in Consolidate.
GAP-0317,INIT-0166,Reduce emissions from customer delivery,CCF-0166,CARD-0661,Supply Chain,Transport and Distribution,MISSING_EVIDENCE,DISPLAY_ONLY,OPEN,No source URL in the card evidence-link cell.
GAP-0318,INIT-0166,Reduce emissions from customer delivery,CPF-0166,CARD-0662,Supply Chain,Transport and Distribution,MISSING_DISPLAY_VALUE,DISPLAY_ONLY,OPEN,Consolidate value cell is empty. Left empty on purpose.
GAP-0319,INIT-0166,Reduce emissions from customer delivery,CPF-0166,CARD-0662,Supply Chain,Transport and Distribution,MISSING_CALCULATION_METHOD,DISPLAY_ONLY,OPEN,No calculation / evidence-logic text in Consolidate.
GAP-0320,INIT-0166,Reduce emissions from customer delivery,CPF-0166,CARD-0662,Supply Chain,Transport and Distribution,MISSING_EVIDENCE,DISPLAY_ONLY,OPEN,No source URL in the card evidence-link cell.
GAP-0321,INIT-0166,Reduce emissions from customer delivery,CTF-0166,CARD-0663,Supply Chain,Transport and Distribution,MISSING_DISPLAY_VALUE,DISPLAY_ONLY,OPEN,Consolidate value cell is empty. Left empty on purpose.
GAP-0322,INIT-0166,Reduce emissions from customer delivery,CTF-0166,CARD-0663,Supply Chain,Transport and Distribution,MISSING_CALCULATION_METHOD,DISPLAY_ONLY,OPEN,No calculation / evidence-logic text in Consolidate.
GAP-0323,INIT-0166,Reduce emissions from customer delivery,CTF-0166,CARD-0663,Supply Chain,Transport and Distribution,MISSING_EVIDENCE,DISPLAY_ONLY,OPEN,No source URL in the card evidence-link cell.
GAP-0324,INIT-0166,Reduce emissions from customer delivery,CEF-0166,CARD-0664,Supply Chain,Transport and Distribution,MISSING_DISPLAY_VALUE,DISPLAY_ONLY,OPEN,Consolidate value cell is empty. Left empty on purpose.
GAP-0325,INIT-0166,Reduce emissions from customer delivery,CEF-0166,CARD-0664,Supply Chain,Transport and Distribution,MISSING_CALCULATION_METHOD,DISPLAY_ONLY,OPEN,No calculation / evidence-logic text in Consolidate.
GAP-0326,INIT-0166,Reduce emissions from customer delivery,CEF-0166,CARD-0664,Supply Chain,Transport and Distribution,MISSING_EVIDENCE,DISPLAY_ONLY,OPEN,No source URL in the card evidence-link cell.
GAP-0327,INIT-0167,Install EV Charging Infrastructure at Depots and Distribution Hubs,,,Supply Chain,Transport and Distribution,MISSING_CASE,DISPLAY_ONLY,OPEN,No case narrative or case source URL in Consolidate.
GAP-0328,INIT-0167,Install EV Charging Infrastructure at Depots and Distribution Hubs,CCF-0167,CARD-0665,Supply Chain,Transport and Distribution,MISSING_DISPLAY_VALUE,DISPLAY_ONLY,OPEN,Consolidate value cell is empty. Left empty on purpose.
GAP-0329,INIT-0167,Install EV Charging Infrastructure at Depots and Distribution Hubs,CCF-0167,CARD-0665,Supply Chain,Transport and Distribution,MISSING_CALCULATION_METHOD,DISPLAY_ONLY,OPEN,No calculation / evidence-logic text in Consolidate.
GAP-0330,INIT-0167,Install EV Charging Infrastructure at Depots and Distribution Hubs,CCF-0167,CARD-0665,Supply Chain,Transport and Distribution,MISSING_EVIDENCE,DISPLAY_ONLY,OPEN,No source URL in the card evidence-link cell.
GAP-0331,INIT-0167,Install EV Charging Infrastructure at Depots and Distribution Hubs,CPF-0167,CARD-0666,Supply Chain,Transport and Distribution,MISSING_DISPLAY_VALUE,DISPLAY_ONLY,OPEN,Consolidate value cell is empty. Left empty on purpose.
GAP-0332,INIT-0167,Install EV Charging Infrastructure at Depots and Distribution Hubs,CPF-0167,CARD-0666,Supply Chain,Transport and Distribution,MISSING_CALCULATION_METHOD,DISPLAY_ONLY,OPEN,No calculation / evidence-logic text in Consolidate.
GAP-0333,INIT-0167,Install EV Charging Infrastructure at Depots and Distribution Hubs,CPF-0167,CARD-0666,Supply Chain,Transport and Distribution,MISSING_EVIDENCE,DISPLAY_ONLY,OPEN,No source URL in the card evidence-link cell.
GAP-0334,INIT-0167,Install EV Charging Infrastructure at Depots and Distribution Hubs,CTF-0167,CARD-0667,Supply Chain,Transport and Distribution,MISSING_DISPLAY_VALUE,DISPLAY_ONLY,OPEN,Consolidate value cell is empty. Left empty on purpose.
GAP-0335,INIT-0167,Install EV Charging Infrastructure at Depots and Distribution Hubs,CTF-0167,CARD-0667,Supply Chain,Transport and Distribution,MISSING_CALCULATION_METHOD,DISPLAY_ONLY,OPEN,No calculation / evidence-logic text in Consolidate.
GAP-0336,INIT-0167,Install EV Charging Infrastructure at Depots and Distribution Hubs,CTF-0167,CARD-0667,Supply Chain,Transport and Distribution,MISSING_EVIDENCE,DISPLAY_ONLY,OPEN,No source URL in the card evidence-link cell.
GAP-0337,INIT-0167,Install EV Charging Infrastructure at Depots and Distribution Hubs,CEF-0167,CARD-0668,Supply Chain,Transport and Distribution,MISSING_DISPLAY_VALUE,DISPLAY_ONLY,OPEN,Consolidate value cell is empty. Left empty on purpose.
GAP-0338,INIT-0167,Install EV Charging Infrastructure at Depots and Distribution Hubs,CEF-0167,CARD-0668,Supply Chain,Transport and Distribution,MISSING_CALCULATION_METHOD,DISPLAY_ONLY,OPEN,No calculation / evidence-logic text in Consolidate.
GAP-0339,INIT-0167,Install EV Charging Infrastructure at Depots and Distribution Hubs,CEF-0167,CARD-0668,Supply Chain,Transport and Distribution,MISSING_EVIDENCE,DISPLAY_ONLY,OPEN,No source URL in the card evidence-link cell.
GAP-0340,INIT-0168,Install a filtered water system to avoid bottled water.,CCF-0168,CARD-0669,Nature & Resources,Water Management – Water,MISSING_DISPLAY_VALUE,DISPLAY_ONLY,OPEN,Consolidate value cell is empty. Left empty on purpose.
GAP-0341,INIT-0168,Install a filtered water system to avoid bottled water.,CCF-0168,CARD-0669,Nature & Resources,Water Management – Water,MISSING_CALCULATION_METHOD,DISPLAY_ONLY,OPEN,No calculation / evidence-logic text in Consolidate.
GAP-0342,INIT-0168,Install a filtered water system to avoid bottled water.,CCF-0168,CARD-0669,Nature & Resources,Water Management – Water,MISSING_EVIDENCE,DISPLAY_ONLY,OPEN,No source URL in the card evidence-link cell.
GAP-0343,INIT-0168,Install a filtered water system to avoid bottled water.,CPF-0168,CARD-0670,Nature & Resources,Water Management – Water,MISSING_DISPLAY_VALUE,DISPLAY_ONLY,OPEN,Consolidate value cell is empty. Left empty on purpose.
GAP-0344,INIT-0168,Install a filtered water system to avoid bottled water.,CPF-0168,CARD-0670,Nature & Resources,Water Management – Water,MISSING_CALCULATION_METHOD,DISPLAY_ONLY,OPEN,No calculation / evidence-logic text in Consolidate.
GAP-0345,INIT-0168,Install a filtered water system to avoid bottled water.,CPF-0168,CARD-0670,Nature & Resources,Water Management – Water,MISSING_EVIDENCE,DISPLAY_ONLY,OPEN,No source URL in the card evidence-link cell.
GAP-0346,INIT-0168,Install a filtered water system to avoid bottled water.,CTF-0168,CARD-0671,Nature & Resources,Water Management – Water,MISSING_DISPLAY_VALUE,DISPLAY_ONLY,OPEN,Consolidate value cell is empty. Left empty on purpose.
GAP-0347,INIT-0168,Install a filtered water system to avoid bottled water.,CTF-0168,CARD-0671,Nature & Resources,Water Management – Water,MISSING_CALCULATION_METHOD,DISPLAY_ONLY,OPEN,No calculation / evidence-logic text in Consolidate.
GAP-0348,INIT-0168,Install a filtered water system to avoid bottled water.,CTF-0168,CARD-0671,Nature & Resources,Water Management – Water,MISSING_EVIDENCE,DISPLAY_ONLY,OPEN,No source URL in the card evidence-link cell.
GAP-0349,INIT-0168,Install a filtered water system to avoid bottled water.,CEF-0168,CARD-0672,Nature & Resources,Water Management – Water,MISSING_DISPLAY_VALUE,DISPLAY_ONLY,OPEN,Consolidate value cell is empty. Left empty on purpose.
GAP-0350,INIT-0168,Install a filtered water system to avoid bottled water.,CEF-0168,CARD-0672,Nature & Resources,Water Management – Water,MISSING_CALCULATION_METHOD,DISPLAY_ONLY,OPEN,No calculation / evidence-logic text in Consolidate.
GAP-0351,INIT-0168,Install a filtered water system to avoid bottled water.,CEF-0168,CARD-0672,Nature & Resources,Water Management – Water,MISSING_EVIDENCE,DISPLAY_ONLY,OPEN,No source URL in the card evidence-link cell.
GAP-0352,INIT-0169,Procure water sustainably.,CCF-0169,CARD-0673,Nature & Resources,Water Management – Water,MISSING_DISPLAY_VALUE,DISPLAY_ONLY,OPEN,Consolidate value cell is empty. Left empty on purpose.
GAP-0353,INIT-0169,Procure water sustainably.,CCF-0169,CARD-0673,Nature & Resources,Water Management – Water,MISSING_CALCULATION_METHOD,DISPLAY_ONLY,OPEN,No calculation / evidence-logic text in Consolidate.
GAP-0354,INIT-0169,Procure water sustainably.,CCF-0169,CARD-0673,Nature & Resources,Water Management – Water,MISSING_EVIDENCE,DISPLAY_ONLY,OPEN,No source URL in the card evidence-link cell.
GAP-0355,INIT-0169,Procure water sustainably.,CPF-0169,CARD-0674,Nature & Resources,Water Management – Water,MISSING_DISPLAY_VALUE,DISPLAY_ONLY,OPEN,Consolidate value cell is empty. Left empty on purpose.
GAP-0356,INIT-0169,Procure water sustainably.,CPF-0169,CARD-0674,Nature & Resources,Water Management – Water,MISSING_CALCULATION_METHOD,DISPLAY_ONLY,OPEN,No calculation / evidence-logic text in Consolidate.
GAP-0357,INIT-0169,Procure water sustainably.,CPF-0169,CARD-0674,Nature & Resources,Water Management – Water,MISSING_EVIDENCE,DISPLAY_ONLY,OPEN,No source URL in the card evidence-link cell.
GAP-0358,INIT-0169,Procure water sustainably.,CTF-0169,CARD-0675,Nature & Resources,Water Management – Water,MISSING_DISPLAY_VALUE,DISPLAY_ONLY,OPEN,Consolidate value cell is empty. Left empty on purpose.
GAP-0359,INIT-0169,Procure water sustainably.,CTF-0169,CARD-0675,Nature & Resources,Water Management – Water,MISSING_CALCULATION_METHOD,DISPLAY_ONLY,OPEN,No calculation / evidence-logic text in Consolidate.
GAP-0360,INIT-0169,Procure water sustainably.,CTF-0169,CARD-0675,Nature & Resources,Water Management – Water,MISSING_EVIDENCE,DISPLAY_ONLY,OPEN,No source URL in the card evidence-link cell.
GAP-0361,INIT-0169,Procure water sustainably.,CEF-0169,CARD-0676,Nature & Resources,Water Management – Water,MISSING_DISPLAY_VALUE,DISPLAY_ONLY,OPEN,Consolidate value cell is empty. Left empty on purpose.
GAP-0362,INIT-0169,Procure water sustainably.,CEF-0169,CARD-0676,Nature & Resources,Water Management – Water,MISSING_CALCULATION_METHOD,DISPLAY_ONLY,OPEN,No calculation / evidence-logic text in Consolidate.
GAP-0363,INIT-0169,Procure water sustainably.,CEF-0169,CARD-0676,Nature & Resources,Water Management – Water,MISSING_EVIDENCE,DISPLAY_ONLY,OPEN,No source URL in the card evidence-link cell.
GAP-0364,INIT-0170,Publish a water reduction policy with targets for water-stressed regions,,,Nature & Resources,Water Management – Water,MISSING_CASE,DISPLAY_ONLY,OPEN,No case narrative or case source URL in Consolidate.
GAP-0365,INIT-0170,Publish a water reduction policy with targets for water-stressed regions,CCF-0170,CARD-0677,Nature & Resources,Water Management – Water,MISSING_DISPLAY_VALUE,DISPLAY_ONLY,OPEN,Consolidate value cell is empty. Left empty on purpose.
GAP-0366,INIT-0170,Publish a water reduction policy with targets for water-stressed regions,CCF-0170,CARD-0677,Nature & Resources,Water Management – Water,MISSING_CALCULATION_METHOD,DISPLAY_ONLY,OPEN,No calculation / evidence-logic text in Consolidate.
GAP-0367,INIT-0170,Publish a water reduction policy with targets for water-stressed regions,CCF-0170,CARD-0677,Nature & Resources,Water Management – Water,MISSING_EVIDENCE,DISPLAY_ONLY,OPEN,No source URL in the card evidence-link cell.
GAP-0368,INIT-0170,Publish a water reduction policy with targets for water-stressed regions,CPF-0170,CARD-0678,Nature & Resources,Water Management – Water,MISSING_DISPLAY_VALUE,DISPLAY_ONLY,OPEN,Consolidate value cell is empty. Left empty on purpose.
GAP-0369,INIT-0170,Publish a water reduction policy with targets for water-stressed regions,CPF-0170,CARD-0678,Nature & Resources,Water Management – Water,MISSING_CALCULATION_METHOD,DISPLAY_ONLY,OPEN,No calculation / evidence-logic text in Consolidate.
GAP-0370,INIT-0170,Publish a water reduction policy with targets for water-stressed regions,CPF-0170,CARD-0678,Nature & Resources,Water Management – Water,MISSING_EVIDENCE,DISPLAY_ONLY,OPEN,No source URL in the card evidence-link cell.
GAP-0371,INIT-0170,Publish a water reduction policy with targets for water-stressed regions,CTF-0170,CARD-0679,Nature & Resources,Water Management – Water,MISSING_DISPLAY_VALUE,DISPLAY_ONLY,OPEN,Consolidate value cell is empty. Left empty on purpose.
GAP-0372,INIT-0170,Publish a water reduction policy with targets for water-stressed regions,CTF-0170,CARD-0679,Nature & Resources,Water Management – Water,MISSING_CALCULATION_METHOD,DISPLAY_ONLY,OPEN,No calculation / evidence-logic text in Consolidate.
GAP-0373,INIT-0170,Publish a water reduction policy with targets for water-stressed regions,CTF-0170,CARD-0679,Nature & Resources,Water Management – Water,MISSING_EVIDENCE,DISPLAY_ONLY,OPEN,No source URL in the card evidence-link cell.
GAP-0374,INIT-0170,Publish a water reduction policy with targets for water-stressed regions,CEF-0170,CARD-0680,Nature & Resources,Water Management – Water,MISSING_DISPLAY_VALUE,DISPLAY_ONLY,OPEN,Consolidate value cell is empty. Left empty on purpose.
GAP-0375,INIT-0170,Publish a water reduction policy with targets for water-stressed regions,CEF-0170,CARD-0680,Nature & Resources,Water Management – Water,MISSING_CALCULATION_METHOD,DISPLAY_ONLY,OPEN,No calculation / evidence-logic text in Consolidate.
GAP-0376,INIT-0170,Publish a water reduction policy with targets for water-stressed regions,CEF-0170,CARD-0680,Nature & Resources,Water Management – Water,MISSING_EVIDENCE,DISPLAY_ONLY,OPEN,No source URL in the card evidence-link cell.
GAP-0377,INIT-0171,Recycle equipment at end-of-life,CCF-0171,CARD-0681,Nature & Resources,Waste & Circularity – Waste Management,MISSING_DISPLAY_VALUE,DISPLAY_ONLY,OPEN,Consolidate value cell is empty. Left empty on purpose.
GAP-0378,INIT-0171,Recycle equipment at end-of-life,CCF-0171,CARD-0681,Nature & Resources,Waste & Circularity – Waste Management,MISSING_CALCULATION_METHOD,DISPLAY_ONLY,OPEN,No calculation / evidence-logic text in Consolidate.
GAP-0379,INIT-0171,Recycle equipment at end-of-life,CCF-0171,CARD-0681,Nature & Resources,Waste & Circularity – Waste Management,MISSING_EVIDENCE,DISPLAY_ONLY,OPEN,No source URL in the card evidence-link cell.
GAP-0380,INIT-0171,Recycle equipment at end-of-life,CPF-0171,CARD-0682,Nature & Resources,Waste & Circularity – Waste Management,MISSING_DISPLAY_VALUE,DISPLAY_ONLY,OPEN,Consolidate value cell is empty. Left empty on purpose.
GAP-0381,INIT-0171,Recycle equipment at end-of-life,CPF-0171,CARD-0682,Nature & Resources,Waste & Circularity – Waste Management,MISSING_CALCULATION_METHOD,DISPLAY_ONLY,OPEN,No calculation / evidence-logic text in Consolidate.
GAP-0382,INIT-0171,Recycle equipment at end-of-life,CPF-0171,CARD-0682,Nature & Resources,Waste & Circularity – Waste Management,MISSING_EVIDENCE,DISPLAY_ONLY,OPEN,No source URL in the card evidence-link cell.
GAP-0383,INIT-0171,Recycle equipment at end-of-life,CTF-0171,CARD-0683,Nature & Resources,Waste & Circularity – Waste Management,MISSING_DISPLAY_VALUE,DISPLAY_ONLY,OPEN,Consolidate value cell is empty. Left empty on purpose.
GAP-0384,INIT-0171,Recycle equipment at end-of-life,CTF-0171,CARD-0683,Nature & Resources,Waste & Circularity – Waste Management,MISSING_CALCULATION_METHOD,DISPLAY_ONLY,OPEN,No calculation / evidence-logic text in Consolidate.
GAP-0385,INIT-0171,Recycle equipment at end-of-life,CTF-0171,CARD-0683,Nature & Resources,Waste & Circularity – Waste Management,MISSING_EVIDENCE,DISPLAY_ONLY,OPEN,No source URL in the card evidence-link cell.
GAP-0386,INIT-0171,Recycle equipment at end-of-life,CEF-0171,CARD-0684,Nature & Resources,Waste & Circularity – Waste Management,MISSING_DISPLAY_VALUE,DISPLAY_ONLY,OPEN,Consolidate value cell is empty. Left empty on purpose.
GAP-0387,INIT-0171,Recycle equipment at end-of-life,CEF-0171,CARD-0684,Nature & Resources,Waste & Circularity – Waste Management,MISSING_CALCULATION_METHOD,DISPLAY_ONLY,OPEN,No calculation / evidence-logic text in Consolidate.
GAP-0388,INIT-0171,Recycle equipment at end-of-life,CEF-0171,CARD-0684,Nature & Resources,Waste & Circularity – Waste Management,MISSING_EVIDENCE,DISPLAY_ONLY,OPEN,No source URL in the card evidence-link cell.
GAP-0389,INIT-0172,Promote takeaway options for unfinished food,CCF-0172,CARD-0685,Nature & Resources,Waste & Circularity – Waste Management,MISSING_DISPLAY_VALUE,DISPLAY_ONLY,OPEN,Consolidate value cell is empty. Left empty on purpose.
GAP-0390,INIT-0172,Promote takeaway options for unfinished food,CCF-0172,CARD-0685,Nature & Resources,Waste & Circularity – Waste Management,MISSING_CALCULATION_METHOD,DISPLAY_ONLY,OPEN,No calculation / evidence-logic text in Consolidate.
GAP-0391,INIT-0172,Promote takeaway options for unfinished food,CCF-0172,CARD-0685,Nature & Resources,Waste & Circularity – Waste Management,MISSING_EVIDENCE,DISPLAY_ONLY,OPEN,No source URL in the card evidence-link cell.
GAP-0392,INIT-0172,Promote takeaway options for unfinished food,CPF-0172,CARD-0686,Nature & Resources,Waste & Circularity – Waste Management,MISSING_DISPLAY_VALUE,DISPLAY_ONLY,OPEN,Consolidate value cell is empty. Left empty on purpose.
GAP-0393,INIT-0172,Promote takeaway options for unfinished food,CPF-0172,CARD-0686,Nature & Resources,Waste & Circularity – Waste Management,MISSING_CALCULATION_METHOD,DISPLAY_ONLY,OPEN,No calculation / evidence-logic text in Consolidate.
GAP-0394,INIT-0172,Promote takeaway options for unfinished food,CPF-0172,CARD-0686,Nature & Resources,Waste & Circularity – Waste Management,MISSING_EVIDENCE,DISPLAY_ONLY,OPEN,No source URL in the card evidence-link cell.
GAP-0395,INIT-0172,Promote takeaway options for unfinished food,CTF-0172,CARD-0687,Nature & Resources,Waste & Circularity – Waste Management,MISSING_DISPLAY_VALUE,DISPLAY_ONLY,OPEN,Consolidate value cell is empty. Left empty on purpose.
GAP-0396,INIT-0172,Promote takeaway options for unfinished food,CTF-0172,CARD-0687,Nature & Resources,Waste & Circularity – Waste Management,MISSING_CALCULATION_METHOD,DISPLAY_ONLY,OPEN,No calculation / evidence-logic text in Consolidate.
GAP-0397,INIT-0172,Promote takeaway options for unfinished food,CTF-0172,CARD-0687,Nature & Resources,Waste & Circularity – Waste Management,MISSING_EVIDENCE,DISPLAY_ONLY,OPEN,No source URL in the card evidence-link cell.
GAP-0398,INIT-0172,Promote takeaway options for unfinished food,CEF-0172,CARD-0688,Nature & Resources,Waste & Circularity – Waste Management,MISSING_DISPLAY_VALUE,DISPLAY_ONLY,OPEN,Consolidate value cell is empty. Left empty on purpose.
GAP-0399,INIT-0172,Promote takeaway options for unfinished food,CEF-0172,CARD-0688,Nature & Resources,Waste & Circularity – Waste Management,MISSING_CALCULATION_METHOD,DISPLAY_ONLY,OPEN,No calculation / evidence-logic text in Consolidate.
GAP-0400,INIT-0172,Promote takeaway options for unfinished food,CEF-0172,CARD-0688,Nature & Resources,Waste & Circularity – Waste Management,MISSING_EVIDENCE,DISPLAY_ONLY,OPEN,No source URL in the card evidence-link cell.
GAP-0401,INIT-0173,"Reduce active menu SKU count by a defined %, and measure the impact on food waste per cover over the following 90 days",CCF-0173,CARD-0689,Nature & Resources,Waste & Circularity – Waste Management,MISSING_DISPLAY_VALUE,DISPLAY_ONLY,OPEN,Consolidate value cell is empty. Left empty on purpose.
GAP-0402,INIT-0173,"Reduce active menu SKU count by a defined %, and measure the impact on food waste per cover over the following 90 days",CCF-0173,CARD-0689,Nature & Resources,Waste & Circularity – Waste Management,MISSING_CALCULATION_METHOD,DISPLAY_ONLY,OPEN,No calculation / evidence-logic text in Consolidate.
GAP-0403,INIT-0173,"Reduce active menu SKU count by a defined %, and measure the impact on food waste per cover over the following 90 days",CCF-0173,CARD-0689,Nature & Resources,Waste & Circularity – Waste Management,MISSING_EVIDENCE,DISPLAY_ONLY,OPEN,No source URL in the card evidence-link cell.
GAP-0404,INIT-0173,"Reduce active menu SKU count by a defined %, and measure the impact on food waste per cover over the following 90 days",CPF-0173,CARD-0690,Nature & Resources,Waste & Circularity – Waste Management,MISSING_DISPLAY_VALUE,DISPLAY_ONLY,OPEN,Consolidate value cell is empty. Left empty on purpose.
GAP-0405,INIT-0173,"Reduce active menu SKU count by a defined %, and measure the impact on food waste per cover over the following 90 days",CPF-0173,CARD-0690,Nature & Resources,Waste & Circularity – Waste Management,MISSING_CALCULATION_METHOD,DISPLAY_ONLY,OPEN,No calculation / evidence-logic text in Consolidate.
GAP-0406,INIT-0173,"Reduce active menu SKU count by a defined %, and measure the impact on food waste per cover over the following 90 days",CPF-0173,CARD-0690,Nature & Resources,Waste & Circularity – Waste Management,MISSING_EVIDENCE,DISPLAY_ONLY,OPEN,No source URL in the card evidence-link cell.
GAP-0407,INIT-0173,"Reduce active menu SKU count by a defined %, and measure the impact on food waste per cover over the following 90 days",CTF-0173,CARD-0691,Nature & Resources,Waste & Circularity – Waste Management,MISSING_DISPLAY_VALUE,DISPLAY_ONLY,OPEN,Consolidate value cell is empty. Left empty on purpose.
GAP-0408,INIT-0173,"Reduce active menu SKU count by a defined %, and measure the impact on food waste per cover over the following 90 days",CTF-0173,CARD-0691,Nature & Resources,Waste & Circularity – Waste Management,MISSING_CALCULATION_METHOD,DISPLAY_ONLY,OPEN,No calculation / evidence-logic text in Consolidate.
GAP-0409,INIT-0173,"Reduce active menu SKU count by a defined %, and measure the impact on food waste per cover over the following 90 days",CTF-0173,CARD-0691,Nature & Resources,Waste & Circularity – Waste Management,MISSING_EVIDENCE,DISPLAY_ONLY,OPEN,No source URL in the card evidence-link cell.
GAP-0410,INIT-0173,"Reduce active menu SKU count by a defined %, and measure the impact on food waste per cover over the following 90 days",CEF-0173,CARD-0692,Nature & Resources,Waste & Circularity – Waste Management,MISSING_DISPLAY_VALUE,DISPLAY_ONLY,OPEN,Consolidate value cell is empty. Left empty on purpose.
GAP-0411,INIT-0173,"Reduce active menu SKU count by a defined %, and measure the impact on food waste per cover over the following 90 days",CEF-0173,CARD-0692,Nature & Resources,Waste & Circularity – Waste Management,MISSING_CALCULATION_METHOD,DISPLAY_ONLY,OPEN,No calculation / evidence-logic text in Consolidate.
GAP-0412,INIT-0173,"Reduce active menu SKU count by a defined %, and measure the impact on food waste per cover over the following 90 days",CEF-0173,CARD-0692,Nature & Resources,Waste & Circularity – Waste Management,MISSING_EVIDENCE,DISPLAY_ONLY,OPEN,No source URL in the card evidence-link cell.
GAP-0413,INIT-0174,Responsibly dispose off or donate furniture and fittings at end-of-life,CCF-0174,CARD-0693,Nature & Resources,Waste & Circularity – Waste Management,MISSING_DISPLAY_VALUE,DISPLAY_ONLY,OPEN,Consolidate value cell is empty. Left empty on purpose.
GAP-0414,INIT-0174,Responsibly dispose off or donate furniture and fittings at end-of-life,CCF-0174,CARD-0693,Nature & Resources,Waste & Circularity – Waste Management,MISSING_CALCULATION_METHOD,DISPLAY_ONLY,OPEN,No calculation / evidence-logic text in Consolidate.
GAP-0415,INIT-0174,Responsibly dispose off or donate furniture and fittings at end-of-life,CCF-0174,CARD-0693,Nature & Resources,Waste & Circularity – Waste Management,MISSING_EVIDENCE,DISPLAY_ONLY,OPEN,No source URL in the card evidence-link cell.
GAP-0416,INIT-0174,Responsibly dispose off or donate furniture and fittings at end-of-life,CPF-0174,CARD-0694,Nature & Resources,Waste & Circularity – Waste Management,MISSING_DISPLAY_VALUE,DISPLAY_ONLY,OPEN,Consolidate value cell is empty. Left empty on purpose.
GAP-0417,INIT-0174,Responsibly dispose off or donate furniture and fittings at end-of-life,CPF-0174,CARD-0694,Nature & Resources,Waste & Circularity – Waste Management,MISSING_CALCULATION_METHOD,DISPLAY_ONLY,OPEN,No calculation / evidence-logic text in Consolidate.
GAP-0418,INIT-0174,Responsibly dispose off or donate furniture and fittings at end-of-life,CPF-0174,CARD-0694,Nature & Resources,Waste & Circularity – Waste Management,MISSING_EVIDENCE,DISPLAY_ONLY,OPEN,No source URL in the card evidence-link cell.
GAP-0419,INIT-0174,Responsibly dispose off or donate furniture and fittings at end-of-life,CTF-0174,CARD-0695,Nature & Resources,Waste & Circularity – Waste Management,MISSING_DISPLAY_VALUE,DISPLAY_ONLY,OPEN,Consolidate value cell is empty. Left empty on purpose.
GAP-0420,INIT-0174,Responsibly dispose off or donate furniture and fittings at end-of-life,CTF-0174,CARD-0695,Nature & Resources,Waste & Circularity – Waste Management,MISSING_CALCULATION_METHOD,DISPLAY_ONLY,OPEN,No calculation / evidence-logic text in Consolidate.
GAP-0421,INIT-0174,Responsibly dispose off or donate furniture and fittings at end-of-life,CTF-0174,CARD-0695,Nature & Resources,Waste & Circularity – Waste Management,MISSING_EVIDENCE,DISPLAY_ONLY,OPEN,No source URL in the card evidence-link cell.
GAP-0422,INIT-0174,Responsibly dispose off or donate furniture and fittings at end-of-life,CEF-0174,CARD-0696,Nature & Resources,Waste & Circularity – Waste Management,MISSING_DISPLAY_VALUE,DISPLAY_ONLY,OPEN,Consolidate value cell is empty. Left empty on purpose.
GAP-0423,INIT-0174,Responsibly dispose off or donate furniture and fittings at end-of-life,CEF-0174,CARD-0696,Nature & Resources,Waste & Circularity – Waste Management,MISSING_CALCULATION_METHOD,DISPLAY_ONLY,OPEN,No calculation / evidence-logic text in Consolidate.
GAP-0424,INIT-0174,Responsibly dispose off or donate furniture and fittings at end-of-life,CEF-0174,CARD-0696,Nature & Resources,Waste & Circularity – Waste Management,MISSING_EVIDENCE,DISPLAY_ONLY,OPEN,No source URL in the card evidence-link cell.
GAP-0425,INIT-0175,Deploy [named technology] to monitor [named waste stream] and use data to reduce [waste type] by [target %] within 12 months,CCF-0175,CARD-0697,Nature & Resources,Waste & Circularity – Waste Management,MISSING_DISPLAY_VALUE,DISPLAY_ONLY,OPEN,Consolidate value cell is empty. Left empty on purpose.
GAP-0426,INIT-0175,Deploy [named technology] to monitor [named waste stream] and use data to reduce [waste type] by [target %] within 12 months,CCF-0175,CARD-0697,Nature & Resources,Waste & Circularity – Waste Management,MISSING_CALCULATION_METHOD,DISPLAY_ONLY,OPEN,No calculation / evidence-logic text in Consolidate.
GAP-0427,INIT-0175,Deploy [named technology] to monitor [named waste stream] and use data to reduce [waste type] by [target %] within 12 months,CCF-0175,CARD-0697,Nature & Resources,Waste & Circularity – Waste Management,MISSING_EVIDENCE,DISPLAY_ONLY,OPEN,No source URL in the card evidence-link cell.
GAP-0428,INIT-0175,Deploy [named technology] to monitor [named waste stream] and use data to reduce [waste type] by [target %] within 12 months,CPF-0175,CARD-0698,Nature & Resources,Waste & Circularity – Waste Management,MISSING_DISPLAY_VALUE,DISPLAY_ONLY,OPEN,Consolidate value cell is empty. Left empty on purpose.
GAP-0429,INIT-0175,Deploy [named technology] to monitor [named waste stream] and use data to reduce [waste type] by [target %] within 12 months,CPF-0175,CARD-0698,Nature & Resources,Waste & Circularity – Waste Management,MISSING_CALCULATION_METHOD,DISPLAY_ONLY,OPEN,No calculation / evidence-logic text in Consolidate.
GAP-0430,INIT-0175,Deploy [named technology] to monitor [named waste stream] and use data to reduce [waste type] by [target %] within 12 months,CPF-0175,CARD-0698,Nature & Resources,Waste & Circularity – Waste Management,MISSING_EVIDENCE,DISPLAY_ONLY,OPEN,No source URL in the card evidence-link cell.
GAP-0431,INIT-0175,Deploy [named technology] to monitor [named waste stream] and use data to reduce [waste type] by [target %] within 12 months,CTF-0175,CARD-0699,Nature & Resources,Waste & Circularity – Waste Management,MISSING_DISPLAY_VALUE,DISPLAY_ONLY,OPEN,Consolidate value cell is empty. Left empty on purpose.
GAP-0432,INIT-0175,Deploy [named technology] to monitor [named waste stream] and use data to reduce [waste type] by [target %] within 12 months,CTF-0175,CARD-0699,Nature & Resources,Waste & Circularity – Waste Management,MISSING_CALCULATION_METHOD,DISPLAY_ONLY,OPEN,No calculation / evidence-logic text in Consolidate.
GAP-0433,INIT-0175,Deploy [named technology] to monitor [named waste stream] and use data to reduce [waste type] by [target %] within 12 months,CTF-0175,CARD-0699,Nature & Resources,Waste & Circularity – Waste Management,MISSING_EVIDENCE,DISPLAY_ONLY,OPEN,No source URL in the card evidence-link cell.
GAP-0434,INIT-0175,Deploy [named technology] to monitor [named waste stream] and use data to reduce [waste type] by [target %] within 12 months,CEF-0175,CARD-0700,Nature & Resources,Waste & Circularity – Waste Management,MISSING_DISPLAY_VALUE,DISPLAY_ONLY,OPEN,Consolidate value cell is empty. Left empty on purpose.
GAP-0435,INIT-0175,Deploy [named technology] to monitor [named waste stream] and use data to reduce [waste type] by [target %] within 12 months,CEF-0175,CARD-0700,Nature & Resources,Waste & Circularity – Waste Management,MISSING_CALCULATION_METHOD,DISPLAY_ONLY,OPEN,No calculation / evidence-logic text in Consolidate.
GAP-0436,INIT-0175,Deploy [named technology] to monitor [named waste stream] and use data to reduce [waste type] by [target %] within 12 months,CEF-0175,CARD-0700,Nature & Resources,Waste & Circularity – Waste Management,MISSING_EVIDENCE,DISPLAY_ONLY,OPEN,No source URL in the card evidence-link cell.
GAP-0437,INIT-0176,Join the plastics pact,,,Nature & Resources,Waste & Circularity – Packaging,MISSING_CASE,DISPLAY_ONLY,OPEN,No case narrative or case source URL in Consolidate.
GAP-0438,INIT-0176,Join the plastics pact,CCF-0176,CARD-0701,Nature & Resources,Waste & Circularity – Packaging,MISSING_DISPLAY_VALUE,DISPLAY_ONLY,OPEN,Consolidate value cell is empty. Left empty on purpose.
GAP-0439,INIT-0176,Join the plastics pact,CCF-0176,CARD-0701,Nature & Resources,Waste & Circularity – Packaging,MISSING_CALCULATION_METHOD,DISPLAY_ONLY,OPEN,No calculation / evidence-logic text in Consolidate.
GAP-0440,INIT-0176,Join the plastics pact,CCF-0176,CARD-0701,Nature & Resources,Waste & Circularity – Packaging,MISSING_EVIDENCE,DISPLAY_ONLY,OPEN,No source URL in the card evidence-link cell.
GAP-0441,INIT-0176,Join the plastics pact,CPF-0176,CARD-0702,Nature & Resources,Waste & Circularity – Packaging,MISSING_DISPLAY_VALUE,DISPLAY_ONLY,OPEN,Consolidate value cell is empty. Left empty on purpose.
GAP-0442,INIT-0176,Join the plastics pact,CPF-0176,CARD-0702,Nature & Resources,Waste & Circularity – Packaging,MISSING_CALCULATION_METHOD,DISPLAY_ONLY,OPEN,No calculation / evidence-logic text in Consolidate.
GAP-0443,INIT-0176,Join the plastics pact,CPF-0176,CARD-0702,Nature & Resources,Waste & Circularity – Packaging,MISSING_EVIDENCE,DISPLAY_ONLY,OPEN,No source URL in the card evidence-link cell.
GAP-0444,INIT-0176,Join the plastics pact,CTF-0176,CARD-0703,Nature & Resources,Waste & Circularity – Packaging,MISSING_DISPLAY_VALUE,DISPLAY_ONLY,OPEN,Consolidate value cell is empty. Left empty on purpose.
GAP-0445,INIT-0176,Join the plastics pact,CTF-0176,CARD-0703,Nature & Resources,Waste & Circularity – Packaging,MISSING_CALCULATION_METHOD,DISPLAY_ONLY,OPEN,No calculation / evidence-logic text in Consolidate.
GAP-0446,INIT-0176,Join the plastics pact,CTF-0176,CARD-0703,Nature & Resources,Waste & Circularity – Packaging,MISSING_EVIDENCE,DISPLAY_ONLY,OPEN,No source URL in the card evidence-link cell.
GAP-0447,INIT-0176,Join the plastics pact,CEF-0176,CARD-0704,Nature & Resources,Waste & Circularity – Packaging,MISSING_DISPLAY_VALUE,DISPLAY_ONLY,OPEN,Consolidate value cell is empty. Left empty on purpose.
GAP-0448,INIT-0176,Join the plastics pact,CEF-0176,CARD-0704,Nature & Resources,Waste & Circularity – Packaging,MISSING_CALCULATION_METHOD,DISPLAY_ONLY,OPEN,No calculation / evidence-logic text in Consolidate.
GAP-0449,INIT-0176,Join the plastics pact,CEF-0176,CARD-0704,Nature & Resources,Waste & Circularity – Packaging,MISSING_EVIDENCE,DISPLAY_ONLY,OPEN,No source URL in the card evidence-link cell.
GAP-0450,INIT-0177,"Design for reusability, removing single-use items and therefore reducing overall waste produced",CCF-0177,CARD-0705,Nature & Resources,Waste & Circularity – Packaging,MISSING_DISPLAY_VALUE,DISPLAY_ONLY,OPEN,Consolidate value cell is empty. Left empty on purpose.
GAP-0451,INIT-0177,"Design for reusability, removing single-use items and therefore reducing overall waste produced",CCF-0177,CARD-0705,Nature & Resources,Waste & Circularity – Packaging,MISSING_CALCULATION_METHOD,DISPLAY_ONLY,OPEN,No calculation / evidence-logic text in Consolidate.
GAP-0452,INIT-0177,"Design for reusability, removing single-use items and therefore reducing overall waste produced",CCF-0177,CARD-0705,Nature & Resources,Waste & Circularity – Packaging,MISSING_EVIDENCE,DISPLAY_ONLY,OPEN,No source URL in the card evidence-link cell.
GAP-0453,INIT-0177,"Design for reusability, removing single-use items and therefore reducing overall waste produced",CPF-0177,CARD-0706,Nature & Resources,Waste & Circularity – Packaging,MISSING_DISPLAY_VALUE,DISPLAY_ONLY,OPEN,Consolidate value cell is empty. Left empty on purpose.
GAP-0454,INIT-0177,"Design for reusability, removing single-use items and therefore reducing overall waste produced",CPF-0177,CARD-0706,Nature & Resources,Waste & Circularity – Packaging,MISSING_CALCULATION_METHOD,DISPLAY_ONLY,OPEN,No calculation / evidence-logic text in Consolidate.
GAP-0455,INIT-0177,"Design for reusability, removing single-use items and therefore reducing overall waste produced",CPF-0177,CARD-0706,Nature & Resources,Waste & Circularity – Packaging,MISSING_EVIDENCE,DISPLAY_ONLY,OPEN,No source URL in the card evidence-link cell.
GAP-0456,INIT-0177,"Design for reusability, removing single-use items and therefore reducing overall waste produced",CTF-0177,CARD-0707,Nature & Resources,Waste & Circularity – Packaging,MISSING_DISPLAY_VALUE,DISPLAY_ONLY,OPEN,Consolidate value cell is empty. Left empty on purpose.
GAP-0457,INIT-0177,"Design for reusability, removing single-use items and therefore reducing overall waste produced",CTF-0177,CARD-0707,Nature & Resources,Waste & Circularity – Packaging,MISSING_CALCULATION_METHOD,DISPLAY_ONLY,OPEN,No calculation / evidence-logic text in Consolidate.
GAP-0458,INIT-0177,"Design for reusability, removing single-use items and therefore reducing overall waste produced",CTF-0177,CARD-0707,Nature & Resources,Waste & Circularity – Packaging,MISSING_EVIDENCE,DISPLAY_ONLY,OPEN,No source URL in the card evidence-link cell.
GAP-0459,INIT-0177,"Design for reusability, removing single-use items and therefore reducing overall waste produced",CEF-0177,CARD-0708,Nature & Resources,Waste & Circularity – Packaging,MISSING_DISPLAY_VALUE,DISPLAY_ONLY,OPEN,Consolidate value cell is empty. Left empty on purpose.
GAP-0460,INIT-0177,"Design for reusability, removing single-use items and therefore reducing overall waste produced",CEF-0177,CARD-0708,Nature & Resources,Waste & Circularity – Packaging,MISSING_CALCULATION_METHOD,DISPLAY_ONLY,OPEN,No calculation / evidence-logic text in Consolidate.
GAP-0461,INIT-0177,"Design for reusability, removing single-use items and therefore reducing overall waste produced",CEF-0177,CARD-0708,Nature & Resources,Waste & Circularity – Packaging,MISSING_EVIDENCE,DISPLAY_ONLY,OPEN,No source URL in the card evidence-link cell.
GAP-0462,INIT-0178,Install an anaerobic digestion plant to recover biogas,CCF-0178,CARD-0709,Nature & Resources,Waste & Circularity – Brewing,MISSING_DISPLAY_VALUE,DISPLAY_ONLY,OPEN,Consolidate value cell is empty. Left empty on purpose.
GAP-0463,INIT-0178,Install an anaerobic digestion plant to recover biogas,CCF-0178,CARD-0709,Nature & Resources,Waste & Circularity – Brewing,MISSING_CALCULATION_METHOD,DISPLAY_ONLY,OPEN,No calculation / evidence-logic text in Consolidate.
GAP-0464,INIT-0178,Install an anaerobic digestion plant to recover biogas,CCF-0178,CARD-0709,Nature & Resources,Waste & Circularity – Brewing,MISSING_EVIDENCE,DISPLAY_ONLY,OPEN,No source URL in the card evidence-link cell.
GAP-0465,INIT-0178,Install an anaerobic digestion plant to recover biogas,CPF-0178,CARD-0710,Nature & Resources,Waste & Circularity – Brewing,MISSING_DISPLAY_VALUE,DISPLAY_ONLY,OPEN,Consolidate value cell is empty. Left empty on purpose.
GAP-0466,INIT-0178,Install an anaerobic digestion plant to recover biogas,CPF-0178,CARD-0710,Nature & Resources,Waste & Circularity – Brewing,MISSING_CALCULATION_METHOD,DISPLAY_ONLY,OPEN,No calculation / evidence-logic text in Consolidate.
GAP-0467,INIT-0178,Install an anaerobic digestion plant to recover biogas,CPF-0178,CARD-0710,Nature & Resources,Waste & Circularity – Brewing,MISSING_EVIDENCE,DISPLAY_ONLY,OPEN,No source URL in the card evidence-link cell.
GAP-0468,INIT-0178,Install an anaerobic digestion plant to recover biogas,CTF-0178,CARD-0711,Nature & Resources,Waste & Circularity – Brewing,MISSING_DISPLAY_VALUE,DISPLAY_ONLY,OPEN,Consolidate value cell is empty. Left empty on purpose.
GAP-0469,INIT-0178,Install an anaerobic digestion plant to recover biogas,CTF-0178,CARD-0711,Nature & Resources,Waste & Circularity – Brewing,MISSING_CALCULATION_METHOD,DISPLAY_ONLY,OPEN,No calculation / evidence-logic text in Consolidate.
GAP-0470,INIT-0178,Install an anaerobic digestion plant to recover biogas,CTF-0178,CARD-0711,Nature & Resources,Waste & Circularity – Brewing,MISSING_EVIDENCE,DISPLAY_ONLY,OPEN,No source URL in the card evidence-link cell.
GAP-0471,INIT-0178,Install an anaerobic digestion plant to recover biogas,CEF-0178,CARD-0712,Nature & Resources,Waste & Circularity – Brewing,MISSING_DISPLAY_VALUE,DISPLAY_ONLY,OPEN,Consolidate value cell is empty. Left empty on purpose.
GAP-0472,INIT-0178,Install an anaerobic digestion plant to recover biogas,CEF-0178,CARD-0712,Nature & Resources,Waste & Circularity – Brewing,MISSING_CALCULATION_METHOD,DISPLAY_ONLY,OPEN,No calculation / evidence-logic text in Consolidate.
GAP-0473,INIT-0178,Install an anaerobic digestion plant to recover biogas,CEF-0178,CARD-0712,Nature & Resources,Waste & Circularity – Brewing,MISSING_EVIDENCE,DISPLAY_ONLY,OPEN,No source URL in the card evidence-link cell.
GAP-0474,INIT-0179,Minimise extract losses and product wastage,CCF-0179,CARD-0713,Nature & Resources,Waste & Circularity – Brewing,MISSING_DISPLAY_VALUE,DISPLAY_ONLY,OPEN,Consolidate value cell is empty. Left empty on purpose.
GAP-0475,INIT-0179,Minimise extract losses and product wastage,CCF-0179,CARD-0713,Nature & Resources,Waste & Circularity – Brewing,MISSING_CALCULATION_METHOD,DISPLAY_ONLY,OPEN,No calculation / evidence-logic text in Consolidate.
GAP-0476,INIT-0179,Minimise extract losses and product wastage,CCF-0179,CARD-0713,Nature & Resources,Waste & Circularity – Brewing,MISSING_EVIDENCE,DISPLAY_ONLY,OPEN,No source URL in the card evidence-link cell.
GAP-0477,INIT-0179,Minimise extract losses and product wastage,CPF-0179,CARD-0714,Nature & Resources,Waste & Circularity – Brewing,MISSING_DISPLAY_VALUE,DISPLAY_ONLY,OPEN,Consolidate value cell is empty. Left empty on purpose.
GAP-0478,INIT-0179,Minimise extract losses and product wastage,CPF-0179,CARD-0714,Nature & Resources,Waste & Circularity – Brewing,MISSING_CALCULATION_METHOD,DISPLAY_ONLY,OPEN,No calculation / evidence-logic text in Consolidate.
GAP-0479,INIT-0179,Minimise extract losses and product wastage,CPF-0179,CARD-0714,Nature & Resources,Waste & Circularity – Brewing,MISSING_EVIDENCE,DISPLAY_ONLY,OPEN,No source URL in the card evidence-link cell.
GAP-0480,INIT-0179,Minimise extract losses and product wastage,CTF-0179,CARD-0715,Nature & Resources,Waste & Circularity – Brewing,MISSING_DISPLAY_VALUE,DISPLAY_ONLY,OPEN,Consolidate value cell is empty. Left empty on purpose.
GAP-0481,INIT-0179,Minimise extract losses and product wastage,CTF-0179,CARD-0715,Nature & Resources,Waste & Circularity – Brewing,MISSING_CALCULATION_METHOD,DISPLAY_ONLY,OPEN,No calculation / evidence-logic text in Consolidate.
GAP-0482,INIT-0179,Minimise extract losses and product wastage,CTF-0179,CARD-0715,Nature & Resources,Waste & Circularity – Brewing,MISSING_EVIDENCE,DISPLAY_ONLY,OPEN,No source URL in the card evidence-link cell.
GAP-0483,INIT-0179,Minimise extract losses and product wastage,CEF-0179,CARD-0716,Nature & Resources,Waste & Circularity – Brewing,MISSING_DISPLAY_VALUE,DISPLAY_ONLY,OPEN,Consolidate value cell is empty. Left empty on purpose.
GAP-0484,INIT-0179,Minimise extract losses and product wastage,CEF-0179,CARD-0716,Nature & Resources,Waste & Circularity – Brewing,MISSING_CALCULATION_METHOD,DISPLAY_ONLY,OPEN,No calculation / evidence-logic text in Consolidate.
GAP-0485,INIT-0179,Minimise extract losses and product wastage,CEF-0179,CARD-0716,Nature & Resources,Waste & Circularity – Brewing,MISSING_EVIDENCE,DISPLAY_ONLY,OPEN,No source URL in the card evidence-link cell.
