Factor_ID,Card_ID,Factor_Name,Factor_Type,Factor_Family,Factor_Bank,Cost_Category,Outcome_Category,Cost_Boundary,Performance_Boundary,Technology_or_Scope,Published_Display_Value,Primary_Figure,Parallel_Figures,Value_Low,Value_Base,Value_High,Value_Parse_Note,Currency,Numerator_Unit,Denominator_Unit,Unit_Hint,Frequency,Performance_Basis,Time_Basis,Geography,Sector,Sector_Not_Included,Price_Year,Reference_Year,VAT_Basis,Primary_Evidence_ID,Evidence_Link_Count,Derivation_Method,Interface_Language,Applicability_Caveat,Selection_Group_ID,Selection_Rule,Scenario_Availability,Calc_Readiness,Factor_Status,Lifecycle_Status,Access_Classification,Factor_Availability,Version,Last_Reviewed,Source_Workbook,Source_Sheet,Source_Row
CTF-0001,CARD-0003,Adopt a net-zero buildings plan — Payback,timing,Energy & Buildings,Timing Factors,,Payback,,Calculate payback for a net-zero building plan as quoted implementation cost ÷ verified annual utility and maintenance savings.,Buildings & Refrigerants & Fugitive Emissions,,,,,,,Empty published value; numeric columns left blank.,,,,,,,,,"Restaurants, QSRs, Pubs/Bars/Breweries, Hotels, Experiential Leisure; Contract Caterers only where delegated asset/capital control is documented","Exclude sites where the operator does not control the relevant asset, utility, specification or capital decision.",,,,,0,,Calculate payback for a net-zero building plan as quoted implementation cost ÷ verified annual utility and maintenance savings.,"Exclude sites where the operator does not control the relevant asset, utility, specification or capital decision.",SG-INIT-0001,ALL_FOUR_SLOTS,DISPLAY_ONLY,display_only,ACTIVE,ACTIVE,PUBLIC,GAP,1.0,2026-08-18,Consolidate.xlsx,工作表1,2
CTF-0002,CARD-0007,Measure and verify building energy performance — ROI,timing,Energy & Buildings,Timing Factors,,ROI,,"Allow 9–12 months of performance data for the first annual M&V result, followed by annual reporting.",Buildings & Refrigerants & Fugitive Emissions,Option C whole-facility M&V: at least 9 months (preferably 12 months) of performance data for the first annual savings result; annual M&V reporting thereafter,Option C whole-facility M&V: at least 9 months (preferably 12 months) of performance data for the first annual savings result; annual M&V reporting thereafter,,,9,,Single published figure stored as Value_Base.,,,,Option C whole facility M&V: at least months (preferably months) of performance data for the first annual savings result; annual M&V reporting thereafter,annual,,annual,,"Restaurants, QSRs, Pubs/Bars/Breweries, Hotels, Contract Caterers, Experiential Leisure",Exclude sites without sufficient interval or billing data until a baseline can be established.,,,,CEVID-0003,1,First annual savings result = annualised from at least 9 months (preferably 12 months) of performance data; reporting interval = each performance year,"Allow 9–12 months of performance data for the first annual M&V result, followed by annual reporting.",Exclude sites without sufficient interval or billing data until a baseline can be established.,SG-INIT-0002,ALL_FOUR_SLOTS,DISPLAY_ONLY,display_only,ACTIVE,ACTIVE,PUBLIC,STANDARD,1.0,2026-08-18,Consolidate.xlsx,工作表1,3
CTF-0003,CARD-0011,Optimise and upgrade HVAC systems and controls — Payback,timing,Energy & Buildings,Timing Factors,,Payback,,"HVAC recommissioning has a cited simple payback of 0.8–3.5 years, with a 1.7-year median; a 400 kW high-efficiency chiller premium has a 2.2-year energy-only payback benchmark.",Buildings & Refrigerants & Fugitive Emissions,"Recommissioning: 0.8–3.5 years; median simple payback 1.7 years
High-efficiency chiller incremental premium: 2.2-year energy-only simple payback for a 400 kW benchmark",Recommissioning: 0.8–3.5 years; median simple payback 1.7 years,High-efficiency chiller incremental premium: 2.2-year energy-only simple payback for a 400 kW benchmark,0.8,,3.5,Range taken from the published display string. Value_Base left blank (no midpoint invented).,,,,Recommissioning: years; median simple payback years High efficiency chiller incremental premium: year energy only simple payback for a kW benchmark,,,year,,"Restaurants, QSRs, Pubs/Bars/Breweries, Hotels, Experiential Leisure; Contract Caterers only where delegated asset/capital control is documented","Exclude sites where the operator does not control the relevant asset, utility, specification or capital decision.",,,,CEVID-0012,3,"Recommissioning simple payback = project cost ÷ first-year energy cost saving; 25th percentile 0.8 years, median 1.7 years, 75th percentile 3.5 years; sample 656 projects
Chiller premium payback = £10,000 incremental capital cost ÷ £4,600 annual energy saving = 2.17 years ≈ 2.2 years","HVAC recommissioning has a cited simple payback of 0.8–3.5 years, with a 1.7-year median; a 400 kW high-efficiency chiller premium has a 2.2-year energy-only payback benchmark.","Exclude sites where the operator does not control the relevant asset, utility, specification or capital decision.",SG-INIT-0003,ALL_FOUR_SLOTS,DISPLAY_ONLY,display_only,ACTIVE,ACTIVE,PUBLIC,STANDARD,1.0,2026-08-18,Consolidate.xlsx,工作表1,4
CTF-0004,CARD-0015,Install smart draught beverage dispense systems — ROI,timing,Energy & Buildings,Timing Factors,,ROI,,"Adding Cellar Manager and Remote Manager costs £564 a year and produces £1,478 net annual benefit in HEINEKEN’s published examples, equivalent to 262% annual ROI.",Energy Management,"Annual service fees: £564 ex VAT; gross annual energy-cost saving: £2,042; net annual benefit: £1,478; annual ROI: 262%; assumed electricity price: £0.2929/kWh","Annual service fees: £564 ex VAT; gross annual energy-cost saving: £2,042; net annual benefit: £1,478; annual ROI: 262%; assumed electricity price: £0.2929/kWh",,,564,,Single published figure stored as Value_Base.,GBP,percent,kWh,Annual service fees: ex VAT; gross annual energy cost saving: ; net annual benefit: ; annual ROI: %; assumed electricity price: /kWh,annual,,annual,,"Pubs, bars and breweries; restaurants, hotels, experiential leisure and contract caterers operating draught beer or cider","Sites without draught beer or cider service, including most QSR; concession sites without control of dispense equipment",,,,CEVID-0018,2,"Annual fees = (£31 + £16) × 12 = £564. Gross annual saving = £1,529 + £513 = £2,042. Net annual benefit = £2,042 − £564 = £1,478. Annual ROI = £1,478 ÷ £564 = 262%. This combines two supplier worked examples at £0.2929/kWh and excludes wider product, water, chemical, labour and sales benefits.","Adding Cellar Manager and Remote Manager costs £564 a year and produces £1,478 net annual benefit in HEINEKEN’s published examples, equivalent to 262% annual ROI.","Sites without draught beer or cider service, including most QSR; concession sites without control of dispense equipment",SG-INIT-0004,ALL_FOUR_SLOTS,DISPLAY_ONLY,display_only,ACTIVE,ACTIVE,PUBLIC,STANDARD,1.0,2026-08-18,Consolidate.xlsx,工作表1,5
CTF-0005,CARD-0019,Install timer controls across eligible equipment — Payback,timing,Energy & Buildings,Timing Factors,,Payback,,Hospitality examples show timer investments paying back in under one month for a hotel whirlpool blower and 3.8 years for a restaurant hot-water boiler.,Buildings & Refrigerants & Fugitive Emissions,"Hotel whirlpool-blower run-back timer: payback under 1 month; The Folly hot-water timer audit summary: £68 cost, £18 annual saving and 3.8-year payback","Hotel whirlpool-blower run-back timer: payback under 1 month; The Folly hot-water timer audit summary: £68 cost, £18 annual saving and 3.8-year payback",,,1,,Single published figure stored as Value_Base.,GBP,money,,Hotel whirlpool blower run back timer: payback under month; The Folly hot water timer audit summary: cost annual saving and year payback,annual,,annual,,"Restaurants; QSR; pubs, bars and breweries; contract caterers with control of site equipment; hotels; experiential leisure","Life-safety, security and IT systems; food-storage refrigeration compressors without validated smart controls; 24/7 guest-critical loads; equipment without a safe shutdown sequence or asset-control rights",,,,CEVID-0028,2,"Simple payback = installed cost ÷ annual energy-cost saving. The Folly audit summary reports £68 ÷ £18/year = 3.8 years. The hotel guide reports a sub-one-month payback for a 15-minute wind-up timer. These benchmarks should not be applied to other loads without confirming installed cost, tariff, load and avoidable runtime.",Hospitality examples show timer investments paying back in under one month for a hotel whirlpool blower and 3.8 years for a restaurant hot-water boiler.,"Life-safety, security and IT systems; food-storage refrigeration compressors without validated smart controls; 24/7 guest-critical loads; equipment without a safe shutdown sequence or asset-control rights",SG-INIT-0005,ALL_FOUR_SLOTS,DISPLAY_ONLY,display_only,ACTIVE,ACTIVE,PUBLIC,STANDARD,1.0,2026-08-18,Consolidate.xlsx,工作表1,6
CTF-0006,CARD-0023,"Optimise fans and pumps with variable-speed drives, efficient motors and demand controls — Payback",timing,Energy & Buildings,Timing Factors,,Payback,,"The cited VSD building-pump retrofit paid back in 0.81 years, while the demand-controlled kitchen ventilation pub case paid back in 1.88 years.",Buildings & Refrigerants & Fugitive Emissions,"VSD building-pump retrofit: 0.81-year simple payback (approximately 9.8 months)
Demand-controlled kitchen ventilation pub case: 1.88-year simple payback",VSD building-pump retrofit: 0.81-year simple payback (approximately 9.8 months),Demand-controlled kitchen ventilation pub case: 1.88-year simple payback,,0.81,,Single published figure stored as Value_Base.,,,,VSD building pump retrofit: year simple payback (approximately months) Demand controlled kitchen ventilation pub case: year simple payback,,,month,,"Restaurants, QSRs, Pubs/Bars/Breweries, Hotels, Contract Caterers, Experiential Leisure; kitchen demand controls apply only where commercial kitchens and relevant asset/control rights exist","Fixed-speed or process-critical loads where compatibility, duty profile or run hours do not support variable control; sites without commercial kitchens for DCKV; sites where the operator cannot modify ventilation or motor controls.",,,,CEVID-0040,2,"VSD: £2,900 implementation cost ÷ £3,560 annual electricity saving = 0.815 years = 9.8 months
DCKV: £16,997 implied investment ÷ £9,041 annual saving = 1.88 years","The cited VSD building-pump retrofit paid back in 0.81 years, while the demand-controlled kitchen ventilation pub case paid back in 1.88 years.","Fixed-speed or process-critical loads where compatibility, duty profile or run hours do not support variable control; sites without commercial kitchens for DCKV; sites where the operator cannot modify ventilation or motor controls.",SG-INIT-0006,ALL_FOUR_SLOTS,DISPLAY_ONLY,display_only,ACTIVE,ACTIVE,PUBLIC,STANDARD,1.0,2026-08-18,Consolidate.xlsx,工作表1,7
CTF-0007,CARD-0027,"Recover and reuse waste heat from refrigeration, cooking or wastewater — Payback",timing,Energy & Buildings,Timing Factors,,Payback,,Recovering refrigeration heat had a gross payback above 2.9 years and a 2-year payback after a 30% grant.,Buildings & Refrigerants & Fugitive Emissions,Refrigeration heat recovery: >2.9-year gross simple payback from rounded case figures; 2-year reported payback after a 30% grant; general guidance 3–5 years,Refrigeration heat recovery: >2.9-year gross simple payback from rounded case figures; 2-year reported payback after a 30% grant; general guidance 3–5 years,,3,,5,Range taken from the published display string. Value_Base left blank (no midpoint invented).,,percent,,Refrigeration heat recovery: > year gross simple payback from rounded case figures; year reported payback after a % grant; general guidance years,,,year,,"Restaurants, QSRs, Pubs/Bars/Breweries, Hotels, Contract Caterers, Experiential Leisure","Sites without a stable heat source and coincident heat demand, or without asset/pipework control.",,,,CEVID-0048,2,"Gross: >£64,000 ÷ <£22,000/year = >2.9 years
After 30% grant: >£64,000 × 70% ÷ <£22,000/year = >2.0 years; the source reports a two-year payback using unrounded project figures",Recovering refrigeration heat had a gross payback above 2.9 years and a 2-year payback after a 30% grant.,"Sites without a stable heat source and coincident heat demand, or without asset/pipework control.",SG-INIT-0007,ALL_FOUR_SLOTS,DISPLAY_ONLY,display_only,ACTIVE,ACTIVE,PUBLIC,STANDARD,1.0,2026-08-18,Consolidate.xlsx,工作表1,8
CTF-0008,CARD-0031,Upgrade boiler burner controls and balance heat-distribution systems — Payback,timing,Energy & Buildings,Timing Factors,,Payback,,Upgrading boiler burner controls and balancing heat distribution had a 2-year payback.,Buildings & Refrigerants & Fugitive Emissions,2 years,2 years,,,2,,Single published figure stored as Value_Base.,,,,years,,,year,,"Restaurants, QSRs, Pubs/Bars/Breweries, Hotels, Experiential Leisure; Contract Caterers only where delegated asset/capital control is documented","Exclude sites where the operator does not control the relevant asset, utility, specification or capital decision.",,,,CEVID-0055,1,Reported ROI = 2 years,Upgrading boiler burner controls and balancing heat distribution had a 2-year payback.,"Exclude sites where the operator does not control the relevant asset, utility, specification or capital decision.",SG-INIT-0008,ALL_FOUR_SLOTS,DISPLAY_ONLY,display_only,ACTIVE,ACTIVE,PUBLIC,STANDARD,1.0,2026-08-18,Consolidate.xlsx,工作表1,9
CTF-0009,CARD-0035,"Upgrade domestic hot-water generation, storage and circulation controls — Payback",timing,Energy & Buildings,Timing Factors,,Payback,,Installing demand-based hot-water circulation controls had a 1.8–2.1-year payback in two measured hotel cases.,Buildings & Refrigerants & Fugitive Emissions,1.8–2.1-year simple payback in two fully measured hotel cases; 1.0 year estimated for a third hotel,1.8–2.1-year simple payback in two fully measured hotel cases; 1.0 year estimated for a third hotel,,1.8,,2.1,Range taken from the published display string. Value_Base left blank (no midpoint invented).,,,,year simple payback in two fully measured hotel cases; year estimated for a third hotel,,,year,,"Restaurants, QSRs, Pubs/Bars/Breweries, Hotels, Experiential Leisure; Contract Caterers only where delegated asset/capital control is documented","Exclude sites where the operator does not control the relevant asset, utility, specification or capital decision.",,,,CEVID-0062,1,"Measured hotel 1: £1,998 ÷ £952/year = 2.10 years
Measured hotel 2: £1,739 ÷ £988/year = 1.76 years ≈ 1.8 years
Third hotel: £1,453 ÷ £1,478/year = 0.98 years ≈ 1.0 year; annual saving was estimated, not measured",Installing demand-based hot-water circulation controls had a 1.8–2.1-year payback in two measured hotel cases.,"Exclude sites where the operator does not control the relevant asset, utility, specification or capital decision.",SG-INIT-0009,ALL_FOUR_SLOTS,DISPLAY_ONLY,display_only,ACTIVE,ACTIVE,PUBLIC,STANDARD,1.0,2026-08-18,Consolidate.xlsx,工作表1,10
CTF-0010,CARD-0039,"Automate shutdown of non-HVAC, non-lighting equipment outside operating hours — Payback",timing,Energy & Buildings,Timing Factors,,Payback,,Installing timers and automated shutdown controls has a cited payback of 0.7 years for kitchens; 4.1 years for miscellaneous devices.,Buildings & Refrigerants & Fugitive Emissions,0.7 years for kitchens; 4.1 years for miscellaneous devices,0.7 years for kitchens; 4.1 years for miscellaneous devices,,,0.7,,Single published figure stored as Value_Base.,,,,years for kitchens; years for miscellaneous devices,,,year,,"Restaurants, QSRs, Pubs/Bars/Breweries, Hotels, Contract Caterers, Experiential Leisure","Safety-critical, food-safety, refrigeration, life-safety or continuously required loads.",,,,CEVID-0068,1,Published simple-payback results for schedule-timer advanced power strips,Installing timers and automated shutdown controls has a cited payback of 0.7 years for kitchens; 4.1 years for miscellaneous devices.,"Safety-critical, food-safety, refrigeration, life-safety or continuously required loads.",SG-INIT-0010,ALL_FOUR_SLOTS,DISPLAY_ONLY,display_only,ACTIVE,ACTIVE,PUBLIC,STANDARD,1.0,2026-08-18,Consolidate.xlsx,工作表1,11
CTF-0011,CARD-0043,"Implement power management for small-power, IT and server-room equipment — Payback",timing,Energy & Buildings,Timing Factors,,Payback,,Calculate payback for computer and server power management as quoted implementation cost ÷ verified annual utility and maintenance savings.,Buildings & Refrigerants & Fugitive Emissions,Not calculable from published data,,,,,,Display text has no parseable number; numeric columns left blank.,,,,Not calculable from published data,,,,,"Hotels, larger Restaurants/QSRs, Pubs/Bars/Breweries, Contract Caterers and Experiential Leisure with material managed IT loads",Sites with only negligible or landlord-controlled IT loads.,,,,CEVID-0071,1,Implementation labour cost was not reported,Calculate payback for computer and server power management as quoted implementation cost ÷ verified annual utility and maintenance savings.,Sites with only negligible or landlord-controlled IT loads.,SG-INIT-0011,ALL_FOUR_SLOTS,DISPLAY_ONLY,display_only,ACTIVE,ACTIVE,PUBLIC,STANDARD,1.0,2026-08-18,Consolidate.xlsx,工作表1,12
CTF-0012,CARD-0047,Upgrade lift and escalator drives and controls — Payback,timing,Energy & Buildings,Timing Factors,,Payback,,Calculate payback for lift drive and control upgrades as quoted implementation cost ÷ verified annual utility and maintenance savings.,Buildings & Refrigerants & Fugitive Emissions,Site-specific,,,,,,Display text has no parseable number; numeric columns left blank.,,,,Site specific,,,,,"Hotels, Experiential Leisure and multi-storey hospitality sites with controlled lifts/escalators",Single-storey sites and landlord-controlled vertical transport.,,,,CEVID-0074,2,"£27,500 ÷ (baseline annual lift kWh × 56% × actual £/kWh)",Calculate payback for lift drive and control upgrades as quoted implementation cost ÷ verified annual utility and maintenance savings.,Single-storey sites and landlord-controlled vertical transport.,SG-INIT-0012,ALL_FOUR_SLOTS,DISPLAY_ONLY,display_only,ACTIVE,ACTIVE,PUBLIC,STANDARD,1.0,2026-08-18,Consolidate.xlsx,工作表1,13
CTF-0013,CARD-0051,"Optimise swimming-pool circulation, heating, covers and backwashing — Payback",timing,Energy & Buildings,Timing Factors,,Payback,,Installing variable-speed pool circulation and operating controls has a cited payback of 3.0 years typical; 1.11 years in Leicester case.,Buildings & Refrigerants & Fugitive Emissions,3.0 years typical; 1.11 years in Leicester case,3.0 years typical; 1.11 years in Leicester case,,,3,,Single published figure stored as Value_Base.,,,,years typical; years in Leicester case,,,year,,Hotels and Experiential Leisure with swimming pools,All sites without pools; landlord-controlled pool plant.,,,,CEVID-0080,2,"£3,000 ÷ £1,000/year = 3.0; £20,063 ÷ £18,000/year = 1.11",Installing variable-speed pool circulation and operating controls has a cited payback of 3.0 years typical; 1.11 years in Leicester case.,All sites without pools; landlord-controlled pool plant.,SG-INIT-0013,ALL_FOUR_SLOTS,DISPLAY_ONLY,display_only,ACTIVE,ACTIVE,PUBLIC,STANDARD,1.0,2026-08-18,Consolidate.xlsx,工作表1,14
CTF-0014,CARD-0055,Replace high-GWP refrigerants with lower-GWP alternatives during planned plant intervention — Payback,timing,Energy & Buildings,Timing Factors,,Payback,,Switching to lower-GWP refrigerants has a cited payback of <3 years simple payback.,Buildings & Refrigerants & Fugitive Emissions,<3 years simple payback,<3 years simple payback,,,3,,Single published figure stored as Value_Base.,,,,< years simple payback,,,year,,"Restaurants, QSRs, Pubs/Bars/Breweries, Hotels, Contract Caterers, Experiential Leisure","Equipment where the alternative is unsafe, unlawful or incompatible without full replacement.",,,,CEVID-0081,1,Published Sobeys transcritical-CO2 system result with heat reclaim,Switching to lower-GWP refrigerants has a cited payback of <3 years simple payback.,"Equipment where the alternative is unsafe, unlawful or incompatible without full replacement.",SG-INIT-0014,ALL_FOUR_SLOTS,DISPLAY_ONLY,display_only,ACTIVE,ACTIVE,PUBLIC,STANDARD,1.0,2026-08-18,Consolidate.xlsx,工作表1,15
CTF-0015,CARD-0059,Install refrigerant leak detection and implement rapid repair — Payback,timing,Energy & Buildings,Timing Factors,,Payback,,"Installing refrigerant leak detection and rapid repair has a cited payback of rapid-repair benchmark, 2–3 years for small leaks; <1 year for large leaks.",Buildings & Refrigerants & Fugitive Emissions,Rapid-repair benchmark: 2–3 years for small leaks; <1 year for large leaks,Rapid-repair benchmark: 2–3 years for small leaks; <1 year for large leaks,,2,,3,Range taken from the published display string. Value_Base left blank (no midpoint invented).,,,,Rapid repair benchmark: years for small leaks; < year for large leaks,,,year,,"Restaurants, QSRs, Pubs/Bars/Breweries, Hotels, Contract Caterers, Experiential Leisure",Equipment with no refrigerant charge or outside the operator's maintenance control.,,,,CEVID-0085,1,Published payback for locating and repairing commercial-refrigeration leaks,"Installing refrigerant leak detection and rapid repair has a cited payback of rapid-repair benchmark, 2–3 years for small leaks; <1 year for large leaks.",Equipment with no refrigerant charge or outside the operator's maintenance control.,SG-INIT-0015,ALL_FOUR_SLOTS,DISPLAY_ONLY,display_only,ACTIVE,ACTIVE,PUBLIC,STANDARD,1.0,2026-08-18,Consolidate.xlsx,工作表1,16
CTF-0016,CARD-0063,Maintain a governed refrigerant inventory and leakage record — Payback,timing,Energy & Buildings,Timing Factors,,Payback,,Calculate payback for refrigerant inventory management as quoted implementation cost ÷ verified annual utility and maintenance savings.,Buildings & Refrigerants & Fugitive Emissions,,,,,,,Empty published value; numeric columns left blank.,,,,,,,,,"Restaurants, QSRs, Pubs/Bars/Breweries, Hotels, Contract Caterers, Experiential Leisure",Equipment demonstrably outside the reporting and maintenance boundary.,,,,,0,,Calculate payback for refrigerant inventory management as quoted implementation cost ÷ verified annual utility and maintenance savings.,Equipment demonstrably outside the reporting and maintenance boundary.,SG-INIT-0016,ALL_FOUR_SLOTS,DISPLAY_ONLY,display_only,ACTIVE,ACTIVE,PUBLIC,GAP,1.0,2026-08-18,Consolidate.xlsx,工作表1,17
CTF-0017,CARD-0067,Recover refrigerants at equipment end of life and document transfer — Payback,timing,Energy & Buildings,Timing Factors,,Payback,,Evaluate end-of-life refrigerant recovery using the collection cost per visit rather than a standalone payback.,Buildings & Refrigerants & Fugitive Emissions,Not a standalone payback measure,,,,,,Display text has no parseable number; numeric columns left blank.,,,,Not a standalone payback measure,,,,,"Restaurants, QSRs, Pubs/Bars/Breweries, Hotels, Contract Caterers, Experiential Leisure",Equipment outside the organisation's decommissioning or procurement control.,,,,CEVID-0090,1,"Financial case depends on contractor fee, treatment charge and any recovered-gas credit",Evaluate end-of-life refrigerant recovery using the collection cost per visit rather than a standalone payback.,Equipment outside the organisation's decommissioning or procurement control.,SG-INIT-0017,ALL_FOUR_SLOTS,DISPLAY_ONLY,display_only,ACTIVE,ACTIVE,PUBLIC,STANDARD,1.0,2026-08-18,Consolidate.xlsx,工作表1,18
CTF-0018,CARD-0071,"Upgrade refrigeration equipment, doors, seals, fans and controls — Payback",timing,Energy & Buildings,Timing Factors,,Payback,,"Upgrading refrigeration equipment, doors, seals, fans and controls has a cited payback of 2.06 years gross; 1.24 years net of stated grant.",Buildings & Refrigerants & Fugitive Emissions,2.06 years gross; 1.24 years net of stated grant,2.06 years gross; 1.24 years net of stated grant,,,2.06,,Single published figure stored as Value_Base.,,,,years gross; years net of stated grant,,,year,,"Restaurants, QSRs, Pubs/Bars/Breweries, Hotels, Contract Caterers, Experiential Leisure",Landlord- or supplier-owned equipment without operator upgrade authority.,,,,CEVID-0094,1,"£30,889 ÷ £15,000 = 2.06; (£30,889−£12,356) ÷ £15,000 = 1.24","Upgrading refrigeration equipment, doors, seals, fans and controls has a cited payback of 2.06 years gross; 1.24 years net of stated grant.",Landlord- or supplier-owned equipment without operator upgrade authority.,SG-INIT-0018,ALL_FOUR_SLOTS,DISPLAY_ONLY,display_only,ACTIVE,ACTIVE,PUBLIC,STANDARD,1.0,2026-08-18,Consolidate.xlsx,工作表1,19
CTF-0019,CARD-0075,Adopt a validated warmer freezer setpoint where product and food-safety rules allow — Payback,timing,Energy & Buildings,Timing Factors,,Payback,,Calculate payback for the warmer freezer setpoint as quoted implementation cost ÷ verified annual utility and maintenance savings.,Buildings & Refrigerants & Fugitive Emissions,,,,,,,Empty published value; numeric columns left blank.,,,,,,,,,"Restaurants, QSRs, Pubs/Bars/Breweries, Hotels, Contract Caterers, Experiential Leisure",Products/equipment requiring colder temperatures or lacking technical and food-safety approval.,,,,,0,,Calculate payback for the warmer freezer setpoint as quoted implementation cost ÷ verified annual utility and maintenance savings.,Products/equipment requiring colder temperatures or lacking technical and food-safety approval.,SG-INIT-0019,ALL_FOUR_SLOTS,DISPLAY_ONLY,display_only,ACTIVE,ACTIVE,PUBLIC,GAP,1.0,2026-08-18,Consolidate.xlsx,工作表1,20
CTF-0020,CARD-0079,Phase out fossil-fuelled patio heaters and avoid unnecessary outdoor heating — ROI,timing,Energy & Buildings,Timing Factors,,ROI,,Eliminating one 2-hour gas-heater use avoids £9.30 in operating cost.,Buildings & Refrigerants & Fugitive Emissions,£9.30 avoided per 2-hour gas-heater use eliminated,£9.30 avoided per 2-hour gas-heater use eliminated,,,9.3,,Single published figure stored as Value_Base.,GBP,money,,avoided per hour gas heater use eliminated,,,,,"Restaurants, Pubs/Bars/Breweries and Hotels with outdoor trading areas",Sites without outdoor heating or without authority over the equipment/energy.,,,,CEVID-0101,1,£9.30 × number of eliminated 2-hour uses,Eliminating one 2-hour gas-heater use avoids £9.30 in operating cost.,Sites without outdoor heating or without authority over the equipment/energy.,SG-INIT-0020,ALL_FOUR_SLOTS,DISPLAY_ONLY,display_only,ACTIVE,ACTIVE,PUBLIC,STANDARD,1.0,2026-08-18,Consolidate.xlsx,工作表1,21
CTF-0021,CARD-0083,Conduct whole-life carbon assessments for major capital projects — ROI,timing,Energy & Buildings,Timing Factors,,ROI,,Evaluate whole-life carbon assessment using the assessment cost per project and any avoided redesign or material-change cost.,Capital Goods (sub group supply chain),,,,,,,Empty published value; numeric columns left blank.,,,,,,,,,"Restaurants, QSRs, Pubs/Bars/Breweries, Hotels, Contract Caterers, Experiential Leisure",Minor works below the organisation's approved materiality threshold.,,,,,0,,Evaluate whole-life carbon assessment using the assessment cost per project and any avoided redesign or material-change cost.,Minor works below the organisation's approved materiality threshold.,SG-INIT-0021,ALL_FOUR_SLOTS,DISPLAY_ONLY,display_only,ACTIVE,ACTIVE,PUBLIC,GAP,1.0,2026-08-18,Consolidate.xlsx,工作表1,22
CTF-0022,CARD-0087,Set operational-energy and embodied-carbon targets for new construction and major refurbishment — ROI,timing,Energy & Buildings,Timing Factors,,ROI,,Compare the cost of setting energy and carbon targets and the selected-solution premium with the like-for-like baseline.,Capital Goods (sub group supply chain),,,,,,,Empty published value; numeric columns left blank.,,,,,,,,,"Restaurants, QSRs, Pubs/Bars/Breweries, Hotels, Experiential Leisure; Contract Caterers only where delegated asset/capital control is documented","Exclude sites where the operator does not control the relevant asset, utility, specification or capital decision.",,,,,0,,Compare the cost of setting energy and carbon targets and the selected-solution premium with the like-for-like baseline.,"Exclude sites where the operator does not control the relevant asset, utility, specification or capital decision.",SG-INIT-0022,ALL_FOUR_SLOTS,DISPLAY_ONLY,display_only,ACTIVE,ACTIVE,PUBLIC,GAP,1.0,2026-08-18,Consolidate.xlsx,工作表1,23
CTF-0023,CARD-0091,Apply carbon criteria at capital-project investment and design gates — ROI,timing,Energy & Buildings,Timing Factors,,ROI,,Compare the cost of carbon checks with the redesign and rework avoided later in the project.,Capital Goods (sub group supply chain),,,,,,,Empty published value; numeric columns left blank.,,,,,,,,,"Restaurants, QSRs, Pubs/Bars/Breweries, Hotels, Experiential Leisure; Contract Caterers only where delegated asset/capital control is documented","Exclude sites where the operator does not control the relevant asset, utility, specification or capital decision.",,,,,0,,Compare the cost of carbon checks with the redesign and rework avoided later in the project.,"Exclude sites where the operator does not control the relevant asset, utility, specification or capital decision.",SG-INIT-0023,ALL_FOUR_SLOTS,DISPLAY_ONLY,display_only,ACTIVE,ACTIVE,PUBLIC,GAP,1.0,2026-08-18,Consolidate.xlsx,工作表1,24
CTF-0024,CARD-0095,Require EPDs or product-specific carbon data for priority materials and equipment — ROI,timing,Energy & Buildings,Timing Factors,,ROI,,Evaluate EPD requirements using data and evaluation cost per product category plus the selected-product price delta.,Capital Goods (sub group supply chain),,,,,,,Empty published value; numeric columns left blank.,,,,,,,,,"Restaurants, QSRs, Pubs/Bars/Breweries, Hotels, Contract Caterers, Experiential Leisure",Low-materiality purchases outside the approved priority list.,,,,,0,,Evaluate EPD requirements using data and evaluation cost per product category plus the selected-product price delta.,Low-materiality purchases outside the approved priority list.,SG-INIT-0024,ALL_FOUR_SLOTS,DISPLAY_ONLY,display_only,ACTIVE,ACTIVE,PUBLIC,GAP,1.0,2026-08-18,Consolidate.xlsx,工作表1,25
CTF-0025,CARD-0099,"Prioritise refurbishment, reuse and adaptation before new construction — Payback",timing,Energy & Buildings,Timing Factors,,Payback,,Retaining and adapting existing buildings before new construction has a cited payback of 5–8 years.,Capital Goods (sub group supply chain),5–8 years,5–8 years,,5,,8,Range taken from the published display string. Value_Base left blank (no midpoint invented).,,,,years,,,year,,"Restaurants, QSRs, Pubs/Bars/Breweries, Hotels, Experiential Leisure; Contract Caterers only where delegated asset/capital control is documented","Exclude sites where the operator does not control the relevant asset, utility, specification or capital decision.",,,,CEVID-0102,1,8% capital premium recovered through lower operational-energy requirements,Retaining and adapting existing buildings before new construction has a cited payback of 5–8 years.,"Exclude sites where the operator does not control the relevant asset, utility, specification or capital decision.",SG-INIT-0025,ALL_FOUR_SLOTS,DISPLAY_ONLY,display_only,ACTIVE,ACTIVE,PUBLIC,STANDARD,1.0,2026-08-18,Consolidate.xlsx,工作表1,26
CTF-0026,CARD-0103,Require component reuse and material recovery in building and fit-out projects — ROI,timing,Energy & Buildings,Timing Factors,,ROI,,Purchasing reused structural steel can reduce material cost by 10%–20% compared with equivalent new steel.,Capital Goods (sub group supply chain),10%–20% cost saving when purchasing reused steel,10%–20% cost saving when purchasing reused steel,,10,,20,Range taken from the published display string. Value_Base left blank (no midpoint invented).,,percent,,% cost saving when purchasing reused steel,,,,,"Restaurants, QSRs, Pubs/Bars/Breweries, Hotels, Contract Caterers, Experiential Leisure","Projects with no controlled strip-out, fit-out or material scope.",,,,CEVID-0107,1,Purchased reused-steel cost = 80%–90% of new-steel cost,Purchasing reused structural steel can reduce material cost by 10%–20% compared with equivalent new steel.,"Projects with no controlled strip-out, fit-out or material scope.",SG-INIT-0026,ALL_FOUR_SLOTS,DISPLAY_ONLY,display_only,ACTIVE,ACTIVE,PUBLIC,STANDARD,1.0,2026-08-18,Consolidate.xlsx,工作表1,27
CTF-0027,CARD-0107,Specify lower-carbon and responsibly sourced construction materials — Payback,timing,Energy & Buildings,Timing Factors,,Payback,,Compare lower-carbon materials with conventional alternatives on a £/m² basis; no operating payback benchmark is available.,Capital Goods (sub group supply chain),Not calculable from published data,,,,,,Display text has no parseable number; numeric columns left blank.,,,,Not calculable from published data,,,,,"Restaurants, QSRs, Pubs/Bars/Breweries, Hotels, Contract Caterers, Experiential Leisure",Purchases outside project/material specification control.,,,,CEVID-0103,1,Matched tender prices and like-for-like product EPDs are required,Compare lower-carbon materials with conventional alternatives on a £/m² basis; no operating payback benchmark is available.,Purchases outside project/material specification control.,SG-INIT-0027,ALL_FOUR_SLOTS,DISPLAY_ONLY,display_only,ACTIVE,ACTIVE,PUBLIC,STANDARD,1.0,2026-08-18,Consolidate.xlsx,工作表1,28
CTF-0028,CARD-0111,"Specify durability, repairability, modularity and supplier take-back for capital equipment — Payback",timing,Energy & Buildings,Timing Factors,,Payback,,The A-rated fridge had a 2.3-year simple payback; warewasher and combi-oven payback requires site duty-cycle data.,Capital Goods (sub group supply chain),Fridge: 2.3-year simple payback. Warewasher and combi oven: not reliably calculable from published data.,Fridge: 2.3-year simple payback. Warewasher and combi oven: not reliably calculable from published data.,,,2.3,,Single published figure stored as Value_Base.,,,,Fridge: year simple payback. Warewasher and combi oven: not reliably calculable from published data.,,,year,,"Restaurants, QSRs, Pubs/Bars/Breweries, Hotels, Contract Caterers, Experiential Leisure",Consumables and low-value purchases outside the capital-equipment policy.,,,,CEVID-0125,1,Fridge: (£699.99 − £489.00) ÷ [(672 − 288) kWh/year × £0.2414/kWh] = 2.28 years. Warewasher and combi oven: baseline annual kWh and site duty cycle unavailable.,The A-rated fridge had a 2.3-year simple payback; warewasher and combi-oven payback requires site duty-cycle data.,Consumables and low-value purchases outside the capital-equipment policy.,SG-INIT-0028,ALL_FOUR_SLOTS,DISPLAY_ONLY,display_only,ACTIVE,ACTIVE,PUBLIC,STANDARD,1.0,2026-08-18,Consolidate.xlsx,工作表1,29
CTF-0029,CARD-0115,"Design buildings and fit-outs for adaptability, disassembly and material recovery — Payback",timing,Energy & Buildings,Timing Factors,,Payback,,"The reconfigurable fit-out was delivered in 12 months, while adaptability payback was not disclosed.",Capital Goods (sub group supply chain),12-month fit-out programme; adaptability payback not disclosed,12-month fit-out programme; adaptability payback not disclosed,,,12,,Single published figure stored as Value_Base.,,,,month fit out programme; adaptability payback not disclosed,,,month,,"Restaurants, QSRs, Pubs/Bars/Breweries, Hotels, Experiential Leisure; Contract Caterers only where delegated asset/capital control is documented","Exclude sites where the operator does not control the relevant asset, utility, specification or capital decision.",,,,CEVID-0127,1,Published delivery period; no attributable adaptability cash flow,"The reconfigurable fit-out was delivered in 12 months, while adaptability payback was not disclosed.","Exclude sites where the operator does not control the relevant asset, utility, specification or capital decision.",SG-INIT-0029,ALL_FOUR_SLOTS,DISPLAY_ONLY,display_only,ACTIVE,ACTIVE,PUBLIC,STANDARD,1.0,2026-08-18,Consolidate.xlsx,工作表1,30
CTF-0030,CARD-0119,Commission new buildings and major refurbishments against designed operational performance — Payback,timing,Energy & Buildings,Timing Factors,,Payback,,"Optimising BEMS, HVAC, chiller and CHP systems had a payback below 12 months in the hotel case.",Capital Goods (sub group supply chain),<12 months,<12 months,,,12,,Single published figure stored as Value_Base.,,,,< months,,,month,,"Restaurants, QSRs, Pubs/Bars/Breweries, Hotels, Experiential Leisure; Contract Caterers only where delegated asset/capital control is documented","Exclude sites where the operator does not control the relevant asset, utility, specification or capital decision.",,,,CEVID-0128,1,"Published ROI for BEMS, HVAC and CHP optimisation","Optimising BEMS, HVAC, chiller and CHP systems had a payback below 12 months in the hotel case.","Exclude sites where the operator does not control the relevant asset, utility, specification or capital decision.",SG-INIT-0030,ALL_FOUR_SLOTS,DISPLAY_ONLY,display_only,ACTIVE,ACTIVE,PUBLIC,STANDARD,1.0,2026-08-18,Consolidate.xlsx,工作表1,31
CTF-0031,CARD-0123,Apply verified energy-efficiency criteria when replacing kitchen equipment — Payback,timing,Energy & Buildings,Timing Factors,,Payback,,"Calculate payback for ETL-based procurement as the equipment premium plus criteria and administration cost, divided by verified annual energy and maintenance savings.",Capital Goods (sub group supply chain),,,,,,,Empty published value; numeric columns left blank.,,,,,,,,,"Restaurants, QSRs, Pubs/Bars/Breweries, Hotels, Contract Caterers",Sites without commercial kitchen equipment or procurement authority.,,,,,0,,"Calculate payback for ETL-based procurement as the equipment premium plus criteria and administration cost, divided by verified annual energy and maintenance savings.",Sites without commercial kitchen equipment or procurement authority.,SG-INIT-0031,ALL_FOUR_SLOTS,DISPLAY_ONLY,display_only,ACTIVE,ACTIVE,PUBLIC,GAP,1.0,2026-08-18,Consolidate.xlsx,工作表1,32
CTF-0032,CARD-0127,Assess the feasibility of hydrogen-ready kitchen equipment — ROI,timing,Energy & Buildings,Timing Factors,,ROI,,Compare the assessment and proposed-system cost for hydrogen-ready equipment with an efficient electric-kitchen baseline.,Capital Goods (sub group supply chain),,,,,,,Empty published value; numeric columns left blank.,,,,,,,,,"Restaurants, QSRs, Pubs/Bars/Breweries, Hotels and Contract Caterers with relevant gas cooking loads","Sites without a credible hydrogen supply, safety case, infrastructure route or equipment need.",,,,,0,,Compare the assessment and proposed-system cost for hydrogen-ready equipment with an efficient electric-kitchen baseline.,"Sites without a credible hydrogen supply, safety case, infrastructure route or equipment need.",SG-INIT-0032,ALL_FOUR_SLOTS,DISPLAY_ONLY,display_only,ACTIVE,ACTIVE,PUBLIC,GAP,1.0,2026-08-18,Consolidate.xlsx,工作表1,33
CTF-0033,CARD-0131,Apply environmental-performance criteria when selecting leased sites — ROI,timing,Energy & Buildings,Timing Factors,,ROI,,Evaluate environmental site screening using the assessment cost per site and the cost delta between shortlisted locations.,"Leased, Tenanted & Franchised Sites",,,,,,,Empty published value; numeric columns left blank.,,,,,,,,,"Restaurants, QSRs, Pubs/Bars/Breweries, Hotels, Contract Caterers, Experiential Leisure",Owned freehold acquisitions assessed under the capital-project process.,,,,,0,,Evaluate environmental site screening using the assessment cost per site and the cost delta between shortlisted locations.,Owned freehold acquisitions assessed under the capital-project process.,SG-INIT-0033,ALL_FOUR_SLOTS,DISPLAY_ONLY,display_only,ACTIVE,ACTIVE,PUBLIC,GAP,1.0,2026-08-18,Consolidate.xlsx,工作表1,34
CTF-0034,CARD-0135,Apply energy and carbon criteria to lease renewals and franchise onboarding — Payback,timing,Energy & Buildings,Timing Factors,,Payback,,Calculate payback for renewal and onboarding criteria as programme and funded improvement-plan costs divided by verified annual savings.,"Leased, Tenanted & Franchised Sites",,,,,,,Empty published value; numeric columns left blank.,,,,,,,,,"Restaurants, QSRs, Pubs/Bars/Breweries, Hotels, Contract Caterers, Experiential Leisure",Owned sites and existing franchise operations outside a renewal/onboarding event.,,,,,0,,Calculate payback for renewal and onboarding criteria as programme and funded improvement-plan costs divided by verified annual savings.,Owned sites and existing franchise operations outside a renewal/onboarding event.,SG-INIT-0034,ALL_FOUR_SLOTS,DISPLAY_ONLY,display_only,ACTIVE,ACTIVE,PUBLIC,GAP,1.0,2026-08-18,Consolidate.xlsx,工作表1,35
CTF-0035,CARD-0139,"Include green performance, data and cooperation clauses in leases and franchise agreements — ROI",timing,Energy & Buildings,Timing Factors,,ROI,,Track the value of green clauses through their legal and administration cost and the utility savings from enabled works.,"Leased, Tenanted & Franchised Sites",,,,,,,Empty published value; numeric columns left blank.,,,,,,,,,"Restaurants, QSRs, Pubs/Bars/Breweries, Hotels, Contract Caterers, Experiential Leisure",Owned sites with no lease/franchise agreement.,,,,,0,,Track the value of green clauses through their legal and administration cost and the utility savings from enabled works.,Owned sites with no lease/franchise agreement.,SG-INIT-0035,ALL_FOUR_SLOTS,DISPLAY_ONLY,display_only,ACTIVE,ACTIVE,PUBLIC,GAP,1.0,2026-08-18,Consolidate.xlsx,工作表1,36
CTF-0036,CARD-0143,"Collect and quality-check energy and emissions data from leased, tenanted and franchised sites — ROI",timing,Energy & Buildings,Timing Factors,,ROI,,"The energy-data platform breaks even at 44,661 kWh for the base service, 17.9 kWh per meter at 2,500 meters and 343 kWh per additional meter.","Leased, Tenanted & Franchised Sites","Indicative electricity-only annual break-even: 44,661 kWh for the base platform; 17.9 kWh/meter at 2,500 meters; 343 kWh per additional meter; PDF automation 2,858 kWh plus 2.07 kWh per invoice.","Indicative electricity-only annual break-even: 44,661 kWh for the base platform; 17.9 kWh/meter at 2,500 meters; 343 kWh per additional meter; PDF automation 2,858 kWh plus 2.07 kWh per invoice.",,,44661,,Single published figure stored as Value_Base.,,,meter,Indicative electricity only annual break even: kWh for the base platform; kWh/meter at meters; kWh per additional meter; PDF automation kWh plus kWh per invoice.,annual,,annual,,"Restaurants, QSRs, Pubs/Bars/Breweries, Hotels, Contract Caterers, Experiential Leisure",Sites outside the agreed organisational/reporting boundary.,,,,CEVID-0135,2,"£10,781.25 ÷ £0.2414/kWh = 44,661 kWh; 44,661 ÷ 2,500 = 17.9 kWh/meter. £82.80 ÷ £0.2414 = 343 kWh. £690 ÷ £0.2414 = 2,858 kWh; £0.50 ÷ £0.2414 = 2.07 kWh/invoice.","The energy-data platform breaks even at 44,661 kWh for the base service, 17.9 kWh per meter at 2,500 meters and 343 kWh per additional meter.",Sites outside the agreed organisational/reporting boundary.,SG-INIT-0036,ALL_FOUR_SLOTS,DISPLAY_ONLY,display_only,ACTIVE,ACTIVE,PUBLIC,STANDARD,1.0,2026-08-18,Consolidate.xlsx,工作表1,37
CTF-0037,CARD-0147,Secure rights and approval routes for environmental improvements in leased sites — ROI,timing,Energy & Buildings,Timing Factors,,ROI,,"Track approval-route value through legal and administration cost, projects released and approval delays avoided.","Leased, Tenanted & Franchised Sites",,,,,,,Empty published value; numeric columns left blank.,,,,,,,,,"Restaurants, QSRs, Pubs/Bars/Breweries, Hotels, Contract Caterers, Experiential Leisure",Owned sites and leases where all relevant rights already exist.,,,,,0,,"Track approval-route value through legal and administration cost, projects released and approval delays avoided.",Owned sites and leases where all relevant rights already exist.,SG-INIT-0037,ALL_FOUR_SLOTS,DISPLAY_ONLY,display_only,ACTIVE,ACTIVE,PUBLIC,GAP,1.0,2026-08-18,Consolidate.xlsx,工作表1,38
CTF-0038,CARD-0151,Enable renewable electricity procurement under lease and franchise arrangements — ROI,timing,Energy & Buildings,Timing Factors,,ROI,,The annual cost or saving from renewable electricity procurement equals eligible kWh multiplied by the tariff or PPA £/kWh delta.,"Leased, Tenanted & Franchised Sites",Not calculable from a public benchmark,,,,,,Display text has no parseable number; numeric columns left blank.,,,,Not calculable from a public benchmark,,,,,"Restaurants, QSRs, Pubs/Bars/Breweries, Hotels, Contract Caterers, Experiential Leisure",Sites where electricity procurement is outside operator influence and no cooperation route exists.,,,,CEVID-0133,1,Annual kWh × supplier tariff/PPA £/kWh delta,The annual cost or saving from renewable electricity procurement equals eligible kWh multiplied by the tariff or PPA £/kWh delta.,Sites where electricity procurement is outside operator influence and no cooperation route exists.,SG-INIT-0038,ALL_FOUR_SLOTS,DISPLAY_ONLY,display_only,ACTIVE,ACTIVE,PUBLIC,STANDARD,1.0,2026-08-18,Consolidate.xlsx,工作表1,39
CTF-0039,CARD-0155,"Agree landlord-tenant decarbonisation plans with actions, funding and accountability — Payback",timing,Energy & Buildings,Timing Factors,,Payback,,Calculate payback for the landlord-tenant plan as recorded plan and action cost divided by verified annual benefit per site.,"Leased, Tenanted & Franchised Sites",Plan-enabled financial benefit: verified £/site/year from completed actions; simple payback based on recorded plan-development and allocated action costs.,Plan-enabled financial benefit: verified £/site/year from completed actions; simple payback based on recorded plan-development and allocated action costs.,,,,,Display text has no parseable number; numeric columns left blank.,GBP,money,site,Plan enabled financial benefit: verified /site/year from completed actions; simple payback based on recorded plan development and allocated action costs.,annual,,annual,,"Restaurants, QSRs, Pubs/Bars/Breweries, Hotels, Contract Caterers, Experiential Leisure",Owned sites or leases with no shared building/utility responsibility.,,,,CEVID-0140,1,Annual benefit = Σ[(weather/activity-adjusted baseline kWh − actual kWh) × applicable £/kWh] + verified maintenance savings. Simple payback = (plan-development cost + allocated implemented-action cost) ÷ verified annual benefit. Assign each cost and saving once to the landlord or occupier.,Calculate payback for the landlord-tenant plan as recorded plan and action cost divided by verified annual benefit per site.,Owned sites or leases with no shared building/utility responsibility.,SG-INIT-0039,ALL_FOUR_SLOTS,DISPLAY_ONLY,display_only,ACTIVE,ACTIVE,PUBLIC,STANDARD,1.0,2026-08-18,Consolidate.xlsx,工作表1,40
CTF-0040,CARD-0159,Set and monitor energy-performance standards for franchisees — Payback,timing,Energy & Buildings,Timing Factors,,Payback,,Calculate programme payback as franchise standard-setting and monitoring cost divided by verified annual utility savings across franchise sites.,"Leased, Tenanted & Franchised Sites",,,,,,,Empty published value; numeric columns left blank.,,,,,,,,,"Restaurants, QSRs, Pubs/Bars/Breweries, Hotels and Experiential Leisure with franchise models",Contract Caterers and organisations without franchise operations.,,,,,0,,Calculate programme payback as franchise standard-setting and monitoring cost divided by verified annual utility savings across franchise sites.,Contract Caterers and organisations without franchise operations.,SG-INIT-0040,ALL_FOUR_SLOTS,DISPLAY_ONLY,display_only,ACTIVE,ACTIVE,PUBLIC,GAP,1.0,2026-08-18,Consolidate.xlsx,工作表1,41
CTF-0041,CARD-0163,Complete an Energy Health Check — Payback,timing,Energy & Buildings,Timing Factors,,Payback,,"The portfolio averaged 2.2 years payback, with >70% below three years; a complete audit needs 12 months of data.",Energy Management,"Average identified-measure payback: 2.2 years
Measures below 3 years: >70%",Average identified-measure payback: 2.2 years,Measures below 3 years: >70%,,2.2,,Single published figure stored as Value_Base.,,percent,,Average identified measure payback: years Measures below years: >%,,,year,,"Restaurants, QSRs, Pubs/Bars/Breweries, Hotels, Contract Caterers, Experiential Leisure",None,,,,CEVID-0144,1,Average payback = total implementation cost of identified measures ÷ total annual savings,"The portfolio averaged 2.2 years payback, with >70% below three years; a complete audit needs 12 months of data.",None,SG-INIT-0041,ALL_FOUR_SLOTS,DISPLAY_ONLY,display_only,ACTIVE,ACTIVE,PUBLIC,STANDARD,1.0,2026-08-18,Consolidate.xlsx,工作表1,42
CTF-0042,CARD-0167,Install battery storage (BESS) — Payback,timing,Energy & Buildings,Timing Factors,,Payback,,"Battery payback is typically 4–10 years versus a 10–15-year life, improving when paired with solar.",Energy Procurement & Renewables,"Payback: 4–10 years; often <7 years with solar
Solar-plus-storage payback: 5–9 years",Payback: 4–10 years; often <7 years with solar,Solar-plus-storage payback: 5–9 years,4,,10,Range taken from the published display string. Value_Base left blank (no midpoint invented).,,,,Payback: years; often < years with solar Solar plus storage payback: years,,,year,,"Restaurants, QSRs, Pubs/Bars/Breweries, Hotels, Contract Caterers, Experiential Leisure",None,,,,CEVID-0146,1,Simple payback = installed cost ÷ (bill savings + grid-service revenue − operating cost),"Battery payback is typically 4–10 years versus a 10–15-year life, improving when paired with solar.",None,SG-INIT-0042,ALL_FOUR_SLOTS,DISPLAY_ONLY,display_only,ACTIVE,ACTIVE,PUBLIC,STANDARD,1.0,2026-08-18,Consolidate.xlsx,工作表1,43
CTF-0043,CARD-0171,Upgrade to LED lighting with optimised design and controls — Payback,timing,Energy & Buildings,Timing Factors,,Payback,,"A 1–3-year LED payback sits against a 10–15-year asset life, making it a first-wave retrofit.",Energy Management,Payback: 1–3 years; typically 18–36 months,Payback: 1–3 years; typically 18–36 months,,1,,3,Range taken from the published display string. Value_Base left blank (no midpoint invented).,,,,Payback: years; typically months,,,month,,"Restaurants, QSRs, Pubs/Bars/Breweries, Hotels, Contract Caterers, Experiential Leisure",None,,,,CEVID-0150,1,Simple payback = installed cost ÷ (annual electricity saving + annual maintenance saving),"A 1–3-year LED payback sits against a 10–15-year asset life, making it a first-wave retrofit.",None,SG-INIT-0043,ALL_FOUR_SLOTS,DISPLAY_ONLY,display_only,ACTIVE,ACTIVE,PUBLIC,STANDARD,1.0,2026-08-18,Consolidate.xlsx,工作表1,44
CTF-0044,CARD-0175,Install heat/energy recovery ventilation units — Payback,timing,Energy & Buildings,Timing Factors,,Payback,,Payback ranges from 1.1–1.7 years versus electric heat to 3.7–5.6 years versus gas.,Energy Management,"Electric heating displacement: 1.1–1.7 years
Gas displacement: 3.7–5.6 years",Electric heating displacement: 1.1–1.7 years,Gas displacement: 3.7–5.6 years,1.1,,1.7,Range taken from the published display string. Value_Base left blank (no midpoint invented).,,,,Electric heating displacement: years Gas displacement: years,,,year,,"Restaurants, QSRs, Pubs/Bars/Breweries, Hotels, Contract Caterers, Experiential Leisure",None,,,,CEVID-0154,1,Simple payback = installed cost ÷ annual avoided fuel cost,Payback ranges from 1.1–1.7 years versus electric heat to 3.7–5.6 years versus gas.,None,SG-INIT-0044,ALL_FOUR_SLOTS,DISPLAY_ONLY,display_only,ACTIVE,ACTIVE,PUBLIC,STANDARD,1.0,2026-08-18,Consolidate.xlsx,工作表1,45
CTF-0045,CARD-0179,Deploy gas boiler additives — Payback,timing,Energy & Buildings,Timing Factors,,Payback,,"Supplier evidence suggests 1–18 months payback and 10–15 minutes installation, but independent validation is limited.",Energy Management,"Reported payback: <1 year to 18 months
Installation time: 10–15 minutes/system",Reported payback: <1 year to 18 months,Installation time: 10–15 minutes/system,10,,15,Range taken from the published display string. Value_Base left blank (no midpoint invented).,,,system,Reported payback: < year to months Installation time: minutes/system,,,month,,"Restaurants, QSRs, Pubs/Bars/Breweries, Hotels, Contract Caterers, Experiential Leisure",None,,,,CEVID-0156,1,Simple payback = additive and dosing cost ÷ verified annual gas-cost saving,"Supplier evidence suggests 1–18 months payback and 10–15 minutes installation, but independent validation is limited.",None,SG-INIT-0045,ALL_FOUR_SLOTS,DISPLAY_ONLY,display_only,ACTIVE,ACTIVE,PUBLIC,STANDARD,1.0,2026-08-18,Consolidate.xlsx,工作表1,46
CTF-0046,CARD-0183,Install air or ground source heat pumps — Payback,timing,Energy & Buildings,Timing Factors,,Payback,,"Use a 4–7-year supplier benchmark only as a screen; the real case depends on incremental capex, tariffs and COP.",Energy Procurement & Renewables,Supplier payback benchmark: 4–7 years,Supplier payback benchmark: 4–7 years,,4,,7,Range taken from the published display string. Value_Base left blank (no midpoint invented).,,,,Supplier payback benchmark: years,,,year,,"Restaurants, QSRs, Pubs/Bars/Breweries, Hotels, Contract Caterers, Experiential Leisure",None,,,,CEVID-0160,1,Simple payback = incremental installed cost ÷ annual net saving,"Use a 4–7-year supplier benchmark only as a screen; the real case depends on incremental capex, tariffs and COP.",None,SG-INIT-0046,ALL_FOUR_SLOTS,DISPLAY_ONLY,display_only,ACTIVE,ACTIVE,PUBLIC,STANDARD,1.0,2026-08-18,Consolidate.xlsx,工作表1,47
CTF-0047,CARD-0187,Utilise cellar cooling across estates — ROI,timing,Energy & Buildings,Timing Factors,,ROI,,Cellar controls pay back in under a year to c.14 months; refrigeration heat recovery is closer to three years.,Energy Management,Controls: <1 year typical; approximately 14 months in Greene King rollout,Controls: <1 year typical; approximately 14 months in Greene King rollout,,,1,,Single published figure stored as Value_Base.,,,,Controls: < year typical; approximately months in Greene King rollout,,,month,,Pubs/Bars/Breweries,"Restaurants, QSRs, Hotels, Contract Caterers, Experiential Leisure",,,,CEVID-0161,1,Simple payback = installed cost ÷ (electricity saving + beer-waste saving + maintenance saving),Cellar controls pay back in under a year to c.14 months; refrigeration heat recovery is closer to three years.,"Restaurants, QSRs, Hotels, Contract Caterers, Experiential Leisure",SG-INIT-0047,ALL_FOUR_SLOTS,DISPLAY_ONLY,display_only,ACTIVE,ACTIVE,PUBLIC,STANDARD,1.0,2026-08-18,Consolidate.xlsx,工作表1,48
CTF-0048,CARD-0191,Replace gas-fired heating and catering equipment with electric alternatives — Payback,timing,Energy & Buildings,Timing Factors,,Payback,,Do not assume a payback: inefficient electric replacement can increase annual energy cost at current tariffs.,Energy Management,Public hospitality payback: not disclosed,,,,,,Display text has no parseable number; numeric columns left blank.,,,,Public hospitality payback: not disclosed,,,,,"Restaurants, QSRs, Pubs/Bars/Breweries, Hotels, Contract Caterers, Experiential Leisure",None,,,,CEVID-0160,1,Simple payback = incremental installed cost ÷ annual net saving,Do not assume a payback: inefficient electric replacement can increase annual energy cost at current tariffs.,None,SG-INIT-0048,ALL_FOUR_SLOTS,DISPLAY_ONLY,display_only,ACTIVE,ACTIVE,PUBLIC,STANDARD,1.0,2026-08-18,Consolidate.xlsx,工作表1,49
CTF-0049,CARD-0195,Invest in energy-efficiency and renewables infrastructure — Payback,timing,Energy & Buildings,Timing Factors,,Payback,,Prioritise sub-one-year measures first; solar delivery capacity of c.10 sites/month caps rollout near 120 sites/year.,Energy Procurement & Renewables,Low-cost measures: <1-year payback,Low-cost measures: <1-year payback,,,1,,Single published figure stored as Value_Base.,,,,Low cost measures: < year payback,,,year,,"Restaurants, QSRs, Pubs/Bars/Breweries, Hotels, Contract Caterers, Experiential Leisure",None,,,,CEVID-0160,1,Programme payback = total funded cost ÷ verified annual portfolio benefit,Prioritise sub-one-year measures first; solar delivery capacity of c.10 sites/month caps rollout near 120 sites/year.,None,SG-INIT-0049,ALL_FOUR_SLOTS,DISPLAY_ONLY,display_only,ACTIVE,ACTIVE,PUBLIC,STANDARD,1.0,2026-08-18,Consolidate.xlsx,工作表1,50
CTF-0050,CARD-0199,"Upgrade building-fabric thermal performance (insulation, glazing, draught-proofing) — ROI",timing,Energy & Buildings,Timing Factors,,ROI,,The 2.55-year benchmark covers a combined retrofit; a fabric-focused UK comparator is 4.4 years.,Energy Management,"Combined fabric, lighting and controls package: 2.55 years","Combined fabric, lighting and controls package: 2.55 years",,,0,,Single published figure stored as Value_Base.,,,,Combined fabric lighting and controls package: years,,,year,,"Restaurants, QSRs, Pubs/Bars/Breweries, Hotels, Contract Caterers, Experiential Leisure",None,,,,CEVID-0170,1,Fabric-only payback = fabric-specific installed cost ÷ fabric-attributable annual saving,The 2.55-year benchmark covers a combined retrofit; a fabric-focused UK comparator is 4.4 years.,None,SG-INIT-0050,ALL_FOUR_SLOTS,DISPLAY_ONLY,display_only,ACTIVE,ACTIVE,PUBLIC,STANDARD,1.0,2026-08-18,Consolidate.xlsx,工作表1,51
CTF-0051,CARD-0203,Install smart sub-metering and a building management system (BMS) — Payback,timing,Energy & Buildings,Timing Factors,,Payback,,"BMS and occupancy controls both paid back in c.5.3 years, supported by three years of optimisation.",Energy Management,"BMS programme payback: 5.27 years
Occupancy-control payback: 5.33 years",BMS programme payback: 5.27 years,Occupancy-control payback: 5.33 years,,5.27,,Single published figure stored as Value_Base.,,,,BMS programme payback: years Occupancy control payback: years,,,year,,"Restaurants, QSRs, Pubs/Bars/Breweries, Hotels, Contract Caterers, Experiential Leisure",None,,,,CEVID-0171,1,"£116,000 ÷ £22,000/year = 5.27 years; £48,000 ÷ £9,000/year = 5.33 years","BMS and occupancy controls both paid back in c.5.3 years, supported by three years of optimisation.",None,SG-INIT-0051,ALL_FOUR_SLOTS,DISPLAY_ONLY,display_only,ACTIVE,ACTIVE,PUBLIC,STANDARD,1.0,2026-08-18,Consolidate.xlsx,工作表1,52
CTF-0052,CARD-0207,Install on-site solar PV — Payback,timing,Energy & Buildings,Timing Factors,,Payback,,Owned solar pays back in c.5–7 years; third-party finance removes capex but trades away part of the benefit.,Energy Procurement & Renewables,"Owned pub-scale payback: 5–7 years
Hotel-scale payback: approximately 7 years gross",Owned pub-scale payback: 5–7 years,Hotel-scale payback: approximately 7 years gross,5,,7,Range taken from the published display string. Value_Base left blank (no midpoint invented).,,,,Owned pub scale payback: years Hotel scale payback: approximately years gross,,,year,,"Restaurants, QSRs, Pubs/Bars/Breweries, Hotels, Contract Caterers, Experiential Leisure",None,,,,CEVID-0173,1,Simple payback = installed cost ÷ annual electricity benefit; 1 ÷ 20% = 5 years,Owned solar pays back in c.5–7 years; third-party finance removes capex but trades away part of the benefit.,None,SG-INIT-0052,ALL_FOUR_SLOTS,DISPLAY_ONLY,display_only,ACTIVE,ACTIVE,PUBLIC,STANDARD,1.0,2026-08-18,Consolidate.xlsx,工作表1,53
CTF-0053,CARD-0211,Install voltage optimisation equipment — Payback,timing,Energy & Buildings,Timing Factors,,Payback,,No reliable hospitality payback exists; savings can fade within c.7 years and are limited near 220–230V.,Energy Management,Public hospitality payback: not disclosed,,,,,,Display text has no parseable number; numeric columns left blank.,,,,Public hospitality payback: not disclosed,,,,,"Restaurants, QSRs, Pubs/Bars/Breweries, Hotels, Contract Caterers, Experiential Leisure",None,,,,CEVID-0178,1,Simple payback = installed quote ÷ verified annual bill saving,No reliable hospitality payback exists; savings can fade within c.7 years and are limited near 220–230V.,None,SG-INIT-0053,ALL_FOUR_SLOTS,DISPLAY_ONLY,display_only,ACTIVE,ACTIVE,PUBLIC,STANDARD,1.0,2026-08-18,Consolidate.xlsx,工作表1,54
CTF-0054,CARD-0215,Procure renewable electricity via PPAs or green tariffs — Payback,timing,Energy & Buildings,Timing Factors,,Payback,,"There is no capex payback: the trade-off is price certainty over c.3 years, 5–15 years or 25 years by route.",Energy Procurement & Renewables,Certificated supply partnership: approximately 3 years,Certificated supply partnership: approximately 3 years,,,3,,Single published figure stored as Value_Base.,,,,Certificated supply partnership: approximately years,,,year,,"Restaurants, QSRs, Pubs/Bars/Breweries, Hotels, Contract Caterers, Experiential Leisure",None,,,,CEVID-0166,1,Contract value = avoided spot-market cost ± contract premium over the agreement term,"There is no capex payback: the trade-off is price certainty over c.3 years, 5–15 years or 25 years by route.",None,SG-INIT-0054,ALL_FOUR_SLOTS,DISPLAY_ONLY,display_only,ACTIVE,ACTIVE,PUBLIC,STANDARD,1.0,2026-08-18,Consolidate.xlsx,工作表1,55
CTF-0055,CARD-0219,Enroll sites in demand-side response and flexibility schemes — Payback,timing,Energy & Buildings,Timing Factors,,Payback,,"This is a revenue stream, not a payback: the 2029/30 price is c.5x the near-term 2026/27 price.",Energy Procurement & Renewables,"T-4 revenue rate: £27.10/kW-year
T-1 revenue rate: £5.00/kW-year",T-4 revenue rate: £27.10/kW-year,T-1 revenue rate: £5.00/kW-year,,4,,Single published figure stored as Value_Base.,GBP,money,kW,T revenue rate: /kW year T revenue rate: /kW year,,,year,,"Restaurants, QSRs, Pubs/Bars/Breweries, Hotels, Contract Caterers, Experiential Leisure",None,,,,CEVID-0184,1,Revenue multiple = £27.10 ÷ £5.00 = 5.42×,"This is a revenue stream, not a payback: the 2029/30 price is c.5x the near-term 2026/27 price.",None,SG-INIT-0055,ALL_FOUR_SLOTS,DISPLAY_ONLY,display_only,ACTIVE,ACTIVE,PUBLIC,STANDARD,1.0,2026-08-18,Consolidate.xlsx,工作表1,56
CTF-0056,CARD-0223,Run staff energy-engagement programmes — ROI,timing,Energy & Buildings,Timing Factors,,ROI,,"Launch can take weeks with no capex, but only 8 of 48 organisations estimated savings and none verified them.",Energy Management,"Organisations estimating savings: 8 of 48; approximately 17%
Verified savings: none",Organisations estimating savings: 8 of 48; approximately 17%,Verified savings: none,,8,,Single published figure stored as Value_Base.,,percent,,Organisations estimating savings: of ; approximately % Verified savings: none,,,,,"Restaurants, QSRs, Pubs/Bars/Breweries, Hotels, Contract Caterers, Experiential Leisure",None,,,,CEVID-0186,1,Evidence rate = 8 ÷ 48 = 16.7%; return = verified annual energy-cost saving ÷ annual programme spend,"Launch can take weeks with no capex, but only 8 of 48 organisations estimated savings and none verified them.",None,SG-INIT-0056,ALL_FOUR_SLOTS,DISPLAY_ONLY,display_only,ACTIVE,ACTIVE,PUBLIC,STANDARD,1.0,2026-08-18,Consolidate.xlsx,工作表1,57
CTF-0057,CARD-0227,Optimise heating controls — Payback,timing,Energy & Buildings,Timing Factors,,Payback,,Payback is specialist cost divided by recurring savings; the cited 2.55 years covers a wider retrofit package.,Energy Management,"Controls-only payback: not publicly disclosed
Combined retrofit package: 2.55 years",Controls-only payback: not publicly disclosed,Combined retrofit package: 2.55 years,,2.55,,Single published figure stored as Value_Base.,,,,Controls only payback: not publicly disclosed Combined retrofit package: years,,,year,,"Restaurants, QSRs, Pubs/Bars/Breweries, Hotels, Contract Caterers, Experiential Leisure",None,,,,CEVID-0170,1,Controls-only payback = professional service cost ÷ verified annual heating saving,Payback is specialist cost divided by recurring savings; the cited 2.55 years covers a wider retrofit package.,None,SG-INIT-0057,ALL_FOUR_SLOTS,DISPLAY_ONLY,display_only,ACTIVE,ACTIVE,PUBLIC,STANDARD,1.0,2026-08-18,Consolidate.xlsx,工作表1,58
CTF-0058,CARD-0231,Improve building EPC ratings to B or above — Payback,timing,Energy & Buildings,Timing Factors,,Payback,,"The proposal is EPC B from 2031 for rented buildings >1,000 m² with a 7-year payback test; today the minimum is E.",Energy Management,"Proposed EPC B date: from 2031
Proposed size threshold: >1,000 m²",Proposed EPC B date: from 2031,"Proposed size threshold: >1,000 m²",,2031,,Single published figure stored as Value_Base.,,,,Proposed EPC B date: from Proposed size threshold: > m²,,,,,"Restaurants, QSRs, Pubs/Bars/Breweries, Hotels, Contract Caterers, Experiential Leisure",None,,,,CEVID-0195,1,Cost-effective upgrade = measure cost ÷ annual benefit ≤7 years,"The proposal is EPC B from 2031 for rented buildings >1,000 m² with a 7-year payback test; today the minimum is E.",None,SG-INIT-0058,ALL_FOUR_SLOTS,DISPLAY_ONLY,display_only,ACTIVE,ACTIVE,PUBLIC,STANDARD,1.0,2026-08-18,Consolidate.xlsx,工作表1,59
CTF-0059,CARD-0235,Connect sites to low-carbon heat networks or solar thermal — Payback,timing,Energy & Buildings,Timing Factors,,Payback,,"Tariffs remain contract-specific; regulation began 27 January 2026, so project payback must be site-led.",Energy Procurement & Renewables,Hospitality payback: not publicly disclosed,,,,,,Display text has no parseable number; numeric columns left blank.,,,,Hospitality payback: not publicly disclosed,,,,,"Restaurants, QSRs, Pubs/Bars/Breweries, Hotels, Contract Caterers, Experiential Leisure",None,,,,CEVID-0198,1,Simple payback = connection and system cost ÷ annual net heat-cost saving,"Tariffs remain contract-specific; regulation began 27 January 2026, so project payback must be site-led.",None,SG-INIT-0059,ALL_FOUR_SLOTS,DISPLAY_ONLY,display_only,ACTIVE,ACTIVE,PUBLIC,STANDARD,1.0,2026-08-18,Consolidate.xlsx,工作表1,60
CTF-0060,CARD-0239,Procure certified green gas or biomethane — Payback,timing,Energy & Buildings,Timing Factors,,Payback,,"Certificates are recurring opex, not capex; compare cumulative spend with electrification and direct-biogas investment.",Energy Procurement & Renewables,"Capital payback: not applicable
Certificate validity: 3 years",Capital payback: not applicable,Certificate validity: 3 years,,3,,Single published figure stored as Value_Base.,,,,Capital payback: not applicable Certificate validity: years,,,year,,"Restaurants, QSRs, Pubs/Bars/Breweries, Hotels, Contract Caterers, Experiential Leisure",None,,,,CEVID-0202,1,Cumulative certificate cost = annual residual gas MWh × certificate price × contract years,"Certificates are recurring opex, not capex; compare cumulative spend with electrification and direct-biogas investment.",None,SG-INIT-0060,ALL_FOUR_SLOTS,DISPLAY_ONLY,display_only,ACTIVE,ACTIVE,PUBLIC,STANDARD,1.0,2026-08-18,Consolidate.xlsx,工作表1,61
CTF-0061,CARD-0243,Certify sites to ISO 50001 energy management — Payback,timing,Energy & Buildings,Timing Factors,,Payback,,Nine facilities averaged 1.7 years payback including staff time; hospitality should use a more conservative case.,Energy Management,"Average payback: 1.7 years
Sample: 9 certified facilities",Average payback: 1.7 years,Sample: 9 certified facilities,,1.7,,Single published figure stored as Value_Base.,,,,Average payback: years Sample: certified facilities,,,year,,"Restaurants, QSRs, Pubs/Bars/Breweries, Hotels, Contract Caterers, Experiential Leisure",None,,,,CEVID-0204,1,"Average payback = US$319,000 implementation cost ÷ approximately US$187,647 annual benefit implied by 1.7 years",Nine facilities averaged 1.7 years payback including staff time; hospitality should use a more conservative case.,None,SG-INIT-0061,ALL_FOUR_SLOTS,DISPLAY_ONLY,display_only,ACTIVE,ACTIVE,PUBLIC,STANDARD,1.0,2026-08-18,Consolidate.xlsx,工作表1,62
CTF-0062,CARD-0247,Install power factor correction — Payback,timing,Energy & Buildings,Timing Factors,,Payback,,"Published payback ranges from 20–24 months to 6.4 years, so use each site’s actual reactive and kVA charges.",Energy Management,Published examples: approximately 20 months; 24 months; 6.4 years,Published examples: approximately 20 months; 24 months; 6.4 years,,,20,,Single published figure stored as Value_Base.,,,,Published examples: approximately months; months; years,,,month,,"Restaurants, QSRs, Pubs/Bars/Breweries, Hotels, Contract Caterers, Experiential Leisure",None,,,,CEVID-0211,1,"Simple payback = installed quote ÷ annual avoided reactive-energy, kVA and capacity charges","Published payback ranges from 20–24 months to 6.4 years, so use each site’s actual reactive and kVA charges.",None,SG-INIT-0062,ALL_FOUR_SLOTS,DISPLAY_ONLY,display_only,ACTIVE,ACTIVE,PUBLIC,STANDARD,1.0,2026-08-18,Consolidate.xlsx,工作表1,63
CTF-0063,CARD-0251,Build to BREEAM 'Very Good' or above — Payback,timing,Energy & Buildings,Timing Factors,,Payback,,"At <0.25% uplift, Very Good is near-cost-neutral; associated energy measures can pay back in 2–5 years.",Energy Management,Associated energy-measure payback: 2–5 years,Associated energy-measure payback: 2–5 years,,2,,5,Range taken from the published display string. Value_Base left blank (no midpoint invented).,,,,Associated energy measure payback: years,,,year,,"Restaurants, QSRs, Pubs/Bars/Breweries, Hotels, Contract Caterers, Experiential Leisure",None,,,,CEVID-0213,1,Simple payback = incremental energy-measure cost ÷ annual operating saving,"At <0.25% uplift, Very Good is near-cost-neutral; associated energy measures can pay back in 2–5 years.",None,SG-INIT-0063,ALL_FOUR_SLOTS,DISPLAY_ONLY,display_only,ACTIVE,ACTIVE,PUBLIC,STANDARD,1.0,2026-08-18,Consolidate.xlsx,工作表1,64
CTF-0064,CARD-0255,Allocate responsibility at Board level — ROI,timing,Governance,Timing Factors,,ROI,,"Allocate responsibility at Board level has a practical value timeline: 1–2 months to assign responsibilities, update governance structures and establish reporting processes.",General,"1–2 months to assign responsibilities, update governance structures and establish reporting","1–2 months to assign responsibilities, update governance structures and establish reporting",,1,,2,Range taken from the published display string. Value_Base left blank (no midpoint invented).,,,,months to assign responsibilities update governance structures and establish reporting,,,month,,All,None,,,,CEVID-0214,1,Simple payback (years) = upfront implementation cost ÷ verified annual net saving; lead time = go-live date − approval date.,"Allocate responsibility at Board level has a practical value timeline: 1–2 months to assign responsibilities, update governance structures and establish reporting processes.",None,SG-INIT-0064,ALL_FOUR_SLOTS,DISPLAY_ONLY,display_only,ACTIVE,ACTIVE,PUBLIC,STANDARD,1.0,2026-08-18,Consolidate.xlsx,工作表1,65
CTF-0065,CARD-0259,Appoint a sustainability lead or assign executive responsibility for sustainability — ROI,timing,Governance,Timing Factors,,ROI,,Appoint a sustainability lead or assign executive responsibility for has a practical value timeline: 1–3 months to appoint the role and establish responsibilities.,General,1–3 months to appoint the role and establish responsibilities,1–3 months to appoint the role and establish responsibilities,,1,,3,Range taken from the published display string. Value_Base left blank (no midpoint invented).,,,,months to appoint the role and establish responsibilities,,,month,,All,None,,,,CEVID-0215,2,Simple payback (years) = upfront implementation cost ÷ verified annual net saving; lead time = go-live date − approval date.,Appoint a sustainability lead or assign executive responsibility for has a practical value timeline: 1–3 months to appoint the role and establish responsibilities.,None,SG-INIT-0065,ALL_FOUR_SLOTS,DISPLAY_ONLY,display_only,ACTIVE,ACTIVE,PUBLIC,STANDARD,1.0,2026-08-18,Consolidate.xlsx,工作表1,66
CTF-0066,CARD-0263,Establish a Sustainability Committee — ROI,timing,Governance,Timing Factors,,ROI,,Establish a Sustainability Committee has a practical value timeline: 1–2 months.,General,1–2 months,1–2 months,,1,,2,Range taken from the published display string. Value_Base left blank (no midpoint invented).,,,,months,,,month,,All,None,,,,CEVID-0217,1,Simple payback (years) = upfront implementation cost ÷ verified annual net saving; lead time = go-live date − approval date.,Establish a Sustainability Committee has a practical value timeline: 1–2 months.,None,SG-INIT-0066,ALL_FOUR_SLOTS,DISPLAY_ONLY,display_only,ACTIVE,ACTIVE,PUBLIC,STANDARD,1.0,2026-08-18,Consolidate.xlsx,工作表1,67
CTF-0067,CARD-0267,Link executive remuneration to sustainability and climate performance — ROI,timing,Governance,Timing Factors,,ROI,,"Link executive remuneration to sustainability and climate has a practical value timeline: 2–4 months, usually aligned with annual remuneration/performance review cycles.",General,"2–4 months, usually aligned with annual remuneration/performance review cycles","2–4 months, usually aligned with annual remuneration/performance review cycles",,2,,4,Range taken from the published display string. Value_Base left blank (no midpoint invented).,,,performance,months usually aligned with annual remuneration/performance review cycles,annual,,annual,,All,None,,,,CEVID-0218,1,Simple payback (years) = upfront implementation cost ÷ verified annual net saving; lead time = go-live date − approval date.,"Link executive remuneration to sustainability and climate has a practical value timeline: 2–4 months, usually aligned with annual remuneration/performance review cycles.",None,SG-INIT-0067,ALL_FOUR_SLOTS,DISPLAY_ONLY,display_only,ACTIVE,ACTIVE,PUBLIC,STANDARD,1.0,2026-08-18,Consolidate.xlsx,工作表1,68
CTF-0068,CARD-0271,Engage your shareholders around climate risks and opportunities — ROI,timing,Governance,Timing Factors,,ROI,,Engage your shareholders around climate risks and opportunities has a practical value timeline: 1–3 months to establish a formal engagement approach.,General,1–3 months to establish a formal engagement approach,1–3 months to establish a formal engagement approach,,1,,3,Range taken from the published display string. Value_Base left blank (no midpoint invented).,,,,months to establish a formal engagement approach,,,month,,All,None,,,,CEVID-0219,1,Simple payback (years) = upfront implementation cost ÷ verified annual net saving; lead time = go-live date − approval date.,Engage your shareholders around climate risks and opportunities has a practical value timeline: 1–3 months to establish a formal engagement approach.,None,SG-INIT-0068,ALL_FOUR_SLOTS,DISPLAY_ONLY,display_only,ACTIVE,ACTIVE,PUBLIC,STANDARD,1.0,2026-08-18,Consolidate.xlsx,工作表1,69
CTF-0069,CARD-0275,Regularly review sustainability performance at senior management and Board level. — ROI,timing,Governance,Timing Factors,,ROI,,Regularly review sustainability performance at senior management and has a practical value timeline: 1–3 months for an initial KPI and reporting framework.,General,1–3 months for an initial KPI and reporting framework,1–3 months for an initial KPI and reporting framework,,1,,3,Range taken from the published display string. Value_Base left blank (no midpoint invented).,,,,months for an initial KPI and reporting framework,,,month,,All,None,,,,CEVID-0220,1,Simple payback (years) = upfront implementation cost ÷ verified annual net saving; lead time = go-live date − approval date.,Regularly review sustainability performance at senior management and has a practical value timeline: 1–3 months for an initial KPI and reporting framework.,None,SG-INIT-0069,ALL_FOUR_SLOTS,DISPLAY_ONLY,display_only,ACTIVE,ACTIVE,PUBLIC,STANDARD,1.0,2026-08-18,Consolidate.xlsx,工作表1,70
CTF-0070,CARD-0279,Develop a sustainability strategy informed by a double materiality assessment. — ROI,timing,Governance,Timing Factors,,ROI,,"Develop a sustainability strategy informed by a double materiality has a practical value timeline: 2–4 months for assessment, strategy development and approval.",Strategy,"2–4 months for assessment, strategy development and approval","2–4 months for assessment, strategy development and approval",,2,,4,Range taken from the published display string. Value_Base left blank (no midpoint invented).,,,,months for assessment strategy development and approval,,,month,,All,None,,,,CEVID-0221,1,Simple payback (years) = upfront implementation cost ÷ verified annual net saving; lead time = go-live date − approval date.,"Develop a sustainability strategy informed by a double materiality has a practical value timeline: 2–4 months for assessment, strategy development and approval.",None,SG-INIT-0070,ALL_FOUR_SLOTS,DISPLAY_ONLY,display_only,ACTIVE,ACTIVE,PUBLIC,STANDARD,1.0,2026-08-18,Consolidate.xlsx,工作表1,71
CTF-0071,CARD-0283,Calculate your baseline GHG footprint. — ROI,timing,Governance,Timing Factors,,ROI,,"Calculate your baseline GHG footprint has a practical value timeline: 2–6 months, depending on organisational complexity and data availability.",Strategy,"2–6 months, depending on organisational complexity and data availability","2–6 months, depending on organisational complexity and data availability",,2,,6,Range taken from the published display string. Value_Base left blank (no midpoint invented).,,,,months depending on organisational complexity and data availability,,,month,,All,None,,,,CEVID-0222,1,Simple payback (years) = upfront implementation cost ÷ verified annual net saving; lead time = go-live date − approval date.,"Calculate your baseline GHG footprint has a practical value timeline: 2–6 months, depending on organisational complexity and data availability.",None,SG-INIT-0071,ALL_FOUR_SLOTS,DISPLAY_ONLY,display_only,ACTIVE,ACTIVE,PUBLIC,STANDARD,1.0,2026-08-18,Consolidate.xlsx,工作表1,72
CTF-0072,CARD-0287,Use the TCFD framework to review and disclose your climate-related risks and opportunities. — ROI,timing,Governance,Timing Factors,,ROI,,Use the TCFD framework to review and disclose your has a practical value timeline: 2–4 months for an initial assessment; complex quantitative scenario analysis may take longer.,Strategy,2–4 months for an initial assessment; complex quantitative scenario analysis may take longer,2–4 months for an initial assessment; complex quantitative scenario analysis may take longer,,2,,4,Range taken from the published display string. Value_Base left blank (no midpoint invented).,,,,months for an initial assessment; complex quantitative scenario analysis may take longer,,,month,,All,None,,,,CEVID-0223,1,Simple payback (years) = upfront implementation cost ÷ verified annual net saving; lead time = go-live date − approval date.,Use the TCFD framework to review and disclose your has a practical value timeline: 2–4 months for an initial assessment; complex quantitative scenario analysis may take longer.,None,SG-INIT-0072,ALL_FOUR_SLOTS,DISPLAY_ONLY,display_only,ACTIVE,ACTIVE,PUBLIC,STANDARD,1.0,2026-08-18,Consolidate.xlsx,工作表1,73
CTF-0073,CARD-0291,Develop a Net Zero Strategy. — ROI,timing,Governance,Timing Factors,,ROI,,Develop a Net Zero Strategy has a practical value timeline: 3–6 months to develop and approve; implementation is multi-year.,Strategy,3–6 months to develop and approve; implementation is multi-year,3–6 months to develop and approve; implementation is multi-year,,3,,6,Range taken from the published display string. Value_Base left blank (no midpoint invented).,,,,months to develop and approve; implementation is multi year,,,month,,All,None,,,,CEVID-0224,1,Simple payback (years) = upfront implementation cost ÷ verified annual net saving; lead time = go-live date − approval date.,Develop a Net Zero Strategy has a practical value timeline: 3–6 months to develop and approve; implementation is multi-year.,None,SG-INIT-0073,ALL_FOUR_SLOTS,DISPLAY_ONLY,display_only,ACTIVE,ACTIVE,PUBLIC,STANDARD,1.0,2026-08-18,Consolidate.xlsx,工作表1,74
CTF-0074,CARD-0295,Set a Net Zero target. — ROI,timing,Governance,Timing Factors,,ROI,,Set a Net Zero target has a practical value timeline: 1–3 months to define and approve following completion of the baseline.,Strategy,1–3 months to define and approve following completion of the baseline,1–3 months to define and approve following completion of the baseline,,1,,3,Range taken from the published display string. Value_Base left blank (no midpoint invented).,,,,months to define and approve following completion of the baseline,,,month,,All,None,,,,CEVID-0225,1,Simple payback (years) = upfront implementation cost ÷ verified annual net saving; lead time = go-live date − approval date.,Set a Net Zero target has a practical value timeline: 1–3 months to define and approve following completion of the baseline.,None,SG-INIT-0074,ALL_FOUR_SLOTS,DISPLAY_ONLY,display_only,ACTIVE,ACTIVE,PUBLIC,STANDARD,1.0,2026-08-18,Consolidate.xlsx,工作表1,75
CTF-0075,CARD-0299,Validate targets through SBTi. — ROI,timing,Governance,Timing Factors,,ROI,,"Validate targets through SBTi has a practical value timeline: 3–6 months, depending on organisational readiness and validation timelines.",Strategy,"3–6 months, depending on organisational readiness and validation timelines","3–6 months, depending on organisational readiness and validation timelines",,3,,6,Range taken from the published display string. Value_Base left blank (no midpoint invented).,,,,months depending on organisational readiness and validation timelines,,,month,,All,None,,,,CEVID-0226,1,Simple payback (years) = upfront implementation cost ÷ verified annual net saving; lead time = go-live date − approval date.,"Validate targets through SBTi has a practical value timeline: 3–6 months, depending on organisational readiness and validation timelines.",None,SG-INIT-0075,ALL_FOUR_SLOTS,DISPLAY_ONLY,display_only,ACTIVE,ACTIVE,PUBLIC,STANDARD,1.0,2026-08-18,Consolidate.xlsx,工作表1,76
CTF-0076,CARD-0303,Integrate sustainability objectives and KPIs into business planning. — ROI,timing,Governance,Timing Factors,,ROI,,"Integrate sustainability objectives and KPIs into business planning has a practical value timeline: 1–3 months, ideally aligned with the annual planning/budget cycle.",Strategy,"1–3 months, ideally aligned with the annual planning/budget cycle","1–3 months, ideally aligned with the annual planning/budget cycle",,1,,3,Range taken from the published display string. Value_Base left blank (no midpoint invented).,,,budget,months ideally aligned with the annual planning/budget cycle,annual,,annual,,All,None,,,,CEVID-0218,1,Simple payback (years) = upfront implementation cost ÷ verified annual net saving; lead time = go-live date − approval date.,"Integrate sustainability objectives and KPIs into business planning has a practical value timeline: 1–3 months, ideally aligned with the annual planning/budget cycle.",None,SG-INIT-0076,ALL_FOUR_SLOTS,DISPLAY_ONLY,display_only,ACTIVE,ACTIVE,PUBLIC,STANDARD,1.0,2026-08-18,Consolidate.xlsx,工作表1,77
CTF-0077,CARD-0307,Develop a long-term decarbonisation funding plan. — ROI,timing,Governance,Timing Factors,,ROI,,Develop a long-term decarbonisation funding plan has a practical value timeline: 3–6 months to develop and align with budgeting/capital planning.,Strategy,3–6 months to develop and align with budgeting/capital planning,3–6 months to develop and align with budgeting/capital planning,,3,,6,Range taken from the published display string. Value_Base left blank (no midpoint invented).,,,capital,months to develop and align with budgeting/capital planning,,,month,,All,None,,,,CEVID-0227,1,Simple payback (years) = upfront implementation cost ÷ verified annual net saving; lead time = go-live date − approval date.,Develop a long-term decarbonisation funding plan has a practical value timeline: 3–6 months to develop and align with budgeting/capital planning.,None,SG-INIT-0077,ALL_FOUR_SLOTS,DISPLAY_ONLY,display_only,ACTIVE,ACTIVE,PUBLIC,STANDARD,1.0,2026-08-18,Consolidate.xlsx,工作表1,78
CTF-0078,CARD-0311,"Explore external grants, funding and incentives. — ROI",timing,Governance,Timing Factors,,ROI,,"Explore external grants, funding and incentives has a practical value timeline: 1–6+ months, depending on programme deadlines and approval processes.",Strategy,"1–6+ months, depending on programme deadlines and approval processes","1–6+ months, depending on programme deadlines and approval processes",,1,,6,Range taken from the published display string. Value_Base left blank (no midpoint invented).,,,,+ months depending on programme deadlines and approval processes,,,month,,All,None,,,,CEVID-0228,1,Simple payback (years) = upfront implementation cost ÷ verified annual net saving; lead time = go-live date − approval date.,"Explore external grants, funding and incentives has a practical value timeline: 1–6+ months, depending on programme deadlines and approval processes.",None,SG-INIT-0078,ALL_FOUR_SLOTS,DISPLAY_ONLY,display_only,ACTIVE,ACTIVE,PUBLIC,STANDARD,1.0,2026-08-18,Consolidate.xlsx,工作表1,79
CTF-0079,CARD-0315,Develop a carbon removals strategy and quality criteria. — ROI,timing,Governance,Timing Factors,,ROI,,Develop a carbon removals strategy and quality criteria has a practical value timeline: 2–4 months to establish policy and criteria; procurement is ongoing.,Strategy,2–4 months to establish policy and criteria; procurement is ongoing,2–4 months to establish policy and criteria; procurement is ongoing,,2,,4,Range taken from the published display string. Value_Base left blank (no midpoint invented).,,,,months to establish policy and criteria; procurement is ongoing,,,month,,All,None,,,,CEVID-0229,1,Simple payback (years) = upfront implementation cost ÷ verified annual net saving; lead time = go-live date − approval date.,Develop a carbon removals strategy and quality criteria has a practical value timeline: 2–4 months to establish policy and criteria; procurement is ongoing.,None,SG-INIT-0079,ALL_FOUR_SLOTS,DISPLAY_ONLY,display_only,ACTIVE,ACTIVE,PUBLIC,STANDARD,1.0,2026-08-18,Consolidate.xlsx,工作表1,80
CTF-0080,CARD-0319,Involve your guests in sustainability initiatives- offer discounts for opting out of daily cleaning of the room-- ask them to give feedback on your activities — ROI,timing,Governance,Timing Factors,,ROI,,Involve your guests in sustainability initiatives- offer discounts for has a practical value timeline: 1–3 months.,Strategy,1–3 months,1–3 months,,1,,3,Range taken from the published display string. Value_Base left blank (no midpoint invented).,,,,months,,,month,,All,None,,,,CEVID-0230,2,Simple payback (years) = upfront implementation cost ÷ verified annual net saving; lead time = go-live date − approval date.,Involve your guests in sustainability initiatives- offer discounts for has a practical value timeline: 1–3 months.,None,SG-INIT-0080,ALL_FOUR_SLOTS,DISPLAY_ONLY,display_only,ACTIVE,ACTIVE,PUBLIC,STANDARD,1.0,2026-08-18,Consolidate.xlsx,工作表1,81
CTF-0081,CARD-0323,"Provide sustainability training for your leadership team, operations and functional central support teams. — ROI",timing,Governance,Timing Factors,,ROI,,"Provide sustainability training for your leadership team, operations and has a practical value timeline: 1–3 months to develop and launch an initial programme.",Staff,1–3 months to develop and launch an initial programme,1–3 months to develop and launch an initial programme,,1,,3,Range taken from the published display string. Value_Base left blank (no midpoint invented).,,,,months to develop and launch an initial programme,,,month,,All,None,,,,CEVID-0232,2,Simple payback (years) = upfront implementation cost ÷ verified annual net saving; lead time = go-live date − approval date.,"Provide sustainability training for your leadership team, operations and has a practical value timeline: 1–3 months to develop and launch an initial programme.",None,SG-INIT-0081,ALL_FOUR_SLOTS,DISPLAY_ONLY,display_only,ACTIVE,ACTIVE,PUBLIC,STANDARD,1.0,2026-08-18,Consolidate.xlsx,工作表1,82
CTF-0082,CARD-0327,Offer a sustainable pension to employees (Ideally make it the default choice) — ROI,timing,Governance,Timing Factors,,ROI,,"Offer a sustainable pension to employees has a practical value timeline: 3–6 months, depending on provider contracts, governance and consultation requirements.",Staff,"3–6 months, depending on provider contracts, governance and consultation requirements","3–6 months, depending on provider contracts, governance and consultation requirements",,3,,6,Range taken from the published display string. Value_Base left blank (no midpoint invented).,,,,months depending on provider contracts governance and consultation requirements,,,month,,All,None,,,,CEVID-0234,2,Simple payback (years) = upfront implementation cost ÷ verified annual net saving; lead time = go-live date − approval date.,"Offer a sustainable pension to employees has a practical value timeline: 3–6 months, depending on provider contracts, governance and consultation requirements.",None,SG-INIT-0082,ALL_FOUR_SLOTS,DISPLAY_ONLY,display_only,ACTIVE,ACTIVE,PUBLIC,STANDARD,1.0,2026-08-18,Consolidate.xlsx,工作表1,83
CTF-0083,CARD-0331,Understand employee sustainability expectations and strengthen engagement — ROI,timing,Governance,Timing Factors,,ROI,,Understand employee sustainability expectations and has a practical value timeline: 2–4 months to establish the initial programme; engagement should continue throughout the year.,Staff,2–4 months to establish the initial programme; engagement should continue throughout the year,2–4 months to establish the initial programme; engagement should continue throughout the year,,2,,4,Range taken from the published display string. Value_Base left blank (no midpoint invented).,,,,months to establish the initial programme; engagement should continue throughout the year,,,month,,All,None,,,,CEVID-0236,2,Simple payback (years) = upfront implementation cost ÷ verified annual net saving; lead time = go-live date − approval date.,Understand employee sustainability expectations and has a practical value timeline: 2–4 months to establish the initial programme; engagement should continue throughout the year.,None,SG-INIT-0083,ALL_FOUR_SLOTS,DISPLAY_ONLY,display_only,ACTIVE,ACTIVE,PUBLIC,STANDARD,1.0,2026-08-18,Consolidate.xlsx,工作表1,84
CTF-0084,CARD-0335,Embed sustainability into employee roles and responsibilities — ROI,timing,Governance,Timing Factors,,ROI,,"Embed sustainability into employee roles and responsibilities has a practical value timeline: 1–3 months, ideally aligned with HR objective-setting or appraisal cycles.",Staff,"1–3 months, ideally aligned with HR objective-setting or appraisal cycles","1–3 months, ideally aligned with HR objective-setting or appraisal cycles",,1,,3,Range taken from the published display string. Value_Base left blank (no midpoint invented).,,,,months ideally aligned with HR objective setting or appraisal cycles,,,month,,All,None,,,,CEVID-0238,2,Simple payback (years) = upfront implementation cost ÷ verified annual net saving; lead time = go-live date − approval date.,"Embed sustainability into employee roles and responsibilities has a practical value timeline: 1–3 months, ideally aligned with HR objective-setting or appraisal cycles.",None,SG-INIT-0084,ALL_FOUR_SLOTS,DISPLAY_ONLY,display_only,ACTIVE,ACTIVE,PUBLIC,STANDARD,1.0,2026-08-18,Consolidate.xlsx,工作表1,85
CTF-0085,CARD-0339,Recognizing and rewarding employees for their contributions to sustainability efforts can boost morale and motivation — ROI,timing,Governance,Timing Factors,,ROI,,Recognizing and rewarding employees for their contributions to has a practical value timeline: 1–3 months to design criteria and integrate into existing recognition systems.,Staff,1–3 months to design criteria and integrate into existing recognition systems,1–3 months to design criteria and integrate into existing recognition systems,,1,,3,Range taken from the published display string. Value_Base left blank (no midpoint invented).,,,,months to design criteria and integrate into existing recognition systems,,,month,,All,None,,,,CEVID-0240,2,Simple payback (years) = upfront implementation cost ÷ verified annual net saving; lead time = go-live date − approval date.,Recognizing and rewarding employees for their contributions to has a practical value timeline: 1–3 months to design criteria and integrate into existing recognition systems.,None,SG-INIT-0085,ALL_FOUR_SLOTS,DISPLAY_ONLY,display_only,ACTIVE,ACTIVE,PUBLIC,STANDARD,1.0,2026-08-18,Consolidate.xlsx,工作表1,86
CTF-0086,CARD-0343,Develop and maintain a Climate Transition Plan. — ROI,timing,Governance,Timing Factors,,ROI,,"Develop and maintain a Climate Transition Plan has a practical value timeline: 3–6 months to develop an initial plan, depending on organisational complexity and data maturity.",Regulation,"3–6 months to develop an initial plan, depending on organisational complexity and data maturity","3–6 months to develop an initial plan, depending on organisational complexity and data maturity",,3,,6,Range taken from the published display string. Value_Base left blank (no midpoint invented).,,,,months to develop an initial plan depending on organisational complexity and data maturity,,,month,,All,None,,,,CEVID-0242,2,Simple payback (years) = upfront implementation cost ÷ verified annual net saving; lead time = go-live date − approval date.,"Develop and maintain a Climate Transition Plan has a practical value timeline: 3–6 months to develop an initial plan, depending on organisational complexity and data maturity.",None,SG-INIT-0086,ALL_FOUR_SLOTS,DISPLAY_ONLY,display_only,ACTIVE,ACTIVE,PUBLIC,STANDARD,1.0,2026-08-18,Consolidate.xlsx,工作表1,87
CTF-0087,CARD-0347,"Disclose climate-related information using recognised reporting frameworks (e.g. UK SRS, IFRS S2 and TCFD). — ROI",timing,Governance,Timing Factors,,ROI,,Disclose climate-related information using recognised reporting frameworks converts implementation cost into value through 1 annual reporting cycle.,Regulation,1 annual reporting cycle,1 annual reporting cycle,,,1,,Single published figure stored as Value_Base.,,,,annual reporting cycle,annual,,annual,,All,None,,,,CEVID-0244,1,"Simple payback = implementation cost ÷ annual avoided reporting, assurance and remediation cost; lead time = first compliant report date − project start date.",Disclose climate-related information using recognised reporting frameworks converts implementation cost into value through 1 annual reporting cycle.,None,SG-INIT-0087,ALL_FOUR_SLOTS,DISPLAY_ONLY,display_only,ACTIVE,ACTIVE,PUBLIC,STANDARD,1.0,2026-08-18,Consolidate.xlsx,工作表1,88
CTF-0088,CARD-0351,"Ensure compliance with applicable environmental legislation and reporting requirements (e.g. SECR, ESOS, Simpler Recycling, EPR and the Green Claims Code, where applicable). — ROI",timing,Governance,Timing Factors,,ROI,,"Environmental compliance can be established over 1 annual review cycle; ROI comes from avoided penalties, delay and remediation.",Regulation,1 annual review cycle,1 annual review cycle,,,1,,Single published figure stored as Value_Base.,,,,annual review cycle,annual,,annual,,All,None,,,,CEVID-0245,1,ROI = (avoided penalties + avoided delay cost + avoided remediation cost − annual control cost) ÷ implementation cost.,"Environmental compliance can be established over 1 annual review cycle; ROI comes from avoided penalties, delay and remediation.",None,SG-INIT-0088,ALL_FOUR_SLOTS,DISPLAY_ONLY,display_only,ACTIVE,ACTIVE,PUBLIC,STANDARD,1.0,2026-08-18,Consolidate.xlsx,工作表1,89
CTF-0089,CARD-0355,Implement an Environmental Management System (e.g. ISO 14001). — ROI,timing,Governance,Timing Factors,,ROI,,Implement an Environmental Management System converts implementation cost into value through 1 implementation programme.,Regulation,1 implementation programme,1 implementation programme,,,1,,Single published figure stored as Value_Base.,,,,implementation programme,,,,,All,None,,,,CEVID-0246,1,"Simple payback = implementation and certification cost ÷ verified annual resource, incident and audit-rework savings.",Implement an Environmental Management System converts implementation cost into value through 1 implementation programme.,None,SG-INIT-0089,ALL_FOUR_SLOTS,DISPLAY_ONLY,display_only,ACTIVE,ACTIVE,PUBLIC,STANDARD,1.0,2026-08-18,Consolidate.xlsx,工作表1,90
CTF-0090,CARD-0359,"Pursue recognised sustainability certifications and voluntary commitments (e.g. Green Key, Green Tourism, B Corp, Race to Zero or The Climate Pledge) — ROI",timing,Governance,Timing Factors,,ROI,,Pursue recognised sustainability certifications and voluntary commitments converts implementation cost into value through 1 audit/certification cycle.,Regulation,1 audit/certification cycle,1 audit/certification cycle,,,1,,Single published figure stored as Value_Base.,,,certification,audit/certification cycle,,,,,All,None,,,,CEVID-0248,1,ROI = (incremental contribution + verified operating savings − annual certification cost) ÷ initial certification cost.,Pursue recognised sustainability certifications and voluntary commitments converts implementation cost into value through 1 audit/certification cycle.,None,SG-INIT-0090,ALL_FOUR_SLOTS,DISPLAY_ONLY,display_only,ACTIVE,ACTIVE,PUBLIC,STANDARD,1.0,2026-08-18,Consolidate.xlsx,工作表1,91
CTF-0091,CARD-0363,Establish a Management Information System to Track Sustainability KPIs Monthly — ROI,timing,Governance,Timing Factors,,ROI,,Establish a Management Information System to Track Sustainability KPIs Monthly converts implementation cost into value through 12 review cycles/year.,Regulation,12 review cycles/year,12 review cycles/year,,,12,,Single published figure stored as Value_Base.,,,year,review cycles/year,annual,,annual,,All,None,,,,CEVID-0222,1,ROI = (avoided energy/resource cost + avoided year-end remediation cost − annual MIS cost) ÷ MIS implementation cost.,Establish a Management Information System to Track Sustainability KPIs Monthly converts implementation cost into value through 12 review cycles/year.,None,SG-INIT-0091,ALL_FOUR_SLOTS,DISPLAY_ONLY,display_only,ACTIVE,ACTIVE,PUBLIC,STANDARD,1.0,2026-08-18,Consolidate.xlsx,工作表1,92
CTF-0092,CARD-0367,Reduce the volume and impact of packaging materials used. — ROI,timing,Supply Chain,Timing Factors,,ROI,,"Reduce the volume and impact of packaging materials used has a practical value timeline: WRAP reports that UK Plastics Pact members phased out 36,000 tonnes of hard-to-recycle packaging.",Packaging,"WRAP reports that UK Plastics Pact members phased out 36,000 tonnes of hard-to-recycle packaging","WRAP reports that UK Plastics Pact members phased out 36,000 tonnes of hard-to-recycle packaging",,,36000,,Single published figure stored as Value_Base.,,,,WRAP reports that UK Plastics Pact members phased out tonnes of hard to recycle packaging,,,,,All,None,,,,CEVID-0249,1,Simple payback (years) = upfront implementation cost ÷ verified annual net saving; lead time = go-live date − approval date.,"Reduce the volume and impact of packaging materials used has a practical value timeline: WRAP reports that UK Plastics Pact members phased out 36,000 tonnes of hard-to-recycle packaging.",None,SG-INIT-0092,ALL_FOUR_SLOTS,DISPLAY_ONLY,display_only,ACTIVE,ACTIVE,PUBLIC,STANDARD,1.0,2026-08-18,Consolidate.xlsx,工作表1,93
CTF-0093,CARD-0371,Collaborate with suppliers to reduce packaging impacts across the supply chain — Payback,timing,Supply Chain,Timing Factors,,Payback,,Collaborate with suppliers to reduce packaging impacts has 0 universal payback benchmark; measure ROI from verified savings and avoided risk.,Packaging,"Timing: typically medium term, as changes may require supplier engagement, trials, specification",,,,0,,Single published figure stored as Value_Base.,,,,Timing: typically medium term as changes may require supplier engagement trials specification,,,,,All,None,,,,CEVID-0250,1,Simple payback (years) = upfront implementation cost ÷ verified annual net saving; lead time = go-live date − approval date.,Collaborate with suppliers to reduce packaging impacts has 0 universal payback benchmark; measure ROI from verified savings and avoided risk.,None,SG-INIT-0093,ALL_FOUR_SLOTS,DISPLAY_ONLY,display_only,ACTIVE,ACTIVE,PUBLIC,STANDARD,1.0,2026-08-18,Consolidate.xlsx,工作表1,94
CTF-0094,CARD-0375,Use dispense or refill systems for drinks rather than single-use packaging — Payback,timing,Supply Chain,Timing Factors,,Payback,,"Use dispense or refill systems for drinks rather than single-use has a practical value timeline: Typical payback: under 12 months, and often under 6 months at higher volumes.",Packaging,"Typical payback: under 12 months, and often under 6 months at higher volumes","Typical payback: under 12 months, and often under 6 months at higher volumes",,,12,,Single published figure stored as Value_Base.,,,,Typical payback: under months and often under months at higher volumes,,,month,,"All – particularly relevant for hotels, pubs, bars, restaurants, contract caterers and event venues",None,,,,CEVID-0251,1,Simple payback (years) = upfront implementation cost ÷ verified annual net saving; lead time = go-live date − approval date.,"Use dispense or refill systems for drinks rather than single-use has a practical value timeline: Typical payback: under 12 months, and often under 6 months at higher volumes.",None,SG-INIT-0094,ALL_FOUR_SLOTS,DISPLAY_ONLY,display_only,ACTIVE,ACTIVE,PUBLIC,STANDARD,1.0,2026-08-18,Consolidate.xlsx,工作表1,95
CTF-0095,CARD-0379,Undertake life cycle assessment (LCA) of packaging to understand its full environmental impact — Payback,timing,Supply Chain,Timing Factors,,Payback,,Undertake life cycle assessment (LCA) of packaging to has 0 universal payback benchmark; measure ROI from verified savings and avoided risk.,Packaging,but the source does not provide implementation cost or payback period; therefore; a specific ROI,,,,,,Display text has no parseable number; numeric columns left blank.,,,,but the source does not provide implementation cost or payback period; therefore; a specific ROI,,,,,All,None,,,,CEVID-0252,1,Simple payback (years) = upfront implementation cost ÷ verified annual net saving; lead time = go-live date − approval date.,Undertake life cycle assessment (LCA) of packaging to has 0 universal payback benchmark; measure ROI from verified savings and avoided risk.,None,SG-INIT-0095,ALL_FOUR_SLOTS,DISPLAY_ONLY,display_only,ACTIVE,ACTIVE,PUBLIC,STANDARD,1.0,2026-08-18,Consolidate.xlsx,工作表1,96
CTF-0096,CARD-0383,Eliminate single-use plastic items from operations — ROI,timing,Supply Chain,Timing Factors,,ROI,,"Eliminate single-use plastic items from operations has a practical value timeline: The Boston Harbor Hotel example achieved recurring annual savings of $6,481 (60%) after.",Packaging,"The Boston Harbor Hotel example achieved recurring annual savings of $6,481 (60%) after","The Boston Harbor Hotel example achieved recurring annual savings of $6,481 (60%) after",,,6481,,Single published figure stored as Value_Base.,USD,percent,,The Boston Harbor Hotel example achieved recurring annual savings of (%) after,annual,,annual,,All – guest amenities particularly relevant for hotels and other accommodation providers,None,,,,CEVID-0253,1,Simple payback (years) = upfront implementation cost ÷ verified annual net saving; lead time = go-live date − approval date.,"Eliminate single-use plastic items from operations has a practical value timeline: The Boston Harbor Hotel example achieved recurring annual savings of $6,481 (60%) after.",None,SG-INIT-0096,ALL_FOUR_SLOTS,DISPLAY_ONLY,display_only,ACTIVE,ACTIVE,PUBLIC,STANDARD,1.0,2026-08-18,Consolidate.xlsx,工作表1,97
CTF-0097,CARD-0387,Increase recycled content in packaging materials — Payback,timing,Supply Chain,Timing Factors,,Payback,,Increase recycled content in packaging materials has 0 universal payback benchmark; measure ROI from verified savings and avoided risk.,Packaging,subject to any difference in packaging procurement cost,,,,,,Display text has no parseable number; numeric columns left blank.,,,,subject to any difference in packaging procurement cost,,,,,"All – particularly relevant for breweries, pubs/bars and businesses using high volumes of packaged products",None,,,,CEVID-0254,1,Simple payback (years) = upfront implementation cost ÷ verified annual net saving; lead time = go-live date − approval date.,Increase recycled content in packaging materials has 0 universal payback benchmark; measure ROI from verified savings and avoided risk.,None,SG-INIT-0097,ALL_FOUR_SLOTS,DISPLAY_ONLY,display_only,ACTIVE,ACTIVE,PUBLIC,STANDARD,1.0,2026-08-18,Consolidate.xlsx,工作表1,98
CTF-0098,CARD-0391,Evaluate equipment purchases based on full life-cycle cost and environmental impact — Payback,timing,Supply Chain,Timing Factors,,Payback,,Evaluate equipment purchases based on full life-cycle cost has 0 universal payback benchmark; measure ROI from verified savings and avoided risk.,Capital Goods,Equipment-specific,,,,,,Display text has no parseable number; numeric columns left blank.,,,,Equipment specific,,,,,"All – particularly relevant for hotels, contract caterers, restaurants and other equipment-intensive operations",None,,,,CEVID-0255,1,Simple payback (years) = upfront implementation cost ÷ verified annual net saving; lead time = go-live date − approval date.,Evaluate equipment purchases based on full life-cycle cost has 0 universal payback benchmark; measure ROI from verified savings and avoided risk.,None,SG-INIT-0098,ALL_FOUR_SLOTS,DISPLAY_ONLY,display_only,ACTIVE,ACTIVE,PUBLIC,STANDARD,1.0,2026-08-18,Consolidate.xlsx,工作表1,99
CTF-0099,CARD-0395,Shift from equipment ownership to service or leasing models — Payback,timing,Supply Chain,Timing Factors,,Payback,,Shift from equipment ownership to service or leasing has 0 universal payback benchmark; measure ROI from verified savings and avoided risk.,Capital Goods,Potential financial benefit from the start of the contract where the model avoids upfront,,,,,,Display text has no parseable number; numeric columns left blank.,,,,Potential financial benefit from the start of the contract where the model avoids upfront,,,,,"All – particularly relevant for equipment-intensive operations such as hotels, contract caterers and breweries",None,,,,CEVID-0256,1,Simple payback (years) = upfront implementation cost ÷ verified annual net saving; lead time = go-live date − approval date.,Shift from equipment ownership to service or leasing has 0 universal payback benchmark; measure ROI from verified savings and avoided risk.,None,SG-INIT-0099,ALL_FOUR_SLOTS,DISPLAY_ONLY,display_only,ACTIVE,ACTIVE,PUBLIC,STANDARD,1.0,2026-08-18,Consolidate.xlsx,工作表1,100
CTF-0100,CARD-0399,"Prioritise reused, refurbished and responsibly sourced furniture and fittings — ROI",timing,Supply Chain,Timing Factors,,ROI,,"Prioritise reused, refurbished and responsibly sourced has a practical value timeline: because Crown Workspace reports refurbished/remanufactured items typically cost 70–80% less than.",Capital Goods,because Crown Workspace reports refurbished/remanufactured items typically cost 70–80% less than,because Crown Workspace reports refurbished/remanufactured items typically cost 70–80% less than,,70,,80,Range taken from the published display string. Value_Base left blank (no midpoint invented).,,percent,remanufactured,because Crown Workspace reports refurbished/remanufactured items typically cost % less than,,,,,"All – particularly relevant for hotels, restaurants, pubs/bars and other businesses undertaking refurbishments or fit-outs",None,,,,CEVID-0257,1,Simple payback (years) = upfront implementation cost ÷ verified annual net saving; lead time = go-live date − approval date.,"Prioritise reused, refurbished and responsibly sourced has a practical value timeline: because Crown Workspace reports refurbished/remanufactured items typically cost 70–80% less than.",None,SG-INIT-0100,ALL_FOUR_SLOTS,DISPLAY_ONLY,display_only,ACTIVE,ACTIVE,PUBLIC,STANDARD,1.0,2026-08-18,Consolidate.xlsx,工作表1,101
CTF-0101,CARD-0403,"Extend equipment life and manage WEEE through repair, refurbishment, reuse and responsible recycling — ROI",timing,Supply Chain,Timing Factors,,ROI,,"Extend equipment life and manage WEEE through repair has a practical value timeline: Defra reports savings of up to 40% compared with new ICT devices, meaning a financial benefit.",Capital Goods,"Defra reports savings of up to 40% compared with new ICT devices, meaning a financial benefit","Defra reports savings of up to 40% compared with new ICT devices, meaning a financial benefit",,,40,,Single published figure stored as Value_Base.,,percent,,Defra reports savings of up to % compared with new ICT devices meaning a financial benefit,,,,,"All – particularly relevant for equipment-intensive operations such as hotels, contract caterers, breweries and restaurants",None,,,,CEVID-0258,1,Simple payback (years) = upfront implementation cost ÷ verified annual net saving; lead time = go-live date − approval date.,"Extend equipment life and manage WEEE through repair has a practical value timeline: Defra reports savings of up to 40% compared with new ICT devices, meaning a financial benefit.",None,SG-INIT-0101,ALL_FOUR_SLOTS,DISPLAY_ONLY,display_only,ACTIVE,ACTIVE,PUBLIC,STANDARD,1.0,2026-08-18,Consolidate.xlsx,工作表1,102
CTF-0102,CARD-0407,Set responsible sourcing standards for packaging procurement — Payback,timing,Supply Chain,Timing Factors,,Payback,,Set responsible sourcing standards for packaging has 0 universal payback benchmark; measure ROI from verified savings and avoided risk.,Procurement,improved recyclability can increasingly provide a financial benefit: modulation begins in,,,,,,Display text has no parseable number; numeric columns left blank.,,,,improved recyclability can increasingly provide a financial benefit: modulation begins in,,,,,All,None,,,,CEVID-0259,1,Simple payback (years) = upfront implementation cost ÷ verified annual net saving; lead time = go-live date − approval date.,Set responsible sourcing standards for packaging has 0 universal payback benchmark; measure ROI from verified savings and avoided risk.,None,SG-INIT-0102,ALL_FOUR_SLOTS,DISPLAY_ONLY,display_only,ACTIVE,ACTIVE,PUBLIC,STANDARD,1.0,2026-08-18,Consolidate.xlsx,工作表1,103
CTF-0103,CARD-0411,Procure lower-impact staff uniforms and operational textiles — Payback,timing,Supply Chain,Timing Factors,,Payback,,Procure lower-impact staff uniforms and operational has 0 universal payback benchmark; measure ROI from verified savings and avoided risk.,procurement,Product-specific,,,,,,Display text has no parseable number; numeric columns left blank.,,,,Product specific,,,,,"All – particularly relevant for hotels, restaurants, pubs/bars and contract caterers with high volumes of uniforms, linen and towels",None,,,,CEVID-0260,1,Simple payback (years) = upfront implementation cost ÷ verified annual net saving; lead time = go-live date − approval date.,Procure lower-impact staff uniforms and operational has 0 universal payback benchmark; measure ROI from verified savings and avoided risk.,None,SG-INIT-0103,ALL_FOUR_SLOTS,DISPLAY_ONLY,display_only,ACTIVE,ACTIVE,PUBLIC,STANDARD,1.0,2026-08-18,Consolidate.xlsx,工作表1,104
CTF-0104,CARD-0415,Procure environmentally preferable cleaning products — Payback,timing,Supply Chain,Timing Factors,,Payback,,Procure environmentally preferable cleaning products has 0 universal payback benchmark; measure ROI from verified savings and avoided risk.,procurement,Calculate simple payback as dosing/refill equipment and implementation cost ÷ annual chemical,,,,,,Display text has no parseable number; numeric columns left blank.,,,refill,Calculate simple payback as dosing/refill equipment and implementation cost ÷ annual chemical,annual,,annual,,"All – particularly relevant for hotels, restaurants, pubs/bars, contract caterers and other operations with high cleaning-product use",None,,,,CEVID-0261,1,Simple payback (years) = upfront implementation cost ÷ verified annual net saving; lead time = go-live date − approval date.,Procure environmentally preferable cleaning products has 0 universal payback benchmark; measure ROI from verified savings and avoided risk.,None,SG-INIT-0104,ALL_FOUR_SLOTS,DISPLAY_ONLY,display_only,ACTIVE,ACTIVE,PUBLIC,STANDARD,1.0,2026-08-18,Consolidate.xlsx,工作表1,105
CTF-0105,CARD-0419,Reduce office paper use and office consumables — ROI,timing,Supply Chain,Timing Factors,,ROI,,Reduce office paper use and office consumables has a practical value timeline: default double-sided printing contributed to a 37% reduction in paper use at the Department for.,procurement,default double-sided printing contributed to a 37% reduction in paper use at the Department for,default double-sided printing contributed to a 37% reduction in paper use at the Department for,,,37,,Single published figure stored as Value_Base.,,percent,,default double sided printing contributed to a % reduction in paper use at the Department for,,,,,All,None,,,,CEVID-0262,1,Simple payback (years) = upfront implementation cost ÷ verified annual net saving; lead time = go-live date − approval date.,Reduce office paper use and office consumables has a practical value timeline: default double-sided printing contributed to a 37% reduction in paper use at the Department for.,None,SG-INIT-0105,ALL_FOUR_SLOTS,DISPLAY_ONLY,display_only,ACTIVE,ACTIVE,PUBLIC,STANDARD,1.0,2026-08-18,Consolidate.xlsx,工作表1,106
CTF-0106,CARD-0423,Measure and reduce emissions from purchased goods and services — Payback,timing,Supply Chain,Timing Factors,,Payback,,Measure and reduce emissions from purchased goods and has 0 universal payback benchmark; measure ROI from verified savings and avoided risk.,procurement,Typically medium term and organisation-specific,,,,,,Display text has no parseable number; numeric columns left blank.,,,,Typically medium term and organisation specific,,,,,All,None,,,,CEVID-0263,1,Simple payback (years) = upfront implementation cost ÷ verified annual net saving; lead time = go-live date − approval date.,Measure and reduce emissions from purchased goods and has 0 universal payback benchmark; measure ROI from verified savings and avoided risk.,None,SG-INIT-0106,ALL_FOUR_SLOTS,DISPLAY_ONLY,display_only,ACTIVE,ACTIVE,PUBLIC,STANDARD,1.0,2026-08-18,Consolidate.xlsx,工作表1,107
CTF-0107,CARD-0427,Adopt recognised certifications for key categories — Payback,timing,F&B Procurement & Menu design,Timing Factors,,Payback,,Adopt recognised certifications for key categories has 0 universal payback benchmark; measure ROI from verified savings and avoided risk.,Procurement,"Typically months rather than years for initial certification, depending on existing traceability",,,,0,,Single published figure stored as Value_Base.,,,,Typically months rather than years for initial certification depending on existing traceability,,,month,,All,None,,,,CEVID-0264,1,Simple payback (years) = upfront implementation cost ÷ verified annual net saving; lead time = go-live date − approval date.,Adopt recognised certifications for key categories has 0 universal payback benchmark; measure ROI from verified savings and avoided risk.,None,SG-INIT-0107,ALL_FOUR_SLOTS,DISPLAY_ONLY,display_only,ACTIVE,ACTIVE,PUBLIC,STANDARD,1.0,2026-08-18,Consolidate.xlsx,工作表1,108
CTF-0108,CARD-0431,Set targets to increase local/regional and seasonal sourcing to reduce transport emissions and support UK producers — Payback,timing,F&B Procurement & Menu design,Timing Factors,,Payback,,Set targets to increase local/regional and seasonal has 0 universal payback benchmark; measure ROI from verified savings and avoided risk.,Procurement,Menu/supplier changes can potentially be implemented within one or several menu cycles,,,,,,Display text has no parseable number; numeric columns left blank.,,,supplier,Menu/supplier changes can potentially be implemented within one or several menu cycles,,,,,All,None,,,,CEVID-0265,1,Simple payback (years) = upfront implementation cost ÷ verified annual net saving; lead time = go-live date − approval date.,Set targets to increase local/regional and seasonal has 0 universal payback benchmark; measure ROI from verified savings and avoided risk.,None,SG-INIT-0108,ALL_FOUR_SLOTS,DISPLAY_ONLY,display_only,ACTIVE,ACTIVE,PUBLIC,STANDARD,1.0,2026-08-18,Consolidate.xlsx,工作表1,109
CTF-0109,CARD-0435,Pilot new sourcing models with innovative/smaller suppliers to diversify supply and de-risk from commodity volatility — Payback,timing,F&B Procurement & Menu design,Timing Factors,,Payback,,Pilot new sourcing models with innovative/smaller has 0 universal payback benchmark; measure ROI from verified savings and avoided risk.,Procurement,A pilot could normally be assessed over one or more procurement/menu cycles,,,,,,Display text has no parseable number; numeric columns left blank.,,,menu,A pilot could normally be assessed over one or more procurement/menu cycles,,,,,All,None,,,,CEVID-0266,1,Simple payback (years) = upfront implementation cost ÷ verified annual net saving; lead time = go-live date − approval date.,Pilot new sourcing models with innovative/smaller has 0 universal payback benchmark; measure ROI from verified savings and avoided risk.,None,SG-INIT-0109,ALL_FOUR_SLOTS,DISPLAY_ONLY,display_only,ACTIVE,ACTIVE,PUBLIC,STANDARD,1.0,2026-08-18,Consolidate.xlsx,工作表1,110
CTF-0110,CARD-0439,Proportion of plant-based dishes on the menu — Payback,timing,F&B Procurement & Menu design,Timing Factors,,Payback,,Proportion of plant-based dishes on the menu has 0 universal payback benchmark; measure ROI from verified savings and avoided risk.,Menu Design,Menu changes can be introduced within normal menu-development cycles,,,,,,Display text has no parseable number; numeric columns left blank.,,,,Menu changes can be introduced within normal menu development cycles,,,,,All,None,,,,CEVID-0267,1,Simple payback (years) = upfront implementation cost ÷ verified annual net saving; lead time = go-live date − approval date.,Proportion of plant-based dishes on the menu has 0 universal payback benchmark; measure ROI from verified savings and avoided risk.,None,SG-INIT-0110,ALL_FOUR_SLOTS,DISPLAY_ONLY,display_only,ACTIVE,ACTIVE,PUBLIC,STANDARD,1.0,2026-08-18,Consolidate.xlsx,工作表1,111
CTF-0111,CARD-0443,Procure items sourced from ingredients grown using regenerative practices — Payback,timing,F&B Procurement & Menu design,Timing Factors,,Payback,,Procure items sourced from ingredients grown using has 0 universal payback benchmark; measure ROI from verified savings and avoided risk.,Menu Design,"Procurement substitution could be implemented within a supplier-contract or menu cycle, subject",,,,0,,Single published figure stored as Value_Base.,,,,Procurement substitution could be implemented within a supplier contract or menu cycle subject,,,,,All,None,,,,CEVID-0268,1,Simple payback (years) = upfront implementation cost ÷ verified annual net saving; lead time = go-live date − approval date.,Procure items sourced from ingredients grown using has 0 universal payback benchmark; measure ROI from verified savings and avoided risk.,None,SG-INIT-0111,ALL_FOUR_SLOTS,DISPLAY_ONLY,display_only,ACTIVE,ACTIVE,PUBLIC,STANDARD,1.0,2026-08-18,Consolidate.xlsx,工作表1,112
CTF-0112,CARD-0447,Design the menu to highlight and nudge customers toward lower-carbon choices — Payback,timing,F&B Procurement & Menu design,Timing Factors,,Payback,,Design the menu to highlight and nudge customers toward has 0 universal payback benchmark; measure ROI from verified savings and avoided risk.,Menu Design,Can be tested within weeks or one menu cycle,,,,,,Display text has no parseable number; numeric columns left blank.,,,,Can be tested within weeks or one menu cycle,,,,,All,None,,,,CEVID-0269,1,Simple payback (years) = upfront implementation cost ÷ verified annual net saving; lead time = go-live date − approval date.,Design the menu to highlight and nudge customers toward has 0 universal payback benchmark; measure ROI from verified savings and avoided risk.,None,SG-INIT-0112,ALL_FOUR_SLOTS,DISPLAY_ONLY,display_only,ACTIVE,ACTIVE,PUBLIC,STANDARD,1.0,2026-08-18,Consolidate.xlsx,工作表1,113
CTF-0113,CARD-0451,Swap high-impact ingredients for lower-impact equivalents where they don't compromise the dish — Payback,timing,F&B Procurement & Menu design,Timing Factors,,Payback,,Swap high-impact ingredients for lower-impact equivalents has 0 universal payback benchmark; measure ROI from verified savings and avoided risk.,Menu Design,Recipe trials can generally be completed over weeks/months and a menu cycle,,,,,,Display text has no parseable number; numeric columns left blank.,,,months,Recipe trials can generally be completed over weeks/months and a menu cycle,,,month,,All,None,,,,CEVID-0270,1,Simple payback (years) = upfront implementation cost ÷ verified annual net saving; lead time = go-live date − approval date.,Swap high-impact ingredients for lower-impact equivalents has 0 universal payback benchmark; measure ROI from verified savings and avoided risk.,None,SG-INIT-0113,ALL_FOUR_SLOTS,DISPLAY_ONLY,display_only,ACTIVE,ACTIVE,PUBLIC,STANDARD,1.0,2026-08-18,Consolidate.xlsx,工作表1,114
CTF-0114,CARD-0455,Use nose-to-tail cooking to reduce waste from higher-impact proteins — Payback,timing,F&B Procurement & Menu design,Timing Factors,,Payback,,Use nose-to-tail cooking to reduce waste from has 0 universal payback benchmark; measure ROI from verified savings and avoided risk.,Menu Design,"Operational changes can potentially be introduced over weeks to months after measurement, recipe",,,,0,,Single published figure stored as Value_Base.,,,,Operational changes can potentially be introduced over weeks to months after measurement recipe,,,month,,All,None,,,,CEVID-0271,1,Simple payback (years) = upfront implementation cost ÷ verified annual net saving; lead time = go-live date − approval date.,Use nose-to-tail cooking to reduce waste from has 0 universal payback benchmark; measure ROI from verified savings and avoided risk.,None,SG-INIT-0114,ALL_FOUR_SLOTS,DISPLAY_ONLY,display_only,ACTIVE,ACTIVE,PUBLIC,STANDARD,1.0,2026-08-18,Consolidate.xlsx,工作表1,115
CTF-0115,CARD-0459,Adjust portion sizes and prep quantities based on waste data — ROI,timing,F&B Procurement & Menu design,Timing Factors,,ROI,,Adjust portion sizes and prep quantities based on waste data has a practical value timeline: Lisbon Marriott achieved its 50% reduction within nine months.,Menu Design,Lisbon Marriott achieved its 50% reduction within nine months,Lisbon Marriott achieved its 50% reduction within nine months,,,50,,Single published figure stored as Value_Base.,,percent,,Lisbon Marriott achieved its % reduction within nine months,,,month,,All,None,,,,CEVID-0272,1,Simple payback (years) = upfront implementation cost ÷ verified annual net saving; lead time = go-live date − approval date.,Adjust portion sizes and prep quantities based on waste data has a practical value timeline: Lisbon Marriott achieved its 50% reduction within nine months.,None,SG-INIT-0115,ALL_FOUR_SLOTS,DISPLAY_ONLY,display_only,ACTIVE,ACTIVE,PUBLIC,STANDARD,1.0,2026-08-18,Consolidate.xlsx,工作表1,116
CTF-0116,CARD-0463,Undertake a comprehensive review of emissions and sustainability risk across the supply chain (baseline assessment) — Payback,timing,Supplier & Value Chain Engagement,Timing Factors,,Payback,,Undertake a comprehensive review of emissions and has 0 universal payback benchmark; measure ROI from verified savings and avoided risk.,Strategy,Initial baseline commonly requires several months depending on data maturity; then refreshed,,,,,,Display text has no parseable number; numeric columns left blank.,,,,Initial baseline commonly requires several months depending on data maturity; then refreshed,,,month,,All,None,,,,CEVID-0273,1,Simple payback (years) = upfront implementation cost ÷ verified annual net saving; lead time = go-live date − approval date.,Undertake a comprehensive review of emissions and has 0 universal payback benchmark; measure ROI from verified savings and avoided risk.,None,SG-INIT-0116,ALL_FOUR_SLOTS,DISPLAY_ONLY,display_only,ACTIVE,ACTIVE,PUBLIC,STANDARD,1.0,2026-08-18,Consolidate.xlsx,工作表1,117
CTF-0117,CARD-0467,Set a Scope 3 emissions reduction target (e.g. aligned to SBTi) — ROI,timing,Supplier & Value Chain Engagement,Timing Factors,,ROI,,Set a Scope 3 emissions reduction target has a practical value timeline: Target design can be completed over several months once a credible baseline exists.,Strategy,Target design can be completed over several months once a credible baseline exists,,,,,,Display text has no parseable number; numeric columns left blank.,,,,Target design can be completed over several months once a credible baseline exists,,,month,,All,None,,,,CEVID-0274,1,Simple payback (years) = upfront implementation cost ÷ verified annual net saving; lead time = go-live date − approval date.,Set a Scope 3 emissions reduction target has a practical value timeline: Target design can be completed over several months once a credible baseline exists.,None,SG-INIT-0117,ALL_FOUR_SLOTS,DISPLAY_ONLY,display_only,ACTIVE,ACTIVE,PUBLIC,STANDARD,1.0,2026-08-18,Consolidate.xlsx,工作表1,118
CTF-0118,CARD-0471,"Establish a sustainable procurement policy, approved and sponsored at Board/ExCo level — Payback",timing,Supplier & Value Chain Engagement,Timing Factors,,Payback,,"Establish a sustainable procurement policy, approved and has 0 universal payback benchmark; measure ROI from verified savings and avoided risk.",Strategy,Policy development and approval can typically be completed within months; full application,,,,,,Display text has no parseable number; numeric columns left blank.,,,,Policy development and approval can typically be completed within months; full application,,,month,,All,None,,,,CEVID-0273,1,Simple payback (years) = upfront implementation cost ÷ verified annual net saving; lead time = go-live date − approval date.,"Establish a sustainable procurement policy, approved and has 0 universal payback benchmark; measure ROI from verified savings and avoided risk.",None,SG-INIT-0118,ALL_FOUR_SLOTS,DISPLAY_ONLY,display_only,ACTIVE,ACTIVE,PUBLIC,STANDARD,1.0,2026-08-18,Consolidate.xlsx,工作表1,119
CTF-0119,CARD-0475,"Implement a regular cadence of touchpoints between procurement, sustainability, and category teams to drive Responsible Procurement priorities — Payback",timing,Supplier & Value Chain Engagement,Timing Factors,,Payback,,Implement a regular cadence of touchpoints between has 0 universal payback benchmark; measure ROI from verified savings and avoided risk.,Strategy,Can be established within weeks,,,,,,Display text has no parseable number; numeric columns left blank.,,,,Can be established within weeks,,,,,All,None,,,,CEVID-0275,1,Simple payback (years) = upfront implementation cost ÷ verified annual net saving; lead time = go-live date − approval date.,Implement a regular cadence of touchpoints between has 0 universal payback benchmark; measure ROI from verified savings and avoided risk.,None,SG-INIT-0119,ALL_FOUR_SLOTS,DISPLAY_ONLY,display_only,ACTIVE,ACTIVE,PUBLIC,STANDARD,1.0,2026-08-18,Consolidate.xlsx,工作表1,120
CTF-0120,CARD-0479,Build sustainable procurement training and capability into the wider procurement team's professional development — Payback,timing,Supplier & Value Chain Engagement,Timing Factors,,Payback,,Build sustainable procurement training and capability into has 0 universal payback benchmark; measure ROI from verified savings and avoided risk.,Strategy,"Initial training can be designed and rolled out within months, then repeated annually/onboarding",,,,0,,Single published figure stored as Value_Base.,,,onboarding,Initial training can be designed and rolled out within months then repeated annually/onboarding,,,month,,All,None,,,,CEVID-0276,1,Simple payback (years) = upfront implementation cost ÷ verified annual net saving; lead time = go-live date − approval date.,Build sustainable procurement training and capability into has 0 universal payback benchmark; measure ROI from verified savings and avoided risk.,None,SG-INIT-0120,ALL_FOUR_SLOTS,DISPLAY_ONLY,display_only,ACTIVE,ACTIVE,PUBLIC,STANDARD,1.0,2026-08-18,Consolidate.xlsx,工作表1,121
CTF-0121,CARD-0483,Collect sustainability data from suppliers — Payback,timing,Supplier & Value Chain Engagement,Timing Factors,,Payback,,Collect sustainability data from suppliers has 0 universal payback benchmark; measure ROI from verified savings and avoided risk.,Engagement,Basic collection can begin within months; achieving high-quality supplier-specific coverage is,,,,,,Display text has no parseable number; numeric columns left blank.,,,,Basic collection can begin within months; achieving high quality supplier specific coverage is,,,month,,All,None,,,,CEVID-0276,1,Simple payback (years) = upfront implementation cost ÷ verified annual net saving; lead time = go-live date − approval date.,Collect sustainability data from suppliers has 0 universal payback benchmark; measure ROI from verified savings and avoided risk.,None,SG-INIT-0121,ALL_FOUR_SLOTS,DISPLAY_ONLY,display_only,ACTIVE,ACTIVE,PUBLIC,STANDARD,1.0,2026-08-18,Consolidate.xlsx,工作表1,122
CTF-0122,CARD-0487,Conduct lifecycle assessments (LCA) and collect product carbon footprints on key commodities to understand emissions at ingredient level — Payback,timing,Supplier & Value Chain Engagement,Timing Factors,,Payback,,Conduct lifecycle assessments (LCA) and collect product has 0 universal payback benchmark; measure ROI from verified savings and avoided risk.,Engagement,Individual studies can take weeks to months; portfolio coverage is usually phased,,,,,,Display text has no parseable number; numeric columns left blank.,,,,Individual studies can take weeks to months; portfolio coverage is usually phased,,,month,,All,None,,,,CEVID-0277,1,Simple payback (years) = upfront implementation cost ÷ verified annual net saving; lead time = go-live date − approval date.,Conduct lifecycle assessments (LCA) and collect product has 0 universal payback benchmark; measure ROI from verified savings and avoided risk.,None,SG-INIT-0122,ALL_FOUR_SLOTS,DISPLAY_ONLY,display_only,ACTIVE,ACTIVE,PUBLIC,STANDARD,1.0,2026-08-18,Consolidate.xlsx,工作表1,123
CTF-0123,CARD-0491,Set supplier-facing requirements (Supplier codes of conduct) and communicate shared targets — Payback,timing,Supplier & Value Chain Engagement,Timing Factors,,Payback,,Set supplier-facing requirements (Supplier codes of has 0 universal payback benchmark; measure ROI from verified savings and avoided risk.,Engagement,Can be introduced in new tenders immediately and rolled through existing contracts over renewal,,,,,,Display text has no parseable number; numeric columns left blank.,,,,Can be introduced in new tenders immediately and rolled through existing contracts over renewal,,,,,All,None,,,,CEVID-0276,1,Simple payback (years) = upfront implementation cost ÷ verified annual net saving; lead time = go-live date − approval date.,Set supplier-facing requirements (Supplier codes of has 0 universal payback benchmark; measure ROI from verified savings and avoided risk.,None,SG-INIT-0123,ALL_FOUR_SLOTS,DISPLAY_ONLY,display_only,ACTIVE,ACTIVE,PUBLIC,STANDARD,1.0,2026-08-18,Consolidate.xlsx,工作表1,124
CTF-0124,CARD-0495,Use a supplier scorecard to track performance and prioritise engagement with material suppliers — Payback,timing,Supplier & Value Chain Engagement,Timing Factors,,Payback,,Use a supplier scorecard to track performance and has 0 universal payback benchmark; measure ROI from verified savings and avoided risk.,Engagement,Can be designed and piloted within months; mature scorecard programmes develop over annual,,,,,,Display text has no parseable number; numeric columns left blank.,,,,Can be designed and piloted within months; mature scorecard programmes develop over annual,annual,,annual,,All,None,,,,CEVID-0275,1,Simple payback (years) = upfront implementation cost ÷ verified annual net saving; lead time = go-live date − approval date.,Use a supplier scorecard to track performance and has 0 universal payback benchmark; measure ROI from verified savings and avoided risk.,None,SG-INIT-0124,ALL_FOUR_SLOTS,DISPLAY_ONLY,display_only,ACTIVE,ACTIVE,PUBLIC,STANDARD,1.0,2026-08-18,Consolidate.xlsx,工作表1,125
CTF-0125,CARD-0499,"Provide a tailored supplier engagement strategy for material/priority suppliers (segmented by spend, risk, and emissions contribution) — Payback",timing,Supplier & Value Chain Engagement,Timing Factors,,Payback,,Provide a tailored supplier engagement strategy for has 0 universal payback benchmark; measure ROI from verified savings and avoided risk.,Engagement,Segmentation can be completed in months; supplier improvement is typically multi-year,,,,,,Display text has no parseable number; numeric columns left blank.,,,,Segmentation can be completed in months; supplier improvement is typically multi year,,,month,,All,None,,,,CEVID-0274,1,Simple payback (years) = upfront implementation cost ÷ verified annual net saving; lead time = go-live date − approval date.,Provide a tailored supplier engagement strategy for has 0 universal payback benchmark; measure ROI from verified savings and avoided risk.,None,SG-INIT-0125,ALL_FOUR_SLOTS,DISPLAY_ONLY,display_only,ACTIVE,ACTIVE,PUBLIC,STANDARD,1.0,2026-08-18,Consolidate.xlsx,工作表1,126
CTF-0126,CARD-0503,"Incentivise supplier progress (e.g. preferred status, longer contracts) — Payback",timing,Supplier & Value Chain Engagement,Timing Factors,,Payback,,Incentivise supplier progress has 0 universal payback benchmark; measure ROI from verified savings and avoided risk.,Engagement,Can be incorporated into supplier reviews/tenders within months; measurable supplier performance,,,,,,Display text has no parseable number; numeric columns left blank.,,,tenders,Can be incorporated into supplier reviews/tenders within months; measurable supplier performance,,,month,,All,None,,,,CEVID-0275,1,Simple payback (years) = upfront implementation cost ÷ verified annual net saving; lead time = go-live date − approval date.,Incentivise supplier progress has 0 universal payback benchmark; measure ROI from verified savings and avoided risk.,None,SG-INIT-0126,ALL_FOUR_SLOTS,DISPLAY_ONLY,display_only,ACTIVE,ACTIVE,PUBLIC,STANDARD,1.0,2026-08-18,Consolidate.xlsx,工作表1,127
CTF-0127,CARD-0507,Co-invest with suppliers in decarbonisation or regenerative agriculture projects (e.g. insetting programmes) — Payback,timing,Supplier & Value Chain Engagement,Timing Factors,,Payback,,Co-invest with suppliers in decarbonisation or has 0 universal payback benchmark; measure ROI from verified savings and avoided risk.,Engagement,"Financial ROI may be indirect through resilience/productivity, while carbon ROI should be",,,,0,,Single published figure stored as Value_Base.,,,productivity,Financial ROI may be indirect through resilience/productivity while carbon ROI should be,,,,,All,None,,,,CEVID-0278,1,Simple payback (years) = upfront implementation cost ÷ verified annual net saving; lead time = go-live date − approval date.,Co-invest with suppliers in decarbonisation or has 0 universal payback benchmark; measure ROI from verified savings and avoided risk.,None,SG-INIT-0127,ALL_FOUR_SLOTS,DISPLAY_ONLY,display_only,ACTIVE,ACTIVE,PUBLIC,STANDARD,1.0,2026-08-18,Consolidate.xlsx,工作表1,128
CTF-0128,CARD-0511,"Map supply chains beyond Tier 1 (Tier 2/3, down to farm/origin level) for material (High-spend, high-carbon and/or high-risk commodities) — Payback",timing,Supplier & Value Chain Engagement,Timing Factors,,Payback,,"Map supply chains beyond Tier 1 (Tier 2/3, down to farm/origin level) has no universal payback; ROI depends on verified savings, resilience and avoided risk.",Risk Anaysis,Simple commodity maps can be developed in months; deep farm/origin traceability can take,,,,,,Display text has no parseable number; numeric columns left blank.,,,origin,Simple commodity maps can be developed in months; deep farm/origin traceability can take,,,month,,All,None,,,,CEVID-0273,1,Simple payback (years) = upfront implementation cost ÷ verified annual net saving; lead time = go-live date − approval date.,"Map supply chains beyond Tier 1 (Tier 2/3, down to farm/origin level) has no universal payback; ROI depends on verified savings, resilience and avoided risk.",None,SG-INIT-0128,ALL_FOUR_SLOTS,DISPLAY_ONLY,display_only,ACTIVE,ACTIVE,PUBLIC,STANDARD,1.0,2026-08-18,Consolidate.xlsx,工作表1,129
CTF-0129,CARD-0515,"Map exposure to forest-risk commodities (soy, palm oil, cocoa, coffee, beef/leather, rubber, timber/paper & packaging) — Payback",timing,Supplier & Value Chain Engagement,Timing Factors,,Payback,,Map exposure to forest-risk commodities has 0 universal payback benchmark; measure ROI from verified savings and avoided risk.,Deforestation,Initial screening can be completed within months; detailed origin-level mapping may take longer,,,,,,Display text has no parseable number; numeric columns left blank.,,,,Initial screening can be completed within months; detailed origin level mapping may take longer,,,month,,All,None,,,,CEVID-0273,1,Simple payback (years) = upfront implementation cost ÷ verified annual net saving; lead time = go-live date − approval date.,Map exposure to forest-risk commodities has 0 universal payback benchmark; measure ROI from verified savings and avoided risk.,None,SG-INIT-0129,ALL_FOUR_SLOTS,DISPLAY_ONLY,display_only,ACTIVE,ACTIVE,PUBLIC,STANDARD,1.0,2026-08-18,Consolidate.xlsx,工作表1,130
CTF-0130,CARD-0519,Set a deforestation-free sourcing commitment and require traceability to origin — Payback,timing,Supplier & Value Chain Engagement,Timing Factors,,Payback,,Set a deforestation-free sourcing commitment and require has 0 universal payback benchmark; measure ROI from verified savings and avoided risk.,Deforestation,Policy can be established within months; achieving verified origin-level compliance across,,,,,,Display text has no parseable number; numeric columns left blank.,,,,Policy can be established within months; achieving verified origin level compliance across,,,month,,All,None,,,,CEVID-0273,1,Simple payback (years) = upfront implementation cost ÷ verified annual net saving; lead time = go-live date − approval date.,Set a deforestation-free sourcing commitment and require has 0 universal payback benchmark; measure ROI from verified savings and avoided risk.,None,SG-INIT-0130,ALL_FOUR_SLOTS,DISPLAY_ONLY,display_only,ACTIVE,ACTIVE,PUBLIC,STANDARD,1.0,2026-08-18,Consolidate.xlsx,工作表1,131
CTF-0131,CARD-0523,"Source certified sustainable commodities (e.g. RSPO for palm oil, Rainforest Alliance/UTZ or 4C for coffee and cocoa, FSC/PEFC for timber and paper-based packaging) — Payback",timing,Supplier & Value Chain Engagement,Timing Factors,,Payback,,Source certified sustainable commodities has 0 universal payback benchmark; measure ROI from verified savings and avoided risk.,Deforestation,Can be phased through procurement and contract cycles over months to several years,,,,,,Display text has no parseable number; numeric columns left blank.,,,,Can be phased through procurement and contract cycles over months to several years,,,month,,All,None,,,,CEVID-0273,1,Simple payback (years) = upfront implementation cost ÷ verified annual net saving; lead time = go-live date − approval date.,Source certified sustainable commodities has 0 universal payback benchmark; measure ROI from verified savings and avoided risk.,None,SG-INIT-0131,ALL_FOUR_SLOTS,DISPLAY_ONLY,display_only,ACTIVE,ACTIVE,PUBLIC,STANDARD,1.0,2026-08-18,Consolidate.xlsx,工作表1,132
CTF-0132,CARD-0527,Establish corporate travel policies that prioritise lower carbon transport — Payback,timing,Supply Chain,Timing Factors,,Payback,,"The customer can approve the policy in 1–3 months; payback is driven by avoided air, taxi, mileage and accommodation spend.",Transport and Distribution,1–3 months to implement the policy; full behaviour change takes longer,1–3 months to implement the policy; full behaviour change takes longer,,1,,3,Range taken from the published display string. Value_Base left blank (no midpoint invented).,,,,months to implement the policy; full behaviour change takes longer,,,month,,all,,,,,CEVID-0279,1,Simple payback = policy implementation cost ÷ annual avoided travel cost; lead time = policy approval date − project start date.,"The customer can approve the policy in 1–3 months; payback is driven by avoided air, taxi, mileage and accommodation spend.",,SG-INIT-0132,ALL_FOUR_SLOTS,DISPLAY_ONLY,display_only,ACTIVE,ACTIVE,PUBLIC,STANDARD,1.0,2026-08-18,Consolidate.xlsx,工作表1,133
CTF-0133,CARD-0531,Provide infrastructure and incentives for low-carbon guest travel — ROI,timing,Supply Chain,Timing Factors,,ROI,,"Low-cost incentives can launch in weeks; charging installations typically require 2–6 months, extending to 6–12+ months where grid or landlord upgrades are needed.",Transport and Distribution,Weeks for signage/incentives; 2–6 months for standard charging; 6–12+ months for complex upgrades,Weeks for signage/incentives; 2–6 months for standard charging; 6–12+ months for complex upgrades,,2,,6,Range taken from the published display string. Value_Base left blank (no midpoint invented).,,,incentives,Weeks for signage/incentives; months for standard charging; + months for complex upgrades,,,month,,all,,,,,CEVID-0280,5,Simple payback = installed infrastructure cost ÷ annual charging and incremental guest net benefit; lead time = commissioning date − approval date.,"Low-cost incentives can launch in weeks; charging installations typically require 2–6 months, extending to 6–12+ months where grid or landlord upgrades are needed.",,SG-INIT-0133,ALL_FOUR_SLOTS,DISPLAY_ONLY,display_only,ACTIVE,ACTIVE,PUBLIC,STANDARD,1.0,2026-08-18,Consolidate.xlsx,工作表1,134
CTF-0134,CARD-0535,Commission specialist assessments for on-farm emissions hotspots in the top three commodities — Payback,timing,Nature & Resources,Timing Factors,,Payback,,Commission specialist on-farm emissions assessments for the top three commodities has 0 universal payback benchmark; track implementation time and verified annual net benefit.,Nature & Biodiversity – Supplier Engagement,0 universal payback benchmark; client capex and annual net saving required,0 universal payback benchmark; client capex and annual net saving required,,,0,,Single published figure stored as Value_Base.,,,,universal payback benchmark; client capex and annual net saving required,annual,,annual,,"Restaurant, QSR, Pubs/Bars, Contract Caterers, Hotels, Brewries, Experiential Leisure",,,,,,0,Simple payback (years) = upfront implementation cost ÷ verified annual net saving; lead time = go-live date − approval date.,Commission specialist on-farm emissions assessments for the top three commodities has 0 universal payback benchmark; track implementation time and verified annual net benefit.,,SG-INIT-0134,ALL_FOUR_SLOTS,DISPLAY_ONLY,display_only,ACTIVE,ACTIVE,PUBLIC,UNLINKED,1.0,2026-08-18,Consolidate.xlsx,工作表1,135
CTF-0135,CARD-0539,Publish a biodiversity policy with named targets and owner — Payback,timing,Nature & Resources,Timing Factors,,Payback,,Publish a biodiversity policy with named targets and owner has 0 universal payback benchmark; track implementation time and verified annual net benefit.,Nature & Biodiversity – Biodiversity,0 universal payback benchmark; client capex and annual net saving required,0 universal payback benchmark; client capex and annual net saving required,,,0,,Single published figure stored as Value_Base.,,,,universal payback benchmark; client capex and annual net saving required,annual,,annual,,"Restaurant, QSR, Pubs/Bars, Contract Caterers, Hotels, Brewries, Experiential Leisure",,,,,,0,Simple payback (years) = upfront implementation cost ÷ verified annual net saving; lead time = go-live date − approval date.,Publish a biodiversity policy with named targets and owner has 0 universal payback benchmark; track implementation time and verified annual net benefit.,,SG-INIT-0135,ALL_FOUR_SLOTS,DISPLAY_ONLY,display_only,ACTIVE,ACTIVE,PUBLIC,UNLINKED,1.0,2026-08-18,Consolidate.xlsx,工作表1,136
CTF-0136,CARD-0543,Ensure compliance with Biodiversity Net Gain (BNG) requirements — Payback,timing,Nature & Resources,Timing Factors,,Payback,,Ensure compliance with Biodiversity Net Gain requirements has 0 universal payback benchmark; track implementation time and verified annual net benefit.,Nature & Biodiversity – Biodiversity,0 universal payback benchmark; client capex and annual net saving required,0 universal payback benchmark; client capex and annual net saving required,,,0,,Single published figure stored as Value_Base.,,,,universal payback benchmark; client capex and annual net saving required,annual,,annual,,"Restaurant, QSR, Pubs/Bars, Contract Caterers, Hotels, Brewries, Experiential Leisure",,,,,,0,Simple payback (years) = upfront implementation cost ÷ verified annual net saving; lead time = go-live date − approval date.,Ensure compliance with Biodiversity Net Gain requirements has 0 universal payback benchmark; track implementation time and verified annual net benefit.,,SG-INIT-0136,ALL_FOUR_SLOTS,DISPLAY_ONLY,display_only,ACTIVE,ACTIVE,PUBLIC,UNLINKED,1.0,2026-08-18,Consolidate.xlsx,工作表1,137
CTF-0137,CARD-0547,Engage priority suppliers by spend on biodiversity and request a formal response within 90 days — Payback,timing,Nature & Resources,Timing Factors,,Payback,,Engage priority suppliers on biodiversity and request a formal response within 90 days has a defined delivery target of 90 days; payback still depends on client cost and annual saving.,Nature & Biodiversity – Biodiversity,90 days,90 days,,,90,,Single published figure stored as Value_Base.,,,,days,,,,,"Restaurant, QSR, Pubs/Bars, Contract Caterers, Hotels, Brewries, Experiential Leisure",,,,,,0,Simple payback (years) = upfront implementation cost ÷ verified annual net saving; lead time = go-live date − approval date.,Engage priority suppliers on biodiversity and request a formal response within 90 days has a defined delivery target of 90 days; payback still depends on client cost and annual saving.,,SG-INIT-0137,ALL_FOUR_SLOTS,DISPLAY_ONLY,display_only,ACTIVE,ACTIVE,PUBLIC,UNLINKED,1.0,2026-08-18,Consolidate.xlsx,工作表1,138
CTF-0138,CARD-0551,Undertake a TNFD review — Payback,timing,Nature & Resources,Timing Factors,,Payback,,Undertake a TNFD review has 0 universal payback benchmark; track implementation time and verified annual net benefit.,Nature & Biodiversity – Biodiversity,0 universal payback benchmark; client capex and annual net saving required,0 universal payback benchmark; client capex and annual net saving required,,,0,,Single published figure stored as Value_Base.,,,,universal payback benchmark; client capex and annual net saving required,annual,,annual,,"Restaurant, QSR, Pubs/Bars, Contract Caterers, Hotels, Brewries, Experiential Leisure",,,,,,0,Simple payback (years) = upfront implementation cost ÷ verified annual net saving; lead time = go-live date − approval date.,Undertake a TNFD review has 0 universal payback benchmark; track implementation time and verified annual net benefit.,,SG-INIT-0138,ALL_FOUR_SLOTS,DISPLAY_ONLY,display_only,ACTIVE,ACTIVE,PUBLIC,UNLINKED,1.0,2026-08-18,Consolidate.xlsx,工作表1,139
CTF-0139,CARD-0555,Fund a named biodiversity protection or restoration programme with annual investment and independent verification — Payback,timing,Nature & Resources,Timing Factors,,Payback,,Fund a verified biodiversity protection or restoration programme has 0 universal payback benchmark; track implementation time and verified annual net benefit.,Nature & Biodiversity – Biodiversity,0 universal payback benchmark; client capex and annual net saving required,0 universal payback benchmark; client capex and annual net saving required,,,0,,Single published figure stored as Value_Base.,,,,universal payback benchmark; client capex and annual net saving required,annual,,annual,,"Restaurant, QSR, Pubs/Bars, Contract Caterers, Hotels, Brewries, Experiential Leisure",,,,,,0,Simple payback (years) = upfront implementation cost ÷ verified annual net saving; lead time = go-live date − approval date.,Fund a verified biodiversity protection or restoration programme has 0 universal payback benchmark; track implementation time and verified annual net benefit.,,SG-INIT-0139,ALL_FOUR_SLOTS,DISPLAY_ONLY,display_only,ACTIVE,ACTIVE,PUBLIC,UNLINKED,1.0,2026-08-18,Consolidate.xlsx,工作表1,140
CTF-0140,CARD-0559,Complete a water efficiency audit across all kitchen and bathroom fixtures and implement identified measures within 12 months — Payback,timing,Nature & Resources,Timing Factors,,Payback,,Audit kitchen and bathroom water efficiency and implement measures within 12 months has a defined delivery target of 12 months; payback still depends on client cost and annual saving.,Water Management – Water,12 months,12 months,,,12,,Single published figure stored as Value_Base.,,,,months,,,month,,"Restaurant, QSR, Pubs/Bars, Contract Caterers, Hotels, Brewries, Experiential Leisure",,,,,,0,Simple payback (years) = upfront implementation cost ÷ verified annual net saving; lead time = go-live date − approval date.,Audit kitchen and bathroom water efficiency and implement measures within 12 months has a defined delivery target of 12 months; payback still depends on client cost and annual saving.,,SG-INIT-0140,ALL_FOUR_SLOTS,DISPLAY_ONLY,display_only,ACTIVE,ACTIVE,PUBLIC,UNLINKED,1.0,2026-08-18,Consolidate.xlsx,工作表1,141
CTF-0141,CARD-0563,"Complete a formal water risk assessment for all owned sites and top 10 suppliers by spend, with a mitigation plan for each identified risk — Payback",timing,Nature & Resources,Timing Factors,,Payback,,Assess water risk across owned sites and the top 10 suppliers has 0 universal payback benchmark; track implementation time and verified annual net benefit.,Water Management – Water,0 universal payback benchmark; client capex and annual net saving required,0 universal payback benchmark; client capex and annual net saving required,,,0,,Single published figure stored as Value_Base.,,,,universal payback benchmark; client capex and annual net saving required,annual,,annual,,"Restaurant, QSR, Pubs/Bars, Contract Caterers, Hotels, Brewries, Experiential Leisure",,,,,,0,Simple payback (years) = upfront implementation cost ÷ verified annual net saving; lead time = go-live date − approval date.,Assess water risk across owned sites and the top 10 suppliers has 0 universal payback benchmark; track implementation time and verified annual net benefit.,,SG-INIT-0141,ALL_FOUR_SLOTS,DISPLAY_ONLY,display_only,ACTIVE,ACTIVE,PUBLIC,UNLINKED,1.0,2026-08-18,Consolidate.xlsx,工作表1,142
CTF-0142,CARD-0567,Recycle rainwater and grey water — Payback,timing,Nature & Resources,Timing Factors,,Payback,,Recycle rainwater and grey water has 0 universal payback benchmark; track implementation time and verified annual net benefit.,Water Management – Water,0 universal payback benchmark; client capex and annual net saving required,0 universal payback benchmark; client capex and annual net saving required,,,0,,Single published figure stored as Value_Base.,,,,universal payback benchmark; client capex and annual net saving required,annual,,annual,,"Restaurant, QSR, Pubs/Bars, Contract Caterers, Hotels, Brewries, Experiential Leisure",,,,,,0,Simple payback (years) = upfront implementation cost ÷ verified annual net saving; lead time = go-live date − approval date.,Recycle rainwater and grey water has 0 universal payback benchmark; track implementation time and verified annual net benefit.,,SG-INIT-0142,ALL_FOUR_SLOTS,DISPLAY_ONLY,display_only,ACTIVE,ACTIVE,PUBLIC,UNLINKED,1.0,2026-08-18,Consolidate.xlsx,工作表1,143
CTF-0143,CARD-0571,Self-supply water direct from the wholesale water market — Payback,timing,Nature & Resources,Timing Factors,,Payback,,Self-supply water direct from the wholesale water market has 0 universal payback benchmark; track implementation time and verified annual net benefit.,Water Management – Water,0 universal payback benchmark; client capex and annual net saving required,0 universal payback benchmark; client capex and annual net saving required,,,0,,Single published figure stored as Value_Base.,,,,universal payback benchmark; client capex and annual net saving required,annual,,annual,,"Restaurant, QSR, Pubs/Bars, Contract Caterers, Hotels, Brewries, Experiential Leisure",,,,,,0,Simple payback (years) = upfront implementation cost ÷ verified annual net saving; lead time = go-live date − approval date.,Self-supply water direct from the wholesale water market has 0 universal payback benchmark; track implementation time and verified annual net benefit.,,SG-INIT-0143,ALL_FOUR_SLOTS,DISPLAY_ONLY,display_only,ACTIVE,ACTIVE,PUBLIC,UNLINKED,1.0,2026-08-18,Consolidate.xlsx,工作表1,144
CTF-0144,CARD-0575,Complete supply chain water mapping covering top 5 commodities by estimated water use — Payback,timing,Nature & Resources,Timing Factors,,Payback,,Complete supply chain water mapping covering top 5 commodities by estimated water use has 0 universal payback benchmark; track implementation time and verified annual net benefit.,Water Management – Water,0 universal payback benchmark; client capex and annual net saving required,0 universal payback benchmark; client capex and annual net saving required,,,0,,Single published figure stored as Value_Base.,,,,universal payback benchmark; client capex and annual net saving required,annual,,annual,,"Restaurant, QSR, Pubs/Bars, Contract Caterers, Hotels, Brewries, Experiential Leisure",,,,,,0,Simple payback (years) = upfront implementation cost ÷ verified annual net saving; lead time = go-live date − approval date.,Complete supply chain water mapping covering top 5 commodities by estimated water use has 0 universal payback benchmark; track implementation time and verified annual net benefit.,,SG-INIT-0144,ALL_FOUR_SLOTS,DISPLAY_ONLY,display_only,ACTIVE,ACTIVE,PUBLIC,UNLINKED,1.0,2026-08-18,Consolidate.xlsx,工作表1,145
CTF-0145,CARD-0579,Use high-efficiency shower and faucet aerators — Payback,timing,Nature & Resources,Timing Factors,,Payback,,Use high-efficiency shower and faucet aerators has 0 universal payback benchmark; track implementation time and verified annual net benefit.,Water Management – Water,0 universal payback benchmark; client capex and annual net saving required,0 universal payback benchmark; client capex and annual net saving required,,,0,,Single published figure stored as Value_Base.,,,,universal payback benchmark; client capex and annual net saving required,annual,,annual,,"Restaurant, QSR, Pubs/Bars, Contract Caterers, Hotels, Brewries, Experiential Leisure",,,,,,0,Simple payback (years) = upfront implementation cost ÷ verified annual net saving; lead time = go-live date − approval date.,Use high-efficiency shower and faucet aerators has 0 universal payback benchmark; track implementation time and verified annual net benefit.,,SG-INIT-0145,ALL_FOUR_SLOTS,DISPLAY_ONLY,display_only,ACTIVE,ACTIVE,PUBLIC,UNLINKED,1.0,2026-08-18,Consolidate.xlsx,工作表1,146
CTF-0146,CARD-0583,Optimise hot liquor use — Payback,timing,Nature & Resources,Timing Factors,,Payback,,Optimise hot liquor use has 0 universal payback benchmark; track implementation time and verified annual net benefit.,Water Management – Brewing,0 universal payback benchmark; client capex and annual net saving required,0 universal payback benchmark; client capex and annual net saving required,,,0,,Single published figure stored as Value_Base.,,,,universal payback benchmark; client capex and annual net saving required,annual,,annual,,"Brewries, Pubs/Bars (partial)","Restaurant, QSR, Contract Caterers, Hotels, Experiential Leisure",,,,,0,Simple payback (years) = upfront implementation cost ÷ verified annual net saving; lead time = go-live date − approval date.,Optimise hot liquor use has 0 universal payback benchmark; track implementation time and verified annual net benefit.,"Restaurant, QSR, Contract Caterers, Hotels, Experiential Leisure",SG-INIT-0146,ALL_FOUR_SLOTS,DISPLAY_ONLY,display_only,ACTIVE,ACTIVE,PUBLIC,UNLINKED,1.0,2026-08-18,Consolidate.xlsx,工作表1,147
CTF-0147,CARD-0587,Optimise CIP wash temperature — Payback,timing,Nature & Resources,Timing Factors,,Payback,,Optimise CIP wash temperature has 0 universal payback benchmark; track implementation time and verified annual net benefit.,Water Management – Brewing,0 universal payback benchmark; client capex and annual net saving required,0 universal payback benchmark; client capex and annual net saving required,,,0,,Single published figure stored as Value_Base.,,,,universal payback benchmark; client capex and annual net saving required,annual,,annual,,"Brewries, Pubs/Bars (partial)","Restaurant, QSR, Contract Caterers, Hotels, Experiential Leisure",,,,,0,Simple payback (years) = upfront implementation cost ÷ verified annual net saving; lead time = go-live date − approval date.,Optimise CIP wash temperature has 0 universal payback benchmark; track implementation time and verified annual net benefit.,"Restaurant, QSR, Contract Caterers, Hotels, Experiential Leisure",SG-INIT-0147,ALL_FOUR_SLOTS,DISPLAY_ONLY,display_only,ACTIVE,ACTIVE,PUBLIC,UNLINKED,1.0,2026-08-18,Consolidate.xlsx,工作表1,148
CTF-0148,CARD-0591,Reduce water temp in laundry; and line dry linens where possible — Payback,timing,Nature & Resources,Timing Factors,,Payback,,Reduce water temp in laundry; and line dry linens where possible has 0 universal payback benchmark; track implementation time and verified annual net benefit.,Water Management – Brewing,0 universal payback benchmark; client capex and annual net saving required,0 universal payback benchmark; client capex and annual net saving required,,,0,,Single published figure stored as Value_Base.,,,,universal payback benchmark; client capex and annual net saving required,annual,,annual,,"Hotels, Pubs/Bars (partial), Experiential Leisure (partial)","Restaurant, QSR, Contract Caterers, Brewries",,,,,0,Simple payback (years) = upfront implementation cost ÷ verified annual net saving; lead time = go-live date − approval date.,Reduce water temp in laundry; and line dry linens where possible has 0 universal payback benchmark; track implementation time and verified annual net benefit.,"Restaurant, QSR, Contract Caterers, Brewries",SG-INIT-0148,ALL_FOUR_SLOTS,DISPLAY_ONLY,display_only,ACTIVE,ACTIVE,PUBLIC,UNLINKED,1.0,2026-08-18,Consolidate.xlsx,工作表1,149
CTF-0149,CARD-0595,Conduct a waste characterisation assessment — Payback,timing,Nature & Resources,Timing Factors,,Payback,,Conduct a waste characterisation assessment has 0 universal payback benchmark; track implementation time and verified annual net benefit.,Waste & Circularity – Waste Management,0 universal payback benchmark; client capex and annual net saving required,0 universal payback benchmark; client capex and annual net saving required,,,0,,Single published figure stored as Value_Base.,,,,universal payback benchmark; client capex and annual net saving required,annual,,annual,,"Restaurant, QSR, Pubs/Bars, Contract Caterers, Hotels, Brewries, Experiential Leisure",,,,,,0,Simple payback (years) = upfront implementation cost ÷ verified annual net saving; lead time = go-live date − approval date.,Conduct a waste characterisation assessment has 0 universal payback benchmark; track implementation time and verified annual net benefit.,,SG-INIT-0149,ALL_FOUR_SLOTS,DISPLAY_ONLY,display_only,ACTIVE,ACTIVE,PUBLIC,UNLINKED,1.0,2026-08-18,Consolidate.xlsx,工作表1,150
CTF-0150,CARD-0599,"Set a documented food waste reduction target with a baseline year, an interim milestone, and a final target date — Payback",timing,Nature & Resources,Timing Factors,,Payback,,Set a dated food-waste reduction target with a baseline and interim milestone has 0 universal payback benchmark; track implementation time and verified annual net benefit.,Waste & Circularity – Waste Management,0 universal payback benchmark; client capex and annual net saving required,0 universal payback benchmark; client capex and annual net saving required,,,0,,Single published figure stored as Value_Base.,,,,universal payback benchmark; client capex and annual net saving required,annual,,annual,,"Restaurant, QSR, Pubs/Bars, Contract Caterers, Hotels, Brewries, Experiential Leisure",Partial for Experiential Leisure & Brewries,,,,,0,Simple payback (years) = upfront implementation cost ÷ verified annual net saving; lead time = go-live date − approval date.,Set a dated food-waste reduction target with a baseline and interim milestone has 0 universal payback benchmark; track implementation time and verified annual net benefit.,Partial for Experiential Leisure & Brewries,SG-INIT-0150,ALL_FOUR_SLOTS,DISPLAY_ONLY,display_only,ACTIVE,ACTIVE,PUBLIC,UNLINKED,1.0,2026-08-18,Consolidate.xlsx,工作表1,151
CTF-0151,CARD-0603,Segregate food waste for composting or Anaerobic Digestion — Payback,timing,Nature & Resources,Timing Factors,,Payback,,Segregate food waste for composting or Anaerobic Digestion has 0 universal payback benchmark; track implementation time and verified annual net benefit.,Waste & Circularity – Waste Management,0 universal payback benchmark; client capex and annual net saving required,0 universal payback benchmark; client capex and annual net saving required,,,0,,Single published figure stored as Value_Base.,,,,universal payback benchmark; client capex and annual net saving required,annual,,annual,,"Restaurant, QSR, Pubs/Bars, Contract Caterers, Hotels, Brewries, Experiential Leisure",Partial for Experiential Leisure & Brewries,,,,,0,Simple payback (years) = upfront implementation cost ÷ verified annual net saving; lead time = go-live date − approval date.,Segregate food waste for composting or Anaerobic Digestion has 0 universal payback benchmark; track implementation time and verified annual net benefit.,Partial for Experiential Leisure & Brewries,SG-INIT-0151,ALL_FOUR_SLOTS,DISPLAY_ONLY,display_only,ACTIVE,ACTIVE,PUBLIC,UNLINKED,1.0,2026-08-18,Consolidate.xlsx,工作表1,152
CTF-0152,CARD-0607,Distribute Surplus Food via a credible distribution partner — Payback,timing,Nature & Resources,Timing Factors,,Payback,,Distribute Surplus Food via a credible distribution partner has 0 universal payback benchmark; track implementation time and verified annual net benefit.,Waste & Circularity – Waste Management,0 universal payback benchmark; client capex and annual net saving required,0 universal payback benchmark; client capex and annual net saving required,,,0,,Single published figure stored as Value_Base.,,,,universal payback benchmark; client capex and annual net saving required,annual,,annual,,"Restaurant, QSR, Pubs/Bars, Contract Caterers, Hotels, Brewries, Experiential Leisure",Partial for Experiential Leisure & Brewries,,,,,0,Simple payback (years) = upfront implementation cost ÷ verified annual net saving; lead time = go-live date − approval date.,Distribute Surplus Food via a credible distribution partner has 0 universal payback benchmark; track implementation time and verified annual net benefit.,Partial for Experiential Leisure & Brewries,SG-INIT-0152,ALL_FOUR_SLOTS,DISPLAY_ONLY,display_only,ACTIVE,ACTIVE,PUBLIC,UNLINKED,1.0,2026-08-18,Consolidate.xlsx,工作表1,153
CTF-0153,CARD-0611,Complete a circularity audit covering the top three waste streams by volume and identify at least one viable circular option per stream within 90 days — Payback,timing,Nature & Resources,Timing Factors,,Payback,,Audit the top three waste streams and identify one circular option per stream within 90 days has a defined delivery target of 90 days; 12 months; payback still depends on client cost and annual saving.,Waste & Circularity – Waste Management,90 days; 12 months,90 days; 12 months,,,90,,Single published figure stored as Value_Base.,,,,days; months,,,month,,"Restaurant, QSR, Pubs/Bars, Contract Caterers, Hotels, Brewries, Experiential Leisure",,,,,,0,Simple payback (years) = upfront implementation cost ÷ verified annual net saving; lead time = go-live date − approval date.,Audit the top three waste streams and identify one circular option per stream within 90 days has a defined delivery target of 90 days; 12 months; payback still depends on client cost and annual saving.,,SG-INIT-0153,ALL_FOUR_SLOTS,DISPLAY_ONLY,display_only,ACTIVE,ACTIVE,PUBLIC,UNLINKED,1.0,2026-08-18,Consolidate.xlsx,工作表1,154
CTF-0154,CARD-0615,Train operational teams to reduce production waste and measure pre/post-training waste performance — Payback,timing,Nature & Resources,Timing Factors,,Payback,,Train operational teams to reduce production waste and measure pre/post-training waste performance has 0 universal payback benchmark; track implementation time and verified annual net benefit.,Waste & Circularity – Waste Management,0 universal payback benchmark; client capex and annual net saving required,0 universal payback benchmark; client capex and annual net saving required,,,0,,Single published figure stored as Value_Base.,,,,universal payback benchmark; client capex and annual net saving required,annual,,annual,,"Restaurant, QSR, Pubs/Bars, Contract Caterers, Hotels, Brewries, Experiential Leisure",,,,,,0,Simple payback (years) = upfront implementation cost ÷ verified annual net saving; lead time = go-live date − approval date.,Train operational teams to reduce production waste and measure pre/post-training waste performance has 0 universal payback benchmark; track implementation time and verified annual net benefit.,,SG-INIT-0154,ALL_FOUR_SLOTS,DISPLAY_ONLY,display_only,ACTIVE,ACTIVE,PUBLIC,UNLINKED,1.0,2026-08-18,Consolidate.xlsx,工作表1,155
CTF-0155,CARD-0619,Quantify your food waste — Payback,timing,Nature & Resources,Timing Factors,,Payback,,Quantify your food waste has 0 universal payback benchmark; track implementation time and verified annual net benefit.,Waste & Circularity – Waste Management,0 universal payback benchmark; client capex and annual net saving required,0 universal payback benchmark; client capex and annual net saving required,,,0,,Single published figure stored as Value_Base.,,,,universal payback benchmark; client capex and annual net saving required,annual,,annual,,"Restaurant, QSR, Pubs/Bars, Contract Caterers, Hotels, Brewries, Experiential Leisure",Partial for Experiential Leisure & Brewries,,,,,0,Simple payback (years) = upfront implementation cost ÷ verified annual net saving; lead time = go-live date − approval date.,Quantify your food waste has 0 universal payback benchmark; track implementation time and verified annual net benefit.,Partial for Experiential Leisure & Brewries,SG-INIT-0155,ALL_FOUR_SLOTS,DISPLAY_ONLY,display_only,ACTIVE,ACTIVE,PUBLIC,UNLINKED,1.0,2026-08-18,Consolidate.xlsx,工作表1,156
CTF-0156,CARD-0623,Extend the life of your cooking oil — Payback,timing,Nature & Resources,Timing Factors,,Payback,,Extend the life of your cooking oil has 0 universal payback benchmark; track implementation time and verified annual net benefit.,Waste & Circularity – Waste Management,0 universal payback benchmark; client capex and annual net saving required,0 universal payback benchmark; client capex and annual net saving required,,,0,,Single published figure stored as Value_Base.,,,,universal payback benchmark; client capex and annual net saving required,annual,,annual,,"Restaurant, QSR, Pubs/Bars, Contract Caterers, Hotels, Brewries, Experiential Leisure",Partial for Experiential Leisure & Brewries,,,,,0,Simple payback (years) = upfront implementation cost ÷ verified annual net saving; lead time = go-live date − approval date.,Extend the life of your cooking oil has 0 universal payback benchmark; track implementation time and verified annual net benefit.,Partial for Experiential Leisure & Brewries,SG-INIT-0156,ALL_FOUR_SLOTS,DISPLAY_ONLY,display_only,ACTIVE,ACTIVE,PUBLIC,UNLINKED,1.0,2026-08-18,Consolidate.xlsx,工作表1,157
CTF-0157,CARD-0627,Recycle your used cooking oil at end of life — Payback,timing,Nature & Resources,Timing Factors,,Payback,,Recycle your used cooking oil at end of life has 0 universal payback benchmark; track implementation time and verified annual net benefit.,Waste & Circularity – Waste Management,0 universal payback benchmark; client capex and annual net saving required,0 universal payback benchmark; client capex and annual net saving required,,,0,,Single published figure stored as Value_Base.,,,,universal payback benchmark; client capex and annual net saving required,annual,,annual,,"Restaurant, QSR, Pubs/Bars, Contract Caterers, Hotels, Brewries, Experiential Leisure",Partial for Experiential Leisure & Brewries,,,,,0,Simple payback (years) = upfront implementation cost ÷ verified annual net saving; lead time = go-live date − approval date.,Recycle your used cooking oil at end of life has 0 universal payback benchmark; track implementation time and verified annual net benefit.,Partial for Experiential Leisure & Brewries,SG-INIT-0157,ALL_FOUR_SLOTS,DISPLAY_ONLY,display_only,ACTIVE,ACTIVE,PUBLIC,UNLINKED,1.0,2026-08-18,Consolidate.xlsx,工作表1,158
CTF-0158,CARD-0631,Process food waste on-site — Payback,timing,Nature & Resources,Timing Factors,,Payback,,Process food waste on-site has 0 universal payback benchmark; track implementation time and verified annual net benefit.,Waste & Circularity – Waste Management,0 universal payback benchmark; client capex and annual net saving required,0 universal payback benchmark; client capex and annual net saving required,,,0,,Single published figure stored as Value_Base.,,,,universal payback benchmark; client capex and annual net saving required,annual,,annual,,"Restaurant, QSR, Pubs/Bars, Contract Caterers, Hotels, Brewries, Experiential Leisure",Partial for Experiential Leisure & Brewries,,,,,0,Simple payback (years) = upfront implementation cost ÷ verified annual net saving; lead time = go-live date − approval date.,Process food waste on-site has 0 universal payback benchmark; track implementation time and verified annual net benefit.,Partial for Experiential Leisure & Brewries,SG-INIT-0158,ALL_FOUR_SLOTS,DISPLAY_ONLY,display_only,ACTIVE,ACTIVE,PUBLIC,UNLINKED,1.0,2026-08-18,Consolidate.xlsx,工作表1,159
CTF-0159,CARD-0635,Recycle and responsibly dispose of staff uniforms at end-of-life — Payback,timing,Nature & Resources,Timing Factors,,Payback,,Recycle and responsibly dispose of staff uniforms at end-of-life has 0 universal payback benchmark; track implementation time and verified annual net benefit.,Waste & Circularity – Waste Management,0 universal payback benchmark; client capex and annual net saving required,0 universal payback benchmark; client capex and annual net saving required,,,0,,Single published figure stored as Value_Base.,,,,universal payback benchmark; client capex and annual net saving required,annual,,annual,,"Restaurant, QSR, Pubs/Bars, Contract Caterers, Hotels, Brewries, Experiential Leisure",,,,,,0,Simple payback (years) = upfront implementation cost ÷ verified annual net saving; lead time = go-live date − approval date.,Recycle and responsibly dispose of staff uniforms at end-of-life has 0 universal payback benchmark; track implementation time and verified annual net benefit.,,SG-INIT-0159,ALL_FOUR_SLOTS,DISPLAY_ONLY,display_only,ACTIVE,ACTIVE,PUBLIC,UNLINKED,1.0,2026-08-18,Consolidate.xlsx,工作表1,160
CTF-0160,CARD-0639,Switch to lower-impact takeaway packaging — Payback,timing,Nature & Resources,Timing Factors,,Payback,,Switch to lower-impact takeaway packaging has 0 universal payback benchmark; track implementation time and verified annual net benefit.,Waste & Circularity – Packaging,0 universal payback benchmark; client capex and annual net saving required,0 universal payback benchmark; client capex and annual net saving required,,,0,,Single published figure stored as Value_Base.,,,,universal payback benchmark; client capex and annual net saving required,annual,,annual,,"Restaurant, QSR, Pubs/Bars, Contract Caterers, Hotels, Brewries, Experiential Leisure",Partial for Experiential Leisure & Brewries,,,,,0,Simple payback (years) = upfront implementation cost ÷ verified annual net saving; lead time = go-live date − approval date.,Switch to lower-impact takeaway packaging has 0 universal payback benchmark; track implementation time and verified annual net benefit.,Partial for Experiential Leisure & Brewries,SG-INIT-0160,ALL_FOUR_SLOTS,DISPLAY_ONLY,display_only,ACTIVE,ACTIVE,PUBLIC,UNLINKED,1.0,2026-08-18,Consolidate.xlsx,工作表1,161
CTF-0161,CARD-0643,"Support and encourage employees in choosing low-carbon commuting alternatives (e.g. cycle to work, public transport) — ROI",timing,Supply Chain,Timing Factors,,ROI,,"Short to medium, roughly 1 to 3 months for the policy itself, longer for full behaviour change.",Transport and Distribution,,,,,,,Empty published value; numeric columns left blank.,,,,,,,,,all,,,,,,0,,"Short to medium, roughly 1 to 3 months for the policy itself, longer for full behaviour change.",,SG-INIT-0161,ALL_FOUR_SLOTS,DISPLAY_ONLY,display_only,ACTIVE,ACTIVE,PUBLIC,GAP,1.0,2026-08-18,Consolidate.xlsx,工作表1,162
CTF-0162,CARD-0647,Transition company owned fleet vehicles to low-carbon alternatives at end of life — ROI,timing,Supply Chain,Timing Factors,,ROI,,,Transport and Distribution,,,,,,,Empty published value; numeric columns left blank.,,,,,,,,,all,,,,,,0,,,,SG-INIT-0162,ALL_FOUR_SLOTS,DISPLAY_ONLY,display_only,ACTIVE,ACTIVE,PUBLIC,GAP,1.0,2026-08-18,Consolidate.xlsx,工作表1,163
CTF-0163,CARD-0651,Reduce emissions from delivery and distribution by improving fleet efficiency before the journey — ROI,timing,Supply Chain,Timing Factors,,ROI,,,Transport and Distribution,,,,,,,Empty published value; numeric columns left blank.,,,,,,,,,,,,,,,0,,,,SG-INIT-0163,ALL_FOUR_SLOTS,DISPLAY_ONLY,display_only,ACTIVE,ACTIVE,PUBLIC,GAP,1.0,2026-08-18,Consolidate.xlsx,工作表1,164
CTF-0164,CARD-0655,Reduce emissions from delivery and distribution by improving fleet efficiency during and after the journey — ROI,timing,Supply Chain,Timing Factors,,ROI,,,Transport and Distribution,,,,,,,Empty published value; numeric columns left blank.,,,,,,,,,,,,,,,0,,,,SG-INIT-0164,ALL_FOUR_SLOTS,DISPLAY_ONLY,display_only,ACTIVE,ACTIVE,PUBLIC,GAP,1.0,2026-08-18,Consolidate.xlsx,工作表1,165
CTF-0165,CARD-0659,Reduce emissions from delivery and distribution by engaging with suppliers — ROI,timing,Supply Chain,Timing Factors,,ROI,,,Transport and Distribution,,,,,,,Empty published value; numeric columns left blank.,,,,,,,,,,,,,,,0,,,,SG-INIT-0165,ALL_FOUR_SLOTS,DISPLAY_ONLY,display_only,ACTIVE,ACTIVE,PUBLIC,GAP,1.0,2026-08-18,Consolidate.xlsx,工作表1,166
CTF-0166,CARD-0663,Reduce emissions from customer delivery — ROI,timing,Supply Chain,Timing Factors,,ROI,,,Transport and Distribution,,,,,,,Empty published value; numeric columns left blank.,,,,,,,,,,,,,,,0,,,,SG-INIT-0166,ALL_FOUR_SLOTS,DISPLAY_ONLY,display_only,ACTIVE,ACTIVE,PUBLIC,GAP,1.0,2026-08-18,Consolidate.xlsx,工作表1,167
CTF-0167,CARD-0667,Install EV Charging Infrastructure at Depots and Distribution Hubs — ROI,timing,Supply Chain,Timing Factors,,ROI,,,Transport and Distribution,,,,,,,Empty published value; numeric columns left blank.,,,,,,,,,,,,,,,0,,,,SG-INIT-0167,ALL_FOUR_SLOTS,DISPLAY_ONLY,display_only,ACTIVE,ACTIVE,PUBLIC,GAP,1.0,2026-08-18,Consolidate.xlsx,工作表1,168
CTF-0168,CARD-0671,Install a filtered water system to avoid bottled water. — ROI,timing,Nature & Resources,Timing Factors,,ROI,,,Water Management – Water,,,,,,,Empty published value; numeric columns left blank.,,,,,,,,,"Restaurant, QSR, Pubs/Bars, Contract Caterers, Hotels, Brewries, Experiential Leisure",,,,,,0,,,,SG-INIT-0168,ALL_FOUR_SLOTS,DISPLAY_ONLY,display_only,ACTIVE,ACTIVE,PUBLIC,GAP,1.0,2026-08-18,Consolidate.xlsx,工作表1,169
CTF-0169,CARD-0675,Procure water sustainably. — ROI,timing,Nature & Resources,Timing Factors,,ROI,,,Water Management – Water,,,,,,,Empty published value; numeric columns left blank.,,,,,,,,,"Restaurant, QSR, Pubs/Bars, Contract Caterers, Hotels, Brewries, Experiential Leisure",,,,,,0,,,,SG-INIT-0169,ALL_FOUR_SLOTS,DISPLAY_ONLY,display_only,ACTIVE,ACTIVE,PUBLIC,GAP,1.0,2026-08-18,Consolidate.xlsx,工作表1,170
CTF-0170,CARD-0679,Publish a water reduction policy with targets for water-stressed regions — ROI,timing,Nature & Resources,Timing Factors,,ROI,,,Water Management – Water,,,,,,,Empty published value; numeric columns left blank.,,,,,,,,,"Restaurant, QSR, Pubs/Bars, Contract Caterers, Hotels, Brewries, Experiential Leisure",,,,,,0,,,,SG-INIT-0170,ALL_FOUR_SLOTS,DISPLAY_ONLY,display_only,ACTIVE,ACTIVE,PUBLIC,GAP,1.0,2026-08-18,Consolidate.xlsx,工作表1,171
CTF-0171,CARD-0683,Recycle equipment at end-of-life — ROI,timing,Nature & Resources,Timing Factors,,ROI,,,Waste & Circularity – Waste Management,,,,,,,Empty published value; numeric columns left blank.,,,,,,,,,"Restaurant, QSR, Pubs/Bars, Contract Caterers, Hotels, Brewries, Experiential Leisure",,,,,,0,,,,SG-INIT-0171,ALL_FOUR_SLOTS,DISPLAY_ONLY,display_only,ACTIVE,ACTIVE,PUBLIC,GAP,1.0,2026-08-18,Consolidate.xlsx,工作表1,172
CTF-0172,CARD-0687,Promote takeaway options for unfinished food — ROI,timing,Nature & Resources,Timing Factors,,ROI,,,Waste & Circularity – Waste Management,,,,,,,Empty published value; numeric columns left blank.,,,,,,,,,"Restaurant, QSR, Pubs/Bars, Contract Caterers, Hotels, Brewries, Experiential Leisure",Partial for Experiential Leisure & Brewries,,,,,0,,,Partial for Experiential Leisure & Brewries,SG-INIT-0172,ALL_FOUR_SLOTS,DISPLAY_ONLY,display_only,ACTIVE,ACTIVE,PUBLIC,GAP,1.0,2026-08-18,Consolidate.xlsx,工作表1,173
CTF-0173,CARD-0691,"Reduce active menu SKU count by a defined %, and measure the impact on food waste per cover over the following 90 days — ROI",timing,Nature & Resources,Timing Factors,,ROI,,,Waste & Circularity – Waste Management,,,,,,,Empty published value; numeric columns left blank.,,,,,,,,,"Restaurant, QSR, Pubs/Bars, Contract Caterers, Hotels, Brewries, Experiential Leisure",Partial for Experiential Leisure & Brewries,,,,,0,,,Partial for Experiential Leisure & Brewries,SG-INIT-0173,ALL_FOUR_SLOTS,DISPLAY_ONLY,display_only,ACTIVE,ACTIVE,PUBLIC,GAP,1.0,2026-08-18,Consolidate.xlsx,工作表1,174
CTF-0174,CARD-0695,Responsibly dispose off or donate furniture and fittings at end-of-life — ROI,timing,Nature & Resources,Timing Factors,,ROI,,,Waste & Circularity – Waste Management,,,,,,,Empty published value; numeric columns left blank.,,,,,,,,,"Restaurant, QSR, Pubs/Bars, Contract Caterers, Hotels, Brewries, Experiential Leisure",,,,,,0,,,,SG-INIT-0174,ALL_FOUR_SLOTS,DISPLAY_ONLY,display_only,ACTIVE,ACTIVE,PUBLIC,GAP,1.0,2026-08-18,Consolidate.xlsx,工作表1,175
CTF-0175,CARD-0699,Deploy [named technology] to monitor [named waste stream] and use data to reduce [waste type] by [target %] within 12 months — ROI,timing,Nature & Resources,Timing Factors,,ROI,,,Waste & Circularity – Waste Management,,,,,,,Empty published value; numeric columns left blank.,,,,,,,,,"Restaurant, QSR, Pubs/Bars, Contract Caterers, Hotels, Brewries, Experiential Leisure",,,,,,0,,,,SG-INIT-0175,ALL_FOUR_SLOTS,DISPLAY_ONLY,display_only,ACTIVE,ACTIVE,PUBLIC,GAP,1.0,2026-08-18,Consolidate.xlsx,工作表1,176
CTF-0176,CARD-0703,Join the plastics pact — ROI,timing,Nature & Resources,Timing Factors,,ROI,,,Waste & Circularity – Packaging,,,,,,,Empty published value; numeric columns left blank.,,,,,,,,,"Restaurant, QSR, Pubs/Bars, Contract Caterers, Hotels, Brewries, Experiential Leisure",,,,,,0,,,,SG-INIT-0176,ALL_FOUR_SLOTS,DISPLAY_ONLY,display_only,ACTIVE,ACTIVE,PUBLIC,GAP,1.0,2026-08-18,Consolidate.xlsx,工作表1,177
CTF-0177,CARD-0707,"Design for reusability, removing single-use items and therefore reducing overall waste produced — ROI",timing,Nature & Resources,Timing Factors,,ROI,,,Waste & Circularity – Packaging,,,,,,,Empty published value; numeric columns left blank.,,,,,,,,,"Restaurant, QSR, Pubs/Bars, Contract Caterers, Hotels, Brewries, Experiential Leisure",,,,,,0,,,,SG-INIT-0177,ALL_FOUR_SLOTS,DISPLAY_ONLY,display_only,ACTIVE,ACTIVE,PUBLIC,GAP,1.0,2026-08-18,Consolidate.xlsx,工作表1,178
CTF-0178,CARD-0711,Install an anaerobic digestion plant to recover biogas — ROI,timing,Nature & Resources,Timing Factors,,ROI,,,Waste & Circularity – Brewing,,,,,,,Empty published value; numeric columns left blank.,,,,,,,,,"Brewries, Pubs/Bars (partial)","Restaurant, QSR, Contract Caterers, Hotels, Experiential Leisure",,,,,0,,,"Restaurant, QSR, Contract Caterers, Hotels, Experiential Leisure",SG-INIT-0178,ALL_FOUR_SLOTS,DISPLAY_ONLY,display_only,ACTIVE,ACTIVE,PUBLIC,GAP,1.0,2026-08-18,Consolidate.xlsx,工作表1,179
CTF-0179,CARD-0715,Minimise extract losses and product wastage — ROI,timing,Nature & Resources,Timing Factors,,ROI,,,Waste & Circularity – Brewing,,,,,,,Empty published value; numeric columns left blank.,,,,,,,,,"Brewries, Pubs/Bars (partial)","Restaurant, QSR, Contract Caterers, Hotels, Experiential Leisure",,,,,0,,,"Restaurant, QSR, Contract Caterers, Hotels, Experiential Leisure",SG-INIT-0179,ALL_FOUR_SLOTS,DISPLAY_ONLY,display_only,ACTIVE,ACTIVE,PUBLIC,GAP,1.0,2026-08-18,Consolidate.xlsx,工作表1,180
