Factor_ID,Card_ID,Factor_Name,Factor_Type,Factor_Family,Factor_Bank,Cost_Category,Outcome_Category,Cost_Boundary,Performance_Boundary,Technology_or_Scope,Published_Display_Value,Primary_Figure,Parallel_Figures,Value_Low,Value_Base,Value_High,Value_Parse_Note,Currency,Numerator_Unit,Denominator_Unit,Unit_Hint,Frequency,Performance_Basis,Time_Basis,Geography,Sector,Sector_Not_Included,Price_Year,Reference_Year,VAT_Basis,Primary_Evidence_ID,Evidence_Link_Count,Derivation_Method,Interface_Language,Applicability_Caveat,Selection_Group_ID,Selection_Rule,Scenario_Availability,Calc_Readiness,Factor_Status,Lifecycle_Status,Access_Classification,Factor_Availability,Version,Last_Reviewed,Source_Workbook,Source_Sheet,Source_Row
CPF-0001,CARD-0002,Adopt a net-zero buildings plan — Carbon abatement,carbon,Energy & Buildings,Carbon Factors,,Carbon abatement,,Projects approved through the net-zero building plan are measured in verified downstream tCO₂e per site per year.,Buildings & Refrigerants & Fugitive Emissions,,,,,,,Empty published value; numeric columns left blank.,,,,,,published_display,,,"Restaurants, QSRs, Pubs/Bars/Breweries, Hotels, Experiential Leisure; Contract Caterers only where delegated asset/capital control is documented","Exclude sites where the operator does not control the relevant asset, utility, specification or capital decision.",,,,,0,,Projects approved through the net-zero building plan are measured in verified downstream tCO₂e per site per year.,"Exclude sites where the operator does not control the relevant asset, utility, specification or capital decision.",SG-INIT-0001,ALL_FOUR_SLOTS,DISPLAY_ONLY,display_only,ACTIVE,ACTIVE,PUBLIC,GAP,1.0,2026-08-18,Consolidate.xlsx,工作表1,2
CPF-0002,CARD-0006,Measure and verify building energy performance — Carbon abatement,carbon,Energy & Buildings,Carbon Factors,,Carbon abatement,,"Each verified electricity kWh saved through M&V represents 0.13096 kgCO₂e, while each verified gas kWh saved represents 0.18231 kgCO₂e.",Buildings & Refrigerants & Fugitive Emissions,0.13096 kgCO2e per verified electricity kWh saved; 0.18231 kgCO2e per verified gas kWh saved,0.13096 kgCO2e per verified electricity kWh saved; 0.18231 kgCO2e per verified gas kWh saved,,,0.13096,,Single published figure stored as Value_Base.,,mass_or_carbon,,kgCOe per verified electricity kWh saved; kgCOe per verified gas kWh saved,,published_display,,,"Restaurants, QSRs, Pubs/Bars/Breweries, Hotels, Contract Caterers, Experiential Leisure",Exclude sites without sufficient interval or billing data until a baseline can be established.,,,,CEVID-0002,1,"Verified annual tCO2e saving = (verified electricity kWh saved × 0.13096 + verified gas kWh saved × 0.18231) ÷ 1,000","Each verified electricity kWh saved through M&V represents 0.13096 kgCO₂e, while each verified gas kWh saved represents 0.18231 kgCO₂e.",Exclude sites without sufficient interval or billing data until a baseline can be established.,SG-INIT-0002,ALL_FOUR_SLOTS,DISPLAY_ONLY,display_only,ACTIVE,ACTIVE,PUBLIC,STANDARD,1.0,2026-08-18,Consolidate.xlsx,工作表1,3
CPF-0003,CARD-0010,Optimise and upgrade HVAC systems and controls — Carbon abatement,carbon,Energy & Buildings,Carbon Factors,,Carbon abatement,,"Recommissioning HVAC controls can reduce whole-building energy use by 3.4%–12.4%, with a 6.4% median; benchmark chiller and AHU upgrades can reduce component electricity by 18.2% and 11.5% respectively.",Buildings & Refrigerants & Fugitive Emissions,"Recommissioning: 3.4%–12.4% whole-building source-energy saving; median 6.4%
Chiller: theoretical 18.2% lower input electricity at equal cooling output; 0.02381 kgCO2e avoided per baseline electricity kWh
AHU: theoretical 11.5% lower fan electricity at equal airflow and runtime; 0.01511 kgCO2e avoided per baseline electricity kWh
Packaged HVAC: site-specific electricity and carbon reduction based on verified seasonal efficiency improvement",Recommissioning: 3.4%–12.4% whole-building source-energy saving; median 6.4%,Chiller: theoretical 18.2% lower input electricity at equal cooling output; 0.02381 kgCO2e avoided per baseline electricity kWh | AHU: theoretical 11.5% lower fan electricity at equal airflow and runtime; 0.01511 kgCO2e avoided per baseline electricity kWh | Packaged HVAC: site-specific electricity and carbon reduction based on verified seasonal efficiency improvement,3.4,,12.4,Range taken from the published display string. Value_Base left blank (no midpoint invented).,,percent,,Recommissioning: % whole building source energy saving; median % Chiller: theoretical % lower input electricity at equal cooling output; kgCOe avoided per baseline electricity kWh AHU: theoretical % lower fan electricity at equal airflow and runtime; kgCOe avoided per baseline electricity kWh Packaged HVAC: site specific electricity and carbon reduction based on verified seasonal efficiency improvement,,published_display,,,"Restaurants, QSRs, Pubs/Bars/Breweries, Hotels, Experiential Leisure; Contract Caterers only where delegated asset/capital control is documented","Exclude sites where the operator does not control the relevant asset, utility, specification or capital decision.",,,,CEVID-0006,3,"Recommissioning energy saving = baseline source energy × 3.4%–12.4% (median 6.4%); annual tCO2e saving = (verified electricity kWh saved × 0.13096 + verified gas kWh saved × 0.18231) ÷ 1,000
Chiller at equal cooling output: 1−(3.6÷4.4)=18.2%; 18.2%×0.13096=0.02381 kgCO2e/kWh
AHU at equal airflow and runtime: (2.6−2.3)÷2.6=11.5%; 11.5%×0.13096=0.01511 kgCO2e/kWh","Recommissioning HVAC controls can reduce whole-building energy use by 3.4%–12.4%, with a 6.4% median; benchmark chiller and AHU upgrades can reduce component electricity by 18.2% and 11.5% respectively.","Exclude sites where the operator does not control the relevant asset, utility, specification or capital decision.",SG-INIT-0003,ALL_FOUR_SLOTS,DISPLAY_ONLY,display_only,ACTIVE,ACTIVE,PUBLIC,STANDARD,1.0,2026-08-18,Consolidate.xlsx,工作表1,4
CPF-0004,CARD-0014,Install smart draught beverage dispense systems — Carbon abatement,carbon,Energy & Buildings,Carbon Factors,,Carbon abatement,,"Adding Cellar Manager and Remote Manager can avoid 6,971 kWh and 1.43 tCO2e per venue each year.",Energy Management,"Cellar Manager: 5,221 kWh and 1.11 tCO2e/year; Remote Manager: 1,750 kWh and 0.32 tCO2e/year; combined: 6,971 kWh and 1.43 tCO2e/year","Cellar Manager: 5,221 kWh and 1.11 tCO2e/year; Remote Manager: 1,750 kWh and 0.32 tCO2e/year; combined: 6,971 kWh and 1.43 tCO2e/year",,,5221,,Single published figure stored as Value_Base.,,mass_or_carbon,year,Cellar Manager: kWh and tCOe/year; Remote Manager: kWh and tCOe/year; combined: kWh and tCOe/year,annual,published_display,annual,,"Pubs, bars and breweries; restaurants, hotels, experiential leisure and contract caterers operating draught beer or cider","Sites without draught beer or cider service, including most QSR; concession sites without control of dispense equipment",,,,CEVID-0018,2,"The combined benchmark adds the two HEINEKEN control examples: 5,221 + 1,750 = 6,971 kWh/year and 1.11 + 0.32 = 1.43 tCO2e/year. This covers cooling-control electricity only; avoided beer, water, dispense gas and cleaning chemicals are additional but are not converted to carbon because the cited sources do not provide product-specific factors.","Adding Cellar Manager and Remote Manager can avoid 6,971 kWh and 1.43 tCO2e per venue each year.","Sites without draught beer or cider service, including most QSR; concession sites without control of dispense equipment",SG-INIT-0004,ALL_FOUR_SLOTS,DISPLAY_ONLY,display_only,ACTIVE,ACTIVE,PUBLIC,STANDARD,1.0,2026-08-18,Consolidate.xlsx,工作表1,5
CPF-0005,CARD-0018,Install timer controls across eligible equipment — Carbon abatement,carbon,Energy & Buildings,Carbon Factors,,Carbon abatement,,"Switching off an unnecessary 1 kW load for 8 hours a day avoids 2,920 kWh and 0.382 tCO2e a year for electricity, or 0.532 tCO2e a year for natural gas.",Buildings & Refrigerants & Fugitive Emissions,"Normalised electric load: 1 kW switched off for 8 hours/day = 2,920 kWh/year and 0.382 tCO2e/year; normalised gas input: 2,920 kWh/year = 0.532 tCO2e/year; The Folly hot-water timer benchmark: 683 kWh and approximately 0.125 tCO2e/year; hotel whirlpool-blower benchmark: 11,000 kWh and approximately 1.441 tCO2e/year","Normalised electric load: 1 kW switched off for 8 hours/day = 2,920 kWh/year and 0.382 tCO2e/year; normalised gas input: 2,920 kWh/year = 0.532 tCO2e/year; The Folly hot-water timer benchmark: 683 kWh and approximately 0.125 tCO2e/year; hotel whirlpool-blower benchmark: 11,000 kWh and approximately 1.441 tCO2e/year",,,1,,Single published figure stored as Value_Base.,,mass_or_carbon,day,Normalised electric load: kW switched off for hours/day = kWh/year and tCOe/year; normalised gas input: kWh/year = tCOe/year; The Folly hot water timer benchmark: kWh and approximately tCOe/year; hotel whirlpool blower benchmark: kWh and approximately tCOe/year,annual,published_display,annual,,"Restaurants; QSR; pubs, bars and breweries; contract caterers with control of site equipment; hotels; experiential leisure","Life-safety, security and IT systems; food-storage refrigeration compressors without validated smart controls; 24/7 guest-critical loads; equipment without a safe shutdown sequence or asset-control rights",,,,CEVID-0027,3,"Electricity: 1 kW × 8 hours/day × 365 days = 2,920 kWh/year; 2,920 × 0.13096 kgCO2e/kWh ÷ 1,000 = 0.382 tCO2e/year. Natural gas: 2,920 × 0.18231 kgCO2e/kWh ÷ 1,000 = 0.532 tCO2e/year. The Folly and hotel figures use their reported annual energy reductions; converted carbon values use the same UK factors. Actual savings depend on measured load, duty cycle and avoidable runtime.","Switching off an unnecessary 1 kW load for 8 hours a day avoids 2,920 kWh and 0.382 tCO2e a year for electricity, or 0.532 tCO2e a year for natural gas.","Life-safety, security and IT systems; food-storage refrigeration compressors without validated smart controls; 24/7 guest-critical loads; equipment without a safe shutdown sequence or asset-control rights",SG-INIT-0005,ALL_FOUR_SLOTS,DISPLAY_ONLY,display_only,ACTIVE,ACTIVE,PUBLIC,STANDARD,1.0,2026-08-18,Consolidate.xlsx,工作表1,6
CPF-0006,CARD-0022,"Optimise fans and pumps with variable-speed drives, efficient motors and demand controls — Carbon abatement",carbon,Energy & Buildings,Carbon Factors,,Carbon abatement,,Installing VSDs avoided 5.176 tCO₂e/year in the pump case; demand-controlled kitchen ventilation avoided 4.736 tCO₂e/site-year at the 2026 UK electricity factor; high-efficiency motors avoid 0.00262–0.00655 kgCO₂e per baseline motor kWh.,Buildings & Refrigerants & Fugitive Emissions,"VSD building-pump case: 5.176 tCO2e/year at the 2026 UK grid factor
DCKV pub case: 4.736 tCO2e/site-year at the 2026 UK grid factor
High-efficiency motor: 0.00262–0.00655 kgCO2e avoided per baseline motor kWh",VSD building-pump case: 5.176 tCO2e/year at the 2026 UK grid factor,DCKV pub case: 4.736 tCO2e/site-year at the 2026 UK grid factor | High-efficiency motor: 0.00262–0.00655 kgCO2e avoided per baseline motor kWh,0.00262,,0.00655,Range taken from the published display string. Value_Base left blank (no midpoint invented).,,mass_or_carbon,year,VSD building pump case: tCOe/year at the UK grid factor DCKV pub case: tCOe/site year at the UK grid factor High efficiency motor: kgCOe avoided per baseline motor kWh,annual,published_display,annual,,"Restaurants, QSRs, Pubs/Bars/Breweries, Hotels, Contract Caterers, Experiential Leisure; kitchen demand controls apply only where commercial kitchens and relevant asset/control rights exist","Fixed-speed or process-critical loads where compatibility, duty profile or run hours do not support variable control; sites without commercial kitchens for DCKV; sites where the operator cannot modify ventilation or motor controls.",,,,CEVID-0036,4,"VSD case: 39,523 kWh/year × 0.13096 ÷ 1,000 = 5.176 tCO2e/year
DCKV case: 36,167 kWh/year × 0.13096 ÷ 1,000 = 4.736 tCO2e/year
High-efficiency motor: 2%–5% × 0.13096 = 0.00262–0.00655 kgCO2e/baseline kWh",Installing VSDs avoided 5.176 tCO₂e/year in the pump case; demand-controlled kitchen ventilation avoided 4.736 tCO₂e/site-year at the 2026 UK electricity factor; high-efficiency motors avoid 0.00262–0.00655 kgCO₂e per baseline motor kWh.,"Fixed-speed or process-critical loads where compatibility, duty profile or run hours do not support variable control; sites without commercial kitchens for DCKV; sites where the operator cannot modify ventilation or motor controls.",SG-INIT-0006,ALL_FOUR_SLOTS,DISPLAY_ONLY,display_only,ACTIVE,ACTIVE,PUBLIC,STANDARD,1.0,2026-08-18,Consolidate.xlsx,工作表1,7
CPF-0007,CARD-0026,"Recover and reuse waste heat from refrigeration, cooking or wastewater — Carbon abatement",carbon,Energy & Buildings,Carbon Factors,,Carbon abatement,,Recovering useful heat can avoid 0.2145 kgCO₂e per recovered kWhth and 202.3 tCO₂e/year in the 943 MWhth refrigeration case.,Buildings & Refrigerants & Fugitive Emissions,0.2145 kgCO2e avoided per useful recovered kWhth displacing an 85%-efficient gas boiler; 202.3 tCO2e/year for the 943 MWhth refrigeration case at the 2026 UK gas factor,0.2145 kgCO2e avoided per useful recovered kWhth displacing an 85%-efficient gas boiler; 202.3 tCO2e/year for the 943 MWhth refrigeration case at the 2026 UK gas factor,,,0.2145,,Single published figure stored as Value_Base.,,percent,year,kgCOe avoided per useful recovered kWhth displacing an % efficient gas boiler; tCOe/year for the MWhth refrigeration case at the UK gas factor,annual,published_display,annual,,"Restaurants, QSRs, Pubs/Bars/Breweries, Hotels, Contract Caterers, Experiential Leisure","Sites without a stable heat source and coincident heat demand, or without asset/pipework control.",,,,CEVID-0046,2,"Displaced gas = useful recovered heat ÷ boiler efficiency
Case = 943,000 kWhth ÷ 85% = 1,109,412 kWh gas; 1,109,412 × 0.18231 ÷ 1,000 = 202.3 tCO2e/year",Recovering useful heat can avoid 0.2145 kgCO₂e per recovered kWhth and 202.3 tCO₂e/year in the 943 MWhth refrigeration case.,"Sites without a stable heat source and coincident heat demand, or without asset/pipework control.",SG-INIT-0007,ALL_FOUR_SLOTS,DISPLAY_ONLY,display_only,ACTIVE,ACTIVE,PUBLIC,STANDARD,1.0,2026-08-18,Consolidate.xlsx,工作表1,8
CPF-0008,CARD-0030,Upgrade boiler burner controls and balance heat-distribution systems — Carbon abatement,carbon,Energy & Buildings,Carbon Factors,,Carbon abatement,,Upgrading boiler burner controls and balancing heat distribution reduced emissions by 180 tCO2/year in the Leadenhall case.,Buildings & Refrigerants & Fugitive Emissions,180 tCO2/year reduction (Leadenhall case),180 tCO2/year reduction (Leadenhall case),,,180,,Single published figure stored as Value_Base.,,mass_or_carbon,year,tCO/year reduction (Leadenhall case),annual,published_display,annual,,"Restaurants, QSRs, Pubs/Bars/Breweries, Hotels, Experiential Leisure; Contract Caterers only where delegated asset/capital control is documented","Exclude sites where the operator does not control the relevant asset, utility, specification or capital decision.",,,,CEVID-0054,1,Reported annual reduction = 180 tCO2/year,Upgrading boiler burner controls and balancing heat distribution reduced emissions by 180 tCO2/year in the Leadenhall case.,"Exclude sites where the operator does not control the relevant asset, utility, specification or capital decision.",SG-INIT-0008,ALL_FOUR_SLOTS,DISPLAY_ONLY,display_only,ACTIVE,ACTIVE,PUBLIC,STANDARD,1.0,2026-08-18,Consolidate.xlsx,工作表1,9
CPF-0009,CARD-0034,"Upgrade domestic hot-water generation, storage and circulation controls — Carbon abatement",carbon,Energy & Buildings,Carbon Factors,,Carbon abatement,,Installing demand-based hot-water circulation controls is quantified using 5.61–7.05 tCO2e/hotel-year for the two fully measured hotel cases at 2026 UK factors.,Buildings & Refrigerants & Fugitive Emissions,5.61–7.05 tCO2e/hotel-year for the two fully measured hotel cases at 2026 UK factors,5.61–7.05 tCO2e/hotel-year for the two fully measured hotel cases at 2026 UK factors,,5.61,,7.05,Range taken from the published display string. Value_Base left blank (no midpoint invented).,,mass_or_carbon,hotel,tCOe/hotel year for the two fully measured hotel cases at UK factors,,published_display,year,,"Restaurants, QSRs, Pubs/Bars/Breweries, Hotels, Experiential Leisure; Contract Caterers only where delegated asset/capital control is documented","Exclude sites where the operator does not control the relevant asset, utility, specification or capital decision.",,,,CEVID-0059,3,"Hotel 1: (986 therm × 29.3071 kWh/therm × 0.18231 + 2,575 kWh × 0.13096) ÷ 1,000 = 5.61 tCO2e/year
Hotel 2: (1,304 therm × 29.3071 × 0.18231 + 627 kWh × 0.13096) ÷ 1,000 = 7.05 tCO2e/year",Installing demand-based hot-water circulation controls is quantified using 5.61–7.05 tCO2e/hotel-year for the two fully measured hotel cases at 2026 UK factors.,"Exclude sites where the operator does not control the relevant asset, utility, specification or capital decision.",SG-INIT-0009,ALL_FOUR_SLOTS,DISPLAY_ONLY,display_only,ACTIVE,ACTIVE,PUBLIC,STANDARD,1.0,2026-08-18,Consolidate.xlsx,工作表1,10
CPF-0010,CARD-0038,"Automate shutdown of non-HVAC, non-lighting equipment outside operating hours — Carbon abatement",carbon,Energy & Buildings,Carbon Factors,,Carbon abatement,,The measured carbon result from automated shutdown controls is 0.06286 kgCO2e per baseline kWh controlled.,Buildings & Refrigerants & Fugitive Emissions,0.06286 kgCO2e per baseline kWh controlled,0.06286 kgCO2e per baseline kWh controlled,,,0.06286,,Single published figure stored as Value_Base.,,mass_or_carbon,,kgCOe per baseline kWh controlled,,published_display,,,"Restaurants, QSRs, Pubs/Bars/Breweries, Hotels, Contract Caterers, Experiential Leisure","Safety-critical, food-safety, refrigeration, life-safety or continuously required loads.",,,,CEVID-0066,2,48% × 0.13096 = 0.06286 kgCO2e/baseline kWh,The measured carbon result from automated shutdown controls is 0.06286 kgCO2e per baseline kWh controlled.,"Safety-critical, food-safety, refrigeration, life-safety or continuously required loads.",SG-INIT-0010,ALL_FOUR_SLOTS,DISPLAY_ONLY,display_only,ACTIVE,ACTIVE,PUBLIC,STANDARD,1.0,2026-08-18,Consolidate.xlsx,工作表1,11
CPF-0011,CARD-0042,"Implement power management for small-power, IT and server-room equipment — Carbon abatement",carbon,Energy & Buildings,Carbon Factors,,Carbon abatement,,The measured carbon result from computer and server power management is 37.72 kgCO2e/computer-year.,Buildings & Refrigerants & Fugitive Emissions,37.72 kgCO2e/computer-year,37.72 kgCO2e/computer-year,,,37.72,,Single published figure stored as Value_Base.,,mass_or_carbon,computer,kgCOe/computer year,,published_display,year,,"Hotels, larger Restaurants/QSRs, Pubs/Bars/Breweries, Contract Caterers and Experiential Leisure with material managed IT loads",Sites with only negligible or landlord-controlled IT loads.,,,,CEVID-0070,2,(33−9) kWh/month × 12 × 0.13096 = 37.72 kgCO2e/year,The measured carbon result from computer and server power management is 37.72 kgCO2e/computer-year.,Sites with only negligible or landlord-controlled IT loads.,SG-INIT-0011,ALL_FOUR_SLOTS,DISPLAY_ONLY,display_only,ACTIVE,ACTIVE,PUBLIC,STANDARD,1.0,2026-08-18,Consolidate.xlsx,工作表1,12
CPF-0012,CARD-0046,Upgrade lift and escalator drives and controls — Carbon abatement,carbon,Energy & Buildings,Carbon Factors,,Carbon abatement,,The measured carbon result from lift drive and control upgrades is 0.07334 kgCO₂e per baseline kWh.,Buildings & Refrigerants & Fugitive Emissions,0.07334 kgCO₂e per baseline kWh,0.07334 kgCO₂e per baseline kWh,,,0.07334,,Single published figure stored as Value_Base.,,mass_or_carbon,,kgCO₂e per baseline kWh,,published_display,,,"Hotels, Experiential Leisure and multi-storey hospitality sites with controlled lifts/escalators",Single-storey sites and landlord-controlled vertical transport.,,,,CEVID-0073,2,56% × 0.13096 = 0.07334 kgCO₂e/baseline kWh,The measured carbon result from lift drive and control upgrades is 0.07334 kgCO₂e per baseline kWh.,Single-storey sites and landlord-controlled vertical transport.,SG-INIT-0012,ALL_FOUR_SLOTS,DISPLAY_ONLY,display_only,ACTIVE,ACTIVE,PUBLIC,STANDARD,1.0,2026-08-18,Consolidate.xlsx,工作表1,13
CPF-0013,CARD-0050,"Optimise swimming-pool circulation, heating, covers and backwashing — Carbon abatement",carbon,Energy & Buildings,Carbon Factors,,Carbon abatement,,The measured carbon result from pool circulation and operating controls is 6.286 tCO2e/VSD-year in Leicester case.,Buildings & Refrigerants & Fugitive Emissions,6.286 tCO2e/VSD-year in Leicester case,6.286 tCO2e/VSD-year in Leicester case,,,6.286,,Single published figure stored as Value_Base.,,mass_or_carbon,VSD,tCOe/VSD year in Leicester case,,published_display,year,,Hotels and Experiential Leisure with swimming pools,All sites without pools; landlord-controlled pool plant.,,,,CEVID-0079,2,"240,000 kWh ÷ 5 VSDs × 0.13096 ÷ 1,000 = 6.286 tCO2e/year",The measured carbon result from pool circulation and operating controls is 6.286 tCO2e/VSD-year in Leicester case.,All sites without pools; landlord-controlled pool plant.,SG-INIT-0013,ALL_FOUR_SLOTS,DISPLAY_ONLY,display_only,ACTIVE,ACTIVE,PUBLIC,STANDARD,1.0,2026-08-18,Consolidate.xlsx,工作表1,14
CPF-0014,CARD-0054,Replace high-GWP refrigerants with lower-GWP alternatives during planned plant intervention — Carbon abatement,carbon,Energy & Buildings,Carbon Factors,,Carbon abatement,,Switching from R404A to R290 can avoid 3.94294 tCO2e for each kg of annual refrigerant leakage.,Buildings & Refrigerants & Fugitive Emissions,3.94294 tCO2e/kg annual leakage avoided (R404A→R290),3.94294 tCO2e/kg annual leakage avoided (R404A→R290),,,3.94294,,Single published figure stored as Value_Base.,,mass_or_carbon,kg,tCOe/kg annual leakage avoided (RA→R),annual,published_display,annual,,"Restaurants, QSRs, Pubs/Bars/Breweries, Hotels, Contract Caterers, Experiential Leisure","Equipment where the alternative is unsafe, unlawful or incompatible without full replacement.",,,,CEVID-0082,1,"(3,943−0.06) ÷ 1,000 = 3.94294 tCO2e/kg",Switching from R404A to R290 can avoid 3.94294 tCO2e for each kg of annual refrigerant leakage.,"Equipment where the alternative is unsafe, unlawful or incompatible without full replacement.",SG-INIT-0014,ALL_FOUR_SLOTS,DISPLAY_ONLY,display_only,ACTIVE,ACTIVE,PUBLIC,STANDARD,1.0,2026-08-18,Consolidate.xlsx,工作表1,15
CPF-0015,CARD-0058,Install refrigerant leak detection and implement rapid repair — Carbon abatement,carbon,Energy & Buildings,Carbon Factors,,Carbon abatement,,"Detecting and repairing leaks can avoid 3.943 tCO2e/kg for R404A, 1.300 tCO2e/kg for HFC-134a and 0.00006 tCO2e/kg for R290.",Buildings & Refrigerants & Fugitive Emissions,R404A: 3.943 tCO2e/kg leakage avoided; HFC-134a: 1.300; R290: 0.00006,R404A: 3.943 tCO2e/kg leakage avoided; HFC-134a: 1.300; R290: 0.00006,,,404,,Single published figure stored as Value_Base.,,mass_or_carbon,kg,RA: tCOe/kg leakage avoided; HFC a: ; R:,,published_display,,,"Restaurants, QSRs, Pubs/Bars/Breweries, Hotels, Contract Caterers, Experiential Leisure",Equipment with no refrigerant charge or outside the operator's maintenance control.,,,,CEVID-0084,1,Avoided tCO2e = kg leakage avoided × refrigerant factor,"Detecting and repairing leaks can avoid 3.943 tCO2e/kg for R404A, 1.300 tCO2e/kg for HFC-134a and 0.00006 tCO2e/kg for R290.",Equipment with no refrigerant charge or outside the operator's maintenance control.,SG-INIT-0015,ALL_FOUR_SLOTS,DISPLAY_ONLY,display_only,ACTIVE,ACTIVE,PUBLIC,STANDARD,1.0,2026-08-18,Consolidate.xlsx,工作表1,16
CPF-0016,CARD-0062,Maintain a governed refrigerant inventory and leakage record — Carbon abatement,carbon,Energy & Buildings,Carbon Factors,,Carbon abatement,,Tracking refrigerant charge and GWP quantifies the leakage exposure in tCO₂e for each asset.,Buildings & Refrigerants & Fugitive Emissions,,,,,,,Empty published value; numeric columns left blank.,,,,,,published_display,,,"Restaurants, QSRs, Pubs/Bars/Breweries, Hotels, Contract Caterers, Experiential Leisure",Equipment demonstrably outside the reporting and maintenance boundary.,,,,,0,,Tracking refrigerant charge and GWP quantifies the leakage exposure in tCO₂e for each asset.,Equipment demonstrably outside the reporting and maintenance boundary.,SG-INIT-0016,ALL_FOUR_SLOTS,DISPLAY_ONLY,display_only,ACTIVE,ACTIVE,PUBLIC,GAP,1.0,2026-08-18,Consolidate.xlsx,工作表1,17
CPF-0017,CARD-0066,Recover refrigerants at equipment end of life and document transfer — Carbon abatement,carbon,Energy & Buildings,Carbon Factors,,Carbon abatement,,The measured carbon result from end-of-life refrigerant recovery is up to 3.5487 tCO2e/kg original R404A charge at 90% WEEE treatment benchmark.,Buildings & Refrigerants & Fugitive Emissions,Up to 3.5487 tCO2e/kg original R404A charge at 90% WEEE treatment benchmark,Up to 3.5487 tCO2e/kg original R404A charge at 90% WEEE treatment benchmark,,,3.5487,,Single published figure stored as Value_Base.,,percent,kg,Up to tCOe/kg original RA charge at % WEEE treatment benchmark,,published_display,,,"Restaurants, QSRs, Pubs/Bars/Breweries, Hotels, Contract Caterers, Experiential Leisure",Equipment outside the organisation's decommissioning or procurement control.,,,,CEVID-0088,2,"3,943 × 90% ÷ 1,000 = 3.5487 tCO2e/kg",The measured carbon result from end-of-life refrigerant recovery is up to 3.5487 tCO2e/kg original R404A charge at 90% WEEE treatment benchmark.,Equipment outside the organisation's decommissioning or procurement control.,SG-INIT-0017,ALL_FOUR_SLOTS,DISPLAY_ONLY,display_only,ACTIVE,ACTIVE,PUBLIC,STANDARD,1.0,2026-08-18,Consolidate.xlsx,工作表1,18
CPF-0018,CARD-0070,"Upgrade refrigeration equipment, doors, seals, fans and controls — Carbon abatement",carbon,Energy & Buildings,Carbon Factors,,Carbon abatement,,The measured carbon result from refrigeration upgrades is 0.18642 tCO2e/bottle-cooler-year.,Buildings & Refrigerants & Fugitive Emissions,0.18642 tCO2e/bottle-cooler-year,0.18642 tCO2e/bottle-cooler-year,,,0.18642,,Single published figure stored as Value_Base.,,mass_or_carbon,bottle,tCOe/bottle cooler year,,published_display,year,,"Restaurants, QSRs, Pubs/Bars/Breweries, Hotels, Contract Caterers, Experiential Leisure",Landlord- or supplier-owned equipment without operator upgrade authority.,,,,CEVID-0093,2,"(4.71−0.81) × 365 × 0.13096 ÷ 1,000 = 0.18642 tCO2e/year",The measured carbon result from refrigeration upgrades is 0.18642 tCO2e/bottle-cooler-year.,Landlord- or supplier-owned equipment without operator upgrade authority.,SG-INIT-0018,ALL_FOUR_SLOTS,DISPLAY_ONLY,display_only,ACTIVE,ACTIVE,PUBLIC,STANDARD,1.0,2026-08-18,Consolidate.xlsx,工作表1,19
CPF-0019,CARD-0074,Adopt a validated warmer freezer setpoint where product and food-safety rules allow — Carbon abatement,carbon,Energy & Buildings,Carbon Factors,,Carbon abatement,,The measured carbon result from the warmer freezer setpoint is 0.01310 kgCO₂e per baseline freezer kWh.,Buildings & Refrigerants & Fugitive Emissions,0.01310 kgCO₂e per baseline freezer kWh,0.01310 kgCO₂e per baseline freezer kWh,,,0.0131,,Single published figure stored as Value_Base.,,mass_or_carbon,,kgCO₂e per baseline freezer kWh,,published_display,,,"Restaurants, QSRs, Pubs/Bars/Breweries, Hotels, Contract Caterers, Experiential Leisure",Products/equipment requiring colder temperatures or lacking technical and food-safety approval.,,,,CEVID-0095,2,10% × 0.13096 = 0.013096 kgCO₂e/baseline kWh,The measured carbon result from the warmer freezer setpoint is 0.01310 kgCO₂e per baseline freezer kWh.,Products/equipment requiring colder temperatures or lacking technical and food-safety approval.,SG-INIT-0019,ALL_FOUR_SLOTS,DISPLAY_ONLY,display_only,ACTIVE,ACTIVE,PUBLIC,STANDARD,1.0,2026-08-18,Consolidate.xlsx,工作表1,20
CPF-0020,CARD-0078,Phase out fossil-fuelled patio heaters and avoid unnecessary outdoor heating — Carbon abatement,carbon,Energy & Buildings,Carbon Factors,,Carbon abatement,,The measured carbon result from outdoor-heating changes is >3 tCO₂/heater/year (legacy estimate).,Buildings & Refrigerants & Fugitive Emissions,>3 tCO₂/heater/year (legacy estimate),>3 tCO₂/heater/year (legacy estimate),,,3,,Single published figure stored as Value_Base.,,mass_or_carbon,heater,> tCO₂/heater/year (legacy estimate),annual,published_display,annual,,"Restaurants, Pubs/Bars/Breweries and Hotels with outdoor trading areas",Sites without outdoor heating or without authority over the equipment/energy.,,,,CEVID-0100,1,Published typical annual emission estimate,The measured carbon result from outdoor-heating changes is >3 tCO₂/heater/year (legacy estimate).,Sites without outdoor heating or without authority over the equipment/energy.,SG-INIT-0020,ALL_FOUR_SLOTS,DISPLAY_ONLY,display_only,ACTIVE,ACTIVE,PUBLIC,STANDARD,1.0,2026-08-18,Consolidate.xlsx,工作表1,21
CPF-0021,CARD-0082,Conduct whole-life carbon assessments for major capital projects — Carbon abatement,carbon,Energy & Buildings,Carbon Factors,,Carbon abatement,,"The whole-life carbon assessment identified a 169 kgCO₂e/m² reduction, equal to 29.2%, in the retrofit comparison.",Capital Goods (sub group supply chain),,,,,,,Empty published value; numeric columns left blank.,,,,,,published_display,,,"Restaurants, QSRs, Pubs/Bars/Breweries, Hotels, Contract Caterers, Experiential Leisure",Minor works below the organisation's approved materiality threshold.,,,,,0,,"The whole-life carbon assessment identified a 169 kgCO₂e/m² reduction, equal to 29.2%, in the retrofit comparison.",Minor works below the organisation's approved materiality threshold.,SG-INIT-0021,ALL_FOUR_SLOTS,DISPLAY_ONLY,display_only,ACTIVE,ACTIVE,PUBLIC,GAP,1.0,2026-08-18,Consolidate.xlsx,工作表1,22
CPF-0022,CARD-0086,Set operational-energy and embodied-carbon targets for new construction and major refurbishment — Carbon abatement,carbon,Energy & Buildings,Carbon Factors,,Carbon abatement,,Setting project targets quantifies the reduction in kWh/m² and kgCO₂e/m² against the approved design baseline.,Capital Goods (sub group supply chain),,,,,,,Empty published value; numeric columns left blank.,,,,,,published_display,,,"Restaurants, QSRs, Pubs/Bars/Breweries, Hotels, Experiential Leisure; Contract Caterers only where delegated asset/capital control is documented","Exclude sites where the operator does not control the relevant asset, utility, specification or capital decision.",,,,,0,,Setting project targets quantifies the reduction in kWh/m² and kgCO₂e/m² against the approved design baseline.,"Exclude sites where the operator does not control the relevant asset, utility, specification or capital decision.",SG-INIT-0022,ALL_FOUR_SLOTS,DISPLAY_ONLY,display_only,ACTIVE,ACTIVE,PUBLIC,GAP,1.0,2026-08-18,Consolidate.xlsx,工作表1,23
CPF-0023,CARD-0090,Apply carbon criteria at capital-project investment and design gates — Carbon abatement,carbon,Energy & Buildings,Carbon Factors,,Carbon abatement,,Applying carbon checks records the tCO₂e avoided when designs or projects change before procurement.,Capital Goods (sub group supply chain),,,,,,,Empty published value; numeric columns left blank.,,,,,,published_display,,,"Restaurants, QSRs, Pubs/Bars/Breweries, Hotels, Experiential Leisure; Contract Caterers only where delegated asset/capital control is documented","Exclude sites where the operator does not control the relevant asset, utility, specification or capital decision.",,,,,0,,Applying carbon checks records the tCO₂e avoided when designs or projects change before procurement.,"Exclude sites where the operator does not control the relevant asset, utility, specification or capital decision.",SG-INIT-0023,ALL_FOUR_SLOTS,DISPLAY_ONLY,display_only,ACTIVE,ACTIVE,PUBLIC,GAP,1.0,2026-08-18,Consolidate.xlsx,工作表1,24
CPF-0024,CARD-0094,Require EPDs or product-specific carbon data for priority materials and equipment — Carbon abatement,carbon,Energy & Buildings,Carbon Factors,,Carbon abatement,,Requiring EPDs quantifies the kgCO₂e avoided for each product or functional unit selected.,Capital Goods (sub group supply chain),Project-specific kgCO₂e avoided,,,,,,Display text has no parseable number; numeric columns left blank.,,mass_or_carbon,,Project specific kgCO₂e avoided,,published_display,,,"Restaurants, QSRs, Pubs/Bars/Breweries, Hotels, Contract Caterers, Experiential Leisure",Low-materiality purchases outside the approved priority list.,,,,CEVID-0104,2,(Baseline product kgCO₂e/functional unit − selected product kgCO₂e/functional unit) × quantity,Requiring EPDs quantifies the kgCO₂e avoided for each product or functional unit selected.,Low-materiality purchases outside the approved priority list.,SG-INIT-0024,ALL_FOUR_SLOTS,DISPLAY_ONLY,display_only,ACTIVE,ACTIVE,PUBLIC,STANDARD,1.0,2026-08-18,Consolidate.xlsx,工作表1,25
CPF-0025,CARD-0098,"Prioritise refurbishment, reuse and adaptation before new construction — Carbon abatement",carbon,Energy & Buildings,Carbon Factors,,Carbon abatement,,"The measured carbon result from retention and adaptation is 6,340 kgCO₂e/m² saved over 100 years (84%).",Capital Goods (sub group supply chain),"6,340 kgCO₂e/m² saved over 100 years (84%)","6,340 kgCO₂e/m² saved over 100 years (84%)",,,6340,,Single published figure stored as Value_Base.,,percent,m²,kgCO₂e/m² saved over years (%),,published_display,year,,"Restaurants, QSRs, Pubs/Bars/Breweries, Hotels, Experiential Leisure; Contract Caterers only where delegated asset/capital control is documented","Exclude sites where the operator does not control the relevant asset, utility, specification or capital decision.",,,,CEVID-0102,1,Published case comparison versus standard office fit-out,"The measured carbon result from retention and adaptation is 6,340 kgCO₂e/m² saved over 100 years (84%).","Exclude sites where the operator does not control the relevant asset, utility, specification or capital decision.",SG-INIT-0025,ALL_FOUR_SLOTS,DISPLAY_ONLY,display_only,ACTIVE,ACTIVE,PUBLIC,STANDARD,1.0,2026-08-18,Consolidate.xlsx,工作表1,26
CPF-0026,CARD-0102,Require component reuse and material recovery in building and fit-out projects — Carbon abatement,carbon,Energy & Buildings,Carbon Factors,,Carbon abatement,,The measured carbon result from component reuse is 2.40 tCO₂e/t reused steel.,Capital Goods (sub group supply chain),2.40 tCO₂e/t reused steel,2.40 tCO₂e/t reused steel,,,2.4,,Single published figure stored as Value_Base.,,mass_or_carbon,t,tCO₂e/t reused steel,,published_display,,,"Restaurants, QSRs, Pubs/Bars/Breweries, Hotels, Contract Caterers, Experiential Leisure","Projects with no controlled strip-out, fit-out or material scope.",,,,CEVID-0106,1,276 tCO₂e ÷ 115 t steel = 2.40 tCO₂e/t,The measured carbon result from component reuse is 2.40 tCO₂e/t reused steel.,"Projects with no controlled strip-out, fit-out or material scope.",SG-INIT-0026,ALL_FOUR_SLOTS,DISPLAY_ONLY,display_only,ACTIVE,ACTIVE,PUBLIC,STANDARD,1.0,2026-08-18,Consolidate.xlsx,工作表1,27
CPF-0027,CARD-0106,Specify lower-carbon and responsibly sourced construction materials — Carbon abatement,carbon,Energy & Buildings,Carbon Factors,,Carbon abatement,,Recycled paint can avoid 0.04 kgCO₂e/m² or 31%. Low-carbon carpet tiles can avoid 3.42 kgCO₂e/m² or 49%. Mineral-wool insulation can avoid 1.47 kgCO₂e/m² or 25%.,Capital Goods (sub group supply chain),Paint: 0.04 kgCO₂e/m² avoided (31%); carpet tile: 3.42 kgCO₂e/m² avoided (49%); insulation: 1.47 kgCO₂e/m² avoided (25%),Paint: 0.04 kgCO₂e/m² avoided (31%); carpet tile: 3.42 kgCO₂e/m² avoided (49%); insulation: 1.47 kgCO₂e/m² avoided (25%),,,0.04,,Single published figure stored as Value_Base.,,percent,m²,Paint: kgCO₂e/m² avoided (%); carpet tile: kgCO₂e/m² avoided (%); insulation: kgCO₂e/m² avoided (%),,published_display,,,"Restaurants, QSRs, Pubs/Bars/Breweries, Hotels, Contract Caterers, Experiential Leisure",Purchases outside project/material specification control.,,,,CEVID-0112,5,Paint: 0.13 − 0.09 = 0.04 kgCO₂e/m²; 0.04 ÷ 0.13 = 30.8%. Carpet tile: 6.95 − 3.53 = 3.42 kgCO₂e/m²; 3.42 ÷ 6.95 = 49.2%. Insulation: (2.163 × 2.70) − 4.37 = 1.47 kgCO₂e/m²; 1.47 ÷ (2.163 × 2.70) = 25.2%,Recycled paint can avoid 0.04 kgCO₂e/m² or 31%. Low-carbon carpet tiles can avoid 3.42 kgCO₂e/m² or 49%. Mineral-wool insulation can avoid 1.47 kgCO₂e/m² or 25%.,Purchases outside project/material specification control.,SG-INIT-0027,ALL_FOUR_SLOTS,DISPLAY_ONLY,display_only,ACTIVE,ACTIVE,PUBLIC,STANDARD,1.0,2026-08-18,Consolidate.xlsx,工作表1,28
CPF-0028,CARD-0110,"Specify durability, repairability, modularity and supplier take-back for capital equipment — Carbon abatement",carbon,Energy & Buildings,Carbon Factors,,Carbon abatement,,"An A-rated fridge can avoid 55.3 kgCO₂e per item per year, equal to 57.1%. A heat-recovery warewasher can reduce operational CO₂e per cycle by up to 15%, while an efficient combi oven can reduce it by about 20%.",Capital Goods (sub group supply chain),"Fridge: 55.3 kgCO₂e/item/year avoided, including grid losses (57.1%). Warewasher: up to 15% lower electricity-related operational CO₂e per cycle. Combi oven: approximately 20% lower electricity-related operational CO₂e.","Fridge: 55.3 kgCO₂e/item/year avoided, including grid losses (57.1%). Warewasher: up to 15% lower electricity-related operational CO₂e per cycle. Combi oven: approximately 20% lower electricity-related operational CO₂e.",,,55.3,,Single published figure stored as Value_Base.,,percent,item,Fridge: kgCO₂e/item/year avoided including grid losses (%). Warewasher: up to % lower electricity related operational CO₂e per cycle. Combi oven: approximately % lower electricity related operational CO₂e.,annual,published_display,annual,,"Restaurants, QSRs, Pubs/Bars/Breweries, Hotels, Contract Caterers, Experiential Leisure",Consumables and low-value purchases outside the capital-equipment policy.,,,,CEVID-0118,5,Fridge: (672 − 288) × 0.14396 = 55.3 kgCO₂e/year; (672 − 288) ÷ 672 = 57.1%. Warewasher: 15% less electricity × same grid factor = up to 15% less operational CO₂e. Combi oven: 20% less electricity × same grid factor = approximately 20% less operational CO₂e.,"An A-rated fridge can avoid 55.3 kgCO₂e per item per year, equal to 57.1%. A heat-recovery warewasher can reduce operational CO₂e per cycle by up to 15%, while an efficient combi oven can reduce it by about 20%.",Consumables and low-value purchases outside the capital-equipment policy.,SG-INIT-0028,ALL_FOUR_SLOTS,DISPLAY_ONLY,display_only,ACTIVE,ACTIVE,PUBLIC,STANDARD,1.0,2026-08-18,Consolidate.xlsx,工作表1,29
CPF-0029,CARD-0114,"Design buildings and fit-outs for adaptability, disassembly and material recovery — Carbon abatement",carbon,Energy & Buildings,Carbon Factors,,Carbon abatement,,"Using demountable partitions and reusable doorsets can reduce embodied carbon by 91%, avoiding 11.21 tCO₂e in the cited fit-out.",Capital Goods (sub group supply chain),91% lower embodied carbon; 11.21 tCO₂e avoided,91% lower embodied carbon; 11.21 tCO₂e avoided,,,91,,Single published figure stored as Value_Base.,,percent,,% lower embodied carbon; tCO₂e avoided,,published_display,,,"Restaurants, QSRs, Pubs/Bars/Breweries, Hotels, Experiential Leisure; Contract Caterers only where delegated asset/capital control is documented","Exclude sites where the operator does not control the relevant asset, utility, specification or capital decision.",,,,,0,12.32 tCO₂e − 1.11 tCO₂e = 11.21 tCO₂e; 11.21 ÷ 12.32 = 91%,"Using demountable partitions and reusable doorsets can reduce embodied carbon by 91%, avoiding 11.21 tCO₂e in the cited fit-out.","Exclude sites where the operator does not control the relevant asset, utility, specification or capital decision.",SG-INIT-0029,ALL_FOUR_SLOTS,DISPLAY_ONLY,display_only,ACTIVE,ACTIVE,PUBLIC,UNLINKED,1.0,2026-08-18,Consolidate.xlsx,工作表1,30
CPF-0030,CARD-0118,Commission new buildings and major refurbishments against designed operational performance — Carbon abatement,carbon,Energy & Buildings,Carbon Factors,,Carbon abatement,,Seasonal commissioning converts measured electricity and gas savings into tCO₂e against the design-performance baseline.,Capital Goods (sub group supply chain),,,,,,,Empty published value; numeric columns left blank.,,,,,,published_display,,,"Restaurants, QSRs, Pubs/Bars/Breweries, Hotels, Experiential Leisure; Contract Caterers only where delegated asset/capital control is documented","Exclude sites where the operator does not control the relevant asset, utility, specification or capital decision.",,,,,0,,Seasonal commissioning converts measured electricity and gas savings into tCO₂e against the design-performance baseline.,"Exclude sites where the operator does not control the relevant asset, utility, specification or capital decision.",SG-INIT-0030,ALL_FOUR_SLOTS,DISPLAY_ONLY,display_only,ACTIVE,ACTIVE,PUBLIC,GAP,1.0,2026-08-18,Consolidate.xlsx,工作表1,31
CPF-0031,CARD-0122,Apply verified energy-efficiency criteria when replacing kitchen equipment — Carbon abatement,carbon,Energy & Buildings,Carbon Factors,,Carbon abatement,,Selecting replacement equipment through ETL criteria converts verified equipment kWh savings into tCO₂e.,Capital Goods (sub group supply chain),,,,,,,Empty published value; numeric columns left blank.,,,,,,published_display,,,"Restaurants, QSRs, Pubs/Bars/Breweries, Hotels, Contract Caterers",Sites without commercial kitchen equipment or procurement authority.,,,,,0,,Selecting replacement equipment through ETL criteria converts verified equipment kWh savings into tCO₂e.,Sites without commercial kitchen equipment or procurement authority.,SG-INIT-0031,ALL_FOUR_SLOTS,DISPLAY_ONLY,display_only,ACTIVE,ACTIVE,PUBLIC,GAP,1.0,2026-08-18,Consolidate.xlsx,工作表1,32
CPF-0032,CARD-0126,Assess the feasibility of hydrogen-ready kitchen equipment — Carbon abatement,carbon,Energy & Buildings,Carbon Factors,,Carbon abatement,,Assessing hydrogen-ready equipment compares projected tCO₂e with an efficient electric-kitchen baseline.,Capital Goods (sub group supply chain),,,,,,,Empty published value; numeric columns left blank.,,,,,,published_display,,,"Restaurants, QSRs, Pubs/Bars/Breweries, Hotels and Contract Caterers with relevant gas cooking loads","Sites without a credible hydrogen supply, safety case, infrastructure route or equipment need.",,,,,0,,Assessing hydrogen-ready equipment compares projected tCO₂e with an efficient electric-kitchen baseline.,"Sites without a credible hydrogen supply, safety case, infrastructure route or equipment need.",SG-INIT-0032,ALL_FOUR_SLOTS,DISPLAY_ONLY,display_only,ACTIVE,ACTIVE,PUBLIC,GAP,1.0,2026-08-18,Consolidate.xlsx,工作表1,33
CPF-0033,CARD-0130,Apply environmental-performance criteria when selecting leased sites — Carbon abatement,carbon,Energy & Buildings,Carbon Factors,,Carbon abatement,,"Screening leased sites quantifies the tCO₂e avoided through stronger metering, control and improvement rights.","Leased, Tenanted & Franchised Sites",,,,,,,Empty published value; numeric columns left blank.,,,,,,published_display,,,"Restaurants, QSRs, Pubs/Bars/Breweries, Hotels, Contract Caterers, Experiential Leisure",Owned freehold acquisitions assessed under the capital-project process.,,,,,0,,"Screening leased sites quantifies the tCO₂e avoided through stronger metering, control and improvement rights.",Owned freehold acquisitions assessed under the capital-project process.,SG-INIT-0033,ALL_FOUR_SLOTS,DISPLAY_ONLY,display_only,ACTIVE,ACTIVE,PUBLIC,GAP,1.0,2026-08-18,Consolidate.xlsx,工作表1,34
CPF-0034,CARD-0134,Apply energy and carbon criteria to lease renewals and franchise onboarding — Carbon abatement,carbon,Energy & Buildings,Carbon Factors,,Carbon abatement,,Applying renewal and onboarding criteria counts verified tCO₂e from completed funded improvement plans.,"Leased, Tenanted & Franchised Sites",,,,,,,Empty published value; numeric columns left blank.,,,,,,published_display,,,"Restaurants, QSRs, Pubs/Bars/Breweries, Hotels, Contract Caterers, Experiential Leisure",Owned sites and existing franchise operations outside a renewal/onboarding event.,,,,,0,,Applying renewal and onboarding criteria counts verified tCO₂e from completed funded improvement plans.,Owned sites and existing franchise operations outside a renewal/onboarding event.,SG-INIT-0034,ALL_FOUR_SLOTS,DISPLAY_ONLY,display_only,ACTIVE,ACTIVE,PUBLIC,GAP,1.0,2026-08-18,Consolidate.xlsx,工作表1,35
CPF-0035,CARD-0138,"Include green performance, data and cooperation clauses in leases and franchise agreements — Carbon abatement",carbon,Energy & Buildings,Carbon Factors,,Carbon abatement,,Adding green clauses counts verified tCO₂e from the improvement works enabled by the agreement.,"Leased, Tenanted & Franchised Sites",,,,,,,Empty published value; numeric columns left blank.,,,,,,published_display,,,"Restaurants, QSRs, Pubs/Bars/Breweries, Hotels, Contract Caterers, Experiential Leisure",Owned sites with no lease/franchise agreement.,,,,,0,,Adding green clauses counts verified tCO₂e from the improvement works enabled by the agreement.,Owned sites with no lease/franchise agreement.,SG-INIT-0035,ALL_FOUR_SLOTS,DISPLAY_ONLY,display_only,ACTIVE,ACTIVE,PUBLIC,GAP,1.0,2026-08-18,Consolidate.xlsx,工作表1,36
CPF-0036,CARD-0142,"Collect and quality-check energy and emissions data from leased, tenanted and franchised sites — Carbon abatement",carbon,Energy & Buildings,Carbon Factors,,Carbon abatement,,Collecting smart-meter data through a central energy-data platform is quantified using verified tCO₂e/site/year from completed actions.,"Leased, Tenanted & Franchised Sites",Enabled downstream abatement: tCO₂e/site/year or tCO₂e/meter/year from verified reductions identified through the data system; no abatement is credited for data collection alone.,,,,,,Display text has no parseable number; numeric columns left blank.,,mass_or_carbon,site,Enabled downstream abatement: tCO₂e/site/year or tCO₂e/meter/year from verified reductions identified through the data system; no abatement is credited for data collection alone.,annual,published_display,annual,,"Restaurants, QSRs, Pubs/Bars/Breweries, Hotels, Contract Caterers, Experiential Leisure",Sites outside the agreed organisational/reporting boundary.,,,,CEVID-0027,2,"Per site or meter = Σ[(weather/activity-adjusted baseline kWh − actual kWh) × reporting-year fuel-specific kgCO₂e/kWh] ÷ 1,000. Portfolio abatement = sum of verified site/action results.",Collecting smart-meter data through a central energy-data platform is quantified using verified tCO₂e/site/year from completed actions.,Sites outside the agreed organisational/reporting boundary.,SG-INIT-0036,ALL_FOUR_SLOTS,DISPLAY_ONLY,display_only,ACTIVE,ACTIVE,PUBLIC,STANDARD,1.0,2026-08-18,Consolidate.xlsx,工作表1,37
CPF-0037,CARD-0146,Secure rights and approval routes for environmental improvements in leased sites — Carbon abatement,carbon,Energy & Buildings,Carbon Factors,,Carbon abatement,,Securing approval routes counts verified tCO₂e from improvement projects released for delivery.,"Leased, Tenanted & Franchised Sites",,,,,,,Empty published value; numeric columns left blank.,,,,,,published_display,,,"Restaurants, QSRs, Pubs/Bars/Breweries, Hotels, Contract Caterers, Experiential Leisure",Owned sites and leases where all relevant rights already exist.,,,,,0,,Securing approval routes counts verified tCO₂e from improvement projects released for delivery.,Owned sites and leases where all relevant rights already exist.,SG-INIT-0037,ALL_FOUR_SLOTS,DISPLAY_ONLY,display_only,ACTIVE,ACTIVE,PUBLIC,GAP,1.0,2026-08-18,Consolidate.xlsx,工作表1,38
CPF-0038,CARD-0150,Enable renewable electricity procurement under lease and franchise arrangements — Carbon abatement,carbon,Energy & Buildings,Carbon Factors,,Carbon abatement,,"Procuring qualifying renewable electricity changes contract-specific market-based Scope 2 tCO₂e/year, with supplier-evidenced physical abatement reported separately.","Leased, Tenanted & Franchised Sites",Market-based Scope 2 effect: contract-specific tCO₂e/year from eligible renewable electricity. Physical/additional abatement: supplier-evidenced tCO₂e/year only.,Market-based Scope 2 effect: contract-specific tCO₂e/year from eligible renewable electricity. Physical/additional abatement: supplier-evidenced tCO₂e/year only.,,,2,,Single published figure stored as Value_Base.,,mass_or_carbon,year,Market based Scope effect: contract specific tCO₂e/year from eligible renewable electricity. Physical/additional abatement: supplier evidenced tCO₂e/year only.,annual,published_display,annual,,"Restaurants, QSRs, Pubs/Bars/Breweries, Hotels, Contract Caterers, Experiential Leisure",Sites where electricity procurement is outside operator influence and no cooperation route exists.,,,,CEVID-0137,4,"Market-based effect = eligible kWh × (pre-change supplier factor; otherwise residual-mix factor; otherwise grid-average factor − post-change supplier/product factor) ÷ 1,000. Landlord route: use only kWh explicitly allocated to the tenant and covered by retired certificates. Additional abatement = eligible kWh × supplier-evidenced additional kgCO₂e/kWh ÷ 1,000. Report location-based emissions separately and unchanged.","Procuring qualifying renewable electricity changes contract-specific market-based Scope 2 tCO₂e/year, with supplier-evidenced physical abatement reported separately.",Sites where electricity procurement is outside operator influence and no cooperation route exists.,SG-INIT-0038,ALL_FOUR_SLOTS,DISPLAY_ONLY,display_only,ACTIVE,ACTIVE,PUBLIC,STANDARD,1.0,2026-08-18,Consolidate.xlsx,工作表1,39
CPF-0039,CARD-0154,"Agree landlord-tenant decarbonisation plans with actions, funding and accountability — Carbon abatement",carbon,Energy & Buildings,Carbon Factors,,Carbon abatement,,Completing actions under the signed landlord-tenant plan produces verified tCO₂e savings per site per year.,"Leased, Tenanted & Franchised Sites",Enabled downstream abatement: verified tCO₂e/site/year from actions completed under the signed landlord-tenant plan; no standalone abatement credited to the plan itself.,,,,,,Display text has no parseable number; numeric columns left blank.,,mass_or_carbon,site,Enabled downstream abatement: verified tCO₂e/site/year from actions completed under the signed landlord tenant plan; no standalone abatement credited to the plan itself.,annual,published_display,annual,,"Restaurants, QSRs, Pubs/Bars/Breweries, Hotels, Contract Caterers, Experiential Leisure",Owned sites or leases with no shared building/utility responsibility.,,,,CEVID-0140,1,"Σ completed actions [(weather/activity-adjusted baseline kWh − actual kWh) × reporting-year fuel-specific kgCO₂e/kWh] ÷ 1,000. Separate landlord- and occupier-controlled loads; assign each action and saving once.",Completing actions under the signed landlord-tenant plan produces verified tCO₂e savings per site per year.,Owned sites or leases with no shared building/utility responsibility.,SG-INIT-0039,ALL_FOUR_SLOTS,DISPLAY_ONLY,display_only,ACTIVE,ACTIVE,PUBLIC,STANDARD,1.0,2026-08-18,Consolidate.xlsx,工作表1,40
CPF-0040,CARD-0158,Set and monitor energy-performance standards for franchisees — Carbon abatement,carbon,Energy & Buildings,Carbon Factors,,Carbon abatement,,"Applying franchise HVAC and kitchen standards reduced energy use by 21% across 159 restaurants, with carbon calculated from measured fuel and electricity savings.","Leased, Tenanted & Franchised Sites",,,,,,,Empty published value; numeric columns left blank.,,,,,,published_display,,,"Restaurants, QSRs, Pubs/Bars/Breweries, Hotels and Experiential Leisure with franchise models",Contract Caterers and organisations without franchise operations.,,,,,0,,"Applying franchise HVAC and kitchen standards reduced energy use by 21% across 159 restaurants, with carbon calculated from measured fuel and electricity savings.",Contract Caterers and organisations without franchise operations.,SG-INIT-0040,ALL_FOUR_SLOTS,DISPLAY_ONLY,display_only,ACTIVE,ACTIVE,PUBLIC,GAP,1.0,2026-08-18,Consolidate.xlsx,工作表1,41
CPF-0041,CARD-0162,Complete an Energy Health Check — Carbon abatement,carbon,Energy & Buildings,Carbon Factors,,Carbon abatement,,"The audit found 12.5% energy savings, but a 30% implementation rate cuts delivered potential to c.3.75% of baseline.",Energy Management,"Energy savings identified: 17,560 MWh/year; 12.5% of consumption","Energy savings identified: 17,560 MWh/year; 12.5% of consumption",,,17560,,Single published figure stored as Value_Base.,,percent,year,Energy savings identified: MWh/year; % of consumption,annual,published_display,annual,,"Restaurants, QSRs, Pubs/Bars/Breweries, Hotels, Contract Caterers, Experiential Leisure",None,,,,CEVID-0144,1,Risk-adjusted delivered saving = identified saving × implementation rate,"The audit found 12.5% energy savings, but a 30% implementation rate cuts delivered potential to c.3.75% of baseline.",None,SG-INIT-0041,ALL_FOUR_SLOTS,DISPLAY_ONLY,display_only,ACTIVE,ACTIVE,PUBLIC,STANDARD,1.0,2026-08-18,Consolidate.xlsx,工作表1,42
CPF-0042,CARD-0166,Install battery storage (BESS) — Carbon abatement,carbon,Energy & Buildings,Carbon Factors,,Carbon abatement,,"Battery capacity alone does not cut carbon; value comes from renewable charging, discharged kWh and round-trip efficiency.",Energy Procurement & Renewables,Published carbon saving: not disclosed,,,,,,Display text has no parseable number; numeric columns left blank.,,,,Published carbon saving: not disclosed,,published_display,,,"Restaurants, QSRs, Pubs/Bars/Breweries, Hotels, Contract Caterers, Experiential Leisure",None,,,,CEVID-0147,1,"Net avoided tCO2e = [renewable electricity discharged × displaced-grid factor − charging losses × charging-source factor] ÷ 1,000","Battery capacity alone does not cut carbon; value comes from renewable charging, discharged kWh and round-trip efficiency.",None,SG-INIT-0042,ALL_FOUR_SLOTS,DISPLAY_ONLY,display_only,ACTIVE,ACTIVE,PUBLIC,STANDARD,1.0,2026-08-18,Consolidate.xlsx,工作表1,43
CPF-0043,CARD-0170,Upgrade to LED lighting with optimised design and controls — Carbon abatement,carbon,Energy & Buildings,Carbon Factors,,Carbon abatement,,"LED saves c.200–250 kgCO2e/MWh; Travelodge’s 20.2 GWh reduction implies c.4,000–5,000 tCO2e/year.",Energy Management,Avoided carbon: 200–250 kgCO2e/MWh saved,Avoided carbon: 200–250 kgCO2e/MWh saved,,200,,250,Range taken from the published display string. Value_Base left blank (no midpoint invented).,,mass_or_carbon,MWh,Avoided carbon: kgCOe/MWh saved,,published_display,,,"Restaurants, QSRs, Pubs/Bars/Breweries, Hotels, Contract Caterers, Experiential Leisure",None,,,,CEVID-0151,1,"Programme abatement = 20,200 MWh × 200–250 kgCO2e/MWh ÷ 1,000 = 4,040–5,050 tCO2e/year","LED saves c.200–250 kgCO2e/MWh; Travelodge’s 20.2 GWh reduction implies c.4,000–5,000 tCO2e/year.",None,SG-INIT-0043,ALL_FOUR_SLOTS,DISPLAY_ONLY,display_only,ACTIVE,ACTIVE,PUBLIC,STANDARD,1.0,2026-08-18,Consolidate.xlsx,工作表1,44
CPF-0044,CARD-0174,Install heat/energy recovery ventilation units — Carbon abatement,carbon,Energy & Buildings,Carbon Factors,,Carbon abatement,,Hospitality cases avoided 0.9–1.2 tCO2e/year; air-side heat-pump recovery can cut whole-building CO2 by up to 12%.,Energy Management,"Hospitality kitchen cases: 928.8–1,218 kgCO2e/year","Hospitality kitchen cases: 928.8–1,218 kgCO2e/year",,928.8,,1218,Range taken from the published display string. Value_Base left blank (no midpoint invented).,,mass_or_carbon,year,Hospitality kitchen cases: kgCOe/year,annual,published_display,annual,,"Restaurants, QSRs, Pubs/Bars/Breweries, Hotels, Contract Caterers, Experiential Leisure",None,,,,CEVID-0154,2,"Avoided tCO2e = recovered useful heat × displaced-fuel factor ÷ 1,000 − additional fan or heat-pump emissions",Hospitality cases avoided 0.9–1.2 tCO2e/year; air-side heat-pump recovery can cut whole-building CO2 by up to 12%.,None,SG-INIT-0044,ALL_FOUR_SLOTS,DISPLAY_ONLY,display_only,ACTIVE,ACTIVE,PUBLIC,STANDARD,1.0,2026-08-18,Consolidate.xlsx,工作表1,45
CPF-0045,CARD-0178,Deploy gas boiler additives — Carbon abatement,carbon,Energy & Buildings,Carbon Factors,,Carbon abatement,,Reported cases saved 7.4–10+ tCO2; the controlled comparison attributes 13.99% of heating savings to the additive.,Energy Management,Reported carbon: 7.4 tCO2 over 2 months; >10 tCO2 across 3 branches,Reported carbon: 7.4 tCO2 over 2 months; >10 tCO2 across 3 branches,,,7.4,,Single published figure stored as Value_Base.,,mass_or_carbon,,Reported carbon: tCO over months; > tCO across branches,,published_display,month,,"Restaurants, QSRs, Pubs/Bars/Breweries, Hotels, Contract Caterers, Experiential Leisure",None,,,,CEVID-0155,1,Attributable heating saving = 21.34% dosed result − 7.35% powerflush-only control = 13.99%,Reported cases saved 7.4–10+ tCO2; the controlled comparison attributes 13.99% of heating savings to the additive.,None,SG-INIT-0045,ALL_FOUR_SLOTS,DISPLAY_ONLY,display_only,ACTIVE,ACTIVE,PUBLIC,STANDARD,1.0,2026-08-18,Consolidate.xlsx,工作表1,46
CPF-0046,CARD-0182,Install air or ground source heat pumps — Carbon abatement,carbon,Energy & Buildings,Carbon Factors,,Carbon abatement,,Heat pumps target Whitbread’s largest Scope 1 source: >70% comes from gas and LPG equipment.,Energy Procurement & Renewables,Whitbread Scope 1 from gas and LPG equipment: >70%,Whitbread Scope 1 from gas and LPG equipment: >70%,,,1,,Single published figure stored as Value_Base.,,percent,,Whitbread Scope from gas and LPG equipment: >%,,published_display,,,"Restaurants, QSRs, Pubs/Bars/Breweries, Hotels, Contract Caterers, Experiential Leisure",None,,,,CEVID-0159,2,"Avoided tCO2e = [baseline gas kWh × gas factor − delivered heat ÷ seasonal COP × grid factor] ÷ 1,000",Heat pumps target Whitbread’s largest Scope 1 source: >70% comes from gas and LPG equipment.,None,SG-INIT-0046,ALL_FOUR_SLOTS,DISPLAY_ONLY,display_only,ACTIVE,ACTIVE,PUBLIC,STANDARD,1.0,2026-08-18,Consolidate.xlsx,工作表1,47
CPF-0047,CARD-0186,Utilise cellar cooling across estates — Carbon abatement,carbon,Energy & Buildings,Carbon Factors,,Carbon abatement,,"Greene King reported 5,126 tCO2/year across 1,700+ pubs, equal to c.3.0 tCO2 per outlet.",Energy Management,"Estate carbon saving: 5,126 tCO2/year","Estate carbon saving: 5,126 tCO2/year",,,5126,,Single published figure stored as Value_Base.,,mass_or_carbon,year,Estate carbon saving: tCO/year,annual,published_display,annual,,Pubs/Bars/Breweries,"Restaurants, QSRs, Hotels, Contract Caterers, Experiential Leisure",,,,CEVID-0163,2,"5,126 tCO2 ÷ 1,700 outlets = 3.02 tCO2/outlet-year","Greene King reported 5,126 tCO2/year across 1,700+ pubs, equal to c.3.0 tCO2 per outlet.","Restaurants, QSRs, Hotels, Contract Caterers, Experiential Leisure",SG-INIT-0047,ALL_FOUR_SLOTS,DISPLAY_ONLY,display_only,ACTIVE,ACTIVE,PUBLIC,STANDARD,1.0,2026-08-18,Consolidate.xlsx,工作表1,48
CPF-0048,CARD-0190,Replace gas-fired heating and catering equipment with electric alternatives — Carbon abatement,carbon,Energy & Buildings,Carbon Factors,,Carbon abatement,,Carbon falls only when gas removed exceeds replacement-electricity emissions; calculate from actual equipment loads.,Energy Management,Scope 1 combustion removed: 100% of displaced gas/LPG emissions,Scope 1 combustion removed: 100% of displaced gas/LPG emissions,,,1,,Single published figure stored as Value_Base.,,percent,LPG,Scope combustion removed: % of displaced gas/LPG emissions,,published_display,,,"Restaurants, QSRs, Pubs/Bars/Breweries, Hotels, Contract Caterers, Experiential Leisure",None,,,,CEVID-0160,1,"Avoided tCO2e = [displaced gas kWh × gas factor − replacement electricity kWh × grid factor] ÷ 1,000",Carbon falls only when gas removed exceeds replacement-electricity emissions; calculate from actual equipment loads.,None,SG-INIT-0048,ALL_FOUR_SLOTS,DISPLAY_ONLY,display_only,ACTIVE,ACTIVE,PUBLIC,STANDARD,1.0,2026-08-18,Consolidate.xlsx,工作表1,49
CPF-0049,CARD-0194,Invest in energy-efficiency and renewables infrastructure — Carbon abatement,carbon,Energy & Buildings,Carbon Factors,,Carbon abatement,,"Capex is not abatement: Marston’s £5.4m solar rollout targets 600 tCO2/year, or c.5 t/site.",Energy Procurement & Renewables,Standalone investment abatement: zero,,,,,,Display text has no parseable number; numeric columns left blank.,,,,Standalone investment abatement: zero,,published_display,,,"Restaurants, QSRs, Pubs/Bars/Breweries, Hotels, Contract Caterers, Experiential Leisure",None,,,,CEVID-0166,2,Programme abatement = sum of verified funded-project savings; 600 ÷ 120 = 5 tCO2/site-year,"Capex is not abatement: Marston’s £5.4m solar rollout targets 600 tCO2/year, or c.5 t/site.",None,SG-INIT-0049,ALL_FOUR_SLOTS,DISPLAY_ONLY,display_only,ACTIVE,ACTIVE,PUBLIC,STANDARD,1.0,2026-08-18,Consolidate.xlsx,工作表1,50
CPF-0050,CARD-0198,"Upgrade building-fabric thermal performance (insulation, glazing, draught-proofing) — Carbon abatement",carbon,Energy & Buildings,Carbon Factors,,Carbon abatement,,A fabric-only UK retrofit cut weather-normalised heating 27% while indoor temperature rose 0.46°C.,Energy Management,Weather-normalised heating reduction: 27%,Weather-normalised heating reduction: 27%,,,27,,Single published figure stored as Value_Base.,,percent,,Weather normalised heating reduction: %,,published_display,,,"Restaurants, QSRs, Pubs/Bars/Breweries, Hotels, Contract Caterers, Experiential Leisure",None,,,,CEVID-0169,1,Heating reduction = (adjusted baseline kWh − post-retrofit kWh) ÷ adjusted baseline kWh,A fabric-only UK retrofit cut weather-normalised heating 27% while indoor temperature rose 0.46°C.,None,SG-INIT-0050,ALL_FOUR_SLOTS,DISPLAY_ONLY,display_only,ACTIVE,ACTIVE,PUBLIC,STANDARD,1.0,2026-08-18,Consolidate.xlsx,工作表1,51
CPF-0051,CARD-0202,Install smart sub-metering and a building management system (BMS) — Carbon abatement,carbon,Energy & Buildings,Carbon Factors,,Carbon abatement,,"The controls programme avoided c.130 tCO2e/year, including 49 t from occupancy controls.",Energy Management,Total BMS programme: approximately 130 tCO2e/year,Total BMS programme: approximately 130 tCO2e/year,,,130,,Single published figure stored as Value_Base.,,mass_or_carbon,year,Total BMS programme: approximately tCOe/year,annual,published_display,annual,,"Restaurants, QSRs, Pubs/Bars/Breweries, Hotels, Contract Caterers, Experiential Leisure",None,,,,CEVID-0171,2,Programme abatement = sum of verified measure-level electricity and gas savings × applicable historical factors,"The controls programme avoided c.130 tCO2e/year, including 49 t from occupancy controls.",None,SG-INIT-0051,ALL_FOUR_SLOTS,DISPLAY_ONLY,display_only,ACTIVE,ACTIVE,PUBLIC,STANDARD,1.0,2026-08-18,Consolidate.xlsx,工作表1,52
CPF-0052,CARD-0206,Install on-site solar PV — Carbon abatement,carbon,Energy & Buildings,Carbon Factors,,Carbon abatement,,"The rollout targets 600 tCO2/year across 120 pubs, or c.5 tCO2 per site.",Energy Procurement & Renewables,Marston’s: 600 tCO2/year across 120 pubs; approximately 5 tCO2/site-year,Marston’s: 600 tCO2/year across 120 pubs; approximately 5 tCO2/site-year,,,600,,Single published figure stored as Value_Base.,,mass_or_carbon,year,Marston’s: tCO/year across pubs; approximately tCO/site year,annual,published_display,annual,,"Restaurants, QSRs, Pubs/Bars/Breweries, Hotels, Contract Caterers, Experiential Leisure",None,,,,CEVID-0166,2,"600 ÷ 120 = 5 tCO2/site-year; future abatement = self-consumed solar kWh × current grid factor ÷ 1,000","The rollout targets 600 tCO2/year across 120 pubs, or c.5 tCO2 per site.",None,SG-INIT-0052,ALL_FOUR_SLOTS,DISPLAY_ONLY,display_only,ACTIVE,ACTIVE,PUBLIC,STANDARD,1.0,2026-08-18,Consolidate.xlsx,工作表1,53
CPF-0053,CARD-0210,Install voltage optimisation equipment — Carbon abatement,carbon,Energy & Buildings,Carbon Factors,,Carbon abatement,,The only named case reports 40 tCO2/year; other claims need metered kWh isolated from LED and controls.,Energy Management,Named case: 40 tCO2/year,Named case: 40 tCO2/year,,,40,,Single published figure stored as Value_Base.,,mass_or_carbon,year,Named case: tCO/year,annual,published_display,annual,,"Restaurants, QSRs, Pubs/Bars/Breweries, Hotels, Contract Caterers, Experiential Leisure",None,,,,CEVID-0177,1,"Avoided tCO2e = verified post-installation kWh saving × current grid factor ÷ 1,000",The only named case reports 40 tCO2/year; other claims need metered kWh isolated from LED and controls.,None,SG-INIT-0053,ALL_FOUR_SLOTS,DISPLAY_ONLY,display_only,ACTIVE,ACTIVE,PUBLIC,STANDARD,1.0,2026-08-18,Consolidate.xlsx,工作表1,54
CPF-0054,CARD-0214,Procure renewable electricity via PPAs or green tariffs — Carbon abatement,carbon,Energy & Buildings,Carbon Factors,,Carbon abatement,,"Certificates reduce reported market-based Scope 2, not physical demand; do not double count the same kWh.",Energy Procurement & Renewables,Certificate tariff: market-based Scope 2 reduction; location-based physical reduction zero,Certificate tariff: market-based Scope 2 reduction; location-based physical reduction zero,,,2,,Single published figure stored as Value_Base.,,,,Certificate tariff: market based Scope reduction; location based physical reduction zero,,published_display,,,"Restaurants, QSRs, Pubs/Bars/Breweries, Hotels, Contract Caterers, Experiential Leisure",None,,,,CEVID-0181,1,"Market-based reduction = contracted kWh × (previous supplier factor − qualifying contract factor) ÷ 1,000","Certificates reduce reported market-based Scope 2, not physical demand; do not double count the same kWh.",None,SG-INIT-0054,ALL_FOUR_SLOTS,DISPLAY_ONLY,display_only,ACTIVE,ACTIVE,PUBLIC,STANDARD,1.0,2026-08-18,Consolidate.xlsx,工作表1,55
CPF-0055,CARD-0218,Enroll sites in demand-side response and flexibility schemes — Carbon abatement,carbon,Energy & Buildings,Carbon Factors,,Carbon abatement,,"Demand response is not automatically low carbon; >80% historically used backup generation, which can raise emissions.",Energy Procurement & Renewables,Published initiative tCO2e saving: not available,Published initiative tCO2e saving: not available,,,2,,Single published figure stored as Value_Base.,,mass_or_carbon,,Published initiative tCOe saving: not available,,published_display,,,"Restaurants, QSRs, Pubs/Bars/Breweries, Hotels, Contract Caterers, Experiential Leisure",None,,,,CEVID-0185,1,"Net tCO2e = shifted or curtailed kWh × (event-period grid factor − rebound-period factor) ÷ 1,000","Demand response is not automatically low carbon; >80% historically used backup generation, which can raise emissions.",None,SG-INIT-0055,ALL_FOUR_SLOTS,DISPLAY_ONLY,display_only,ACTIVE,ACTIVE,PUBLIC,STANDARD,1.0,2026-08-18,Consolidate.xlsx,工作表1,56
CPF-0056,CARD-0222,Run staff energy-engagement programmes — Carbon abatement,carbon,Energy & Buildings,Carbon Factors,,Carbon abatement,,Calculate carbon from measured fuel savings; no operator publishes a defensible staff-engagement tCO2e result.,Energy Management,Operator-disclosed tCO2e saving: not available,Operator-disclosed tCO2e saving: not available,,,2,,Single published figure stored as Value_Base.,,mass_or_carbon,,Operator disclosed tCOe saving: not available,,published_display,,,"Restaurants, QSRs, Pubs/Bars/Breweries, Hotels, Contract Caterers, Experiential Leisure",None,,,,CEVID-0186,1,"Avoided tCO2e = (electricity kWh saved × grid factor + gas kWh saved × gas factor) ÷ 1,000",Calculate carbon from measured fuel savings; no operator publishes a defensible staff-engagement tCO2e result.,None,SG-INIT-0056,ALL_FOUR_SLOTS,DISPLAY_ONLY,display_only,ACTIVE,ACTIVE,PUBLIC,STANDARD,1.0,2026-08-18,Consolidate.xlsx,工作表1,57
CPF-0057,CARD-0226,Optimise heating controls — Carbon abatement,carbon,Energy & Buildings,Carbon Factors,,Carbon abatement,,Use degree-day-normalised heating kWh; no operator publishes a controls-only tCO2e result.,Energy Management,Published hospitality tCO2e saving: not available,Published hospitality tCO2e saving: not available,,,2,,Single published figure stored as Value_Base.,,mass_or_carbon,,Published hospitality tCOe saving: not available,,published_display,,,"Restaurants, QSRs, Pubs/Bars/Breweries, Hotels, Contract Caterers, Experiential Leisure",None,,,,CEVID-0190,2,"Avoided tCO2e = (degree-day-adjusted baseline kWh − actual heating kWh) × fuel factor ÷ 1,000",Use degree-day-normalised heating kWh; no operator publishes a controls-only tCO2e result.,None,SG-INIT-0057,ALL_FOUR_SLOTS,DISPLAY_ONLY,display_only,ACTIVE,ACTIVE,PUBLIC,STANDARD,1.0,2026-08-18,Consolidate.xlsx,工作表1,58
CPF-0058,CARD-0230,Improve building EPC ratings to B or above — Carbon abatement,carbon,Energy & Buildings,Carbon Factors,,Carbon abatement,,"An EPC rating saves no carbon itself; count only the underlying fabric, lighting, controls and heating measures.",Energy Management,Standalone EPC abatement: zero,,,,,,Display text has no parseable number; numeric columns left blank.,,,,Standalone EPC abatement: zero,,published_display,,,"Restaurants, QSRs, Pubs/Bars/Breweries, Hotels, Contract Caterers, Experiential Leisure",None,,,,CEVID-0194,2,Project abatement = sum of verified measure-level kWh savings × applicable emission factors,"An EPC rating saves no carbon itself; count only the underlying fabric, lighting, controls and heating measures.",None,SG-INIT-0058,ALL_FOUR_SLOTS,DISPLAY_ONLY,display_only,ACTIVE,ACTIVE,PUBLIC,STANDARD,1.0,2026-08-18,Consolidate.xlsx,工作表1,59
CPF-0059,CARD-0234,Connect sites to low-carbon heat networks or solar thermal — Carbon abatement,carbon,Energy & Buildings,Carbon Factors,,Carbon abatement,,Heat-network carbon depends on verified kgCO2e/kWh; wastewater recovery shows up to 1.2 tCO2e/year.,Energy Procurement & Renewables,Required network factor: kgCO2e/kWh delivered,Required network factor: kgCO2e/kWh delivered,,,2,,Single published figure stored as Value_Base.,,mass_or_carbon,kWh,Required network factor: kgCOe/kWh delivered,,published_display,,,"Restaurants, QSRs, Pubs/Bars/Breweries, Hotels, Contract Caterers, Experiential Leisure",None,,,,CEVID-0196,2,Avoided tCO2e = baseline heat emissions − network or solar-thermal emissions,Heat-network carbon depends on verified kgCO2e/kWh; wastewater recovery shows up to 1.2 tCO2e/year.,None,SG-INIT-0059,ALL_FOUR_SLOTS,DISPLAY_ONLY,display_only,ACTIVE,ACTIVE,PUBLIC,STANDARD,1.0,2026-08-18,Consolidate.xlsx,工作表1,60
CPF-0060,CARD-0238,Procure certified green gas or biomethane — Carbon abatement,carbon,Energy & Buildings,Carbon Factors,,Carbon abatement,,"SBTi does not recognise certificate-only Scope 1 cuts: 1,000 MWh represents 182 tCO2e but remains a reporting scenario.",Energy Procurement & Renewables,Current SBTi-recognised Scope 1 reduction: zero,Current SBTi-recognised Scope 1 reduction: zero,,,1,,Single published figure stored as Value_Base.,,,,Current SBTi recognised Scope reduction: zero,,published_display,,,"Restaurants, QSRs, Pubs/Bars/Breweries, Hotels, Contract Caterers, Experiential Leisure",None,,,,CEVID-0200,2,"Reported tonnes = 1,000 MWh × 0.18231 tCO2e/MWh = 182.31 tCO2e; cost = 1,000 × £5–£20 = £5,000–£20,000","SBTi does not recognise certificate-only Scope 1 cuts: 1,000 MWh represents 182 tCO2e but remains a reporting scenario.",None,SG-INIT-0060,ALL_FOUR_SLOTS,DISPLAY_ONLY,display_only,ACTIVE,ACTIVE,PUBLIC,STANDARD,1.0,2026-08-18,Consolidate.xlsx,工作表1,61
CPF-0061,CARD-0242,Certify sites to ISO 50001 energy management — Carbon abatement,carbon,Energy & Buildings,Carbon Factors,,Carbon abatement,,"Certification enables, but does not create, abatement; comparable programmes sustained c.4% annual savings for >10 years.",Energy Management,Certification-only abatement: zero,,,,,,Display text has no parseable number; numeric columns left blank.,,,,Certification only abatement: zero,,published_display,,,"Restaurants, QSRs, Pubs/Bars/Breweries, Hotels, Contract Caterers, Experiential Leisure",None,,,,CEVID-0206,1,"Enabled tCO2e = verified energy saving by fuel × applicable emission factor ÷ 1,000","Certification enables, but does not create, abatement; comparable programmes sustained c.4% annual savings for >10 years.",None,SG-INIT-0061,ALL_FOUR_SLOTS,DISPLAY_ONLY,display_only,ACTIVE,ACTIVE,PUBLIC,STANDARD,1.0,2026-08-18,Consolidate.xlsx,工作表1,62
CPF-0062,CARD-0246,Install power factor correction — Carbon abatement,carbon,Energy & Buildings,Carbon Factors,,Carbon abatement,,Carbon is limited to site cable and transformer losses; the only quantified estimate is c.105 kgCO2/year per unit.,Energy Management,Secondary carbon estimate: approximately 105 kgCO2/unit-year,Secondary carbon estimate: approximately 105 kgCO2/unit-year,,,105,,Single published figure stored as Value_Base.,,,unit,Secondary carbon estimate: approximately kgCO/unit year,,published_display,year,,"Restaurants, QSRs, Pubs/Bars/Breweries, Hotels, Contract Caterers, Experiential Leisure",None,,,,CEVID-0210,2,Avoided kgCO2e = measured reduction in member-side loss kWh × grid factor,Carbon is limited to site cable and transformer losses; the only quantified estimate is c.105 kgCO2/year per unit.,None,SG-INIT-0062,ALL_FOUR_SLOTS,DISPLAY_ONLY,display_only,ACTIVE,ACTIVE,PUBLIC,STANDARD,1.0,2026-08-18,Consolidate.xlsx,工作表1,63
CPF-0063,CARD-0250,Build to BREEAM 'Very Good' or above — Carbon abatement,carbon,Energy & Buildings,Carbon Factors,,Carbon abatement,,Certification itself saves no carbon; one Whitbread design change avoided c.650 tCO2e of construction emissions.,Energy Management,Certification-only operational abatement: zero,,,,,,Display text has no parseable number; numeric columns left blank.,,,,Certification only operational abatement: zero,,published_display,,,"Restaurants, QSRs, Pubs/Bars/Breweries, Hotels, Contract Caterers, Experiential Leisure",None,,,,CEVID-0160,1,Project carbon saving = baseline design embodied tCO2e − selected design embodied tCO2e,Certification itself saves no carbon; one Whitbread design change avoided c.650 tCO2e of construction emissions.,None,SG-INIT-0063,ALL_FOUR_SLOTS,DISPLAY_ONLY,display_only,ACTIVE,ACTIVE,PUBLIC,STANDARD,1.0,2026-08-18,Consolidate.xlsx,工作表1,64
CPF-0064,CARD-0254,Allocate responsibility at Board level — Carbon abatement,carbon,Governance,Carbon Factors,,Carbon abatement,,Allocate responsibility at Board level creates 0 standalone tCO₂e; customer value comes from verified downstream reductions.,General,Indirect (Governance Enabler) – High,,,,,,Display text has no parseable number; numeric columns left blank.,,,,Indirect (Governance Enabler) High,,published_display,,,All,None,,,,CEVID-0214,1,Enabled abatement = Σ verified reductions from delivered actions triggered by the initiative; assign zero standalone tCO₂e to governance or reporting.,Allocate responsibility at Board level creates 0 standalone tCO₂e; customer value comes from verified downstream reductions.,None,SG-INIT-0064,ALL_FOUR_SLOTS,DISPLAY_ONLY,display_only,ACTIVE,ACTIVE,PUBLIC,STANDARD,1.0,2026-08-18,Consolidate.xlsx,工作表1,65
CPF-0065,CARD-0258,Appoint a sustainability lead or assign executive responsibility for sustainability — Carbon abatement,carbon,Governance,Carbon Factors,,Carbon abatement,,Appoint a sustainability lead or assign executive responsibility for creates 0 standalone tCO₂e; customer value comes from verified downstream reductions.,General,Indirect (Organisational Enabler) – High,,,,,,Display text has no parseable number; numeric columns left blank.,,,,Indirect (Organisational Enabler) High,,published_display,,,All,None,,,,CEVID-0215,2,Enabled abatement = Σ verified reductions from delivered actions triggered by the initiative; assign zero standalone tCO₂e to governance or reporting.,Appoint a sustainability lead or assign executive responsibility for creates 0 standalone tCO₂e; customer value comes from verified downstream reductions.,None,SG-INIT-0065,ALL_FOUR_SLOTS,DISPLAY_ONLY,display_only,ACTIVE,ACTIVE,PUBLIC,STANDARD,1.0,2026-08-18,Consolidate.xlsx,工作表1,66
CPF-0066,CARD-0262,Establish a Sustainability Committee — Carbon abatement,carbon,Governance,Carbon Factors,,Carbon abatement,,Establish a Sustainability Committee creates 0 standalone tCO₂e; customer value comes from verified downstream reductions.,General,Indirect (Governance Enabler) – High,,,,,,Display text has no parseable number; numeric columns left blank.,,,,Indirect (Governance Enabler) High,,published_display,,,All,None,,,,CEVID-0217,1,Enabled abatement = Σ verified reductions from delivered actions triggered by the initiative; assign zero standalone tCO₂e to governance or reporting.,Establish a Sustainability Committee creates 0 standalone tCO₂e; customer value comes from verified downstream reductions.,None,SG-INIT-0066,ALL_FOUR_SLOTS,DISPLAY_ONLY,display_only,ACTIVE,ACTIVE,PUBLIC,STANDARD,1.0,2026-08-18,Consolidate.xlsx,工作表1,67
CPF-0067,CARD-0266,Link executive remuneration to sustainability and climate performance — Carbon abatement,carbon,Governance,Carbon Factors,,Carbon abatement,,Link executive remuneration to sustainability and climate performance creates 0 standalone tCO₂e; customer value comes from verified downstream reductions.,General,Indirect (Leadership Enabler) – High,,,,,,Display text has no parseable number; numeric columns left blank.,,,,Indirect (Leadership Enabler) High,,published_display,,,All,None,,,,CEVID-0218,1,Enabled abatement = Σ verified reductions from delivered actions triggered by the initiative; assign zero standalone tCO₂e to governance or reporting.,Link executive remuneration to sustainability and climate performance creates 0 standalone tCO₂e; customer value comes from verified downstream reductions.,None,SG-INIT-0067,ALL_FOUR_SLOTS,DISPLAY_ONLY,display_only,ACTIVE,ACTIVE,PUBLIC,STANDARD,1.0,2026-08-18,Consolidate.xlsx,工作表1,68
CPF-0068,CARD-0270,Engage your shareholders around climate risks and opportunities — Carbon abatement,carbon,Governance,Carbon Factors,,Carbon abatement,,Engage your shareholders around climate risks and opportunities creates 0 standalone tCO₂e; customer value comes from verified downstream reductions.,General,Indirect (Stakeholder Enabler) – Medium–High,,,,,,Display text has no parseable number; numeric columns left blank.,,,,Indirect (Stakeholder Enabler) Medium High,,published_display,,,All,None,,,,CEVID-0219,1,Enabled abatement = Σ verified reductions from delivered actions triggered by the initiative; assign zero standalone tCO₂e to governance or reporting.,Engage your shareholders around climate risks and opportunities creates 0 standalone tCO₂e; customer value comes from verified downstream reductions.,None,SG-INIT-0068,ALL_FOUR_SLOTS,DISPLAY_ONLY,display_only,ACTIVE,ACTIVE,PUBLIC,STANDARD,1.0,2026-08-18,Consolidate.xlsx,工作表1,69
CPF-0069,CARD-0274,Regularly review sustainability performance at senior management and Board level. — Carbon abatement,carbon,Governance,Carbon Factors,,Carbon abatement,,Regularly review sustainability performance at senior management and creates 0 standalone tCO₂e; customer value comes from verified downstream reductions.,General,Indirect (Performance Enabler) – High,,,,,,Display text has no parseable number; numeric columns left blank.,,,,Indirect (Performance Enabler) High,,published_display,,,All,None,,,,CEVID-0220,1,Enabled abatement = Σ verified reductions from delivered actions triggered by the initiative; assign zero standalone tCO₂e to governance or reporting.,Regularly review sustainability performance at senior management and creates 0 standalone tCO₂e; customer value comes from verified downstream reductions.,None,SG-INIT-0069,ALL_FOUR_SLOTS,DISPLAY_ONLY,display_only,ACTIVE,ACTIVE,PUBLIC,STANDARD,1.0,2026-08-18,Consolidate.xlsx,工作表1,70
CPF-0070,CARD-0278,Develop a sustainability strategy informed by a double materiality assessment. — Carbon abatement,carbon,Governance,Carbon Factors,,Carbon abatement,,Develop a sustainability strategy informed by a double materiality creates 0 standalone tCO₂e; customer value comes from verified downstream reductions.,Strategy,Indirect – High strategic enabling potential,,,,,,Display text has no parseable number; numeric columns left blank.,,,,Indirect High strategic enabling potential,,published_display,,,All,None,,,,CEVID-0221,1,Enabled abatement = Σ verified reductions from delivered actions triggered by the initiative; assign zero standalone tCO₂e to governance or reporting.,Develop a sustainability strategy informed by a double materiality creates 0 standalone tCO₂e; customer value comes from verified downstream reductions.,None,SG-INIT-0070,ALL_FOUR_SLOTS,DISPLAY_ONLY,display_only,ACTIVE,ACTIVE,PUBLIC,STANDARD,1.0,2026-08-18,Consolidate.xlsx,工作表1,71
CPF-0071,CARD-0282,Calculate your baseline GHG footprint. — Carbon abatement,carbon,Governance,Carbon Factors,,Carbon abatement,,Calculate your baseline GHG footprint creates 0 standalone tCO₂e; customer value comes from verified downstream reductions.,Strategy,Indirect – High strategic enabling potential,,,,,,Display text has no parseable number; numeric columns left blank.,,,,Indirect High strategic enabling potential,,published_display,,,All,None,,,,CEVID-0222,1,Enabled abatement = Σ verified reductions from delivered actions triggered by the initiative; assign zero standalone tCO₂e to governance or reporting.,Calculate your baseline GHG footprint creates 0 standalone tCO₂e; customer value comes from verified downstream reductions.,None,SG-INIT-0071,ALL_FOUR_SLOTS,DISPLAY_ONLY,display_only,ACTIVE,ACTIVE,PUBLIC,STANDARD,1.0,2026-08-18,Consolidate.xlsx,工作表1,72
CPF-0072,CARD-0286,Use the TCFD framework to review and disclose your climate-related risks and opportunities. — Carbon abatement,carbon,Governance,Carbon Factors,,Carbon abatement,,Use the TCFD framework to review and disclose your climate-related risks creates 0 standalone tCO₂e; customer value comes from verified downstream reductions.,Strategy,Indirect – Medium–High strategic enabling potential,,,,,,Display text has no parseable number; numeric columns left blank.,,,,Indirect Medium High strategic enabling potential,,published_display,,,All,None,,,,CEVID-0223,1,Enabled abatement = Σ verified reductions from delivered actions triggered by the initiative; assign zero standalone tCO₂e to governance or reporting.,Use the TCFD framework to review and disclose your climate-related risks creates 0 standalone tCO₂e; customer value comes from verified downstream reductions.,None,SG-INIT-0072,ALL_FOUR_SLOTS,DISPLAY_ONLY,display_only,ACTIVE,ACTIVE,PUBLIC,STANDARD,1.0,2026-08-18,Consolidate.xlsx,工作表1,73
CPF-0073,CARD-0290,Develop a Net Zero Strategy. — Carbon abatement,carbon,Governance,Carbon Factors,,Carbon abatement,,Develop a Net Zero Strategy creates 0 standalone tCO₂e; customer value comes from verified downstream reductions.,Strategy,Indirect strategy – Very High enabling potential,,,,,,Display text has no parseable number; numeric columns left blank.,,,,Indirect strategy Very High enabling potential,,published_display,,,All,None,,,,CEVID-0224,1,Enabled abatement = Σ verified reductions from delivered actions triggered by the initiative; assign zero standalone tCO₂e to governance or reporting.,Develop a Net Zero Strategy creates 0 standalone tCO₂e; customer value comes from verified downstream reductions.,None,SG-INIT-0073,ALL_FOUR_SLOTS,DISPLAY_ONLY,display_only,ACTIVE,ACTIVE,PUBLIC,STANDARD,1.0,2026-08-18,Consolidate.xlsx,工作表1,74
CPF-0074,CARD-0294,Set a Net Zero target. — Carbon abatement,carbon,Governance,Carbon Factors,,Carbon abatement,,Set a Net Zero target creates 0 standalone tCO₂e; customer value comes from verified downstream reductions.,Strategy,Indirect target-setting – High enabling potential,,,,,,Display text has no parseable number; numeric columns left blank.,,,,Indirect target setting High enabling potential,,published_display,,,All,None,,,,CEVID-0225,1,Enabled abatement = Σ verified reductions from delivered actions triggered by the initiative; assign zero standalone tCO₂e to governance or reporting.,Set a Net Zero target creates 0 standalone tCO₂e; customer value comes from verified downstream reductions.,None,SG-INIT-0074,ALL_FOUR_SLOTS,DISPLAY_ONLY,display_only,ACTIVE,ACTIVE,PUBLIC,STANDARD,1.0,2026-08-18,Consolidate.xlsx,工作表1,75
CPF-0075,CARD-0298,Validate targets through SBTi. — Carbon abatement,carbon,Governance,Carbon Factors,,Carbon abatement,,Validate targets through SBTi creates 0 standalone tCO₂e; customer value comes from verified downstream reductions.,Strategy,but SBTi reports that 86% of surveyed companies experienced accelerated decarbonisation after,but SBTi reports that 86% of surveyed companies experienced accelerated decarbonisation after,,,86,,Single published figure stored as Value_Base.,,percent,,but SBTi reports that % of surveyed companies experienced accelerated decarbonisation after,,published_display,,,All,None,,,,CEVID-0226,1,Enabled abatement = Σ verified reductions from delivered actions triggered by the initiative; assign zero standalone tCO₂e to governance or reporting.,Validate targets through SBTi creates 0 standalone tCO₂e; customer value comes from verified downstream reductions.,None,SG-INIT-0075,ALL_FOUR_SLOTS,DISPLAY_ONLY,display_only,ACTIVE,ACTIVE,PUBLIC,STANDARD,1.0,2026-08-18,Consolidate.xlsx,工作表1,76
CPF-0076,CARD-0302,Integrate sustainability objectives and KPIs into business planning. — Carbon abatement,carbon,Governance,Carbon Factors,,Carbon abatement,,Integrate sustainability objectives and KPIs into business planning creates 0 standalone tCO₂e; customer value comes from verified downstream reductions.,Strategy,Indirect – High enabling potential,,,,,,Display text has no parseable number; numeric columns left blank.,,,,Indirect High enabling potential,,published_display,,,All,None,,,,CEVID-0218,1,Enabled abatement = Σ verified reductions from delivered actions triggered by the initiative; assign zero standalone tCO₂e to governance or reporting.,Integrate sustainability objectives and KPIs into business planning creates 0 standalone tCO₂e; customer value comes from verified downstream reductions.,None,SG-INIT-0076,ALL_FOUR_SLOTS,DISPLAY_ONLY,display_only,ACTIVE,ACTIVE,PUBLIC,STANDARD,1.0,2026-08-18,Consolidate.xlsx,工作表1,77
CPF-0077,CARD-0306,Develop a long-term decarbonisation funding plan. — Carbon abatement,carbon,Governance,Carbon Factors,,Carbon abatement,,Develop a long-term decarbonisation funding plan creates 0 standalone tCO₂e; customer value comes from verified downstream reductions.,Strategy,Indirect – High financial enabling potential,,,,,,Display text has no parseable number; numeric columns left blank.,,,,Indirect High financial enabling potential,,published_display,,,All,None,,,,CEVID-0227,1,Enabled abatement = Σ verified reductions from delivered actions triggered by the initiative; assign zero standalone tCO₂e to governance or reporting.,Develop a long-term decarbonisation funding plan creates 0 standalone tCO₂e; customer value comes from verified downstream reductions.,None,SG-INIT-0077,ALL_FOUR_SLOTS,DISPLAY_ONLY,display_only,ACTIVE,ACTIVE,PUBLIC,STANDARD,1.0,2026-08-18,Consolidate.xlsx,工作表1,78
CPF-0078,CARD-0310,"Explore external grants, funding and incentives. — Carbon abatement",carbon,Governance,Carbon Factors,,Carbon abatement,,"Explore external grants, funding and incentives creates 0 standalone tCO₂e; customer value comes from verified downstream reductions.",Strategy,Indirect – High enabling potential,,,,,,Display text has no parseable number; numeric columns left blank.,,,,Indirect High enabling potential,,published_display,,,All,None,,,,CEVID-0228,1,Enabled abatement = Σ verified reductions from delivered actions triggered by the initiative; assign zero standalone tCO₂e to governance or reporting.,"Explore external grants, funding and incentives creates 0 standalone tCO₂e; customer value comes from verified downstream reductions.",None,SG-INIT-0078,ALL_FOUR_SLOTS,DISPLAY_ONLY,display_only,ACTIVE,ACTIVE,PUBLIC,STANDARD,1.0,2026-08-18,Consolidate.xlsx,工作表1,79
CPF-0079,CARD-0314,Develop a carbon removals strategy and quality criteria. — Carbon abatement,carbon,Governance,Carbon Factors,,Carbon abatement,,Develop a carbon removals strategy and quality criteria has 0 generic carbon factor; calculate tCO₂e from verified client activity and lifecycle data.,Strategy,Residual emissions – Medium,,,,,,Display text has no parseable number; numeric columns left blank.,,,,Residual emissions Medium,,published_display,,,All,None,,,,CEVID-0229,1,Verified removal = monitored tonnes stored × permanence and leakage adjustments; report projected and achieved tonnes separately.,Develop a carbon removals strategy and quality criteria has 0 generic carbon factor; calculate tCO₂e from verified client activity and lifecycle data.,None,SG-INIT-0079,ALL_FOUR_SLOTS,DISPLAY_ONLY,display_only,ACTIVE,ACTIVE,PUBLIC,STANDARD,1.0,2026-08-18,Consolidate.xlsx,工作表1,80
CPF-0080,CARD-0318,Involve your guests in sustainability initiatives- offer discounts for opting out of daily cleaning of the room-- ask them to give feedback on your activities — Carbon abatement,carbon,Governance,Carbon Factors,,Carbon abatement,,Involve your guests in sustainability initiatives- offer has 0 generic carbon factor; calculate tCO₂e from verified client activity and lifecycle data.,Strategy,Reduced laundry and housekeeping can directly reduce water and energy consumption and associated,,,,,,Display text has no parseable number; numeric columns left blank.,,,,Reduced laundry and housekeeping can directly reduce water and energy consumption and associated,,published_display,,,All,None,,,,CEVID-0230,2,Enabled abatement = Σ verified reductions from delivered actions triggered by the initiative; assign zero standalone tCO₂e to governance or reporting.,Involve your guests in sustainability initiatives- offer has 0 generic carbon factor; calculate tCO₂e from verified client activity and lifecycle data.,None,SG-INIT-0080,ALL_FOUR_SLOTS,DISPLAY_ONLY,display_only,ACTIVE,ACTIVE,PUBLIC,STANDARD,1.0,2026-08-18,Consolidate.xlsx,工作表1,81
CPF-0081,CARD-0322,"Provide sustainability training for your leadership team, operations and functional central support teams. — Carbon abatement",carbon,Governance,Carbon Factors,,Carbon abatement,,"Provide sustainability training for your leadership team, operations and creates 0 standalone tCO₂e; customer value comes from verified downstream reductions.",Staff,Indirect – High capability-enabling potential,,,,,,Display text has no parseable number; numeric columns left blank.,,,,Indirect High capability enabling potential,,published_display,,,All,None,,,,CEVID-0232,2,Enabled abatement = Σ verified reductions from delivered actions triggered by the initiative; assign zero standalone tCO₂e to governance or reporting.,"Provide sustainability training for your leadership team, operations and creates 0 standalone tCO₂e; customer value comes from verified downstream reductions.",None,SG-INIT-0081,ALL_FOUR_SLOTS,DISPLAY_ONLY,display_only,ACTIVE,ACTIVE,PUBLIC,STANDARD,1.0,2026-08-18,Consolidate.xlsx,工作表1,82
CPF-0082,CARD-0326,Offer a sustainable pension to employees (Ideally make it the default choice) — Carbon abatement,carbon,Governance,Carbon Factors,,Carbon abatement,,Offer a sustainable pension to employees creates 0 standalone tCO₂e; customer value comes from verified downstream reductions.,Staff,Indirect / Financed Emissions – Medium–High,,,,,,Display text has no parseable number; numeric columns left blank.,,,Financed,Indirect / Financed Emissions Medium High,,published_display,,,All,None,,,,CEVID-0234,2,Enabled abatement = Σ verified reductions from delivered actions triggered by the initiative; assign zero standalone tCO₂e to governance or reporting.,Offer a sustainable pension to employees creates 0 standalone tCO₂e; customer value comes from verified downstream reductions.,None,SG-INIT-0082,ALL_FOUR_SLOTS,DISPLAY_ONLY,display_only,ACTIVE,ACTIVE,PUBLIC,STANDARD,1.0,2026-08-18,Consolidate.xlsx,工作表1,83
CPF-0083,CARD-0330,Understand employee sustainability expectations and strengthen engagement — Carbon abatement,carbon,Governance,Carbon Factors,,Carbon abatement,,Understand employee sustainability expectations and strengthen creates 0 standalone tCO₂e; customer value comes from verified downstream reductions.,Staff,Indirect – Medium–High behavioural enabling potential,,,,,,Display text has no parseable number; numeric columns left blank.,,,,Indirect Medium High behavioural enabling potential,,published_display,,,All,None,,,,CEVID-0236,2,Enabled abatement = Σ verified reductions from delivered actions triggered by the initiative; assign zero standalone tCO₂e to governance or reporting.,Understand employee sustainability expectations and strengthen creates 0 standalone tCO₂e; customer value comes from verified downstream reductions.,None,SG-INIT-0083,ALL_FOUR_SLOTS,DISPLAY_ONLY,display_only,ACTIVE,ACTIVE,PUBLIC,STANDARD,1.0,2026-08-18,Consolidate.xlsx,工作表1,84
CPF-0084,CARD-0334,Embed sustainability into employee roles and responsibilities — Carbon abatement,carbon,Governance,Carbon Factors,,Carbon abatement,,Embed sustainability into employee roles and responsibilities creates 0 standalone tCO₂e; customer value comes from verified downstream reductions.,Staff,Indirect – High behavioural/implementation enabling potential,,,,,,Display text has no parseable number; numeric columns left blank.,,,implementation,Indirect High behavioural/implementation enabling potential,,published_display,,,All,None,,,,CEVID-0238,2,Enabled abatement = Σ verified reductions from delivered actions triggered by the initiative; assign zero standalone tCO₂e to governance or reporting.,Embed sustainability into employee roles and responsibilities creates 0 standalone tCO₂e; customer value comes from verified downstream reductions.,None,SG-INIT-0084,ALL_FOUR_SLOTS,DISPLAY_ONLY,display_only,ACTIVE,ACTIVE,PUBLIC,STANDARD,1.0,2026-08-18,Consolidate.xlsx,工作表1,85
CPF-0085,CARD-0338,Recognizing and rewarding employees for their contributions to sustainability efforts can boost morale and motivation — Carbon abatement,carbon,Governance,Carbon Factors,,Carbon abatement,,Recognizing and rewarding employees for their contributions to creates 0 standalone tCO₂e; customer value comes from verified downstream reductions.,Staff,Indirect – Medium–High behavioural enabling potential,,,,,,Display text has no parseable number; numeric columns left blank.,,,,Indirect Medium High behavioural enabling potential,,published_display,,,All,None,,,,CEVID-0240,2,Enabled abatement = Σ verified reductions from delivered actions triggered by the initiative; assign zero standalone tCO₂e to governance or reporting.,Recognizing and rewarding employees for their contributions to creates 0 standalone tCO₂e; customer value comes from verified downstream reductions.,None,SG-INIT-0085,ALL_FOUR_SLOTS,DISPLAY_ONLY,display_only,ACTIVE,ACTIVE,PUBLIC,STANDARD,1.0,2026-08-18,Consolidate.xlsx,工作表1,86
CPF-0086,CARD-0342,Develop and maintain a Climate Transition Plan. — Carbon abatement,carbon,Governance,Carbon Factors,,Carbon abatement,,Develop and maintain a Climate Transition Plan creates 0 standalone tCO₂e; customer value comes from verified downstream reductions.,Regulation,However,,,,,,Display text has no parseable number; numeric columns left blank.,,,,However,,published_display,,,All,None,,,,CEVID-0242,2,Enabled abatement = Σ verified reductions from delivered actions triggered by the initiative; assign zero standalone tCO₂e to governance or reporting.,Develop and maintain a Climate Transition Plan creates 0 standalone tCO₂e; customer value comes from verified downstream reductions.,None,SG-INIT-0086,ALL_FOUR_SLOTS,DISPLAY_ONLY,display_only,ACTIVE,ACTIVE,PUBLIC,STANDARD,1.0,2026-08-18,Consolidate.xlsx,工作表1,87
CPF-0087,CARD-0346,"Disclose climate-related information using recognised reporting frameworks (e.g. UK SRS, IFRS S2 and TCFD). — Carbon abatement",carbon,Governance,Carbon Factors,,Carbon abatement,,Disclose climate-related information using recognised reporting frameworks creates 0 standalone tCO₂e; customer value comes from verified downstream reductions.,Regulation,0 standalone tCO₂e,0 standalone tCO₂e,,,0,,Single published figure stored as Value_Base.,,mass_or_carbon,,standalone tCO₂e,,published_display,,,All,None,,,,CEVID-0244,1,Enabled abatement = Σ verified reductions from actions disclosed and governed through the framework; credit zero abatement to disclosure alone.,Disclose climate-related information using recognised reporting frameworks creates 0 standalone tCO₂e; customer value comes from verified downstream reductions.,None,SG-INIT-0087,ALL_FOUR_SLOTS,DISPLAY_ONLY,display_only,ACTIVE,ACTIVE,PUBLIC,STANDARD,1.0,2026-08-18,Consolidate.xlsx,工作表1,88
CPF-0088,CARD-0350,"Ensure compliance with applicable environmental legislation and reporting requirements (e.g. SECR, ESOS, Simpler Recycling, EPR and the Green Claims Code, where applicable). — Carbon abatement",carbon,Governance,Carbon Factors,,Carbon abatement,,Environmental compliance creates 0 standalone tCO₂e; value comes from verified corrective actions and downstream reductions.,Regulation,0 standalone tCO₂e,0 standalone tCO₂e,,,0,,Single published figure stored as Value_Base.,,mass_or_carbon,,standalone tCO₂e,,published_display,,,All,None,,,,CEVID-0245,1,Verified abatement = Σ measured reductions from corrective actions; assign zero carbon benefit to the register itself.,Environmental compliance creates 0 standalone tCO₂e; value comes from verified corrective actions and downstream reductions.,None,SG-INIT-0088,ALL_FOUR_SLOTS,DISPLAY_ONLY,display_only,ACTIVE,ACTIVE,PUBLIC,STANDARD,1.0,2026-08-18,Consolidate.xlsx,工作表1,89
CPF-0089,CARD-0354,Implement an Environmental Management System (e.g. ISO 14001). — Carbon abatement,carbon,Governance,Carbon Factors,,Carbon abatement,,Implement an Environmental Management System creates 0 standalone tCO₂e; customer value comes from verified downstream reductions.,Regulation,0 standalone tCO₂e,0 standalone tCO₂e,,,0,,Single published figure stored as Value_Base.,,mass_or_carbon,,standalone tCO₂e,,published_display,,,All,None,,,,CEVID-0246,1,Enabled abatement = Σ verified reductions from EMS objectives and action plans; credit zero abatement to certification alone.,Implement an Environmental Management System creates 0 standalone tCO₂e; customer value comes from verified downstream reductions.,None,SG-INIT-0089,ALL_FOUR_SLOTS,DISPLAY_ONLY,display_only,ACTIVE,ACTIVE,PUBLIC,STANDARD,1.0,2026-08-18,Consolidate.xlsx,工作表1,90
CPF-0090,CARD-0358,"Pursue recognised sustainability certifications and voluntary commitments (e.g. Green Key, Green Tourism, B Corp, Race to Zero or The Climate Pledge) — Carbon abatement",carbon,Governance,Carbon Factors,,Carbon abatement,,Pursue recognised sustainability certifications and voluntary commitments creates 0 standalone tCO₂e; customer value comes from verified downstream reductions.,Regulation,0 standalone tCO₂e,0 standalone tCO₂e,,,0,,Single published figure stored as Value_Base.,,mass_or_carbon,,standalone tCO₂e,,published_display,,,All,None,,,,CEVID-0247,1,Verified abatement = Σ measured reductions from certified-site actions; assign zero abatement to the certificate itself.,Pursue recognised sustainability certifications and voluntary commitments creates 0 standalone tCO₂e; customer value comes from verified downstream reductions.,None,SG-INIT-0090,ALL_FOUR_SLOTS,DISPLAY_ONLY,display_only,ACTIVE,ACTIVE,PUBLIC,STANDARD,1.0,2026-08-18,Consolidate.xlsx,工作表1,91
CPF-0091,CARD-0362,Establish a Management Information System to Track Sustainability KPIs Monthly — Carbon abatement,carbon,Governance,Carbon Factors,,Carbon abatement,,Establish a Management Information System to Track Sustainability KPIs Monthly creates 0 standalone tCO₂e; customer value comes from verified downstream reductions.,Regulation,0 standalone tCO₂e,0 standalone tCO₂e,,,0,,Single published figure stored as Value_Base.,,mass_or_carbon,,standalone tCO₂e,,published_display,,,All,None,,,,CEVID-0222,1,Enabled abatement = Σ verified corrective-action reductions; assign zero abatement to reporting alone and track monthly actual tCO₂e versus plan.,Establish a Management Information System to Track Sustainability KPIs Monthly creates 0 standalone tCO₂e; customer value comes from verified downstream reductions.,None,SG-INIT-0091,ALL_FOUR_SLOTS,DISPLAY_ONLY,display_only,ACTIVE,ACTIVE,PUBLIC,STANDARD,1.0,2026-08-18,Consolidate.xlsx,工作表1,92
CPF-0092,CARD-0366,Reduce the volume and impact of packaging materials used. — Carbon abatement,carbon,Supply Chain,Carbon Factors,,Carbon abatement,,"Reduce the volume and impact of packaging materials used changes customer emissions: Nestlé reported that reducing total packaging weight by 200,000 tonnes; contributed to a 280,000.",Packaging,"Nestlé reported that reducing total packaging weight by 200,000 tonnes; contributed to a 280,000","Nestlé reported that reducing total packaging weight by 200,000 tonnes; contributed to a 280,000",,,200000,,Single published figure stored as Value_Base.,,,,Nestlé reported that reducing total packaging weight by tonnes; contributed to a,,published_display,,,All,None,,,,CEVID-0249,1,"Avoided tCO₂e = (baseline material or activity × baseline factor − new activity × new factor) ÷ 1,000.","Reduce the volume and impact of packaging materials used changes customer emissions: Nestlé reported that reducing total packaging weight by 200,000 tonnes; contributed to a 280,000.",None,SG-INIT-0092,ALL_FOUR_SLOTS,DISPLAY_ONLY,display_only,ACTIVE,ACTIVE,PUBLIC,STANDARD,1.0,2026-08-18,Consolidate.xlsx,工作表1,93
CPF-0093,CARD-0370,Collaborate with suppliers to reduce packaging impacts across the supply chain — Carbon abatement,carbon,Supply Chain,Carbon Factors,,Carbon abatement,,Collaborate with suppliers to reduce packaging impacts has 0 generic carbon factor; calculate tCO₂e from verified client activity and lifecycle data.,Packaging,As an industry benchmark,,,,,,Display text has no parseable number; numeric columns left blank.,,,,As an industry benchmark,,published_display,,,All,None,,,,CEVID-0250,1,"Avoided tCO₂e = (baseline material or activity × baseline factor − new activity × new factor) ÷ 1,000.",Collaborate with suppliers to reduce packaging impacts has 0 generic carbon factor; calculate tCO₂e from verified client activity and lifecycle data.,None,SG-INIT-0093,ALL_FOUR_SLOTS,DISPLAY_ONLY,display_only,ACTIVE,ACTIVE,PUBLIC,STANDARD,1.0,2026-08-18,Consolidate.xlsx,工作表1,94
CPF-0094,CARD-0374,Use dispense or refill systems for drinks rather than single-use packaging — Carbon abatement,carbon,Supply Chain,Carbon Factors,,Carbon abatement,,Use dispense or refill systems for drinks rather than changes customer emissions: Approximately 0.31–2.47 tCO₂e/year avoided versus single-use plastic; or 2.92–23.37 tCO₂e/year.,Packaging,Approximately 0.31–2.47 tCO₂e/year avoided versus single-use plastic; or 2.92–23.37 tCO₂e/year,Approximately 0.31–2.47 tCO₂e/year avoided versus single-use plastic; or 2.92–23.37 tCO₂e/year,,0.31,,2.47,Range taken from the published display string. Value_Base left blank (no midpoint invented).,,mass_or_carbon,year,Approximately tCO₂e/year avoided versus single use plastic; or tCO₂e/year,annual,published_display,annual,,"All – particularly relevant for hotels, pubs, bars, restaurants, contract caterers and event venues",None,,,,CEVID-0251,1,"Avoided tCO₂e = (baseline material or activity × baseline factor − new activity × new factor) ÷ 1,000.",Use dispense or refill systems for drinks rather than changes customer emissions: Approximately 0.31–2.47 tCO₂e/year avoided versus single-use plastic; or 2.92–23.37 tCO₂e/year.,None,SG-INIT-0094,ALL_FOUR_SLOTS,DISPLAY_ONLY,display_only,ACTIVE,ACTIVE,PUBLIC,STANDARD,1.0,2026-08-18,Consolidate.xlsx,工作表1,95
CPF-0095,CARD-0378,Undertake life cycle assessment (LCA) of packaging to understand its full environmental impact — Carbon abatement,carbon,Supply Chain,Carbon Factors,,Carbon abatement,,Undertake life cycle assessment (LCA) of packaging to understand its creates 0 standalone tCO₂e; customer value comes from verified downstream reductions.,Packaging,the redesigned packaging achieved a 27% reduction in CO₂ emissions compared with the previous,the redesigned packaging achieved a 27% reduction in CO₂ emissions compared with the previous,,,27,,Single published figure stored as Value_Base.,,percent,,the redesigned packaging achieved a % reduction in CO₂ emissions compared with the previous,,published_display,,,All,None,,,,CEVID-0252,1,"Avoided tCO₂e = (baseline material or activity × baseline factor − new activity × new factor) ÷ 1,000.",Undertake life cycle assessment (LCA) of packaging to understand its creates 0 standalone tCO₂e; customer value comes from verified downstream reductions.,None,SG-INIT-0095,ALL_FOUR_SLOTS,DISPLAY_ONLY,display_only,ACTIVE,ACTIVE,PUBLIC,STANDARD,1.0,2026-08-18,Consolidate.xlsx,工作表1,96
CPF-0096,CARD-0382,Eliminate single-use plastic items from operations — Carbon abatement,carbon,Supply Chain,Carbon Factors,,Carbon abatement,,"Eliminate single-use plastic items from operations changes customer emissions: Reusable takeaway packaging scenarios produced reductions ranging from 13% to 75%, depending on.",Packaging,"Reusable takeaway packaging scenarios produced reductions ranging from 13% to 75%, depending on","Reusable takeaway packaging scenarios produced reductions ranging from 13% to 75%, depending on",,,13,,Single published figure stored as Value_Base.,,percent,,Reusable takeaway packaging scenarios produced reductions ranging from % to % depending on,,published_display,,,All – guest amenities particularly relevant for hotels and other accommodation providers,None,,,,CEVID-0253,1,"Avoided tCO₂e = (baseline material or activity × baseline factor − new activity × new factor) ÷ 1,000.","Eliminate single-use plastic items from operations changes customer emissions: Reusable takeaway packaging scenarios produced reductions ranging from 13% to 75%, depending on.",None,SG-INIT-0096,ALL_FOUR_SLOTS,DISPLAY_ONLY,display_only,ACTIVE,ACTIVE,PUBLIC,STANDARD,1.0,2026-08-18,Consolidate.xlsx,工作表1,97
CPF-0097,CARD-0386,Increase recycled content in packaging materials — Carbon abatement,carbon,Supply Chain,Carbon Factors,,Carbon abatement,,"Increase recycled content in packaging materials changes customer emissions: Therefore, increasing recycled content from 0% to 30% could reduce packaging lifecycle emissions.",Packaging,"Therefore, increasing recycled content from 0% to 30% could reduce packaging lifecycle emissions","Therefore, increasing recycled content from 0% to 30% could reduce packaging lifecycle emissions",,,0,,Single published figure stored as Value_Base.,,percent,,Therefore increasing recycled content from % to % could reduce packaging lifecycle emissions,,published_display,,,"All – particularly relevant for breweries, pubs/bars and businesses using high volumes of packaged products",None,,,,CEVID-0254,1,"Avoided tCO₂e = (baseline material or activity × baseline factor − new activity × new factor) ÷ 1,000.","Increase recycled content in packaging materials changes customer emissions: Therefore, increasing recycled content from 0% to 30% could reduce packaging lifecycle emissions.",None,SG-INIT-0097,ALL_FOUR_SLOTS,DISPLAY_ONLY,display_only,ACTIVE,ACTIVE,PUBLIC,STANDARD,1.0,2026-08-18,Consolidate.xlsx,工作表1,98
CPF-0098,CARD-0390,Evaluate equipment purchases based on full life-cycle cost and environmental impact — Carbon abatement,carbon,Supply Chain,Carbon Factors,,Carbon abatement,,Evaluate equipment purchases based on full life-cycle cost has 0 generic carbon factor; calculate tCO₂e from verified client activity and lifecycle data.,Capital Goods,Potentially significant for energy-intensive equipment,,,,,,Display text has no parseable number; numeric columns left blank.,,,,Potentially significant for energy intensive equipment,,published_display,,,"All – particularly relevant for hotels, contract caterers, restaurants and other equipment-intensive operations",None,,,,CEVID-0255,1,"Avoided tCO₂e = Σ[(baseline energy/material use − post-change use) × lifecycle factor] ÷ 1,000.",Evaluate equipment purchases based on full life-cycle cost has 0 generic carbon factor; calculate tCO₂e from verified client activity and lifecycle data.,None,SG-INIT-0098,ALL_FOUR_SLOTS,DISPLAY_ONLY,display_only,ACTIVE,ACTIVE,PUBLIC,STANDARD,1.0,2026-08-18,Consolidate.xlsx,工作表1,99
CPF-0099,CARD-0394,Shift from equipment ownership to service or leasing models — Carbon abatement,carbon,Supply Chain,Carbon Factors,,Carbon abatement,,Shift from equipment ownership to service or leasing changes customer emissions: the LED system installed through Light as a Service reduced electricity consumption by 50%.,Capital Goods,the LED system installed through Light as a Service reduced electricity consumption by 50%,the LED system installed through Light as a Service reduced electricity consumption by 50%,,,50,,Single published figure stored as Value_Base.,,percent,,the LED system installed through Light as a Service reduced electricity consumption by %,,published_display,,,"All – particularly relevant for equipment-intensive operations such as hotels, contract caterers and breweries",None,,,,CEVID-0256,1,"Avoided tCO₂e = Σ[(baseline energy/material use − post-change use) × lifecycle factor] ÷ 1,000.",Shift from equipment ownership to service or leasing changes customer emissions: the LED system installed through Light as a Service reduced electricity consumption by 50%.,None,SG-INIT-0099,ALL_FOUR_SLOTS,DISPLAY_ONLY,display_only,ACTIVE,ACTIVE,PUBLIC,STANDARD,1.0,2026-08-18,Consolidate.xlsx,工作表1,100
CPF-0100,CARD-0398,"Prioritise reused, refurbished and responsibly sourced furniture and fittings — Carbon abatement",carbon,Supply Chain,Carbon Factors,,Carbon abatement,,"Prioritise reused, refurbished and responsibly sourced changes customer emissions: More than 7,100 tCO₂e was avoided through the reuse/refurbishment of more than 125,000 furniture.",Capital Goods,"More than 7,100 tCO₂e was avoided through the reuse/refurbishment of more than 125,000 furniture","More than 7,100 tCO₂e was avoided through the reuse/refurbishment of more than 125,000 furniture",,,7100,,Single published figure stored as Value_Base.,,mass_or_carbon,refurbishment,More than tCO₂e was avoided through the reuse/refurbishment of more than furniture,,published_display,,,"All – particularly relevant for hotels, restaurants, pubs/bars and other businesses undertaking refurbishments or fit-outs",None,,,,CEVID-0257,1,"Avoided tCO₂e = Σ[(baseline energy/material use − post-change use) × lifecycle factor] ÷ 1,000.","Prioritise reused, refurbished and responsibly sourced changes customer emissions: More than 7,100 tCO₂e was avoided through the reuse/refurbishment of more than 125,000 furniture.",None,SG-INIT-0100,ALL_FOUR_SLOTS,DISPLAY_ONLY,display_only,ACTIVE,ACTIVE,PUBLIC,STANDARD,1.0,2026-08-18,Consolidate.xlsx,工作表1,101
CPF-0101,CARD-0402,"Extend equipment life and manage WEEE through repair, refurbishment, reuse and responsible recycling — Carbon abatement",carbon,Supply Chain,Carbon Factors,,Carbon abatement,,Extend equipment life and manage WEEE through repair changes customer emissions: Approximately 44% lower carbon emissions for refurbished/remanufactured ICT devices compared.,Capital Goods,Approximately 44% lower carbon emissions for refurbished/remanufactured ICT devices compared,Approximately 44% lower carbon emissions for refurbished/remanufactured ICT devices compared,,,44,,Single published figure stored as Value_Base.,,percent,remanufactured,Approximately % lower carbon emissions for refurbished/remanufactured ICT devices compared,,published_display,,,"All – particularly relevant for equipment-intensive operations such as hotels, contract caterers, breweries and restaurants",None,,,,CEVID-0258,1,"Avoided tCO₂e = Σ[(baseline energy/material use − post-change use) × lifecycle factor] ÷ 1,000.",Extend equipment life and manage WEEE through repair changes customer emissions: Approximately 44% lower carbon emissions for refurbished/remanufactured ICT devices compared.,None,SG-INIT-0101,ALL_FOUR_SLOTS,DISPLAY_ONLY,display_only,ACTIVE,ACTIVE,PUBLIC,STANDARD,1.0,2026-08-18,Consolidate.xlsx,工作表1,102
CPF-0102,CARD-0406,Set responsible sourcing standards for packaging procurement — Carbon abatement,carbon,Supply Chain,Carbon Factors,,Carbon abatement,,Set responsible sourcing standards for packaging has 0 generic carbon factor; calculate tCO₂e from verified client activity and lifecycle data.,Procurement,Packaging-specific; no single carbon-abatement factor should be applied,,,,,,Display text has no parseable number; numeric columns left blank.,,,,Packaging specific; no single carbon abatement factor should be applied,,published_display,,,All,None,,,,CEVID-0259,1,"Avoided tCO₂e = (baseline material or activity × baseline factor − new activity × new factor) ÷ 1,000.",Set responsible sourcing standards for packaging has 0 generic carbon factor; calculate tCO₂e from verified client activity and lifecycle data.,None,SG-INIT-0102,ALL_FOUR_SLOTS,DISPLAY_ONLY,display_only,ACTIVE,ACTIVE,PUBLIC,STANDARD,1.0,2026-08-18,Consolidate.xlsx,工作表1,103
CPF-0103,CARD-0410,Procure lower-impact staff uniforms and operational textiles — Carbon abatement,carbon,Supply Chain,Carbon Factors,,Carbon abatement,,Procure lower-impact staff uniforms and operational textiles can reduce customer emissions: alongside more than 50% lower energy use.; In the Hilton London Metropole example.,procurement,alongside more than 50% lower energy use.; In the Hilton London Metropole example,alongside more than 50% lower energy use.; In the Hilton London Metropole example,,,50,,Single published figure stored as Value_Base.,,percent,,alongside more than % lower energy use.; In the Hilton London Metropole example,,published_display,,,"All – particularly relevant for hotels, restaurants, pubs/bars and contract caterers with high volumes of uniforms, linen and towels",None,,,,CEVID-0260,1,"Avoided tCO₂e = (baseline material or activity × baseline factor − new activity × new factor) ÷ 1,000.",Procure lower-impact staff uniforms and operational textiles can reduce customer emissions: alongside more than 50% lower energy use.; In the Hilton London Metropole example.,None,SG-INIT-0103,ALL_FOUR_SLOTS,DISPLAY_ONLY,display_only,ACTIVE,ACTIVE,PUBLIC,STANDARD,1.0,2026-08-18,Consolidate.xlsx,工作表1,104
CPF-0104,CARD-0414,Procure environmentally preferable cleaning products — Carbon abatement,carbon,Supply Chain,Carbon Factors,,Carbon abatement,,Procure environmentally preferable cleaning products has 0 generic carbon factor; calculate tCO₂e from verified client activity and lifecycle data.,procurement,Product-specific; no robust universal carbon-abatement factor should be applied,,,,,,Display text has no parseable number; numeric columns left blank.,,,,Product specific; no robust universal carbon abatement factor should be applied,,published_display,,,"All – particularly relevant for hotels, restaurants, pubs/bars, contract caterers and other operations with high cleaning-product use",None,,,,CEVID-0261,1,"Enabled abatement = Σ verified supplier or sourcing reductions delivered; assign zero standalone tCO₂e to measurement, policy or certification alone.",Procure environmentally preferable cleaning products has 0 generic carbon factor; calculate tCO₂e from verified client activity and lifecycle data.,None,SG-INIT-0104,ALL_FOUR_SLOTS,DISPLAY_ONLY,display_only,ACTIVE,ACTIVE,PUBLIC,STANDARD,1.0,2026-08-18,Consolidate.xlsx,工作表1,105
CPF-0105,CARD-0418,Reduce office paper use and office consumables — Carbon abatement,carbon,Supply Chain,Carbon Factors,,Carbon abatement,,Reduce office paper use and office consumables creates 0 standalone tCO₂e; customer value comes from verified downstream reductions.,procurement,Site-specific,,,,,,Display text has no parseable number; numeric columns left blank.,,,,Site specific,,published_display,,,All,None,,,,CEVID-0262,1,"Avoided tCO₂e = (baseline material or activity × baseline factor − new activity × new factor) ÷ 1,000.",Reduce office paper use and office consumables creates 0 standalone tCO₂e; customer value comes from verified downstream reductions.,None,SG-INIT-0105,ALL_FOUR_SLOTS,DISPLAY_ONLY,display_only,ACTIVE,ACTIVE,PUBLIC,STANDARD,1.0,2026-08-18,Consolidate.xlsx,工作表1,106
CPF-0106,CARD-0422,Measure and reduce emissions from purchased goods and services — Carbon abatement,carbon,Supply Chain,Carbon Factors,,Carbon abatement,,Measure and reduce emissions from purchased goods and services creates 0 standalone tCO₂e; customer value comes from verified downstream reductions.,procurement,Enabling initiative – carbon reduction depends on actions taken after identifying procurement,,,,,,Display text has no parseable number; numeric columns left blank.,,,,Enabling initiative carbon reduction depends on actions taken after identifying procurement,,published_display,,,All,None,,,,CEVID-0263,1,"Avoided tCO₂e = (baseline material or activity × baseline factor − new activity × new factor) ÷ 1,000.",Measure and reduce emissions from purchased goods and services creates 0 standalone tCO₂e; customer value comes from verified downstream reductions.,None,SG-INIT-0106,ALL_FOUR_SLOTS,DISPLAY_ONLY,display_only,ACTIVE,ACTIVE,PUBLIC,STANDARD,1.0,2026-08-18,Consolidate.xlsx,工作表1,107
CPF-0107,CARD-0426,Adopt recognised certifications for key categories — Carbon abatement,carbon,F&B Procurement & Menu design,Carbon Factors,,Carbon abatement,,Adopt recognised certifications for key categories creates 0 standalone tCO₂e; customer value comes from verified downstream reductions.,Procurement,Not directly quantifiable as a generic tCO2e saving,Not directly quantifiable as a generic tCO2e saving,,,2,,Single published figure stored as Value_Base.,,mass_or_carbon,,Not directly quantifiable as a generic tCOe saving,,published_display,,,All,None,,,,CEVID-0264,1,"Enabled abatement = Σ verified supplier or sourcing reductions delivered; assign zero standalone tCO₂e to measurement, policy or certification alone.",Adopt recognised certifications for key categories creates 0 standalone tCO₂e; customer value comes from verified downstream reductions.,None,SG-INIT-0107,ALL_FOUR_SLOTS,DISPLAY_ONLY,display_only,ACTIVE,ACTIVE,PUBLIC,STANDARD,1.0,2026-08-18,Consolidate.xlsx,工作表1,108
CPF-0108,CARD-0430,Set targets to increase local/regional and seasonal sourcing to reduce transport emissions and support UK producers — Carbon abatement,carbon,F&B Procurement & Menu design,Carbon Factors,,Carbon abatement,,Set targets to increase local/regional and seasonal has 0 generic carbon factor; calculate tCO₂e from verified client activity and lifecycle data.,Procurement,"Potentially positive, especially when air freight is avoided",,,,0,,Single published figure stored as Value_Base.,,,,Potentially positive especially when air freight is avoided,,published_display,,,All,None,,,,CEVID-0265,1,"Enabled abatement = Σ verified supplier or sourcing reductions delivered; assign zero standalone tCO₂e to measurement, policy or certification alone.",Set targets to increase local/regional and seasonal has 0 generic carbon factor; calculate tCO₂e from verified client activity and lifecycle data.,None,SG-INIT-0108,ALL_FOUR_SLOTS,DISPLAY_ONLY,display_only,ACTIVE,ACTIVE,PUBLIC,STANDARD,1.0,2026-08-18,Consolidate.xlsx,工作表1,109
CPF-0109,CARD-0434,Pilot new sourcing models with innovative/smaller suppliers to diversify supply and de-risk from commodity volatility — Carbon abatement,carbon,F&B Procurement & Menu design,Carbon Factors,,Carbon abatement,,Pilot new sourcing models with innovative/smaller suppliers to diversify creates 0 standalone tCO₂e; customer value comes from verified downstream reductions.,Procurement,Not inherently a carbon-abatement initiative,,,,,,Display text has no parseable number; numeric columns left blank.,,,,Not inherently a carbon abatement initiative,,published_display,,,All,None,,,,CEVID-0266,1,"Enabled abatement = Σ verified supplier or sourcing reductions delivered; assign zero standalone tCO₂e to measurement, policy or certification alone.",Pilot new sourcing models with innovative/smaller suppliers to diversify creates 0 standalone tCO₂e; customer value comes from verified downstream reductions.,None,SG-INIT-0109,ALL_FOUR_SLOTS,DISPLAY_ONLY,display_only,ACTIVE,ACTIVE,PUBLIC,STANDARD,1.0,2026-08-18,Consolidate.xlsx,工作表1,110
CPF-0110,CARD-0438,Proportion of plant-based dishes on the menu — Carbon abatement,carbon,F&B Procurement & Menu design,Carbon Factors,,Carbon abatement,,Proportion of plant-based dishes on the menu has 0 generic carbon factor; calculate tCO₂e from verified client activity and lifecycle data.,Menu Design,High potential where plant-rich dishes displace emissions-intensive animal proteins,,,,,,Display text has no parseable number; numeric columns left blank.,,,,High potential where plant rich dishes displace emissions intensive animal proteins,,published_display,,,All,None,,,,CEVID-0267,1,"Avoided tCO₂e = annual servings or volume switched × (baseline kgCO₂e/unit − new kgCO₂e/unit) ÷ 1,000.",Proportion of plant-based dishes on the menu has 0 generic carbon factor; calculate tCO₂e from verified client activity and lifecycle data.,None,SG-INIT-0110,ALL_FOUR_SLOTS,DISPLAY_ONLY,display_only,ACTIVE,ACTIVE,PUBLIC,STANDARD,1.0,2026-08-18,Consolidate.xlsx,工作表1,111
CPF-0111,CARD-0442,Procure items sourced from ingredients grown using regenerative practices — Carbon abatement,carbon,F&B Procurement & Menu design,Carbon Factors,,Carbon abatement,,Procure items sourced from ingredients grown using regenerative creates 0 standalone tCO₂e; customer value comes from verified downstream reductions.,Menu Design,The company does not publish a verified tCO2e saving for the bun sourcing change,The company does not publish a verified tCO2e saving for the bun sourcing change,,,2,,Single published figure stored as Value_Base.,,mass_or_carbon,,The company does not publish a verified tCOe saving for the bun sourcing change,,published_display,,,All,None,,,,CEVID-0268,1,"Avoided tCO₂e = annual servings or volume switched × (baseline kgCO₂e/unit − new kgCO₂e/unit) ÷ 1,000.",Procure items sourced from ingredients grown using regenerative creates 0 standalone tCO₂e; customer value comes from verified downstream reductions.,None,SG-INIT-0111,ALL_FOUR_SLOTS,DISPLAY_ONLY,display_only,ACTIVE,ACTIVE,PUBLIC,STANDARD,1.0,2026-08-18,Consolidate.xlsx,工作表1,112
CPF-0112,CARD-0446,Design the menu to highlight and nudge customers toward lower-carbon choices — Carbon abatement,carbon,F&B Procurement & Menu design,Carbon Factors,,Carbon abatement,,Design the menu to highlight and nudge customers toward lower-carbon creates 0 standalone tCO₂e; customer value comes from verified downstream reductions.,Menu Design,Indirect but potentially material,,,,,,Display text has no parseable number; numeric columns left blank.,,,,Indirect but potentially material,,published_display,,,All,None,,,,CEVID-0269,1,"Avoided tCO₂e = annual servings or volume switched × (baseline kgCO₂e/unit − new kgCO₂e/unit) ÷ 1,000.",Design the menu to highlight and nudge customers toward lower-carbon creates 0 standalone tCO₂e; customer value comes from verified downstream reductions.,None,SG-INIT-0112,ALL_FOUR_SLOTS,DISPLAY_ONLY,display_only,ACTIVE,ACTIVE,PUBLIC,STANDARD,1.0,2026-08-18,Consolidate.xlsx,工作表1,113
CPF-0113,CARD-0450,Swap high-impact ingredients for lower-impact equivalents where they don't compromise the dish — Carbon abatement,carbon,F&B Procurement & Menu design,Carbon Factors,,Carbon abatement,,Swap high-impact ingredients for lower-impact equivalents where they can reduce customer emissions: Levy reports 43% lower CO2e per serving for the plant-based panna cotta.,Menu Design,Levy reports 43% lower CO2e per serving for the plant-based panna cotta,Levy reports 43% lower CO2e per serving for the plant-based panna cotta,,,43,,Single published figure stored as Value_Base.,,percent,,Levy reports % lower COe per serving for the plant based panna cotta,,published_display,,,All,None,,,,CEVID-0270,1,"Avoided tCO₂e = annual servings or volume switched × (baseline kgCO₂e/unit − new kgCO₂e/unit) ÷ 1,000.",Swap high-impact ingredients for lower-impact equivalents where they can reduce customer emissions: Levy reports 43% lower CO2e per serving for the plant-based panna cotta.,None,SG-INIT-0113,ALL_FOUR_SLOTS,DISPLAY_ONLY,display_only,ACTIVE,ACTIVE,PUBLIC,STANDARD,1.0,2026-08-18,Consolidate.xlsx,工作表1,114
CPF-0114,CARD-0454,Use nose-to-tail cooking to reduce waste from higher-impact proteins — Carbon abatement,carbon,F&B Procurement & Menu design,Carbon Factors,,Carbon abatement,,Use nose-to-tail cooking to reduce waste from has 0 generic carbon factor; calculate tCO₂e from verified client activity and lifecycle data.,Menu Design,Carbon benefit comes from avoiding wasted high-impact proteins and reducing replacement,,,,,,Display text has no parseable number; numeric columns left blank.,,,,Carbon benefit comes from avoiding wasted high impact proteins and reducing replacement,,published_display,,,All,None,,,,CEVID-0271,1,"Avoided tCO₂e = annual servings or volume switched × (baseline kgCO₂e/unit − new kgCO₂e/unit) ÷ 1,000.",Use nose-to-tail cooking to reduce waste from has 0 generic carbon factor; calculate tCO₂e from verified client activity and lifecycle data.,None,SG-INIT-0114,ALL_FOUR_SLOTS,DISPLAY_ONLY,display_only,ACTIVE,ACTIVE,PUBLIC,STANDARD,1.0,2026-08-18,Consolidate.xlsx,工作表1,115
CPF-0115,CARD-0458,Adjust portion sizes and prep quantities based on waste data — Carbon abatement,carbon,F&B Procurement & Menu design,Carbon Factors,,Carbon abatement,,Adjust portion sizes and prep quantities based on waste data can reduce customer emissions: 16.9 tCO2e avoided annually in the Lisbon Marriott case.,Menu Design,16.9 tCO2e avoided annually in the Lisbon Marriott case,16.9 tCO2e avoided annually in the Lisbon Marriott case,,,16.9,,Single published figure stored as Value_Base.,,mass_or_carbon,,tCOe avoided annually in the Lisbon Marriott case,,published_display,,,All,None,,,,CEVID-0272,1,"Avoided tCO₂e = annual servings or volume switched × (baseline kgCO₂e/unit − new kgCO₂e/unit) ÷ 1,000.",Adjust portion sizes and prep quantities based on waste data can reduce customer emissions: 16.9 tCO2e avoided annually in the Lisbon Marriott case.,None,SG-INIT-0115,ALL_FOUR_SLOTS,DISPLAY_ONLY,display_only,ACTIVE,ACTIVE,PUBLIC,STANDARD,1.0,2026-08-18,Consolidate.xlsx,工作表1,116
CPF-0116,CARD-0462,Undertake a comprehensive review of emissions and sustainability risk across the supply chain (baseline assessment) — Carbon abatement,carbon,Supplier & Value Chain Engagement,Carbon Factors,,Carbon abatement,,Undertake a comprehensive review of emissions and sustainability risk creates 0 standalone tCO₂e; customer value comes from verified downstream reductions.,Strategy,It enables subsequent Scope 3 reductions by identifying material hotspots and priority suppliers,It enables subsequent Scope 3 reductions by identifying material hotspots and priority suppliers,,,3,,Single published figure stored as Value_Base.,,,,It enables subsequent Scope reductions by identifying material hotspots and priority suppliers,,published_display,,,All,None,,,,CEVID-0273,1,"Avoided tCO₂e = avoided kg food waste × lifecycle kgCO₂e/kg ÷ 1,000.",Undertake a comprehensive review of emissions and sustainability risk creates 0 standalone tCO₂e; customer value comes from verified downstream reductions.,None,SG-INIT-0116,ALL_FOUR_SLOTS,DISPLAY_ONLY,display_only,ACTIVE,ACTIVE,PUBLIC,STANDARD,1.0,2026-08-18,Consolidate.xlsx,工作表1,117
CPF-0117,CARD-0466,Set a Scope 3 emissions reduction target (e.g. aligned to SBTi) — Carbon abatement,carbon,Supplier & Value Chain Engagement,Carbon Factors,,Carbon abatement,,Set a Scope 3 emissions reduction target creates 0 standalone tCO₂e; customer value comes from verified downstream reductions.,Strategy,"Potentially high over the target period, but the target itself does not reduce emissions",,,,0,,Single published figure stored as Value_Base.,,,,Potentially high over the target period but the target itself does not reduce emissions,,published_display,,,All,None,,,,CEVID-0274,1,"Enabled abatement = Σ verified supplier or sourcing reductions delivered; assign zero standalone tCO₂e to measurement, policy or certification alone.",Set a Scope 3 emissions reduction target creates 0 standalone tCO₂e; customer value comes from verified downstream reductions.,None,SG-INIT-0117,ALL_FOUR_SLOTS,DISPLAY_ONLY,display_only,ACTIVE,ACTIVE,PUBLIC,STANDARD,1.0,2026-08-18,Consolidate.xlsx,工作表1,118
CPF-0118,CARD-0470,"Establish a sustainable procurement policy, approved and sponsored at Board/ExCo level — Carbon abatement",carbon,Supplier & Value Chain Engagement,Carbon Factors,,Carbon abatement,,"Establish a sustainable procurement policy, approved and sponsored at creates 0 standalone tCO₂e; customer value comes from verified downstream reductions.",Strategy,Indirect,,,,,,Display text has no parseable number; numeric columns left blank.,,,,Indirect,,published_display,,,All,None,,,,CEVID-0273,1,"Enabled abatement = Σ verified supplier or sourcing reductions delivered; assign zero standalone tCO₂e to measurement, policy or certification alone.","Establish a sustainable procurement policy, approved and sponsored at creates 0 standalone tCO₂e; customer value comes from verified downstream reductions.",None,SG-INIT-0118,ALL_FOUR_SLOTS,DISPLAY_ONLY,display_only,ACTIVE,ACTIVE,PUBLIC,STANDARD,1.0,2026-08-18,Consolidate.xlsx,工作表1,119
CPF-0119,CARD-0474,"Implement a regular cadence of touchpoints between procurement, sustainability, and category teams to drive Responsible Procurement priorities — Carbon abatement",carbon,Supplier & Value Chain Engagement,Carbon Factors,,Carbon abatement,,Implement a regular cadence of touchpoints between procurement creates 0 standalone tCO₂e; customer value comes from verified downstream reductions.,Strategy,No defensible generic tCO2e saving can be assigned to meetings themselves; impact comes from,No defensible generic tCO2e saving can be assigned to meetings themselves; impact comes from,,,2,,Single published figure stored as Value_Base.,,mass_or_carbon,,No defensible generic tCOe saving can be assigned to meetings themselves; impact comes from,,published_display,,,All,None,,,,CEVID-0275,1,"Enabled abatement = Σ verified supplier or sourcing reductions delivered; assign zero standalone tCO₂e to measurement, policy or certification alone.",Implement a regular cadence of touchpoints between procurement creates 0 standalone tCO₂e; customer value comes from verified downstream reductions.,None,SG-INIT-0119,ALL_FOUR_SLOTS,DISPLAY_ONLY,display_only,ACTIVE,ACTIVE,PUBLIC,STANDARD,1.0,2026-08-18,Consolidate.xlsx,工作表1,120
CPF-0120,CARD-0478,Build sustainable procurement training and capability into the wider procurement team's professional development — Carbon abatement,carbon,Supplier & Value Chain Engagement,Carbon Factors,,Carbon abatement,,Build sustainable procurement training and capability into the wider creates 0 standalone tCO₂e; customer value comes from verified downstream reductions.,Strategy,Indirect,,,,,,Display text has no parseable number; numeric columns left blank.,,,,Indirect,,published_display,,,All,None,,,,CEVID-0276,1,"Enabled abatement = Σ verified supplier or sourcing reductions delivered; assign zero standalone tCO₂e to measurement, policy or certification alone.",Build sustainable procurement training and capability into the wider creates 0 standalone tCO₂e; customer value comes from verified downstream reductions.,None,SG-INIT-0120,ALL_FOUR_SLOTS,DISPLAY_ONLY,display_only,ACTIVE,ACTIVE,PUBLIC,STANDARD,1.0,2026-08-18,Consolidate.xlsx,工作表1,121
CPF-0121,CARD-0482,Collect sustainability data from suppliers — Carbon abatement,carbon,Supplier & Value Chain Engagement,Carbon Factors,,Carbon abatement,,Collect sustainability data from suppliers creates 0 standalone tCO₂e; customer value comes from verified downstream reductions.,Engagement,"Indirect initially, but essential for identifying and verifying supplier reductions",,,,0,,Single published figure stored as Value_Base.,,,,Indirect initially but essential for identifying and verifying supplier reductions,,published_display,,,All,None,,,,CEVID-0276,1,"Enabled abatement = Σ verified supplier or sourcing reductions delivered; assign zero standalone tCO₂e to measurement, policy or certification alone.",Collect sustainability data from suppliers creates 0 standalone tCO₂e; customer value comes from verified downstream reductions.,None,SG-INIT-0121,ALL_FOUR_SLOTS,DISPLAY_ONLY,display_only,ACTIVE,ACTIVE,PUBLIC,STANDARD,1.0,2026-08-18,Consolidate.xlsx,工作表1,122
CPF-0122,CARD-0486,Conduct lifecycle assessments (LCA) and collect product carbon footprints on key commodities to understand emissions at ingredient level — Carbon abatement,carbon,Supplier & Value Chain Engagement,Carbon Factors,,Carbon abatement,,Conduct lifecycle assessments (LCA) and collect product carbon creates 0 standalone tCO₂e; customer value comes from verified downstream reductions.,Engagement,No direct abatement from measurement,,,,,,Display text has no parseable number; numeric columns left blank.,,,,No direct abatement from measurement,,published_display,,,All,None,,,,CEVID-0277,1,"Enabled abatement = Σ verified supplier or sourcing reductions delivered; assign zero standalone tCO₂e to measurement, policy or certification alone.",Conduct lifecycle assessments (LCA) and collect product carbon creates 0 standalone tCO₂e; customer value comes from verified downstream reductions.,None,SG-INIT-0122,ALL_FOUR_SLOTS,DISPLAY_ONLY,display_only,ACTIVE,ACTIVE,PUBLIC,STANDARD,1.0,2026-08-18,Consolidate.xlsx,工作表1,123
CPF-0123,CARD-0490,Set supplier-facing requirements (Supplier codes of conduct) and communicate shared targets — Carbon abatement,carbon,Supplier & Value Chain Engagement,Carbon Factors,,Carbon abatement,,Set supplier-facing requirements (Supplier codes of conduct) and creates 0 standalone tCO₂e; customer value comes from verified downstream reductions.,Engagement,Indirect but potentially high across material suppliers,,,,,,Display text has no parseable number; numeric columns left blank.,,,,Indirect but potentially high across material suppliers,,published_display,,,All,None,,,,CEVID-0276,1,"Enabled abatement = Σ verified supplier or sourcing reductions delivered; assign zero standalone tCO₂e to measurement, policy or certification alone.",Set supplier-facing requirements (Supplier codes of conduct) and creates 0 standalone tCO₂e; customer value comes from verified downstream reductions.,None,SG-INIT-0123,ALL_FOUR_SLOTS,DISPLAY_ONLY,display_only,ACTIVE,ACTIVE,PUBLIC,STANDARD,1.0,2026-08-18,Consolidate.xlsx,工作表1,124
CPF-0124,CARD-0494,Use a supplier scorecard to track performance and prioritise engagement with material suppliers — Carbon abatement,carbon,Supplier & Value Chain Engagement,Carbon Factors,,Carbon abatement,,Use a supplier scorecard to track performance and prioritise engagement creates 0 standalone tCO₂e; customer value comes from verified downstream reductions.,Engagement,Indirect,,,,,,Display text has no parseable number; numeric columns left blank.,,,,Indirect,,published_display,,,All,None,,,,CEVID-0275,1,"Enabled abatement = Σ verified supplier or sourcing reductions delivered; assign zero standalone tCO₂e to measurement, policy or certification alone.",Use a supplier scorecard to track performance and prioritise engagement creates 0 standalone tCO₂e; customer value comes from verified downstream reductions.,None,SG-INIT-0124,ALL_FOUR_SLOTS,DISPLAY_ONLY,display_only,ACTIVE,ACTIVE,PUBLIC,STANDARD,1.0,2026-08-18,Consolidate.xlsx,工作表1,125
CPF-0125,CARD-0498,"Provide a tailored supplier engagement strategy for material/priority suppliers (segmented by spend, risk, and emissions contribution) — Carbon abatement",carbon,Supplier & Value Chain Engagement,Carbon Factors,,Carbon abatement,,Provide a tailored supplier engagement strategy for has 0 generic carbon factor; calculate tCO₂e from verified client activity and lifecycle data.,Engagement,Potentially high where engagement is concentrated on suppliers responsible for a large share of,,,,,,Display text has no parseable number; numeric columns left blank.,,,,Potentially high where engagement is concentrated on suppliers responsible for a large share of,,published_display,,,All,None,,,,CEVID-0274,1,"Enabled abatement = Σ verified supplier or sourcing reductions delivered; assign zero standalone tCO₂e to measurement, policy or certification alone.",Provide a tailored supplier engagement strategy for has 0 generic carbon factor; calculate tCO₂e from verified client activity and lifecycle data.,None,SG-INIT-0125,ALL_FOUR_SLOTS,DISPLAY_ONLY,display_only,ACTIVE,ACTIVE,PUBLIC,STANDARD,1.0,2026-08-18,Consolidate.xlsx,工作表1,126
CPF-0126,CARD-0502,"Incentivise supplier progress (e.g. preferred status, longer contracts) — Carbon abatement",carbon,Supplier & Value Chain Engagement,Carbon Factors,,Carbon abatement,,Incentivise supplier progress creates 0 standalone tCO₂e; customer value comes from verified downstream reductions.,Engagement,"Potentially material if incentives drive supplier target-setting and operational reductions, but",,,,0,,Single published figure stored as Value_Base.,,,,Potentially material if incentives drive supplier target setting and operational reductions but,,published_display,,,All,None,,,,CEVID-0275,1,"Enabled abatement = Σ verified supplier or sourcing reductions delivered; assign zero standalone tCO₂e to measurement, policy or certification alone.",Incentivise supplier progress creates 0 standalone tCO₂e; customer value comes from verified downstream reductions.,None,SG-INIT-0126,ALL_FOUR_SLOTS,DISPLAY_ONLY,display_only,ACTIVE,ACTIVE,PUBLIC,STANDARD,1.0,2026-08-18,Consolidate.xlsx,工作表1,127
CPF-0127,CARD-0506,Co-invest with suppliers in decarbonisation or regenerative agriculture projects (e.g. insetting programmes) — Carbon abatement,carbon,Supplier & Value Chain Engagement,Carbon Factors,,Carbon abatement,,"Co-invest with suppliers in decarbonisation or changes customer emissions: McDonald's case cited an estimated 75,000 metric tonnes of carbon sequestration potential.",Engagement,"McDonald's case cited an estimated 75,000 metric tonnes of carbon sequestration potential","McDonald's case cited an estimated 75,000 metric tonnes of carbon sequestration potential",,,75000,,Single published figure stored as Value_Base.,,,,McDonald's case cited an estimated metric tonnes of carbon sequestration potential,,published_display,,,All,None,,,,CEVID-0278,1,"Verified removal or reduction = measured project tonnes after baseline, leakage, permanence and assurance adjustments.","Co-invest with suppliers in decarbonisation or changes customer emissions: McDonald's case cited an estimated 75,000 metric tonnes of carbon sequestration potential.",None,SG-INIT-0127,ALL_FOUR_SLOTS,DISPLAY_ONLY,display_only,ACTIVE,ACTIVE,PUBLIC,STANDARD,1.0,2026-08-18,Consolidate.xlsx,工作表1,128
CPF-0128,CARD-0510,"Map supply chains beyond Tier 1 (Tier 2/3, down to farm/origin level) for material (High-spend, high-carbon and/or high-risk commodities) — Carbon abatement",carbon,Supplier & Value Chain Engagement,Carbon Factors,,Carbon abatement,,"Map supply chains beyond Tier 1 (Tier 2/3, down to farm/origin level) creates 0 standalone tCO₂e; customer value comes from verified downstream reductions.",Risk Anaysis,Indirect,,,,,,Display text has no parseable number; numeric columns left blank.,,,,Indirect,,published_display,,,All,None,,,,CEVID-0273,1,"Enabled abatement = Σ verified supplier or sourcing reductions delivered; assign zero standalone tCO₂e to measurement, policy or certification alone.","Map supply chains beyond Tier 1 (Tier 2/3, down to farm/origin level) creates 0 standalone tCO₂e; customer value comes from verified downstream reductions.",None,SG-INIT-0128,ALL_FOUR_SLOTS,DISPLAY_ONLY,display_only,ACTIVE,ACTIVE,PUBLIC,STANDARD,1.0,2026-08-18,Consolidate.xlsx,工作表1,129
CPF-0129,CARD-0514,"Map exposure to forest-risk commodities (soy, palm oil, cocoa, coffee, beef/leather, rubber, timber/paper & packaging) — Carbon abatement",carbon,Supplier & Value Chain Engagement,Carbon Factors,,Carbon abatement,,Map exposure to forest-risk commodities creates 0 standalone tCO₂e; customer value comes from verified downstream reductions.,Deforestation,No direct abatement from risk mapping,,,,,,Display text has no parseable number; numeric columns left blank.,,,,No direct abatement from risk mapping,,published_display,,,All,None,,,,CEVID-0273,1,"Enabled abatement = Σ verified supplier or sourcing reductions delivered; assign zero standalone tCO₂e to measurement, policy or certification alone.",Map exposure to forest-risk commodities creates 0 standalone tCO₂e; customer value comes from verified downstream reductions.,None,SG-INIT-0129,ALL_FOUR_SLOTS,DISPLAY_ONLY,display_only,ACTIVE,ACTIVE,PUBLIC,STANDARD,1.0,2026-08-18,Consolidate.xlsx,工作表1,130
CPF-0130,CARD-0518,Set a deforestation-free sourcing commitment and require traceability to origin — Carbon abatement,carbon,Supplier & Value Chain Engagement,Carbon Factors,,Carbon abatement,,Set a deforestation-free sourcing commitment and require traceability to creates 0 standalone tCO₂e; customer value comes from verified downstream reductions.,Deforestation,"Potentially high for land-use intensive commodities, but no generic tCO2e saving should be","Potentially high for land-use intensive commodities, but no generic tCO2e saving should be",,,0,,Single published figure stored as Value_Base.,,mass_or_carbon,,Potentially high for land use intensive commodities but no generic tCOe saving should be,,published_display,,,All,None,,,,CEVID-0273,1,"Enabled abatement = Σ verified supplier or sourcing reductions delivered; assign zero standalone tCO₂e to measurement, policy or certification alone.",Set a deforestation-free sourcing commitment and require traceability to creates 0 standalone tCO₂e; customer value comes from verified downstream reductions.,None,SG-INIT-0130,ALL_FOUR_SLOTS,DISPLAY_ONLY,display_only,ACTIVE,ACTIVE,PUBLIC,STANDARD,1.0,2026-08-18,Consolidate.xlsx,工作表1,131
CPF-0131,CARD-0522,"Source certified sustainable commodities (e.g. RSPO for palm oil, Rainforest Alliance/UTZ or 4C for coffee and cocoa, FSC/PEFC for timber and paper-based packaging) — Carbon abatement",carbon,Supplier & Value Chain Engagement,Carbon Factors,,Carbon abatement,,Source certified sustainable commodities has 0 generic carbon factor; calculate tCO₂e from verified client activity and lifecycle data.,Deforestation,Certification is not a generic carbon-abatement factor,,,,,,Display text has no parseable number; numeric columns left blank.,,,,Certification is not a generic carbon abatement factor,,published_display,,,All,None,,,,CEVID-0273,1,"Enabled abatement = Σ verified supplier or sourcing reductions delivered; assign zero standalone tCO₂e to measurement, policy or certification alone.",Source certified sustainable commodities has 0 generic carbon factor; calculate tCO₂e from verified client activity and lifecycle data.,None,SG-INIT-0131,ALL_FOUR_SLOTS,DISPLAY_ONLY,display_only,ACTIVE,ACTIVE,PUBLIC,STANDARD,1.0,2026-08-18,Consolidate.xlsx,工作表1,132
CPF-0132,CARD-0526,Establish corporate travel policies that prioritise lower carbon transport — Carbon abatement,carbon,Supply Chain,Carbon Factors,,Carbon abatement,,The policy creates 0 standalone tCO₂e; customer value comes from trips avoided or shifted to lower-carbon modes and verified using travel activity data.,Transport and Distribution,0 standalone tCO₂e; avoided trips and mode-shift activity by journey type,0 standalone tCO₂e; avoided trips and mode-shift activity by journey type,,,0,,Single published figure stored as Value_Base.,,mass_or_carbon,,standalone tCO₂e; avoided trips and mode shift activity by journey type,,published_display,,,all,,,,,CEVID-0279,1,"Avoided tCO₂e = Σ[baseline journeys × baseline mode factor − actual journeys × actual mode factor] ÷ 1,000.",The policy creates 0 standalone tCO₂e; customer value comes from trips avoided or shifted to lower-carbon modes and verified using travel activity data.,,SG-INIT-0132,ALL_FOUR_SLOTS,DISPLAY_ONLY,display_only,ACTIVE,ACTIVE,PUBLIC,STANDARD,1.0,2026-08-18,Consolidate.xlsx,工作表1,133
CPF-0133,CARD-0530,Provide infrastructure and incentives for low-carbon guest travel — Carbon abatement,carbon,Supply Chain,Carbon Factors,,Carbon abatement,,"At 24 chargers across 4 sites, the cited operator reported 26,885 kg CO₂ avoided, but the installer-published result should be treated as directional.",Transport and Distribution,"24 chargers; 4 sites; 1,800 sessions; 49.49 MWh; 26,885 kg CO₂ avoided","24 chargers; 4 sites; 1,800 sessions; 49.49 MWh; 26,885 kg CO₂ avoided",,,24,,Single published figure stored as Value_Base.,,mass_or_carbon,,chargers; sites; sessions; MWh; kg CO₂ avoided,,published_display,,,all,,,,,CEVID-0280,5,"Avoided tCO₂e = charging kWh × (counterfactual vehicle kgCO₂e/kWh-equivalent − EV electricity kgCO₂e/kWh) ÷ 1,000.","At 24 chargers across 4 sites, the cited operator reported 26,885 kg CO₂ avoided, but the installer-published result should be treated as directional.",,SG-INIT-0133,ALL_FOUR_SLOTS,DISPLAY_ONLY,display_only,ACTIVE,ACTIVE,PUBLIC,STANDARD,1.0,2026-08-18,Consolidate.xlsx,工作表1,134
CPF-0134,CARD-0534,Commission specialist assessments for on-farm emissions hotspots in the top three commodities — Carbon abatement,carbon,Nature & Resources,Carbon Factors,,Carbon abatement,,"Commission specialist on-farm emissions assessments for the top three commodities creates 0 standalone tCO₂e; value comes from verified actions, avoided impacts or improved resilience.",Nature & Biodiversity – Supplier Engagement,0 standalone tCO₂e; verified downstream reductions only,0 standalone tCO₂e; verified downstream reductions only,,,0,,Single published figure stored as Value_Base.,,mass_or_carbon,,standalone tCO₂e; verified downstream reductions only,,published_display,,,"Restaurant, QSR, Pubs/Bars, Contract Caterers, Hotels, Brewries, Experiential Leisure",,,,,,0,"Enabled abatement = Σ verified reductions from actions triggered by the initiative; assign 0 standalone tCO₂e to policy, assessment or measurement alone.","Commission specialist on-farm emissions assessments for the top three commodities creates 0 standalone tCO₂e; value comes from verified actions, avoided impacts or improved resilience.",,SG-INIT-0134,ALL_FOUR_SLOTS,DISPLAY_ONLY,display_only,ACTIVE,ACTIVE,PUBLIC,UNLINKED,1.0,2026-08-18,Consolidate.xlsx,工作表1,135
CPF-0135,CARD-0538,Publish a biodiversity policy with named targets and owner — Carbon abatement,carbon,Nature & Resources,Carbon Factors,,Carbon abatement,,"Publish a biodiversity policy with named targets and owner creates 0 standalone tCO₂e; value comes from verified actions, avoided impacts or improved resilience.",Nature & Biodiversity – Biodiversity,0 standalone tCO₂e; verified downstream reductions only,0 standalone tCO₂e; verified downstream reductions only,,,0,,Single published figure stored as Value_Base.,,mass_or_carbon,,standalone tCO₂e; verified downstream reductions only,,published_display,,,"Restaurant, QSR, Pubs/Bars, Contract Caterers, Hotels, Brewries, Experiential Leisure",,,,,,0,"Enabled abatement = Σ verified reductions from actions triggered by the initiative; assign 0 standalone tCO₂e to policy, assessment or measurement alone.","Publish a biodiversity policy with named targets and owner creates 0 standalone tCO₂e; value comes from verified actions, avoided impacts or improved resilience.",,SG-INIT-0135,ALL_FOUR_SLOTS,DISPLAY_ONLY,display_only,ACTIVE,ACTIVE,PUBLIC,UNLINKED,1.0,2026-08-18,Consolidate.xlsx,工作表1,136
CPF-0136,CARD-0542,Ensure compliance with Biodiversity Net Gain (BNG) requirements — Carbon abatement,carbon,Nature & Resources,Carbon Factors,,Carbon abatement,,"Ensure compliance with Biodiversity Net Gain requirements creates 0 standalone tCO₂e; value comes from verified actions, avoided impacts or improved resilience.",Nature & Biodiversity – Biodiversity,0 standalone tCO₂e; verified downstream reductions only,0 standalone tCO₂e; verified downstream reductions only,,,0,,Single published figure stored as Value_Base.,,mass_or_carbon,,standalone tCO₂e; verified downstream reductions only,,published_display,,,"Restaurant, QSR, Pubs/Bars, Contract Caterers, Hotels, Brewries, Experiential Leisure",,,,,,0,"Enabled abatement = Σ verified reductions from actions triggered by the initiative; assign 0 standalone tCO₂e to policy, assessment or measurement alone.","Ensure compliance with Biodiversity Net Gain requirements creates 0 standalone tCO₂e; value comes from verified actions, avoided impacts or improved resilience.",,SG-INIT-0136,ALL_FOUR_SLOTS,DISPLAY_ONLY,display_only,ACTIVE,ACTIVE,PUBLIC,UNLINKED,1.0,2026-08-18,Consolidate.xlsx,工作表1,137
CPF-0137,CARD-0546,Engage priority suppliers by spend on biodiversity and request a formal response within 90 days — Carbon abatement,carbon,Nature & Resources,Carbon Factors,,Carbon abatement,,"Engage priority suppliers on biodiversity and request a formal response within 90 days creates 0 standalone tCO₂e; value comes from verified actions, avoided impacts or improved resilience.",Nature & Biodiversity – Biodiversity,0 standalone tCO₂e; verified downstream reductions only,0 standalone tCO₂e; verified downstream reductions only,,,0,,Single published figure stored as Value_Base.,,mass_or_carbon,,standalone tCO₂e; verified downstream reductions only,,published_display,,,"Restaurant, QSR, Pubs/Bars, Contract Caterers, Hotels, Brewries, Experiential Leisure",,,,,,0,"Enabled abatement = Σ verified reductions from actions triggered by the initiative; assign 0 standalone tCO₂e to policy, assessment or measurement alone.","Engage priority suppliers on biodiversity and request a formal response within 90 days creates 0 standalone tCO₂e; value comes from verified actions, avoided impacts or improved resilience.",,SG-INIT-0137,ALL_FOUR_SLOTS,DISPLAY_ONLY,display_only,ACTIVE,ACTIVE,PUBLIC,UNLINKED,1.0,2026-08-18,Consolidate.xlsx,工作表1,138
CPF-0138,CARD-0550,Undertake a TNFD review — Carbon abatement,carbon,Nature & Resources,Carbon Factors,,Carbon abatement,,"Undertake a TNFD review creates 0 standalone tCO₂e; value comes from verified actions, avoided impacts or improved resilience.",Nature & Biodiversity – Biodiversity,0 standalone tCO₂e; verified downstream reductions only,0 standalone tCO₂e; verified downstream reductions only,,,0,,Single published figure stored as Value_Base.,,mass_or_carbon,,standalone tCO₂e; verified downstream reductions only,,published_display,,,"Restaurant, QSR, Pubs/Bars, Contract Caterers, Hotels, Brewries, Experiential Leisure",,,,,,0,"Enabled abatement = Σ verified reductions from actions triggered by the initiative; assign 0 standalone tCO₂e to policy, assessment or measurement alone.","Undertake a TNFD review creates 0 standalone tCO₂e; value comes from verified actions, avoided impacts or improved resilience.",,SG-INIT-0138,ALL_FOUR_SLOTS,DISPLAY_ONLY,display_only,ACTIVE,ACTIVE,PUBLIC,UNLINKED,1.0,2026-08-18,Consolidate.xlsx,工作表1,139
CPF-0139,CARD-0554,Fund a named biodiversity protection or restoration programme with annual investment and independent verification — Carbon abatement,carbon,Nature & Resources,Carbon Factors,,Carbon abatement,,"Fund a verified biodiversity protection or restoration programme creates 0 standalone tCO₂e; value comes from verified actions, avoided impacts or improved resilience.",Nature & Biodiversity – Biodiversity,0 standalone tCO₂e; verified downstream reductions only,0 standalone tCO₂e; verified downstream reductions only,,,0,,Single published figure stored as Value_Base.,,mass_or_carbon,,standalone tCO₂e; verified downstream reductions only,,published_display,,,"Restaurant, QSR, Pubs/Bars, Contract Caterers, Hotels, Brewries, Experiential Leisure",,,,,,0,"Enabled abatement = Σ verified reductions from actions triggered by the initiative; assign 0 standalone tCO₂e to policy, assessment or measurement alone.","Fund a verified biodiversity protection or restoration programme creates 0 standalone tCO₂e; value comes from verified actions, avoided impacts or improved resilience.",,SG-INIT-0139,ALL_FOUR_SLOTS,DISPLAY_ONLY,display_only,ACTIVE,ACTIVE,PUBLIC,UNLINKED,1.0,2026-08-18,Consolidate.xlsx,工作表1,140
CPF-0140,CARD-0558,Complete a water efficiency audit across all kitchen and bathroom fixtures and implement identified measures within 12 months — Carbon abatement,carbon,Nature & Resources,Carbon Factors,,Carbon abatement,,Audit kitchen and bathroom water efficiency and implement measures within 12 months can create measurable impact using 100% client activity data and verified emission factors.,Water Management – Water,"Baseline and post-change water, flow, heat and energy intensity from the KPI",,,,0,,Single published figure stored as Value_Base.,,,,Baseline and post change water flow heat and energy intensity from the KPI,,published_display,,,"Restaurant, QSR, Pubs/Bars, Contract Caterers, Hotels, Brewries, Experiential Leisure",,,,,,0,"Avoided tCO₂e = avoided water-treatment and heating kWh × reporting-year energy factor ÷ 1,000.",Audit kitchen and bathroom water efficiency and implement measures within 12 months can create measurable impact using 100% client activity data and verified emission factors.,,SG-INIT-0140,ALL_FOUR_SLOTS,DISPLAY_ONLY,display_only,ACTIVE,ACTIVE,PUBLIC,UNLINKED,1.0,2026-08-18,Consolidate.xlsx,工作表1,141
CPF-0141,CARD-0562,"Complete a formal water risk assessment for all owned sites and top 10 suppliers by spend, with a mitigation plan for each identified risk — Carbon abatement",carbon,Nature & Resources,Carbon Factors,,Carbon abatement,,"Assess water risk across owned sites and the top 10 suppliers creates 0 standalone tCO₂e; value comes from verified actions, avoided impacts or improved resilience.",Water Management – Water,0 standalone tCO₂e; verified downstream reductions only,0 standalone tCO₂e; verified downstream reductions only,,,0,,Single published figure stored as Value_Base.,,mass_or_carbon,,standalone tCO₂e; verified downstream reductions only,,published_display,,,"Restaurant, QSR, Pubs/Bars, Contract Caterers, Hotels, Brewries, Experiential Leisure",,,,,,0,"Enabled abatement = Σ verified reductions from actions triggered by the initiative; assign 0 standalone tCO₂e to policy, assessment or measurement alone.","Assess water risk across owned sites and the top 10 suppliers creates 0 standalone tCO₂e; value comes from verified actions, avoided impacts or improved resilience.",,SG-INIT-0141,ALL_FOUR_SLOTS,DISPLAY_ONLY,display_only,ACTIVE,ACTIVE,PUBLIC,UNLINKED,1.0,2026-08-18,Consolidate.xlsx,工作表1,142
CPF-0142,CARD-0566,Recycle rainwater and grey water — Carbon abatement,carbon,Nature & Resources,Carbon Factors,,Carbon abatement,,Recycle rainwater and grey water can create measurable impact using 100% client activity data and verified emission factors.,Water Management – Water,"Baseline and post-change water, flow, heat and energy intensity from the KPI",,,,0,,Single published figure stored as Value_Base.,,,,Baseline and post change water flow heat and energy intensity from the KPI,,published_display,,,"Restaurant, QSR, Pubs/Bars, Contract Caterers, Hotels, Brewries, Experiential Leisure",,,,,,0,"Avoided tCO₂e = avoided water-treatment and heating kWh × reporting-year energy factor ÷ 1,000.",Recycle rainwater and grey water can create measurable impact using 100% client activity data and verified emission factors.,,SG-INIT-0142,ALL_FOUR_SLOTS,DISPLAY_ONLY,display_only,ACTIVE,ACTIVE,PUBLIC,UNLINKED,1.0,2026-08-18,Consolidate.xlsx,工作表1,143
CPF-0143,CARD-0570,Self-supply water direct from the wholesale water market — Carbon abatement,carbon,Nature & Resources,Carbon Factors,,Carbon abatement,,"Self-supply water direct from the wholesale water market creates 0 standalone tCO₂e; value comes from verified actions, avoided impacts or improved resilience.",Water Management – Water,0 standalone tCO₂e; verified downstream reductions only,0 standalone tCO₂e; verified downstream reductions only,,,0,,Single published figure stored as Value_Base.,,mass_or_carbon,,standalone tCO₂e; verified downstream reductions only,,published_display,,,"Restaurant, QSR, Pubs/Bars, Contract Caterers, Hotels, Brewries, Experiential Leisure",,,,,,0,"Enabled abatement = Σ verified reductions from actions triggered by the initiative; assign 0 standalone tCO₂e to policy, assessment or measurement alone.","Self-supply water direct from the wholesale water market creates 0 standalone tCO₂e; value comes from verified actions, avoided impacts or improved resilience.",,SG-INIT-0143,ALL_FOUR_SLOTS,DISPLAY_ONLY,display_only,ACTIVE,ACTIVE,PUBLIC,UNLINKED,1.0,2026-08-18,Consolidate.xlsx,工作表1,144
CPF-0144,CARD-0574,Complete supply chain water mapping covering top 5 commodities by estimated water use — Carbon abatement,carbon,Nature & Resources,Carbon Factors,,Carbon abatement,,"Complete supply chain water mapping covering top 5 commodities by estimated water use creates 0 standalone tCO₂e; value comes from verified actions, avoided impacts or improved resilience.",Water Management – Water,0 standalone tCO₂e; verified downstream reductions only,0 standalone tCO₂e; verified downstream reductions only,,,0,,Single published figure stored as Value_Base.,,mass_or_carbon,,standalone tCO₂e; verified downstream reductions only,,published_display,,,"Restaurant, QSR, Pubs/Bars, Contract Caterers, Hotels, Brewries, Experiential Leisure",,,,,,0,"Enabled abatement = Σ verified reductions from actions triggered by the initiative; assign 0 standalone tCO₂e to policy, assessment or measurement alone.","Complete supply chain water mapping covering top 5 commodities by estimated water use creates 0 standalone tCO₂e; value comes from verified actions, avoided impacts or improved resilience.",,SG-INIT-0144,ALL_FOUR_SLOTS,DISPLAY_ONLY,display_only,ACTIVE,ACTIVE,PUBLIC,UNLINKED,1.0,2026-08-18,Consolidate.xlsx,工作表1,145
CPF-0145,CARD-0578,Use high-efficiency shower and faucet aerators — Carbon abatement,carbon,Nature & Resources,Carbon Factors,,Carbon abatement,,Use high-efficiency shower and faucet aerators can create measurable impact using 100% client activity data and verified emission factors.,Water Management – Water,"Baseline and post-change water, flow, heat and energy intensity from the KPI",,,,0,,Single published figure stored as Value_Base.,,,,Baseline and post change water flow heat and energy intensity from the KPI,,published_display,,,"Restaurant, QSR, Pubs/Bars, Contract Caterers, Hotels, Brewries, Experiential Leisure",,,,,,0,"Avoided tCO₂e = avoided water-treatment and heating kWh × reporting-year energy factor ÷ 1,000.",Use high-efficiency shower and faucet aerators can create measurable impact using 100% client activity data and verified emission factors.,,SG-INIT-0145,ALL_FOUR_SLOTS,DISPLAY_ONLY,display_only,ACTIVE,ACTIVE,PUBLIC,UNLINKED,1.0,2026-08-18,Consolidate.xlsx,工作表1,146
CPF-0146,CARD-0582,Optimise hot liquor use — Carbon abatement,carbon,Nature & Resources,Carbon Factors,,Carbon abatement,,Optimise hot liquor use can create measurable impact using 100% client activity data and verified emission factors.,Water Management – Brewing,"Baseline and post-change water, flow, heat and energy intensity from the KPI",,,,0,,Single published figure stored as Value_Base.,,,,Baseline and post change water flow heat and energy intensity from the KPI,,published_display,,,"Brewries, Pubs/Bars (partial)","Restaurant, QSR, Contract Caterers, Hotels, Experiential Leisure",,,,,0,"Avoided tCO₂e = avoided water-treatment and heating kWh × reporting-year energy factor ÷ 1,000.",Optimise hot liquor use can create measurable impact using 100% client activity data and verified emission factors.,"Restaurant, QSR, Contract Caterers, Hotels, Experiential Leisure",SG-INIT-0146,ALL_FOUR_SLOTS,DISPLAY_ONLY,display_only,ACTIVE,ACTIVE,PUBLIC,UNLINKED,1.0,2026-08-18,Consolidate.xlsx,工作表1,147
CPF-0147,CARD-0586,Optimise CIP wash temperature — Carbon abatement,carbon,Nature & Resources,Carbon Factors,,Carbon abatement,,Optimise CIP wash temperature can create measurable impact using 100% client activity data and verified emission factors.,Water Management – Brewing,"Baseline and post-change water, flow, heat and energy intensity from the KPI",,,,0,,Single published figure stored as Value_Base.,,,,Baseline and post change water flow heat and energy intensity from the KPI,,published_display,,,"Brewries, Pubs/Bars (partial)","Restaurant, QSR, Contract Caterers, Hotels, Experiential Leisure",,,,,0,"Avoided tCO₂e = avoided water-treatment and heating kWh × reporting-year energy factor ÷ 1,000.",Optimise CIP wash temperature can create measurable impact using 100% client activity data and verified emission factors.,"Restaurant, QSR, Contract Caterers, Hotels, Experiential Leisure",SG-INIT-0147,ALL_FOUR_SLOTS,DISPLAY_ONLY,display_only,ACTIVE,ACTIVE,PUBLIC,UNLINKED,1.0,2026-08-18,Consolidate.xlsx,工作表1,148
CPF-0148,CARD-0590,Reduce water temp in laundry; and line dry linens where possible — Carbon abatement,carbon,Nature & Resources,Carbon Factors,,Carbon abatement,,Reduce water temp in laundry; and line dry linens where possible can create measurable impact using 100% client activity data and verified emission factors.,Water Management – Brewing,"Baseline and post-change water, flow, heat and energy intensity from the KPI",,,,0,,Single published figure stored as Value_Base.,,,,Baseline and post change water flow heat and energy intensity from the KPI,,published_display,,,"Hotels, Pubs/Bars (partial), Experiential Leisure (partial)","Restaurant, QSR, Contract Caterers, Brewries",,,,,0,"Avoided tCO₂e = avoided water-treatment and heating kWh × reporting-year energy factor ÷ 1,000.",Reduce water temp in laundry; and line dry linens where possible can create measurable impact using 100% client activity data and verified emission factors.,"Restaurant, QSR, Contract Caterers, Brewries",SG-INIT-0148,ALL_FOUR_SLOTS,DISPLAY_ONLY,display_only,ACTIVE,ACTIVE,PUBLIC,UNLINKED,1.0,2026-08-18,Consolidate.xlsx,工作表1,149
CPF-0149,CARD-0594,Conduct a waste characterisation assessment — Carbon abatement,carbon,Nature & Resources,Carbon Factors,,Carbon abatement,,"Conduct a waste characterisation assessment creates 0 standalone tCO₂e; value comes from verified actions, avoided impacts or improved resilience.",Waste & Circularity – Waste Management,0 standalone tCO₂e; verified downstream reductions only,0 standalone tCO₂e; verified downstream reductions only,,,0,,Single published figure stored as Value_Base.,,mass_or_carbon,,standalone tCO₂e; verified downstream reductions only,,published_display,,,"Restaurant, QSR, Pubs/Bars, Contract Caterers, Hotels, Brewries, Experiential Leisure",,,,,,0,"Enabled abatement = Σ verified reductions from actions triggered by the initiative; assign 0 standalone tCO₂e to policy, assessment or measurement alone.","Conduct a waste characterisation assessment creates 0 standalone tCO₂e; value comes from verified actions, avoided impacts or improved resilience.",,SG-INIT-0149,ALL_FOUR_SLOTS,DISPLAY_ONLY,display_only,ACTIVE,ACTIVE,PUBLIC,UNLINKED,1.0,2026-08-18,Consolidate.xlsx,工作表1,150
CPF-0150,CARD-0598,"Set a documented food waste reduction target with a baseline year, an interim milestone, and a final target date — Carbon abatement",carbon,Nature & Resources,Carbon Factors,,Carbon abatement,,"Set a dated food-waste reduction target with a baseline and interim milestone creates 0 standalone tCO₂e; value comes from verified actions, avoided impacts or improved resilience.",Waste & Circularity – Waste Management,0 standalone tCO₂e; verified downstream reductions only,0 standalone tCO₂e; verified downstream reductions only,,,0,,Single published figure stored as Value_Base.,,mass_or_carbon,,standalone tCO₂e; verified downstream reductions only,,published_display,,,"Restaurant, QSR, Pubs/Bars, Contract Caterers, Hotels, Brewries, Experiential Leisure",Partial for Experiential Leisure & Brewries,,,,,0,"Enabled abatement = Σ verified reductions from actions triggered by the initiative; assign 0 standalone tCO₂e to policy, assessment or measurement alone.","Set a dated food-waste reduction target with a baseline and interim milestone creates 0 standalone tCO₂e; value comes from verified actions, avoided impacts or improved resilience.",Partial for Experiential Leisure & Brewries,SG-INIT-0150,ALL_FOUR_SLOTS,DISPLAY_ONLY,display_only,ACTIVE,ACTIVE,PUBLIC,UNLINKED,1.0,2026-08-18,Consolidate.xlsx,工作表1,151
CPF-0151,CARD-0602,Segregate food waste for composting or Anaerobic Digestion — Carbon abatement,carbon,Nature & Resources,Carbon Factors,,Carbon abatement,,Segregate food waste for composting or Anaerobic Digestion can create measurable impact using 100% client activity data and verified emission factors.,Waste & Circularity – Waste Management,Baseline and post-change material or waste volume plus verified lifecycle factor,,,,,,Display text has no parseable number; numeric columns left blank.,,,,Baseline and post change material or waste volume plus verified lifecycle factor,,published_display,,,"Restaurant, QSR, Pubs/Bars, Contract Caterers, Hotels, Brewries, Experiential Leisure",Partial for Experiential Leisure & Brewries,,,,,0,"Avoided tCO₂e = avoided or diverted kg × verified lifecycle or disposal-route kgCO₂e/kg ÷ 1,000.",Segregate food waste for composting or Anaerobic Digestion can create measurable impact using 100% client activity data and verified emission factors.,Partial for Experiential Leisure & Brewries,SG-INIT-0151,ALL_FOUR_SLOTS,DISPLAY_ONLY,display_only,ACTIVE,ACTIVE,PUBLIC,UNLINKED,1.0,2026-08-18,Consolidate.xlsx,工作表1,152
CPF-0152,CARD-0606,Distribute Surplus Food via a credible distribution partner — Carbon abatement,carbon,Nature & Resources,Carbon Factors,,Carbon abatement,,Distribute Surplus Food via a credible distribution partner can create measurable impact using 100% client activity data and verified emission factors.,Waste & Circularity – Waste Management,Baseline and post-change material or waste volume plus verified lifecycle factor,,,,,,Display text has no parseable number; numeric columns left blank.,,,,Baseline and post change material or waste volume plus verified lifecycle factor,,published_display,,,"Restaurant, QSR, Pubs/Bars, Contract Caterers, Hotels, Brewries, Experiential Leisure",Partial for Experiential Leisure & Brewries,,,,,0,"Avoided tCO₂e = avoided or diverted kg × verified lifecycle or disposal-route kgCO₂e/kg ÷ 1,000.",Distribute Surplus Food via a credible distribution partner can create measurable impact using 100% client activity data and verified emission factors.,Partial for Experiential Leisure & Brewries,SG-INIT-0152,ALL_FOUR_SLOTS,DISPLAY_ONLY,display_only,ACTIVE,ACTIVE,PUBLIC,UNLINKED,1.0,2026-08-18,Consolidate.xlsx,工作表1,153
CPF-0153,CARD-0610,Complete a circularity audit covering the top three waste streams by volume and identify at least one viable circular option per stream within 90 days — Carbon abatement,carbon,Nature & Resources,Carbon Factors,,Carbon abatement,,"Audit the top three waste streams and identify one circular option per stream within 90 days creates 0 standalone tCO₂e; value comes from verified actions, avoided impacts or improved resilience.",Waste & Circularity – Waste Management,0 standalone tCO₂e; verified downstream reductions only,0 standalone tCO₂e; verified downstream reductions only,,,0,,Single published figure stored as Value_Base.,,mass_or_carbon,,standalone tCO₂e; verified downstream reductions only,,published_display,,,"Restaurant, QSR, Pubs/Bars, Contract Caterers, Hotels, Brewries, Experiential Leisure",,,,,,0,"Enabled abatement = Σ verified reductions from actions triggered by the initiative; assign 0 standalone tCO₂e to policy, assessment or measurement alone.","Audit the top three waste streams and identify one circular option per stream within 90 days creates 0 standalone tCO₂e; value comes from verified actions, avoided impacts or improved resilience.",,SG-INIT-0153,ALL_FOUR_SLOTS,DISPLAY_ONLY,display_only,ACTIVE,ACTIVE,PUBLIC,UNLINKED,1.0,2026-08-18,Consolidate.xlsx,工作表1,154
CPF-0154,CARD-0614,Train operational teams to reduce production waste and measure pre/post-training waste performance — Carbon abatement,carbon,Nature & Resources,Carbon Factors,,Carbon abatement,,"Train operational teams to reduce production waste and measure pre/post-training waste performance creates 0 standalone tCO₂e; value comes from verified actions, avoided impacts or improved resilience.",Waste & Circularity – Waste Management,0 standalone tCO₂e; verified downstream reductions only,0 standalone tCO₂e; verified downstream reductions only,,,0,,Single published figure stored as Value_Base.,,mass_or_carbon,,standalone tCO₂e; verified downstream reductions only,,published_display,,,"Restaurant, QSR, Pubs/Bars, Contract Caterers, Hotels, Brewries, Experiential Leisure",,,,,,0,"Enabled abatement = Σ verified reductions from actions triggered by the initiative; assign 0 standalone tCO₂e to policy, assessment or measurement alone.","Train operational teams to reduce production waste and measure pre/post-training waste performance creates 0 standalone tCO₂e; value comes from verified actions, avoided impacts or improved resilience.",,SG-INIT-0154,ALL_FOUR_SLOTS,DISPLAY_ONLY,display_only,ACTIVE,ACTIVE,PUBLIC,UNLINKED,1.0,2026-08-18,Consolidate.xlsx,工作表1,155
CPF-0155,CARD-0618,Quantify your food waste — Carbon abatement,carbon,Nature & Resources,Carbon Factors,,Carbon abatement,,"Quantify your food waste creates 0 standalone tCO₂e; value comes from verified actions, avoided impacts or improved resilience.",Waste & Circularity – Waste Management,0 standalone tCO₂e; verified downstream reductions only,0 standalone tCO₂e; verified downstream reductions only,,,0,,Single published figure stored as Value_Base.,,mass_or_carbon,,standalone tCO₂e; verified downstream reductions only,,published_display,,,"Restaurant, QSR, Pubs/Bars, Contract Caterers, Hotels, Brewries, Experiential Leisure",Partial for Experiential Leisure & Brewries,,,,,0,"Enabled abatement = Σ verified reductions from actions triggered by the initiative; assign 0 standalone tCO₂e to policy, assessment or measurement alone.","Quantify your food waste creates 0 standalone tCO₂e; value comes from verified actions, avoided impacts or improved resilience.",Partial for Experiential Leisure & Brewries,SG-INIT-0155,ALL_FOUR_SLOTS,DISPLAY_ONLY,display_only,ACTIVE,ACTIVE,PUBLIC,UNLINKED,1.0,2026-08-18,Consolidate.xlsx,工作表1,156
CPF-0156,CARD-0622,Extend the life of your cooking oil — Carbon abatement,carbon,Nature & Resources,Carbon Factors,,Carbon abatement,,Extend the life of your cooking oil can create measurable impact using 100% client activity data and verified emission factors.,Waste & Circularity – Waste Management,Baseline and post-change material or waste volume plus verified lifecycle factor,,,,,,Display text has no parseable number; numeric columns left blank.,,,,Baseline and post change material or waste volume plus verified lifecycle factor,,published_display,,,"Restaurant, QSR, Pubs/Bars, Contract Caterers, Hotels, Brewries, Experiential Leisure",Partial for Experiential Leisure & Brewries,,,,,0,"Avoided tCO₂e = avoided or diverted kg × verified lifecycle or disposal-route kgCO₂e/kg ÷ 1,000.",Extend the life of your cooking oil can create measurable impact using 100% client activity data and verified emission factors.,Partial for Experiential Leisure & Brewries,SG-INIT-0156,ALL_FOUR_SLOTS,DISPLAY_ONLY,display_only,ACTIVE,ACTIVE,PUBLIC,UNLINKED,1.0,2026-08-18,Consolidate.xlsx,工作表1,157
CPF-0157,CARD-0626,Recycle your used cooking oil at end of life — Carbon abatement,carbon,Nature & Resources,Carbon Factors,,Carbon abatement,,Recycle your used cooking oil at end of life can create measurable impact using 100% client activity data and verified emission factors.,Waste & Circularity – Waste Management,Baseline and post-change material or waste volume plus verified lifecycle factor,,,,,,Display text has no parseable number; numeric columns left blank.,,,,Baseline and post change material or waste volume plus verified lifecycle factor,,published_display,,,"Restaurant, QSR, Pubs/Bars, Contract Caterers, Hotels, Brewries, Experiential Leisure",Partial for Experiential Leisure & Brewries,,,,,0,"Avoided tCO₂e = avoided or diverted kg × verified lifecycle or disposal-route kgCO₂e/kg ÷ 1,000.",Recycle your used cooking oil at end of life can create measurable impact using 100% client activity data and verified emission factors.,Partial for Experiential Leisure & Brewries,SG-INIT-0157,ALL_FOUR_SLOTS,DISPLAY_ONLY,display_only,ACTIVE,ACTIVE,PUBLIC,UNLINKED,1.0,2026-08-18,Consolidate.xlsx,工作表1,158
CPF-0158,CARD-0630,Process food waste on-site — Carbon abatement,carbon,Nature & Resources,Carbon Factors,,Carbon abatement,,Process food waste on-site can create measurable impact using 100% client activity data and verified emission factors.,Waste & Circularity – Waste Management,Baseline and post-change material or waste volume plus verified lifecycle factor,,,,,,Display text has no parseable number; numeric columns left blank.,,,,Baseline and post change material or waste volume plus verified lifecycle factor,,published_display,,,"Restaurant, QSR, Pubs/Bars, Contract Caterers, Hotels, Brewries, Experiential Leisure",Partial for Experiential Leisure & Brewries,,,,,0,"Avoided tCO₂e = avoided or diverted kg × verified lifecycle or disposal-route kgCO₂e/kg ÷ 1,000.",Process food waste on-site can create measurable impact using 100% client activity data and verified emission factors.,Partial for Experiential Leisure & Brewries,SG-INIT-0158,ALL_FOUR_SLOTS,DISPLAY_ONLY,display_only,ACTIVE,ACTIVE,PUBLIC,UNLINKED,1.0,2026-08-18,Consolidate.xlsx,工作表1,159
CPF-0159,CARD-0634,Recycle and responsibly dispose of staff uniforms at end-of-life — Carbon abatement,carbon,Nature & Resources,Carbon Factors,,Carbon abatement,,Recycle and responsibly dispose of staff uniforms at end-of-life can create measurable impact using 100% client activity data and verified emission factors.,Waste & Circularity – Waste Management,Baseline and post-change material or waste volume plus verified lifecycle factor,,,,,,Display text has no parseable number; numeric columns left blank.,,,,Baseline and post change material or waste volume plus verified lifecycle factor,,published_display,,,"Restaurant, QSR, Pubs/Bars, Contract Caterers, Hotels, Brewries, Experiential Leisure",,,,,,0,"Avoided tCO₂e = baseline activity × baseline factor − post-change activity × post-change factor, divided by 1,000.",Recycle and responsibly dispose of staff uniforms at end-of-life can create measurable impact using 100% client activity data and verified emission factors.,,SG-INIT-0159,ALL_FOUR_SLOTS,DISPLAY_ONLY,display_only,ACTIVE,ACTIVE,PUBLIC,UNLINKED,1.0,2026-08-18,Consolidate.xlsx,工作表1,160
CPF-0160,CARD-0638,Switch to lower-impact takeaway packaging — Carbon abatement,carbon,Nature & Resources,Carbon Factors,,Carbon abatement,,Switch to lower-impact takeaway packaging can create measurable impact using 100% client activity data and verified emission factors.,Waste & Circularity – Packaging,Baseline and post-change material or waste volume plus verified lifecycle factor,,,,,,Display text has no parseable number; numeric columns left blank.,,,,Baseline and post change material or waste volume plus verified lifecycle factor,,published_display,,,"Restaurant, QSR, Pubs/Bars, Contract Caterers, Hotels, Brewries, Experiential Leisure",Partial for Experiential Leisure & Brewries,,,,,0,"Avoided tCO₂e = avoided or diverted kg × verified lifecycle or disposal-route kgCO₂e/kg ÷ 1,000.",Switch to lower-impact takeaway packaging can create measurable impact using 100% client activity data and verified emission factors.,Partial for Experiential Leisure & Brewries,SG-INIT-0160,ALL_FOUR_SLOTS,DISPLAY_ONLY,display_only,ACTIVE,ACTIVE,PUBLIC,UNLINKED,1.0,2026-08-18,Consolidate.xlsx,工作表1,161
CPF-0161,CARD-0642,"Support and encourage employees in choosing low-carbon commuting alternatives (e.g. cycle to work, public transport) — Carbon abatement",carbon,Supply Chain,Carbon Factors,,Carbon abatement,,"Heathrow Airport's Way2Go app incentivised sustainable commuting through rewards, vouchers and behaviour-change campaigns. By July 2025, the initiative recorded 150,069 sustainable commutes, saved 61,525 kg CO₂e, replaced 80% of solo car trips with sustainable journeys, and encouraged 70% of previously non-sustainable commuters to change travel behaviour.

https://content.tfl.gov.uk/modeshift-demonstrator-heathrow-airport-way2go.pdf",Transport and Distribution,,,,,,,Empty published value; numeric columns left blank.,,,,,,published_display,,,all,,,,,,0,,"Heathrow Airport's Way2Go app incentivised sustainable commuting through rewards, vouchers and behaviour-change campaigns. By July 2025, the initiative recorded 150,069 sustainable commutes, saved 61,525 kg CO₂e, replaced 80% of solo car trips with sustainable journeys, and encouraged 70% of previously non-sustainable commuters to change travel behaviour.

https://content.tfl.gov.uk/modeshift-demonstrator-heathrow-airport-way2go.pdf",,SG-INIT-0161,ALL_FOUR_SLOTS,DISPLAY_ONLY,display_only,ACTIVE,ACTIVE,PUBLIC,GAP,1.0,2026-08-18,Consolidate.xlsx,工作表1,162
CPF-0162,CARD-0646,Transition company owned fleet vehicles to low-carbon alternatives at end of life — Carbon abatement,carbon,Supply Chain,Carbon Factors,,Carbon abatement,,"Greencore, one of the UK’s leading manufacturers of convenience foods, has taken a significant step toward a greener future by launching a new fleet of 15 vehicles powered by Hydrotreated Vegetable Oil (HVO), a renewable diesel alternative that reduces carbon emissions by up to 90%. HVO is fully compatible with existing diesel engines and infrastructure, making it an efficient and immediate solution for reducing greenhouse gas emissions in transport.

https://www.greencore.com/greencore-rolls-out-hvo-powered-fleet-to-drive-sustainability-forward/",Transport and Distribution,,,,,,,Empty published value; numeric columns left blank.,,,,,,published_display,,,all,,,,,,0,,"Greencore, one of the UK’s leading manufacturers of convenience foods, has taken a significant step toward a greener future by launching a new fleet of 15 vehicles powered by Hydrotreated Vegetable Oil (HVO), a renewable diesel alternative that reduces carbon emissions by up to 90%. HVO is fully compatible with existing diesel engines and infrastructure, making it an efficient and immediate solution for reducing greenhouse gas emissions in transport.

https://www.greencore.com/greencore-rolls-out-hvo-powered-fleet-to-drive-sustainability-forward/",,SG-INIT-0162,ALL_FOUR_SLOTS,DISPLAY_ONLY,display_only,ACTIVE,ACTIVE,PUBLIC,GAP,1.0,2026-08-18,Consolidate.xlsx,工作表1,163
CPF-0163,CARD-0650,Reduce emissions from delivery and distribution by improving fleet efficiency before the journey — Carbon abatement,carbon,Supply Chain,Carbon Factors,,Carbon abatement,,,Transport and Distribution,,,,,,,Empty published value; numeric columns left blank.,,,,,,published_display,,,,,,,,,0,,,,SG-INIT-0163,ALL_FOUR_SLOTS,DISPLAY_ONLY,display_only,ACTIVE,ACTIVE,PUBLIC,GAP,1.0,2026-08-18,Consolidate.xlsx,工作表1,164
CPF-0164,CARD-0654,Reduce emissions from delivery and distribution by improving fleet efficiency during and after the journey — Carbon abatement,carbon,Supply Chain,Carbon Factors,,Carbon abatement,,,Transport and Distribution,,,,,,,Empty published value; numeric columns left blank.,,,,,,published_display,,,,,,,,,0,,,,SG-INIT-0164,ALL_FOUR_SLOTS,DISPLAY_ONLY,display_only,ACTIVE,ACTIVE,PUBLIC,GAP,1.0,2026-08-18,Consolidate.xlsx,工作表1,165
CPF-0165,CARD-0658,Reduce emissions from delivery and distribution by engaging with suppliers — Carbon abatement,carbon,Supply Chain,Carbon Factors,,Carbon abatement,,,Transport and Distribution,,,,,,,Empty published value; numeric columns left blank.,,,,,,published_display,,,,,,,,,0,,,,SG-INIT-0165,ALL_FOUR_SLOTS,DISPLAY_ONLY,display_only,ACTIVE,ACTIVE,PUBLIC,GAP,1.0,2026-08-18,Consolidate.xlsx,工作表1,166
CPF-0166,CARD-0662,Reduce emissions from customer delivery — Carbon abatement,carbon,Supply Chain,Carbon Factors,,Carbon abatement,,,Transport and Distribution,,,,,,,Empty published value; numeric columns left blank.,,,,,,published_display,,,,,,,,,0,,,,SG-INIT-0166,ALL_FOUR_SLOTS,DISPLAY_ONLY,display_only,ACTIVE,ACTIVE,PUBLIC,GAP,1.0,2026-08-18,Consolidate.xlsx,工作表1,167
CPF-0167,CARD-0666,Install EV Charging Infrastructure at Depots and Distribution Hubs — Carbon abatement,carbon,Supply Chain,Carbon Factors,,Carbon abatement,,,Transport and Distribution,,,,,,,Empty published value; numeric columns left blank.,,,,,,published_display,,,,,,,,,0,,,,SG-INIT-0167,ALL_FOUR_SLOTS,DISPLAY_ONLY,display_only,ACTIVE,ACTIVE,PUBLIC,GAP,1.0,2026-08-18,Consolidate.xlsx,工作表1,168
CPF-0168,CARD-0670,Install a filtered water system to avoid bottled water. — Carbon abatement,carbon,Nature & Resources,Carbon Factors,,Carbon abatement,,,Water Management – Water,,,,,,,Empty published value; numeric columns left blank.,,,,,,published_display,,,"Restaurant, QSR, Pubs/Bars, Contract Caterers, Hotels, Brewries, Experiential Leisure",,,,,,0,,,,SG-INIT-0168,ALL_FOUR_SLOTS,DISPLAY_ONLY,display_only,ACTIVE,ACTIVE,PUBLIC,GAP,1.0,2026-08-18,Consolidate.xlsx,工作表1,169
CPF-0169,CARD-0674,Procure water sustainably. — Carbon abatement,carbon,Nature & Resources,Carbon Factors,,Carbon abatement,,,Water Management – Water,,,,,,,Empty published value; numeric columns left blank.,,,,,,published_display,,,"Restaurant, QSR, Pubs/Bars, Contract Caterers, Hotels, Brewries, Experiential Leisure",,,,,,0,,,,SG-INIT-0169,ALL_FOUR_SLOTS,DISPLAY_ONLY,display_only,ACTIVE,ACTIVE,PUBLIC,GAP,1.0,2026-08-18,Consolidate.xlsx,工作表1,170
CPF-0170,CARD-0678,Publish a water reduction policy with targets for water-stressed regions — Carbon abatement,carbon,Nature & Resources,Carbon Factors,,Carbon abatement,,,Water Management – Water,,,,,,,Empty published value; numeric columns left blank.,,,,,,published_display,,,"Restaurant, QSR, Pubs/Bars, Contract Caterers, Hotels, Brewries, Experiential Leisure",,,,,,0,,,,SG-INIT-0170,ALL_FOUR_SLOTS,DISPLAY_ONLY,display_only,ACTIVE,ACTIVE,PUBLIC,GAP,1.0,2026-08-18,Consolidate.xlsx,工作表1,171
CPF-0171,CARD-0682,Recycle equipment at end-of-life — Carbon abatement,carbon,Nature & Resources,Carbon Factors,,Carbon abatement,,,Waste & Circularity – Waste Management,,,,,,,Empty published value; numeric columns left blank.,,,,,,published_display,,,"Restaurant, QSR, Pubs/Bars, Contract Caterers, Hotels, Brewries, Experiential Leisure",,,,,,0,,,,SG-INIT-0171,ALL_FOUR_SLOTS,DISPLAY_ONLY,display_only,ACTIVE,ACTIVE,PUBLIC,GAP,1.0,2026-08-18,Consolidate.xlsx,工作表1,172
CPF-0172,CARD-0686,Promote takeaway options for unfinished food — Carbon abatement,carbon,Nature & Resources,Carbon Factors,,Carbon abatement,,,Waste & Circularity – Waste Management,,,,,,,Empty published value; numeric columns left blank.,,,,,,published_display,,,"Restaurant, QSR, Pubs/Bars, Contract Caterers, Hotels, Brewries, Experiential Leisure",Partial for Experiential Leisure & Brewries,,,,,0,,,Partial for Experiential Leisure & Brewries,SG-INIT-0172,ALL_FOUR_SLOTS,DISPLAY_ONLY,display_only,ACTIVE,ACTIVE,PUBLIC,GAP,1.0,2026-08-18,Consolidate.xlsx,工作表1,173
CPF-0173,CARD-0690,"Reduce active menu SKU count by a defined %, and measure the impact on food waste per cover over the following 90 days — Carbon abatement",carbon,Nature & Resources,Carbon Factors,,Carbon abatement,,,Waste & Circularity – Waste Management,,,,,,,Empty published value; numeric columns left blank.,,,,,,published_display,,,"Restaurant, QSR, Pubs/Bars, Contract Caterers, Hotels, Brewries, Experiential Leisure",Partial for Experiential Leisure & Brewries,,,,,0,,,Partial for Experiential Leisure & Brewries,SG-INIT-0173,ALL_FOUR_SLOTS,DISPLAY_ONLY,display_only,ACTIVE,ACTIVE,PUBLIC,GAP,1.0,2026-08-18,Consolidate.xlsx,工作表1,174
CPF-0174,CARD-0694,Responsibly dispose off or donate furniture and fittings at end-of-life — Carbon abatement,carbon,Nature & Resources,Carbon Factors,,Carbon abatement,,,Waste & Circularity – Waste Management,,,,,,,Empty published value; numeric columns left blank.,,,,,,published_display,,,"Restaurant, QSR, Pubs/Bars, Contract Caterers, Hotels, Brewries, Experiential Leisure",,,,,,0,,,,SG-INIT-0174,ALL_FOUR_SLOTS,DISPLAY_ONLY,display_only,ACTIVE,ACTIVE,PUBLIC,GAP,1.0,2026-08-18,Consolidate.xlsx,工作表1,175
CPF-0175,CARD-0698,Deploy [named technology] to monitor [named waste stream] and use data to reduce [waste type] by [target %] within 12 months — Carbon abatement,carbon,Nature & Resources,Carbon Factors,,Carbon abatement,,,Waste & Circularity – Waste Management,,,,,,,Empty published value; numeric columns left blank.,,,,,,published_display,,,"Restaurant, QSR, Pubs/Bars, Contract Caterers, Hotels, Brewries, Experiential Leisure",,,,,,0,,,,SG-INIT-0175,ALL_FOUR_SLOTS,DISPLAY_ONLY,display_only,ACTIVE,ACTIVE,PUBLIC,GAP,1.0,2026-08-18,Consolidate.xlsx,工作表1,176
CPF-0176,CARD-0702,Join the plastics pact — Carbon abatement,carbon,Nature & Resources,Carbon Factors,,Carbon abatement,,,Waste & Circularity – Packaging,,,,,,,Empty published value; numeric columns left blank.,,,,,,published_display,,,"Restaurant, QSR, Pubs/Bars, Contract Caterers, Hotels, Brewries, Experiential Leisure",,,,,,0,,,,SG-INIT-0176,ALL_FOUR_SLOTS,DISPLAY_ONLY,display_only,ACTIVE,ACTIVE,PUBLIC,GAP,1.0,2026-08-18,Consolidate.xlsx,工作表1,177
CPF-0177,CARD-0706,"Design for reusability, removing single-use items and therefore reducing overall waste produced — Carbon abatement",carbon,Nature & Resources,Carbon Factors,,Carbon abatement,,,Waste & Circularity – Packaging,,,,,,,Empty published value; numeric columns left blank.,,,,,,published_display,,,"Restaurant, QSR, Pubs/Bars, Contract Caterers, Hotels, Brewries, Experiential Leisure",,,,,,0,,,,SG-INIT-0177,ALL_FOUR_SLOTS,DISPLAY_ONLY,display_only,ACTIVE,ACTIVE,PUBLIC,GAP,1.0,2026-08-18,Consolidate.xlsx,工作表1,178
CPF-0178,CARD-0710,Install an anaerobic digestion plant to recover biogas — Carbon abatement,carbon,Nature & Resources,Carbon Factors,,Carbon abatement,,,Waste & Circularity – Brewing,,,,,,,Empty published value; numeric columns left blank.,,,,,,published_display,,,"Brewries, Pubs/Bars (partial)","Restaurant, QSR, Contract Caterers, Hotels, Experiential Leisure",,,,,0,,,"Restaurant, QSR, Contract Caterers, Hotels, Experiential Leisure",SG-INIT-0178,ALL_FOUR_SLOTS,DISPLAY_ONLY,display_only,ACTIVE,ACTIVE,PUBLIC,GAP,1.0,2026-08-18,Consolidate.xlsx,工作表1,179
CPF-0179,CARD-0714,Minimise extract losses and product wastage — Carbon abatement,carbon,Nature & Resources,Carbon Factors,,Carbon abatement,,,Waste & Circularity – Brewing,,,,,,,Empty published value; numeric columns left blank.,,,,,,published_display,,,"Brewries, Pubs/Bars (partial)","Restaurant, QSR, Contract Caterers, Hotels, Experiential Leisure",,,,,0,,,"Restaurant, QSR, Contract Caterers, Hotels, Experiential Leisure",SG-INIT-0179,ALL_FOUR_SLOTS,DISPLAY_ONLY,display_only,ACTIVE,ACTIVE,PUBLIC,GAP,1.0,2026-08-18,Consolidate.xlsx,工作表1,180
