Factor_ID,Card_ID,Factor_Name,Factor_Type,Factor_Family,Factor_Bank,Cost_Category,Outcome_Category,Cost_Boundary,Performance_Boundary,Technology_or_Scope,Published_Display_Value,Primary_Figure,Parallel_Figures,Value_Low,Value_Base,Value_High,Value_Parse_Note,Currency,Numerator_Unit,Denominator_Unit,Unit_Hint,Frequency,Performance_Basis,Time_Basis,Geography,Sector,Sector_Not_Included,Price_Year,Reference_Year,VAT_Basis,Primary_Evidence_ID,Evidence_Link_Count,Derivation_Method,Interface_Language,Applicability_Caveat,Selection_Group_ID,Selection_Rule,Scenario_Availability,Calc_Readiness,Factor_Status,Lifecycle_Status,Access_Classification,Factor_Availability,Version,Last_Reviewed,Source_Workbook,Source_Sheet,Source_Row
CEF-0001,CARD-0004,Adopt a net-zero buildings plan — Efficiency,efficiency,Energy & Buildings,Efficiency Factors,,Efficiency,,"Developing a net-zero building plan improves capital sequencing and accountability through a portfolio baseline, costed pathway and milestone tracking.",Buildings & Refrigerants & Fugitive Emissions,,,,,,,Empty published value; numeric columns left blank.,,,,,,published_display,,,"Restaurants, QSRs, Pubs/Bars/Breweries, Hotels, Experiential Leisure; Contract Caterers only where delegated asset/capital control is documented","Exclude sites where the operator does not control the relevant asset, utility, specification or capital decision.",,,,,0,,"Developing a net-zero building plan improves capital sequencing and accountability through a portfolio baseline, costed pathway and milestone tracking.","Exclude sites where the operator does not control the relevant asset, utility, specification or capital decision.",SG-INIT-0001,ALL_FOUR_SLOTS,DISPLAY_ONLY,display_only,ACTIVE,ACTIVE,PUBLIC,GAP,1.0,2026-08-18,Consolidate.xlsx,工作表1,2
CEF-0002,CARD-0008,Measure and verify building energy performance — Efficiency,efficiency,Energy & Buildings,Efficiency Factors,,Efficiency,,Measuring and verifying performance identified an additional cost-saving opportunity equal to 2.9% of annual reported savings.,Buildings & Refrigerants & Fugitive Emissions,2.9% additional cost-saving opportunity identified versus annual reported savings,2.9% additional cost-saving opportunity identified versus annual reported savings,,,2.9,,Single published figure stored as Value_Base.,,percent,,% additional cost saving opportunity identified versus annual reported savings,annual,published_display,annual,,"Restaurants, QSRs, Pubs/Bars/Breweries, Hotels, Contract Caterers, Experiential Leisure",Exclude sites without sufficient interval or billing data until a baseline can be established.,,,,CEVID-0004,2,£13.1275m ÷ £447.6676m = 2.9%,Measuring and verifying performance identified an additional cost-saving opportunity equal to 2.9% of annual reported savings.,Exclude sites without sufficient interval or billing data until a baseline can be established.,SG-INIT-0002,ALL_FOUR_SLOTS,DISPLAY_ONLY,display_only,ACTIVE,ACTIVE,PUBLIC,STANDARD,1.0,2026-08-18,Consolidate.xlsx,工作表1,3
CEF-0003,CARD-0012,Optimise and upgrade HVAC systems and controls — Efficiency,efficiency,Energy & Buildings,Efficiency Factors,,Efficiency,,Recommissioning restores intended control performance before capital replacement; benchmark upgrades raise chiller SSEER from 3.6 to 4.4 and reduce AHU SFP from 2.6 to 2.3 W/(l/s).,Buildings & Refrigerants & Fugitive Emissions,"Recommissioning: median 6.4% whole-building source-energy saving
Chiller specification benchmark: SSEER 3.6 → 4.4 (+22.2%); theoretical input-energy reduction 18.2% at equal cooling output
AHU specification benchmark: SFP 2.6 → 2.3 W/(l/s) (−11.5%) at equal airflow and runtime",Recommissioning: median 6.4% whole-building source-energy saving,Chiller specification benchmark: SSEER 3.6 → 4.4 (+22.2%); theoretical input-energy reduction 18.2% at equal cooling output | AHU specification benchmark: SFP 2.6 → 2.3 W/(l/s) (−11.5%) at equal airflow and runtime,,6.4,,Single published figure stored as Value_Base.,,percent,s,Recommissioning: median % whole building source energy saving Chiller specification benchmark: SSEER → (+%); theoretical input energy reduction % at equal cooling output AHU specification benchmark: SFP → W/(l/s) (−%) at equal airflow and runtime,,published_display,,,"Restaurants, QSRs, Pubs/Bars/Breweries, Hotels, Experiential Leisure; Contract Caterers only where delegated asset/capital control is documented","Exclude sites where the operator does not control the relevant asset, utility, specification or capital decision.",,,,CEVID-0015,2,"Chiller SSEER uplift = (4.4−3.6)÷3.6=22.2%; theoretical input-energy reduction = 1−(3.6÷4.4)=18.2%
AHU SFP reduction = (2.6−2.3)÷2.6=11.5%; actual site performance depends on load, controls, ductwork and operating hours
Recommissioning median 6.4% reflects whole-building source-energy savings across the cited project sample and is not additive to the equipment-specific benchmarks",Recommissioning restores intended control performance before capital replacement; benchmark upgrades raise chiller SSEER from 3.6 to 4.4 and reduce AHU SFP from 2.6 to 2.3 W/(l/s).,"Exclude sites where the operator does not control the relevant asset, utility, specification or capital decision.",SG-INIT-0003,ALL_FOUR_SLOTS,DISPLAY_ONLY,display_only,ACTIVE,ACTIVE,PUBLIC,STANDARD,1.0,2026-08-18,Consolidate.xlsx,工作表1,4
CEF-0004,CARD-0016,Install smart draught beverage dispense systems — Efficiency,efficiency,Energy & Buildings,Efficiency Factors,,Efficiency,,"Extending line cleaning from weekly to every 6–12 weeks saves around 18,000 pints of beer, water, gas and chemicals and 156 staff hours a year, while consistent quality and training are associated with a 4% sales increase.",Energy Management,"18,000 pints/year combined beer, water, gas and chemicals; 156 staff hours/year; 85% reduction in beer, water, CO2 and cleaning-material waste from weekly to six-weekly cleaning; average 8,000 pints of water/year; 4% annual sales increase","18,000 pints/year combined beer, water, gas and chemicals; 156 staff hours/year; 85% reduction in beer, water, CO2 and cleaning-material waste from weekly to six-weekly cleaning; average 8,000 pints of water/year; 4% annual sales increase",,,18000,,Single published figure stored as Value_Base.,,percent,year,pints/year combined beer water gas and chemicals; staff hours/year; % reduction in beer water CO and cleaning material waste from weekly to six weekly cleaning; average pints of water/year; % annual sales increase,annual,published_display,annual,,"Pubs, bars and breweries; restaurants, hotels, experiential leisure and contract caterers operating draught beer or cider","Sites without draught beer or cider service, including most QSR; concession sites without control of dispense equipment",,,,CEVID-0020,3,"The 18,000-pint figure is HEINEKEN’s current CellarPro average for 10 taps, weekly baseline cleaning and at least three kegs per tap per week. The 156 hours assumes three staff hours per week avoided. The 85% figure compares weekly with six-weekly cleaning. The 4% sales result comprises 3% attributed to improved quality and 1% to staff training in Vianet Beer Insights 2019/20. These outcomes overlap and should not be added together.","Extending line cleaning from weekly to every 6–12 weeks saves around 18,000 pints of beer, water, gas and chemicals and 156 staff hours a year, while consistent quality and training are associated with a 4% sales increase.","Sites without draught beer or cider service, including most QSR; concession sites without control of dispense equipment",SG-INIT-0004,ALL_FOUR_SLOTS,DISPLAY_ONLY,display_only,ACTIVE,ACTIVE,PUBLIC,STANDARD,1.0,2026-08-18,Consolidate.xlsx,工作表1,5
CEF-0005,CARD-0020,Install timer controls across eligible equipment — Efficiency,efficiency,Energy & Buildings,Efficiency Factors,,Efficiency,,"Removing eight unnecessary operating hours from a 24-hour schedule reduces runtime by 33.3%, while hospitality cases achieved 25% lower remote-cooler energy use and 75% lower whirlpool-blower runtime.",Buildings & Refrigerants & Fugitive Emissions,"Normalised constant load: 8 ÷ 24 = 33.3% runtime reduction; Stonegate Smart Python Timers: further 25% remote-cooler energy reduction; hotel 15-minute run-back timer: 4,380 hours/year or 75% blower-runtime reduction and 11,000 kWh/year; Hospitality Sector Council guidance: up to 40% kitchen-energy reduction when cooking equipment operates only when required; QSR supplier case: up to 27% walk-in, 43% HVAC and 8% lighting energy reduction","Normalised constant load: 8 ÷ 24 = 33.3% runtime reduction; Stonegate Smart Python Timers: further 25% remote-cooler energy reduction; hotel 15-minute run-back timer: 4,380 hours/year or 75% blower-runtime reduction and 11,000 kWh/year; Hospitality Sector Council guidance: up to 40% kitchen-energy reduction when cooking equipment operates only when required; QSR supplier case: up to 27% walk-in, 43% HVAC and 8% lighting energy reduction",,,8,,Single published figure stored as Value_Base.,,percent,year,Normalised constant load: ÷ = % runtime reduction; Stonegate Smart Python Timers: further % remote cooler energy reduction; hotel minute run back timer: hours/year or % blower runtime reduction and kWh/year; Hospitality Sector Council guidance: up to % kitchen energy reduction when cooking equipment operates only when required; QSR supplier case: up to % walk in % HVAC and % lighting energy reduction,annual,published_display,annual,,"Restaurants; QSR; pubs, bars and breweries; contract caterers with control of site equipment; hotels; experiential leisure","Life-safety, security and IT systems; food-storage refrigeration compressors without validated smart controls; 24/7 guest-critical loads; equipment without a safe shutdown sequence or asset-control rights",,,,CEVID-0030,4,Runtime reduction is a direct proxy only for constant loads. Cycling loads require before-and-after metering because energy does not always fall one-for-one with operating hours. The Stonegate and hotel results are equipment-specific direct benchmarks; the kitchen figure is sector guidance; the QSR figures are supplier-reported results from a three-site six-week test and should be treated as indicative rather than additive.,"Removing eight unnecessary operating hours from a 24-hour schedule reduces runtime by 33.3%, while hospitality cases achieved 25% lower remote-cooler energy use and 75% lower whirlpool-blower runtime.","Life-safety, security and IT systems; food-storage refrigeration compressors without validated smart controls; 24/7 guest-critical loads; equipment without a safe shutdown sequence or asset-control rights",SG-INIT-0005,ALL_FOUR_SLOTS,DISPLAY_ONLY,display_only,ACTIVE,ACTIVE,PUBLIC,STANDARD,1.0,2026-08-18,Consolidate.xlsx,工作表1,6
CEF-0006,CARD-0024,"Optimise fans and pumps with variable-speed drives, efficient motors and demand controls — Efficiency",efficiency,Energy & Buildings,Efficiency Factors,,Efficiency,,Reducing pump speed by 16% with a VSD cut measured power demand by 41.8%; high-efficiency motors use 2%–5% less energy; demand-controlled kitchen ventilation cut fan electricity by 69% in the pub case.,Buildings & Refrigerants & Fugitive Emissions,"VSD building-pump case: 16% speed reduction → 41.8% measured power-demand reduction
High-efficiency motors: 2%–5% lower energy use
Demand-controlled kitchen ventilation: 69% fan-energy reduction in the Jack Fairman pub case; 50%–60% supplier-stated typical reduction",VSD building-pump case: 16% speed reduction → 41.8% measured power-demand reduction,High-efficiency motors: 2%–5% lower energy use | Demand-controlled kitchen ventilation: 69% fan-energy reduction in the Jack Fairman pub case; 50%–60% supplier-stated typical reduction,2,,5,Range taken from the published display string. Value_Base left blank (no midpoint invented).,,percent,,VSD building pump case: % speed reduction → % measured power demand reduction High efficiency motors: % lower energy use Demand controlled kitchen ventilation: % fan energy reduction in the Jack Fairman pub case; % supplier stated typical reduction,,published_display,,,"Restaurants, QSRs, Pubs/Bars/Breweries, Hotels, Contract Caterers, Experiential Leisure; kitchen demand controls apply only where commercial kitchens and relevant asset/control rights exist","Fixed-speed or process-critical loads where compatibility, duty profile or run hours do not support variable control; sites without commercial kitchens for DCKV; sites where the operator cannot modify ventilation or motor controls.",,,,CEVID-0042,3,"The VSD result is measured; ideal variable-torque cross-check = 1−0.84³ = 40.7%, versus 41.8% measured. The high-efficiency-motor range is guidance and depends on existing/replacement efficiency, loading and operating hours. For DCKV, implied baseline fan electricity = 36,167 kWh ÷ 69% = 52,416 kWh/year and implied post-installation use = 16,249 kWh/year; the 50%–60% range is supplier-reported, not guaranteed.",Reducing pump speed by 16% with a VSD cut measured power demand by 41.8%; high-efficiency motors use 2%–5% less energy; demand-controlled kitchen ventilation cut fan electricity by 69% in the pub case.,"Fixed-speed or process-critical loads where compatibility, duty profile or run hours do not support variable control; sites without commercial kitchens for DCKV; sites where the operator cannot modify ventilation or motor controls.",SG-INIT-0006,ALL_FOUR_SLOTS,DISPLAY_ONLY,display_only,ACTIVE,ACTIVE,PUBLIC,STANDARD,1.0,2026-08-18,Consolidate.xlsx,工作表1,7
CEF-0007,CARD-0028,"Recover and reuse waste heat from refrigeration, cooking or wastewater — Efficiency",efficiency,Energy & Buildings,Efficiency Factors,,Efficiency,,"Recovering refrigeration heat produced 943 MWhth/year from a 250 kWth exchanger, while cooking-extract recovery was modelled at 80 MWh/year.",Buildings & Refrigerants & Fugitive Emissions,"Refrigeration case: 943 MWhth/year recovered from a 250 kWth exchanger
Cooking-extract heat recovery: 80 MWh/year simulated per restaurant, not yet verified
Wastewater heat recovery: ETL Heat Recovery Score ≥0.30 horizontal; ≥0.50 vertical/plant-room",Refrigeration case: 943 MWhth/year recovered from a 250 kWth exchanger,"Cooking-extract heat recovery: 80 MWh/year simulated per restaurant, not yet verified | Wastewater heat recovery: ETL Heat Recovery Score ≥0.30 horizontal; ≥0.50 vertical/plant-room",,943,,Single published figure stored as Value_Base.,,,year,Refrigeration case: MWhth/year recovered from a kWth exchanger Cooking extract heat recovery: MWh/year simulated per restaurant not yet verified Wastewater heat recovery: ETL Heat Recovery Score ≥ horizontal; ≥ vertical/plant room,annual,published_display,annual,,"Restaurants, QSRs, Pubs/Bars/Breweries, Hotels, Contract Caterers, Experiential Leisure","Sites without a stable heat source and coincident heat demand, or without asset/pipework control.",,,,CEVID-0050,3,"Refrigeration case equivalent utilisation = 943,000 kWh ÷ 250 kW = 3,772 full-load hours/year. Cooking-extract value is a Hospitality Sector Council simulation; the field-trial result and payback were not published. Wastewater score combines tested heat-recovery efficiency and an installation utilisation factor.","Recovering refrigeration heat produced 943 MWhth/year from a 250 kWth exchanger, while cooking-extract recovery was modelled at 80 MWh/year.","Sites without a stable heat source and coincident heat demand, or without asset/pipework control.",SG-INIT-0007,ALL_FOUR_SLOTS,DISPLAY_ONLY,display_only,ACTIVE,ACTIVE,PUBLIC,STANDARD,1.0,2026-08-18,Consolidate.xlsx,工作表1,8
CEF-0008,CARD-0032,Upgrade boiler burner controls and balance heat-distribution systems — Efficiency,efficiency,Energy & Buildings,Efficiency Factors,,Efficiency,,"Upgrading burner controls improved gross efficiency by 0.84%, reduced fuel cost by 7.03%, emissions by 15.14% and NOx by 59.26%.",Buildings & Refrigerants & Fugitive Emissions,NHS: 0.84% gross efficiency improvement; 7.03% fuel-cost reduction; 15.14% emissions reduction; 59.26% NOx reduction,NHS: 0.84% gross efficiency improvement; 7.03% fuel-cost reduction; 15.14% emissions reduction; 59.26% NOx reduction,,,0.84,,Single published figure stored as Value_Base.,,percent,,NHS: % gross efficiency improvement; % fuel cost reduction; % emissions reduction; % NOx reduction,,published_display,,,"Restaurants, QSRs, Pubs/Bars/Breweries, Hotels, Experiential Leisure; Contract Caterers only where delegated asset/capital control is documented","Exclude sites where the operator does not control the relevant asset, utility, specification or capital decision.",,,,CEVID-0056,1,Published before/after reductions = 0.84% / 7.03% / 15.14% / 59.26%,"Upgrading burner controls improved gross efficiency by 0.84%, reduced fuel cost by 7.03%, emissions by 15.14% and NOx by 59.26%.","Exclude sites where the operator does not control the relevant asset, utility, specification or capital decision.",SG-INIT-0008,ALL_FOUR_SLOTS,DISPLAY_ONLY,display_only,ACTIVE,ACTIVE,PUBLIC,STANDARD,1.0,2026-08-18,Consolidate.xlsx,工作表1,9
CEF-0009,CARD-0036,"Upgrade domestic hot-water generation, storage and circulation controls — Efficiency",efficiency,Energy & Buildings,Efficiency Factors,,Efficiency,,Controlling hot-water circulation reduced DHW thermal energy by 9.9%–15.9% and pump electricity by 70%–93%.,Buildings & Refrigerants & Fugitive Emissions,Measured hotel cases: 9.9%–15.9% lower DHW thermal energy; 70%–93% lower recirculation-pump electricity; no reduction in hot-water use,Measured hotel cases: 9.9%–15.9% lower DHW thermal energy; 70%–93% lower recirculation-pump electricity; no reduction in hot-water use,,9.9,,15.9,Range taken from the published display string. Value_Base left blank (no midpoint invented).,,percent,,Measured hotel cases: % lower DHW thermal energy; % lower recirculation pump electricity; no reduction in hot water use,,published_display,,,"Restaurants, QSRs, Pubs/Bars/Breweries, Hotels, Experiential Leisure; Contract Caterers only where delegated asset/capital control is documented","Exclude sites where the operator does not control the relevant asset, utility, specification or capital decision.",,,,CEVID-0063,1,"Hotel 1: 986 ÷ 9,965 = 9.9% thermal; 2,575 ÷ 3,679 = 70.0% pump electricity
Hotel 2: 1,304 ÷ 8,211 = 15.9% thermal; 627 ÷ 675 = 92.9% pump electricity
Daily hot-water use remained 3,210 and 1,822 gallons respectively.",Controlling hot-water circulation reduced DHW thermal energy by 9.9%–15.9% and pump electricity by 70%–93%.,"Exclude sites where the operator does not control the relevant asset, utility, specification or capital decision.",SG-INIT-0009,ALL_FOUR_SLOTS,DISPLAY_ONLY,display_only,ACTIVE,ACTIVE,PUBLIC,STANDARD,1.0,2026-08-18,Consolidate.xlsx,工作表1,10
CEF-0010,CARD-0040,"Automate shutdown of non-HVAC, non-lighting equipment outside operating hours — Efficiency",efficiency,Energy & Buildings,Efficiency Factors,,Efficiency,,"Installing timers and automated shutdown controls reduced plug loads by 48% on average, including 26% at workstations and nearly 50% in kitchens and printer rooms.",Buildings & Refrigerants & Fugitive Emissions,48% average plug-load reduction; 26% at workstations; nearly 50% in kitchens/printer rooms,48% average plug-load reduction; 26% at workstations; nearly 50% in kitchens/printer rooms,,,48,,Single published figure stored as Value_Base.,,percent,printer,% average plug load reduction; % at workstations; nearly % in kitchens/printer rooms,,published_display,,,"Restaurants, QSRs, Pubs/Bars/Breweries, Hotels, Contract Caterers, Experiential Leisure","Safety-critical, food-safety, refrigeration, life-safety or continuously required loads.",,,,CEVID-0069,1,Measured schedule-timer savings across eight GSA office buildings,"Installing timers and automated shutdown controls reduced plug loads by 48% on average, including 26% at workstations and nearly 50% in kitchens and printer rooms.","Safety-critical, food-safety, refrigeration, life-safety or continuously required loads.",SG-INIT-0010,ALL_FOUR_SLOTS,DISPLAY_ONLY,display_only,ACTIVE,ACTIVE,PUBLIC,STANDARD,1.0,2026-08-18,Consolidate.xlsx,工作表1,11
CEF-0011,CARD-0044,"Implement power management for small-power, IT and server-room equipment — Efficiency",efficiency,Energy & Buildings,Efficiency Factors,,Efficiency,,"Applying computer power management reduced electricity use by 74%, saving 288 kWh per computer per year.",Buildings & Refrigerants & Fugitive Emissions,74% electricity reduction; 288 kWh/computer-year saved,74% electricity reduction; 288 kWh/computer-year saved,,,74,,Single published figure stored as Value_Base.,,percent,computer,% electricity reduction; kWh/computer year saved,,published_display,year,,"Hotels, larger Restaurants/QSRs, Pubs/Bars/Breweries, Contract Caterers and Experiential Leisure with material managed IT loads",Sites with only negligible or landlord-controlled IT loads.,,,,CEVID-0070,1,"(33−9) × 12 = 288 kWh/year; (120,000−31,000) ÷ 120,000 = 74%","Applying computer power management reduced electricity use by 74%, saving 288 kWh per computer per year.",Sites with only negligible or landlord-controlled IT loads.,SG-INIT-0011,ALL_FOUR_SLOTS,DISPLAY_ONLY,display_only,ACTIVE,ACTIVE,PUBLIC,STANDARD,1.0,2026-08-18,Consolidate.xlsx,工作表1,12
CEF-0012,CARD-0048,Upgrade lift and escalator drives and controls — Efficiency,efficiency,Energy & Buildings,Efficiency Factors,,Efficiency,,Upgrading lift drives and controls reduced lift electricity use by 56%. A separate hotel case reduced watt-hours by 45% and peak demand by 31%.,Buildings & Refrigerants & Fugitive Emissions,56% lower lift electricity; separate hotel case: 45% lower watt-hours and 31% lower peak demand,56% lower lift electricity; separate hotel case: 45% lower watt-hours and 31% lower peak demand,,,56,,Single published figure stored as Value_Base.,,percent,,% lower lift electricity; separate hotel case: % lower watt hours and % lower peak demand,,published_display,,,"Hotels, Experiential Leisure and multi-storey hospitality sites with controlled lifts/escalators",Single-storey sites and landlord-controlled vertical transport.,,,,CEVID-0076,2,Published hotel-modernisation outcomes; scope and traffic profile determine transferability,Upgrading lift drives and controls reduced lift electricity use by 56%. A separate hotel case reduced watt-hours by 45% and peak demand by 31%.,Single-storey sites and landlord-controlled vertical transport.,SG-INIT-0012,ALL_FOUR_SLOTS,DISPLAY_ONLY,display_only,ACTIVE,ACTIVE,PUBLIC,STANDARD,1.0,2026-08-18,Consolidate.xlsx,工作表1,13
CEF-0013,CARD-0052,"Optimise swimming-pool circulation, heating, covers and backwashing — Efficiency",efficiency,Energy & Buildings,Efficiency Factors,,Efficiency,,"Installing variable-speed pool circulation saved 48,000 kWh per VSD per year without measurable deterioration in pool-water quality.",Buildings & Refrigerants & Fugitive Emissions,"48,000 kWh/VSD-year saved; no measurable pool-water quality deterioration","48,000 kWh/VSD-year saved; no measurable pool-water quality deterioration",,,48000,,Single published figure stored as Value_Base.,,,VSD,kWh/VSD year saved; no measurable pool water quality deterioration,,published_display,year,,Hotels and Experiential Leisure with swimming pools,All sites without pools; landlord-controlled pool plant.,,,,CEVID-0079,1,"240,000 kWh ÷ 5 VSDs = 48,000 kWh/VSD-year","Installing variable-speed pool circulation saved 48,000 kWh per VSD per year without measurable deterioration in pool-water quality.",All sites without pools; landlord-controlled pool plant.,SG-INIT-0013,ALL_FOUR_SLOTS,DISPLAY_ONLY,display_only,ACTIVE,ACTIVE,PUBLIC,STANDARD,1.0,2026-08-18,Consolidate.xlsx,工作表1,14
CEF-0014,CARD-0056,Replace high-GWP refrigerants with lower-GWP alternatives during planned plant intervention — Efficiency,efficiency,Energy & Buildings,Efficiency Factors,,Efficiency,,"Switching to lower-GWP refrigerants reduced installation cost by 0%–15%, maintenance cost by 50% and heating cost by 75%–85% in the cited cases.",Buildings & Refrigerants & Fugitive Emissions,0–15% lower installation cost; 50% lower maintenance cost; 75–85% lower heating cost,0–15% lower installation cost; 50% lower maintenance cost; 75–85% lower heating cost,,0,,15,Range taken from the published display string. Value_Base left blank (no midpoint invented).,,percent,,% lower installation cost; % lower maintenance cost; % lower heating cost,,published_display,,,"Restaurants, QSRs, Pubs/Bars/Breweries, Hotels, Contract Caterers, Experiential Leisure","Equipment where the alternative is unsafe, unlawful or incompatible without full replacement.",,,,CEVID-0081,1,Published Sobeys case results; not a universal hospitality benchmark,"Switching to lower-GWP refrigerants reduced installation cost by 0%–15%, maintenance cost by 50% and heating cost by 75%–85% in the cited cases.","Equipment where the alternative is unsafe, unlawful or incompatible without full replacement.",SG-INIT-0014,ALL_FOUR_SLOTS,DISPLAY_ONLY,display_only,ACTIVE,ACTIVE,PUBLIC,STANDARD,1.0,2026-08-18,Consolidate.xlsx,工作表1,15
CEF-0015,CARD-0060,Install refrigerant leak detection and implement rapid repair — Efficiency,efficiency,Energy & Buildings,Efficiency Factors,,Efficiency,,Installing leak detection can reduce energy cost by up to 15%; leaking systems were 11% less efficient.,Buildings & Refrigerants & Fugitive Emissions,Up to 15% energy-cost saving; average annual leakage 20% of charge; leaking system 11% less efficient,Up to 15% energy-cost saving; average annual leakage 20% of charge; leaking system 11% less efficient,,,15,,Single published figure stored as Value_Base.,,percent,,Up to % energy cost saving; average annual leakage % of charge; leaking system % less efficient,annual,published_display,annual,,"Restaurants, QSRs, Pubs/Bars/Breweries, Hotels, Contract Caterers, Experiential Leisure",Equipment with no refrigerant charge or outside the operator's maintenance control.,,,,CEVID-0085,1,Published commercial-refrigeration leakage benchmark,Installing leak detection can reduce energy cost by up to 15%; leaking systems were 11% less efficient.,Equipment with no refrigerant charge or outside the operator's maintenance control.,SG-INIT-0015,ALL_FOUR_SLOTS,DISPLAY_ONLY,display_only,ACTIVE,ACTIVE,PUBLIC,STANDARD,1.0,2026-08-18,Consolidate.xlsx,工作表1,16
CEF-0016,CARD-0064,Maintain a governed refrigerant inventory and leakage record — Efficiency,efficiency,Energy & Buildings,Efficiency Factors,,Efficiency,,Maintaining a refrigerant inventory shortens alarm-to-repair time and provides complete asset-level compliance records.,Buildings & Refrigerants & Fugitive Emissions,Faster refrigerant-event closure; eliminates lag between detection and resolution,,,,,,Display text has no parseable number; numeric columns left blank.,,,,Faster refrigerant event closure; eliminates lag between detection and resolution,,published_display,,,"Restaurants, QSRs, Pubs/Bars/Breweries, Hotels, Contract Caterers, Experiential Leisure",Equipment demonstrably outside the reporting and maintenance boundary.,,,,CEVID-0086,1,Centralised records + automated inspection/repair deadlines + instant action triggers,Maintaining a refrigerant inventory shortens alarm-to-repair time and provides complete asset-level compliance records.,Equipment demonstrably outside the reporting and maintenance boundary.,SG-INIT-0016,ALL_FOUR_SLOTS,DISPLAY_ONLY,display_only,ACTIVE,ACTIVE,PUBLIC,STANDARD,1.0,2026-08-18,Consolidate.xlsx,工作表1,17
CEF-0017,CARD-0068,Recover refrigerants at equipment end of life and document transfer — Efficiency,efficiency,Energy & Buildings,Efficiency Factors,,Efficiency,,Recovering refrigerants during equipment decommissioning provides ≥90% refrigerant recovery; treatment plant designed to remove and collect >99%.,Buildings & Refrigerants & Fugitive Emissions,≥90% refrigerant recovery; treatment plant designed to remove and collect >99%,≥90% refrigerant recovery; treatment plant designed to remove and collect >99%,,,90,,Single published figure stored as Value_Base.,,percent,,≥% refrigerant recovery; treatment plant designed to remove and collect >%,,published_display,,,"Restaurants, QSRs, Pubs/Bars/Breweries, Hotels, Contract Caterers, Experiential Leisure",Equipment outside the organisation's decommissioning or procurement control.,,,,CEVID-0091,1,Recovery rate = refrigerant recovered ÷ (appliance mass loss − oil recovered) × 100,Recovering refrigerants during equipment decommissioning provides ≥90% refrigerant recovery; treatment plant designed to remove and collect >99%.,Equipment outside the organisation's decommissioning or procurement control.,SG-INIT-0017,ALL_FOUR_SLOTS,DISPLAY_ONLY,display_only,ACTIVE,ACTIVE,PUBLIC,STANDARD,1.0,2026-08-18,Consolidate.xlsx,工作表1,18
CEF-0018,CARD-0072,"Upgrade refrigeration equipment, doors, seals, fans and controls — Efficiency",efficiency,Energy & Buildings,Efficiency Factors,,Efficiency,,"Upgrading refrigeration equipment and controls reduced electricity use by 82.8%, saved 1,423.5 kWh per cooler per year and extended fan life from 4 years to nearly 8 years.",Buildings & Refrigerants & Fugitive Emissions,"82.8% lower electricity; 1,423.5 kWh/cooler-year saved; fan life 4→nearly 8 years","82.8% lower electricity; 1,423.5 kWh/cooler-year saved; fan life 4→nearly 8 years",,,82.8,,Single published figure stored as Value_Base.,,percent,cooler,% lower electricity; kWh/cooler year saved; fan life →nearly years,,published_display,year,,"Restaurants, QSRs, Pubs/Bars/Breweries, Hotels, Contract Caterers, Experiential Leisure",Landlord- or supplier-owned equipment without operator upgrade authority.,,,,CEVID-0093,1,"(4.71−0.81) ÷ 4.71 = 82.8%; (4.71−0.81) × 365 = 1,423.5 kWh/year","Upgrading refrigeration equipment and controls reduced electricity use by 82.8%, saved 1,423.5 kWh per cooler per year and extended fan life from 4 years to nearly 8 years.",Landlord- or supplier-owned equipment without operator upgrade authority.,SG-INIT-0018,ALL_FOUR_SLOTS,DISPLAY_ONLY,display_only,ACTIVE,ACTIVE,PUBLIC,STANDARD,1.0,2026-08-18,Consolidate.xlsx,工作表1,19
CEF-0019,CARD-0076,Adopt a validated warmer freezer setpoint where product and food-safety rules allow — Efficiency,efficiency,Energy & Buildings,Efficiency Factors,,Efficiency,,Raising validated freezer setpoints from −18°C to −15°C reduced freezer energy use by 10% on average.,Buildings & Refrigerants & Fugitive Emissions,10% average freezer-energy reduction for −18°C to −15°C,10% average freezer-energy reduction for −18°C to −15°C,,,10,,Single published figure stored as Value_Base.,,percent,,% average freezer energy reduction for −°C to −°C,,published_display,,,"Restaurants, QSRs, Pubs/Bars/Breweries, Hotels, Contract Caterers, Experiential Leisure",Products/equipment requiring colder temperatures or lacking technical and food-safety approval.,,,,CEVID-0096,1,Field testing across >24 commercial freezers in restaurants and hotels; validate food quality and safety before adoption,Raising validated freezer setpoints from −18°C to −15°C reduced freezer energy use by 10% on average.,Products/equipment requiring colder temperatures or lacking technical and food-safety approval.,SG-INIT-0019,ALL_FOUR_SLOTS,DISPLAY_ONLY,display_only,ACTIVE,ACTIVE,PUBLIC,STANDARD,1.0,2026-08-18,Consolidate.xlsx,工作表1,20
CEF-0020,CARD-0080,Phase out fossil-fuelled patio heaters and avoid unnecessary outdoor heating — Efficiency,efficiency,Energy & Buildings,Efficiency Factors,,Efficiency,,Replacing gas patio heating with targeted infrared units reduced running cost by 66.7% in the cited comparison while directing heat toward people and objects.,Buildings & Refrigerants & Fugitive Emissions,66.7% lower running cost if gas is replaced by electric; infrared targets people/objects,66.7% lower running cost if gas is replaced by electric; infrared targets people/objects,,,66.7,,Single published figure stored as Value_Base.,,percent,objects,% lower running cost if gas is replaced by electric; infrared targets people/objects,,published_display,,,"Restaurants, Pubs/Bars/Breweries and Hotels with outdoor trading areas",Sites without outdoor heating or without authority over the equipment/energy.,,,,CEVID-0101,1,(£9.30 − £3.10) ÷ £9.30 = 66.7%,Replacing gas patio heating with targeted infrared units reduced running cost by 66.7% in the cited comparison while directing heat toward people and objects.,Sites without outdoor heating or without authority over the equipment/energy.,SG-INIT-0020,ALL_FOUR_SLOTS,DISPLAY_ONLY,display_only,ACTIVE,ACTIVE,PUBLIC,STANDARD,1.0,2026-08-18,Consolidate.xlsx,工作表1,21
CEF-0021,CARD-0084,Conduct whole-life carbon assessments for major capital projects — Efficiency,efficiency,Energy & Buildings,Efficiency Factors,,Efficiency,,"Completing a whole-life carbon assessment identified a 169 kgCO₂e/m² reduction, equal to 29.2%.",Capital Goods (sub group supply chain),169 kgCO₂e/m² lower WLC estimate (29.2%),169 kgCO₂e/m² lower WLC estimate (29.2%),,,169,,Single published figure stored as Value_Base.,,percent,m²,kgCO₂e/m² lower WLC estimate (%),,published_display,,,"Restaurants, QSRs, Pubs/Bars/Breweries, Hotels, Contract Caterers, Experiential Leisure",Minor works below the organisation's approved materiality threshold.,,,,CEVID-0102,1,578 − 409 = 169; 169 ÷ 578 = 29.2%,"Completing a whole-life carbon assessment identified a 169 kgCO₂e/m² reduction, equal to 29.2%.",Minor works below the organisation's approved materiality threshold.,SG-INIT-0021,ALL_FOUR_SLOTS,DISPLAY_ONLY,display_only,ACTIVE,ACTIVE,PUBLIC,STANDARD,1.0,2026-08-18,Consolidate.xlsx,工作表1,22
CEF-0022,CARD-0088,Set operational-energy and embodied-carbon targets for new construction and major refurbishment — Efficiency,efficiency,Energy & Buildings,Efficiency Factors,,Efficiency,,"Setting operational-energy and embodied-carbon targets provides set measurable operational-energy and upfront/whole-life-carbon targets at project brief stage, using consistent project type and life-cycle boundaries.",Capital Goods (sub group supply chain),,,,,,,Empty published value; numeric columns left blank.,,,,,,published_display,,,"Restaurants, QSRs, Pubs/Bars/Breweries, Hotels, Experiential Leisure; Contract Caterers only where delegated asset/capital control is documented","Exclude sites where the operator does not control the relevant asset, utility, specification or capital decision.",,,,,0,,"Setting operational-energy and embodied-carbon targets provides set measurable operational-energy and upfront/whole-life-carbon targets at project brief stage, using consistent project type and life-cycle boundaries.","Exclude sites where the operator does not control the relevant asset, utility, specification or capital decision.",SG-INIT-0022,ALL_FOUR_SLOTS,DISPLAY_ONLY,display_only,ACTIVE,ACTIVE,PUBLIC,GAP,1.0,2026-08-18,Consolidate.xlsx,工作表1,23
CEF-0023,CARD-0092,Apply carbon criteria at capital-project investment and design gates — Efficiency,efficiency,Energy & Buildings,Efficiency Factors,,Efficiency,,Applying carbon checks earlier reduces late redesign and rework.,Capital Goods (sub group supply chain),Earlier identification of carbon non-compliance; reduces late-stage redesign and rework risk,,,,,,Display text has no parseable number; numeric columns left blank.,,,,Earlier identification of carbon non compliance; reduces late stage redesign and rework risk,,published_display,,,"Restaurants, QSRs, Pubs/Bars/Breweries, Hotels, Experiential Leisure; Contract Caterers only where delegated asset/capital control is documented","Exclude sites where the operator does not control the relevant asset, utility, specification or capital decision.",,,,CEVID-0103,1,"Carbon evidence required before funding, design freeze and procurement decisions",Applying carbon checks earlier reduces late redesign and rework.,"Exclude sites where the operator does not control the relevant asset, utility, specification or capital decision.",SG-INIT-0023,ALL_FOUR_SLOTS,DISPLAY_ONLY,display_only,ACTIVE,ACTIVE,PUBLIC,STANDARD,1.0,2026-08-18,Consolidate.xlsx,工作表1,24
CEF-0024,CARD-0096,Require EPDs or product-specific carbon data for priority materials and equipment — Efficiency,efficiency,Energy & Buildings,Efficiency Factors,,Efficiency,,Requiring EPDs provides product-specific kgCO₂e per declared or functional unit for like-for-like procurement comparisons.,Capital Goods (sub group supply chain),Product-specific kgCO₂e per declared/functional unit; no universal reduction factor,,,,,,Display text has no parseable number; numeric columns left blank.,,mass_or_carbon,functional,Product specific kgCO₂e per declared/functional unit; no universal reduction factor,,published_display,,,"Restaurants, QSRs, Pubs/Bars/Breweries, Hotels, Contract Caterers, Experiential Leisure",Low-materiality purchases outside the approved priority list.,,,,CEVID-0103,1,Compare like-for-like EPD results using the same unit and life-cycle scope,Requiring EPDs provides product-specific kgCO₂e per declared or functional unit for like-for-like procurement comparisons.,Low-materiality purchases outside the approved priority list.,SG-INIT-0024,ALL_FOUR_SLOTS,DISPLAY_ONLY,display_only,ACTIVE,ACTIVE,PUBLIC,STANDARD,1.0,2026-08-18,Consolidate.xlsx,工作表1,25
CEF-0025,CARD-0100,"Prioritise refurbishment, reuse and adaptation before new construction — Efficiency",efficiency,Energy & Buildings,Efficiency Factors,,Efficiency,,Retaining and adapting the existing building reduced energy demand by 85% in the cited retrofit.,Capital Goods (sub group supply chain),85% lower energy demand,85% lower energy demand,,,85,,Single published figure stored as Value_Base.,,percent,,% lower energy demand,,published_display,,,"Restaurants, QSRs, Pubs/Bars/Breweries, Hotels, Experiential Leisure; Contract Caterers only where delegated asset/capital control is documented","Exclude sites where the operator does not control the relevant asset, utility, specification or capital decision.",,,,CEVID-0102,1,Post-retrofit demand = 15% of pre-retrofit demand,Retaining and adapting the existing building reduced energy demand by 85% in the cited retrofit.,"Exclude sites where the operator does not control the relevant asset, utility, specification or capital decision.",SG-INIT-0025,ALL_FOUR_SLOTS,DISPLAY_ONLY,display_only,ACTIVE,ACTIVE,PUBLIC,STANDARD,1.0,2026-08-18,Consolidate.xlsx,工作表1,26
CEF-0026,CARD-0104,Require component reuse and material recovery in building and fit-out projects — Efficiency,efficiency,Energy & Buildings,Efficiency Factors,,Efficiency,,"Reusing structural, floor-tile and fit-out components provides ~80% original structure retained; 33,450m² floor tiles and >500 beams reused.",Capital Goods (sub group supply chain),"~80% original structure retained; 33,450m² floor tiles and >500 beams reused","~80% original structure retained; 33,450m² floor tiles and >500 beams reused",,,80,,Single published figure stored as Value_Base.,,percent,,~% original structure retained; m² floor tiles and > beams reused,,published_display,,,"Restaurants, QSRs, Pubs/Bars/Breweries, Hotels, Contract Caterers, Experiential Leisure","Projects with no controlled strip-out, fit-out or material scope.",,,,CEVID-0106,1,Published Timber Square project quantities,"Reusing structural, floor-tile and fit-out components provides ~80% original structure retained; 33,450m² floor tiles and >500 beams reused.","Projects with no controlled strip-out, fit-out or material scope.",SG-INIT-0026,ALL_FOUR_SLOTS,DISPLAY_ONLY,display_only,ACTIVE,ACTIVE,PUBLIC,STANDARD,1.0,2026-08-18,Consolidate.xlsx,工作表1,27
CEF-0027,CARD-0108,Specify lower-carbon and responsibly sourced construction materials — Efficiency,efficiency,Energy & Buildings,Efficiency Factors,,Efficiency,,"Specifying these materials provides 35% recycled paint content, 77% recycled carpet content with a 15-year warranty and insulation rated at R2.70 m²K/W at 100mm.",Capital Goods (sub group supply chain),"Paint: 35% recycled content at 17m²/L coverage; carpet tile: 77% recycled content, Class 33 heavy contract, 15-year warranty; insulation: R2.70 m²K/W at 100mm, Euroclass A1","Paint: 35% recycled content at 17m²/L coverage; carpet tile: 77% recycled content, Class 33 heavy contract, 15-year warranty; insulation: R2.70 m²K/W at 100mm, Euroclass A1",,,35,,Single published figure stored as Value_Base.,,percent,L,Paint: % recycled content at m²/L coverage; carpet tile: % recycled content Class heavy contract year warranty; insulation: R m²K/W at mm Euroclass A,,published_display,year,,"Restaurants, QSRs, Pubs/Bars/Breweries, Hotels, Contract Caterers, Experiential Leisure",Purchases outside project/material specification control.,,,,CEVID-0108,4,Paint: 35%; 17m²/L. Carpet tile: 77%; Class 33; 15 years. Insulation: 100mm; λ0.037 W/mK; R2.70 m²K/W; A1,"Specifying these materials provides 35% recycled paint content, 77% recycled carpet content with a 15-year warranty and insulation rated at R2.70 m²K/W at 100mm.",Purchases outside project/material specification control.,SG-INIT-0027,ALL_FOUR_SLOTS,DISPLAY_ONLY,display_only,ACTIVE,ACTIVE,PUBLIC,STANDARD,1.0,2026-08-18,Consolidate.xlsx,工作表1,28
CEF-0028,CARD-0112,"Specify durability, repairability, modularity and supplier take-back for capital equipment — Efficiency",efficiency,Energy & Buildings,Efficiency Factors,,Efficiency,,"An A-rated fridge saves 384 kWh/year. A heat-recovery warewasher uses up to 15% less energy and 25% less water. An efficient combi oven uses about 20% less energy, raises productivity by 50% and cuts cooking time by 10%.",Capital Goods (sub group supply chain),"Fridge: 384 kWh/year less electricity. Warewasher: up to 15% less energy, up to 25% less water and 0.4 L less rinse water/cycle. Combi oven: approximately 20% less energy, 50% higher productivity and 10% shorter cooking time.","Fridge: 384 kWh/year less electricity. Warewasher: up to 15% less energy, up to 25% less water and 0.4 L less rinse water/cycle. Combi oven: approximately 20% less energy, 50% higher productivity and 10% shorter cooking time.",,,384,,Single published figure stored as Value_Base.,,percent,year,Fridge: kWh/year less electricity. Warewasher: up to % less energy up to % less water and L less rinse water/cycle. Combi oven: approximately % less energy % higher productivity and % shorter cooking time.,annual,published_display,annual,,"Restaurants, QSRs, Pubs/Bars/Breweries, Hotels, Contract Caterers, Experiential Leisure",Consumables and low-value purchases outside the capital-equipment policy.,,,,CEVID-0120,3,Fridge: 672 − 288 = 384 kWh/year. Warewasher: 15%; 25%; 0.4 L/cycle. Combi oven: 20%; 50%; 10%.,"An A-rated fridge saves 384 kWh/year. A heat-recovery warewasher uses up to 15% less energy and 25% less water. An efficient combi oven uses about 20% less energy, raises productivity by 50% and cuts cooking time by 10%.",Consumables and low-value purchases outside the capital-equipment policy.,SG-INIT-0028,ALL_FOUR_SLOTS,DISPLAY_ONLY,display_only,ACTIVE,ACTIVE,PUBLIC,STANDARD,1.0,2026-08-18,Consolidate.xlsx,工作表1,29
CEF-0029,CARD-0116,"Design buildings and fit-outs for adaptability, disassembly and material recovery — Efficiency",efficiency,Energy & Buildings,Efficiency Factors,,Efficiency,,Using reconfigurable layouts made 90% of the floorplate adaptable and reduced future strip-out and refit.,Capital Goods (sub group supply chain),90% of floorplate reconfigurable; fixtures and furnishings demountable,90% of floorplate reconfigurable; fixtures and furnishings demountable,,,90,,Single published figure stored as Value_Base.,,percent,,% of floorplate reconfigurable; fixtures and furnishings demountable,,published_display,,,"Restaurants, QSRs, Pubs/Bars/Breweries, Hotels, Experiential Leisure; Contract Caterers only where delegated asset/capital control is documented","Exclude sites where the operator does not control the relevant asset, utility, specification or capital decision.",,,,CEVID-0127,1,Published JLL design outcome,Using reconfigurable layouts made 90% of the floorplate adaptable and reduced future strip-out and refit.,"Exclude sites where the operator does not control the relevant asset, utility, specification or capital decision.",SG-INIT-0029,ALL_FOUR_SLOTS,DISPLAY_ONLY,display_only,ACTIVE,ACTIVE,PUBLIC,STANDARD,1.0,2026-08-18,Consolidate.xlsx,工作表1,30
CEF-0030,CARD-0120,Commission new buildings and major refurbishments against designed operational performance — Efficiency,efficiency,Energy & Buildings,Efficiency Factors,,Efficiency,,"Optimising BEMS, HVAC, chiller and CHP systems reduced total energy use by 30%, including 17% electricity and 41% gas.",Capital Goods (sub group supply chain),Case-specific result: 30% lower total energy use; electricity use reduced by 17%; gas use reduced by 41%.,Case-specific result: 30% lower total energy use; electricity use reduced by 17%; gas use reduced by 41%.,,,30,,Single published figure stored as Value_Base.,,percent,,Case specific result: % lower total energy use; electricity use reduced by %; gas use reduced by %.,,published_display,,,"Restaurants, QSRs, Pubs/Bars/Breweries, Hotels, Experiential Leisure; Contract Caterers only where delegated asset/capital control is documented","Exclude sites where the operator does not control the relevant asset, utility, specification or capital decision.",,,,CEVID-0128,1,Total reduction = [(baseline electricity kWh × 17%) + (baseline gas kWh × 41%)] ÷ (baseline electricity kWh + baseline gas kWh) = 30%. The source reports the measured result but does not disclose the baseline electricity/gas split.,"Optimising BEMS, HVAC, chiller and CHP systems reduced total energy use by 30%, including 17% electricity and 41% gas.","Exclude sites where the operator does not control the relevant asset, utility, specification or capital decision.",SG-INIT-0030,ALL_FOUR_SLOTS,DISPLAY_ONLY,display_only,ACTIVE,ACTIVE,PUBLIC,STANDARD,1.0,2026-08-18,Consolidate.xlsx,工作表1,31
CEF-0031,CARD-0124,Apply verified energy-efficiency criteria when replacing kitchen equipment — Efficiency,efficiency,Energy & Buildings,Efficiency Factors,,Efficiency,,Applying ETL-based criteria gives procurement teams independently verified equipment performance and auditable compliance.,Capital Goods (sub group supply chain),No standalone operational-efficiency gain directly attributable. Direct impact: higher procurement compliance and auditable energy-performance evidence.,,,,,,Display text has no parseable number; numeric columns left blank.,,,,No standalone operational efficiency gain directly attributable. Direct impact: higher procurement compliance and auditable energy performance evidence.,,published_display,,,"Restaurants, QSRs, Pubs/Bars/Breweries, Hotels, Contract Caterers",Sites without commercial kitchen equipment or procurement authority.,,,,CEVID-0129,2,Compliance rate = eligible replacement spend meeting ETL/equivalent criteria ÷ total eligible replacement spend. Evidence rate = purchase events with verified kWh performance data ÷ total eligible purchase events.,Applying ETL-based criteria gives procurement teams independently verified equipment performance and auditable compliance.,Sites without commercial kitchen equipment or procurement authority.,SG-INIT-0031,ALL_FOUR_SLOTS,DISPLAY_ONLY,display_only,ACTIVE,ACTIVE,PUBLIC,STANDARD,1.0,2026-08-18,Consolidate.xlsx,工作表1,32
CEF-0032,CARD-0128,Assess the feasibility of hydrogen-ready kitchen equipment — Efficiency,efficiency,Energy & Buildings,Efficiency Factors,,Efficiency,,Assessing hydrogen-ready equipment identifies infrastructure requirements earlier and reduces the risk of premature equipment decisions.,Capital Goods (sub group supply chain),"improved future-readiness, earlier identification of infrastructure and operational requirements, and reduced risk of premature equipment investment.",,,,0,,Single published figure stored as Value_Base.,,,,improved future readiness earlier identification of infrastructure and operational requirements and reduced risk of premature equipment investment.,,published_display,,,"Restaurants, QSRs, Pubs/Bars/Breweries, Hotels and Contract Caterers with relevant gas cooking loads","Sites without a credible hydrogen supply, safety case, infrastructure route or equipment need.",,,,CEVID-0131,2,"Assess hydrogen supply horizon, equipment compatibility, safety, ventilation and training requirements; compare whole-system options; document the decision trigger and review date before capital commitment.",Assessing hydrogen-ready equipment identifies infrastructure requirements earlier and reduces the risk of premature equipment decisions.,"Sites without a credible hydrogen supply, safety case, infrastructure route or equipment need.",SG-INIT-0032,ALL_FOUR_SLOTS,DISPLAY_ONLY,display_only,ACTIVE,ACTIVE,PUBLIC,STANDARD,1.0,2026-08-18,Consolidate.xlsx,工作表1,33
CEF-0033,CARD-0132,Apply environmental-performance criteria when selecting leased sites — Efficiency,efficiency,Energy & Buildings,Efficiency Factors,,Efficiency,,"Screening leased sites avoids locations with weak metering, data access, equipment control or improvement rights.","Leased, Tenanted & Franchised Sites","Avoids committing to sites with weak metering, data, control or improvement rights",,,,0,,Single published figure stored as Value_Base.,,,,Avoids committing to sites with weak metering data control or improvement rights,,published_display,,,"Restaurants, QSRs, Pubs/Bars/Breweries, Hotels, Contract Caterers, Experiential Leisure",Owned freehold acquisitions assessed under the capital-project process.,,,,CEVID-0133,1,Assess these rights and responsibilities before lease approval,"Screening leased sites avoids locations with weak metering, data access, equipment control or improvement rights.",Owned freehold acquisitions assessed under the capital-project process.,SG-INIT-0033,ALL_FOUR_SLOTS,DISPLAY_ONLY,display_only,ACTIVE,ACTIVE,PUBLIC,STANDARD,1.0,2026-08-18,Consolidate.xlsx,工作表1,34
CEF-0034,CARD-0136,Apply energy and carbon criteria to lease renewals and franchise onboarding — Efficiency,efficiency,Energy & Buildings,Efficiency Factors,,Efficiency,,Applying renewal and onboarding criteria links approval to performance evidence and a funded improvement plan.,"Leased, Tenanted & Franchised Sites",Makes approval conditional on evidence and a funded improvement plan,,,,,,Display text has no parseable number; numeric columns left blank.,,,,Makes approval conditional on evidence and a funded improvement plan,,published_display,,,"Restaurants, QSRs, Pubs/Bars/Breweries, Hotels, Contract Caterers, Experiential Leisure",Owned sites and existing franchise operations outside a renewal/onboarding event.,,,,CEVID-0133,1,"Use performance thresholds, responsibilities and completion dates at the decision gate",Applying renewal and onboarding criteria links approval to performance evidence and a funded improvement plan.,Owned sites and existing franchise operations outside a renewal/onboarding event.,SG-INIT-0034,ALL_FOUR_SLOTS,DISPLAY_ONLY,display_only,ACTIVE,ACTIVE,PUBLIC,STANDARD,1.0,2026-08-18,Consolidate.xlsx,工作表1,35
CEF-0035,CARD-0140,"Include green performance, data and cooperation clauses in leases and franchise agreements — Efficiency",efficiency,Energy & Buildings,Efficiency Factors,,Efficiency,,"Adding green clauses clarifies responsibilities for data, metering, works, renewable energy and service charges.","Leased, Tenanted & Franchised Sites","Light/medium/dark clauses cover data, metering, works, renewable energy and service charges",,,,0,,Single published figure stored as Value_Base.,,,medium,Light/medium/dark clauses cover data metering works renewable energy and service charges,,published_display,,,"Restaurants, QSRs, Pubs/Bars/Breweries, Hotels, Contract Caterers, Experiential Leisure",Owned sites with no lease/franchise agreement.,,,,CEVID-0133,1,March 2026 clauses support UK asset types; organisation-specific legal advice remains required,"Adding green clauses clarifies responsibilities for data, metering, works, renewable energy and service charges.",Owned sites with no lease/franchise agreement.,SG-INIT-0035,ALL_FOUR_SLOTS,DISPLAY_ONLY,display_only,ACTIVE,ACTIVE,PUBLIC,STANDARD,1.0,2026-08-18,Consolidate.xlsx,工作表1,36
CEF-0036,CARD-0144,"Collect and quality-check energy and emissions data from leased, tenanted and franchised sites — Efficiency",efficiency,Energy & Buildings,Efficiency Factors,,Efficiency,,"Using the energy-data platform costs £4.31 per meter per year at full utilisation and centrally manages up to 2,500 meters.","Leased, Tenanted & Franchised Sites","At full utilisation: £4.31/meter/year platform cost intensity and central management of up to 2,500 meter data points; automated readings and invoice/meter imports reduce manual collection and improve completeness, billing accuracy and auditability.","At full utilisation: £4.31/meter/year platform cost intensity and central management of up to 2,500 meter data points; automated readings and invoice/meter imports reduce manual collection and improve completeness, billing accuracy and auditability.",,,4.31,,Single published figure stored as Value_Base.,GBP,money,meter,At full utilisation: /meter/year platform cost intensity and central management of up to meter data points; automated readings and invoice/meter imports reduce manual collection and improve completeness billing accuracy and auditability.,annual,published_display,annual,,"Restaurants, QSRs, Pubs/Bars/Breweries, Hotels, Contract Caterers, Experiential Leisure",Sites outside the agreed organisational/reporting boundary.,,,,CEVID-0135,3,"£10,781.25 ÷ 2,500 = £4.31/meter/year. Data coverage = complete and timely sites ÷ in-scope sites. Primary-data rate = verified kWh ÷ total reported kWh. Automation rate = automatically imported records ÷ total records. QA intensity = validation hours ÷ meters.","Using the energy-data platform costs £4.31 per meter per year at full utilisation and centrally manages up to 2,500 meters.",Sites outside the agreed organisational/reporting boundary.,SG-INIT-0036,ALL_FOUR_SLOTS,DISPLAY_ONLY,display_only,ACTIVE,ACTIVE,PUBLIC,STANDARD,1.0,2026-08-18,Consolidate.xlsx,工作表1,37
CEF-0037,CARD-0148,Secure rights and approval routes for environmental improvements in leased sites — Efficiency,efficiency,Energy & Buildings,Efficiency Factors,,Efficiency,,Securing approval routes shortens approvals and releases projects blocked by missing access or alteration rights.,"Leased, Tenanted & Franchised Sites","Clause routes cover landlord works, tenant alterations and EPC-improving alterations",,,,0,,Single published figure stored as Value_Base.,,,,Clause routes cover landlord works tenant alterations and EPC improving alterations,,published_display,,,"Restaurants, QSRs, Pubs/Bars/Breweries, Hotels, Contract Caterers, Experiential Leisure",Owned sites and leases where all relevant rights already exist.,,,,CEVID-0133,1,Use the relevant works/alterations route to release blocked measures,Securing approval routes shortens approvals and releases projects blocked by missing access or alteration rights.,Owned sites and leases where all relevant rights already exist.,SG-INIT-0037,ALL_FOUR_SLOTS,DISPLAY_ONLY,display_only,ACTIVE,ACTIVE,PUBLIC,STANDARD,1.0,2026-08-18,Consolidate.xlsx,工作表1,38
CEF-0038,CARD-0152,Enable renewable electricity procurement under lease and franchise arrangements — Efficiency,efficiency,Energy & Buildings,Efficiency Factors,,Efficiency,,Reporting both market-based and location-based Scope 2 results strengthens renewable-procurement claims and carbon disclosure.,"Leased, Tenanted & Franchised Sites",Dual Scope 2 reporting preserves commercial and carbon transparency,Dual Scope 2 reporting preserves commercial and carbon transparency,,,2,,Single published figure stored as Value_Base.,,,,Dual Scope reporting preserves commercial and carbon transparency,,published_display,,,"Restaurants, QSRs, Pubs/Bars/Breweries, Hotels, Contract Caterers, Experiential Leisure",Sites where electricity procurement is outside operator influence and no cooperation route exists.,,,,CEVID-0137,1,Report location-based and market-based totals separately where contractual data are available,Reporting both market-based and location-based Scope 2 results strengthens renewable-procurement claims and carbon disclosure.,Sites where electricity procurement is outside operator influence and no cooperation route exists.,SG-INIT-0038,ALL_FOUR_SLOTS,DISPLAY_ONLY,display_only,ACTIVE,ACTIVE,PUBLIC,STANDARD,1.0,2026-08-18,Consolidate.xlsx,工作表1,39
CEF-0039,CARD-0156,"Agree landlord-tenant decarbonisation plans with actions, funding and accountability — Efficiency",efficiency,Energy & Buildings,Efficiency Factors,,Efficiency,,"Agreeing funded landlord-tenant action plans improves completion, accountability and the release of blocked projects.","Leased, Tenanted & Franchised Sites","Direct impact: higher action-completion and accountability, faster resolution of landlord-occupier dependencies, and more blocked improvement projects released into delivery.",,,,0,,Single published figure stored as Value_Base.,,,,Direct impact: higher action completion and accountability faster resolution of landlord occupier dependencies and more blocked improvement projects released into delivery.,,published_display,,,"Restaurants, QSRs, Pubs/Bars/Breweries, Hotels, Contract Caterers, Experiential Leisure",Owned sites or leases with no shared building/utility responsibility.,,,,CEVID-0140,1,Action-completion rate = completed actions ÷ agreed actions. Funded-action rate = actions with confirmed funding ÷ agreed actions. On-time rate = actions completed by agreed date ÷ actions due. Released-project rate = previously blocked projects approved ÷ blocked projects identified. Median delivery time = completion date − plan approval date.,"Agreeing funded landlord-tenant action plans improves completion, accountability and the release of blocked projects.",Owned sites or leases with no shared building/utility responsibility.,SG-INIT-0039,ALL_FOUR_SLOTS,DISPLAY_ONLY,display_only,ACTIVE,ACTIVE,PUBLIC,STANDARD,1.0,2026-08-18,Consolidate.xlsx,工作表1,40
CEF-0040,CARD-0160,Set and monitor energy-performance standards for franchisees — Efficiency,efficiency,Energy & Buildings,Efficiency Factors,,Efficiency,,"Applying franchise standards reduced energy use by 21% across 159 restaurants; 47 franchisees covering 2,170 restaurants committed to a 20% reduction per transaction over 10 years.","Leased, Tenanted & Franchised Sites","21% energy reduction across 159 restaurants; 47 franchisees/2,170 restaurants committed to 20% per transaction over 10 years","21% energy reduction across 159 restaurants; 47 franchisees/2,170 restaurants committed to 20% per transaction over 10 years",,,21,,Single published figure stored as Value_Base.,,percent,²,% energy reduction across restaurants; franchisees/ restaurants committed to % per transaction over years,,published_display,year,,"Restaurants, QSRs, Pubs/Bars/Breweries, Hotels and Experiential Leisure with franchise models",Contract Caterers and organisations without franchise operations.,,,,CEVID-0141,1,Published Wendy’s franchise programme outcomes,"Applying franchise standards reduced energy use by 21% across 159 restaurants; 47 franchisees covering 2,170 restaurants committed to a 20% reduction per transaction over 10 years.",Contract Caterers and organisations without franchise operations.,SG-INIT-0040,ALL_FOUR_SLOTS,DISPLAY_ONLY,display_only,ACTIVE,ACTIVE,PUBLIC,STANDARD,1.0,2026-08-18,Consolidate.xlsx,工作表1,41
CEF-0041,CARD-0164,Complete an Energy Health Check — Efficiency,efficiency,Energy & Buildings,Efficiency Factors,,Efficiency,,"Treat 12.5% as identified potential, not delivery: a 30% conversion rate implies c.3.75% risk-adjusted savings.",Energy Management,"Identified saving rate: 12.5%
Typical implementation rate: 30%",Identified saving rate: 12.5%,Typical implementation rate: 30%,,12.5,,Single published figure stored as Value_Base.,,percent,,Identified saving rate: % Typical implementation rate: %,,published_display,,,"Restaurants, QSRs, Pubs/Bars/Breweries, Hotels, Contract Caterers, Experiential Leisure",None,,,,CEVID-0145,1,Risk-adjusted saving rate = 12.5% × 30% = 3.75%; load share = end-use energy ÷ total kitchen energy,"Treat 12.5% as identified potential, not delivery: a 30% conversion rate implies c.3.75% risk-adjusted savings.",None,SG-INIT-0041,ALL_FOUR_SLOTS,DISPLAY_ONLY,display_only,ACTIVE,ACTIVE,PUBLIC,STANDARD,1.0,2026-08-18,Consolidate.xlsx,工作表1,42
CEF-0042,CARD-0168,Install battery storage (BESS) — Efficiency,efficiency,Energy & Buildings,Efficiency Factors,,Efficiency,,A well-sized battery can lift solar self-consumption from c.35% to 70%–75%; the hotel benchmark is 1 kWh per room.,Energy Procurement & Renewables,"Solar self-consumption: approximately 35% → 70%–75%
Indicative hotel sizing: 1 kWh/room",Solar self-consumption: approximately 35% → 70%–75%,Indicative hotel sizing: 1 kWh/room,70,,75,Range taken from the published display string. Value_Base left blank (no midpoint invented).,,percent,room,Solar self consumption: approximately % → % Indicative hotel sizing: kWh/room,,published_display,,,"Restaurants, QSRs, Pubs/Bars/Breweries, Hotels, Contract Caterers, Experiential Leisure",None,,,,CEVID-0148,1,Self-consumption = on-site solar used on site ÷ solar generated,A well-sized battery can lift solar self-consumption from c.35% to 70%–75%; the hotel benchmark is 1 kWh per room.,None,SG-INIT-0042,ALL_FOUR_SLOTS,DISPLAY_ONLY,display_only,ACTIVE,ACTIVE,PUBLIC,STANDARD,1.0,2026-08-18,Consolidate.xlsx,工作表1,43
CEF-0043,CARD-0172,Upgrade to LED lighting with optimised design and controls — Efficiency,efficiency,Energy & Buildings,Efficiency Factors,,Efficiency,,LED cuts lighting energy 50%–75%; controls can lift total savings to 70%–80%.,Energy Management,"Lamp-only saving: 50%–75%
LED plus controls: 70%–80%",Lamp-only saving: 50%–75%,LED plus controls: 70%–80%,50,,75,Range taken from the published display string. Value_Base left blank (no midpoint invented).,,percent,,Lamp only saving: % LED plus controls: %,,published_display,,,"Restaurants, QSRs, Pubs/Bars/Breweries, Hotels, Contract Caterers, Experiential Leisure",None,,,,CEVID-0152,1,Lighting saving = baseline lighting kWh × verified reduction rate,LED cuts lighting energy 50%–75%; controls can lift total savings to 70%–80%.,None,SG-INIT-0043,ALL_FOUR_SLOTS,DISPLAY_ONLY,display_only,ACTIVE,ACTIVE,PUBLIC,STANDARD,1.0,2026-08-18,Consolidate.xlsx,工作表1,44
CEF-0044,CARD-0176,Install heat/energy recovery ventilation units — Efficiency,efficiency,Energy & Buildings,Efficiency Factors,,Efficiency,,Recovery efficiency is typically 55%–75%; measured kitchen systems recovered 2.9–4.3 MWh/year.,Energy Management,"Plate exchanger: 55%–65% typical; 80% maximum
Thermal wheel: 65%–75%; 80% maximum",Plate exchanger: 55%–65% typical; 80% maximum,Thermal wheel: 65%–75%; 80% maximum,55,,65,Range taken from the published display string. Value_Base left blank (no midpoint invented).,,percent,,Plate exchanger: % typical; % maximum Thermal wheel: %; % maximum,,published_display,,,"Restaurants, QSRs, Pubs/Bars/Breweries, Hotels, Contract Caterers, Experiential Leisure",None,,,,CEVID-0153,1,Recovery efficiency = useful heat recovered ÷ recoverable exhaust heat,Recovery efficiency is typically 55%–75%; measured kitchen systems recovered 2.9–4.3 MWh/year.,None,SG-INIT-0044,ALL_FOUR_SLOTS,DISPLAY_ONLY,display_only,ACTIVE,ACTIVE,PUBLIC,STANDARD,1.0,2026-08-18,Consolidate.xlsx,工作表1,45
CEF-0045,CARD-0180,Deploy gas boiler additives — Efficiency,efficiency,Energy & Buildings,Efficiency Factors,,Efficiency,,The controlled result is 13.99%: 21.34% at dosed sites less 7.35% at powerflush-only controls.,Energy Management,"Dosed sites: 21.34% saving
Powerflush-only controls: 7.35% saving",Dosed sites: 21.34% saving,Powerflush-only controls: 7.35% saving,,21.34,,Single published figure stored as Value_Base.,,percent,,Dosed sites: % saving Powerflush only controls: % saving,,published_display,,,"Restaurants, QSRs, Pubs/Bars/Breweries, Hotels, Contract Caterers, Experiential Leisure",None,,,,CEVID-0155,1,21.34% − 7.35% = 13.99% attributable saving,The controlled result is 13.99%: 21.34% at dosed sites less 7.35% at powerflush-only controls.,None,SG-INIT-0045,ALL_FOUR_SLOTS,DISPLAY_ONLY,display_only,ACTIVE,ACTIVE,PUBLIC,STANDARD,1.0,2026-08-18,Consolidate.xlsx,工作表1,46
CEF-0046,CARD-0184,Install air or ground source heat pumps — Efficiency,efficiency,Energy & Buildings,Efficiency Factors,,Efficiency,,"At COP 3, heat costs c.8.0p/kWh versus 6.1p for gas; cost parity requires COP c.4.0.",Energy Procurement & Renewables,Heat pump at COP 3: approximately 8.0p/kWh heat,Heat pump at COP 3: approximately 8.0p/kWh heat,,,3,,Single published figure stored as Value_Base.,,,kWh,Heat pump at COP : approximately p/kWh heat,,published_display,,,"Restaurants, QSRs, Pubs/Bars/Breweries, Hotels, Contract Caterers, Experiential Leisure",None,,,,CEVID-0157,1,Heat-pump heat cost = 24.14p ÷ 3 = 8.05p/kWh; gas heat cost = 5.17p ÷ 85% = 6.08p/kWh,"At COP 3, heat costs c.8.0p/kWh versus 6.1p for gas; cost parity requires COP c.4.0.",None,SG-INIT-0046,ALL_FOUR_SLOTS,DISPLAY_ONLY,display_only,ACTIVE,ACTIVE,PUBLIC,STANDARD,1.0,2026-08-18,Consolidate.xlsx,工作表1,47
CEF-0047,CARD-0188,Utilise cellar cooling across estates — Efficiency,efficiency,Energy & Buildings,Efficiency Factors,,Efficiency,,Estate programmes cut total site energy 8%–11%; bottle-fridge controls saved 25%–71% per unit.,Energy Management,Site energy reduction: 8%–11% across 300+ pubs,Site energy reduction: 8%–11% across 300+ pubs,,8,,11,Range taken from the published display string. Value_Base left blank (no midpoint invented).,,percent,,Site energy reduction: % across + pubs,,published_display,,,Pubs/Bars/Breweries,"Restaurants, QSRs, Hotels, Contract Caterers, Experiential Leisure",,,,CEVID-0164,1,Per-unit saving = baseline kWh − controlled kWh,Estate programmes cut total site energy 8%–11%; bottle-fridge controls saved 25%–71% per unit.,"Restaurants, QSRs, Hotels, Contract Caterers, Experiential Leisure",SG-INIT-0047,ALL_FOUR_SLOTS,DISPLAY_ONLY,display_only,ACTIVE,ACTIVE,PUBLIC,STANDARD,1.0,2026-08-18,Consolidate.xlsx,工作表1,48
CEF-0048,CARD-0192,Replace gas-fired heating and catering equipment with electric alternatives — Efficiency,efficiency,Energy & Buildings,Efficiency Factors,,Efficiency,,"M&B electrified 100 kitchens and removed gas from 24 sites; Whitbread reached 2,300 low-carbon rooms.",Energy Management,M&B FY2025: 100 kitchens electrified; 24 sites fully off gas,M&B FY2025: 100 kitchens electrified; 24 sites fully off gas,,,2025,,Single published figure stored as Value_Base.,,,,M&B FY: kitchens electrified; sites fully off gas,,published_display,,,"Restaurants, QSRs, Pubs/Bars/Breweries, Hotels, Contract Caterers, Experiential Leisure",None,,,,CEVID-0160,1,Deployment growth = current-year completed units − prior-year completed units,"M&B electrified 100 kitchens and removed gas from 24 sites; Whitbread reached 2,300 low-carbon rooms.",None,SG-INIT-0048,ALL_FOUR_SLOTS,DISPLAY_ONLY,display_only,ACTIVE,ACTIVE,PUBLIC,STANDARD,1.0,2026-08-18,Consolidate.xlsx,工作表1,49
CEF-0049,CARD-0196,Invest in energy-efficiency and renewables infrastructure — Efficiency,efficiency,Energy & Buildings,Efficiency Factors,,Efficiency,,"Delivery, not budget, is the KPI: 244 solar sites, 93 in one year, 24 sites off gas and 100 kitchens electrified.",Energy Procurement & Renewables,"Solar estate: 244 sites
Solar installed in one year: 93 sites",Solar estate: 244 sites,Solar installed in one year: 93 sites,,244,,Single published figure stored as Value_Base.,,,,Solar estate: sites Solar installed in one year: sites,,published_display,year,,"Restaurants, QSRs, Pubs/Bars/Breweries, Hotels, Contract Caterers, Experiential Leisure",None,,,,CEVID-0168,1,Delivery rate = completed sites or units ÷ annual programme target,"Delivery, not budget, is the KPI: 244 solar sites, 93 in one year, 24 sites off gas and 100 kitchens electrified.",None,SG-INIT-0049,ALL_FOUR_SLOTS,DISPLAY_ONLY,display_only,ACTIVE,ACTIVE,PUBLIC,STANDARD,1.0,2026-08-18,Consolidate.xlsx,工作表1,50
CEF-0050,CARD-0200,"Upgrade building-fabric thermal performance (insulation, glazing, draught-proofing) — Efficiency",efficiency,Energy & Buildings,Efficiency Factors,,Efficiency,,"Segment by asset type: the UK has c.460k listed buildings, while >85% reported satisfactory post-retrofit comfort.",Energy Management,"Listed buildings: approximately 460,000
Post-retrofit thermal satisfaction: >85%","Listed buildings: approximately 460,000",Post-retrofit thermal satisfaction: >85%,,460000,,Single published figure stored as Value_Base.,,percent,,Listed buildings: approximately Post retrofit thermal satisfaction: >%,,published_display,,,"Restaurants, QSRs, Pubs/Bars/Breweries, Hotels, Contract Caterers, Experiential Leisure",None,,,,CEVID-0149,1,Thermal-satisfaction rate = satisfied respondents ÷ surveyed respondents,"Segment by asset type: the UK has c.460k listed buildings, while >85% reported satisfactory post-retrofit comfort.",None,SG-INIT-0050,ALL_FOUR_SLOTS,DISPLAY_ONLY,display_only,ACTIVE,ACTIVE,PUBLIC,STANDARD,1.0,2026-08-18,Consolidate.xlsx,工作表1,51
CEF-0051,CARD-0204,Install smart sub-metering and a building management system (BMS) — Efficiency,efficiency,Energy & Buildings,Efficiency Factors,,Efficiency,,"The value comes from active management: operator programmes report 10%–18% reductions, not from meters alone.",Energy Management,"Data interval: half-hourly
Profile-analysis sample: 81 buildings",Data interval: half-hourly,Profile-analysis sample: 81 buildings,,81,,Single published figure stored as Value_Base.,,,,Data interval: half hourly Profile analysis sample: buildings,,published_display,,,"Restaurants, QSRs, Pubs/Bars/Breweries, Hotels, Contract Caterers, Experiential Leisure",None,,,,CEVID-0171,1,Site saving rate = (adjusted baseline kWh − actual kWh) ÷ adjusted baseline kWh,"The value comes from active management: operator programmes report 10%–18% reductions, not from meters alone.",None,SG-INIT-0051,ALL_FOUR_SLOTS,DISPLAY_ONLY,display_only,ACTIVE,ACTIVE,PUBLIC,STANDARD,1.0,2026-08-18,Consolidate.xlsx,工作表1,52
CEF-0052,CARD-0208,Install on-site solar PV — Efficiency,efficiency,Energy & Buildings,Efficiency Factors,,Efficiency,,"Solar supplies c.15%–20% at trading pubs and 40% at a brewery; portfolio yield is c.1,000 kWh/kWp.",Energy Procurement & Renewables,"Trading-site self-supply: 15%–20%
Brewery self-supply: 40%",Trading-site self-supply: 15%–20%,Brewery self-supply: 40%,15,,20,Range taken from the published display string. Value_Base left blank (no midpoint invented).,,percent,,Trading site self supply: % Brewery self supply: %,,published_display,,,"Restaurants, QSRs, Pubs/Bars/Breweries, Hotels, Contract Caterers, Experiential Leisure",None,,,,CEVID-0174,1,Self-supply = self-consumed solar kWh ÷ site electricity kWh,"Solar supplies c.15%–20% at trading pubs and 40% at a brewery; portfolio yield is c.1,000 kWh/kWp.",None,SG-INIT-0052,ALL_FOUR_SLOTS,DISPLAY_ONLY,display_only,ACTIVE,ACTIVE,PUBLIC,STANDARD,1.0,2026-08-18,Consolidate.xlsx,工作表1,53
CEF-0053,CARD-0212,Install voltage optimisation equipment — Efficiency,efficiency,Energy & Buildings,Efficiency Factors,,Efficiency,,"With 40%–60% of load voltage-independent, plan on 4%–8% savings rather than double-digit vendor claims.",Energy Management,"Voltage-independent load: 40%–60%
Planning range for efficient sites: 4%–8%",Voltage-independent load: 40%–60%,Planning range for efficient sites: 4%–8%,40,,60,Range taken from the published display string. Value_Base left blank (no midpoint invented).,,percent,,Voltage independent load: % Planning range for efficient sites: %,,published_display,,,"Restaurants, QSRs, Pubs/Bars/Breweries, Hotels, Contract Caterers, Experiential Leisure",None,,,,CEVID-0177,1,Eligible-load saving = voltage-dependent kWh × measured reduction rate,"With 40%–60% of load voltage-independent, plan on 4%–8% savings rather than double-digit vendor claims.",None,SG-INIT-0053,ALL_FOUR_SLOTS,DISPLAY_ONLY,display_only,ACTIVE,ACTIVE,PUBLIC,STANDARD,1.0,2026-08-18,Consolidate.xlsx,工作表1,54
CEF-0054,CARD-0216,Procure renewable electricity via PPAs or green tariffs — Efficiency,efficiency,Energy & Buildings,Efficiency Factors,,Efficiency,,"Report certificates, off-site PPAs and on-site generation separately to expose additionality and prevent >100% claims.",Energy Procurement & Renewables,Primary KPI: contracted renewable share by route,,,,,,Display text has no parseable number; numeric columns left blank.,,,,Primary KPI: contracted renewable share by route,,published_display,,,"Restaurants, QSRs, Pubs/Bars/Breweries, Hotels, Contract Caterers, Experiential Leisure",None,,,,CEVID-0182,1,Route share = qualifying kWh for each route ÷ total electricity demand,"Report certificates, off-site PPAs and on-site generation separately to expose additionality and prevent >100% claims.",None,SG-INIT-0054,ALL_FOUR_SLOTS,DISPLAY_ONLY,display_only,ACTIVE,ACTIVE,PUBLIC,STANDARD,1.0,2026-08-18,Consolidate.xlsx,工作表1,55
CEF-0055,CARD-0220,Enroll sites in demand-side response and flexibility schemes — Efficiency,efficiency,Energy & Buildings,Efficiency Factors,,Efficiency,,"Trading-hour constraints matter, yet demand response still secured 25% of 2026/27 T-1 capacity.",Energy Procurement & Renewables,"Historic response windows: 07:00–14:00 and 16:00–22:00
DSR share of T-1 2026/27 capacity: 25%",Historic response windows: 07:00–14:00 and 16:00–22:00,DSR share of T-1 2026/27 capacity: 25%,0,,14,Range taken from the published display string. Value_Base left blank (no midpoint invented).,,percent,27,Historic response windows: : : and : : DSR share of T / capacity: %,,published_display,,,"Restaurants, QSRs, Pubs/Bars/Breweries, Hotels, Contract Caterers, Experiential Leisure",None,,,,CEVID-0185,1,Eligible flexible load = non-customer-facing kW available during response windows,"Trading-hour constraints matter, yet demand response still secured 25% of 2026/27 T-1 capacity.",None,SG-INIT-0055,ALL_FOUR_SLOTS,DISPLAY_ONLY,display_only,ACTIVE,ACTIVE,PUBLIC,STANDARD,1.0,2026-08-18,Consolidate.xlsx,工作表1,56
CEF-0056,CARD-0224,Run staff energy-engagement programmes — Efficiency,efficiency,Energy & Buildings,Efficiency Factors,,Efficiency,,Enablement and automated defaults outperform posters; a practical hospitality target is 2 kWh/hour night baseload.,Energy Management,"Evidence base: 22 studies
Published hospitality target: 2 kWh/hour night-time baseload",Evidence base: 22 studies,Published hospitality target: 2 kWh/hour night-time baseload,,22,,Single published figure stored as Value_Base.,,,hour,Evidence base: studies Published hospitality target: kWh/hour night time baseload,,published_display,,,"Restaurants, QSRs, Pubs/Bars/Breweries, Hotels, Contract Caterers, Experiential Leisure",None,,,,CEVID-0188,1,Night-time baseload = closed-hours electricity kWh ÷ closed hours,Enablement and automated defaults outperform posters; a practical hospitality target is 2 kWh/hour night baseload.,None,SG-INIT-0056,ALL_FOUR_SLOTS,DISPLAY_ONLY,display_only,ACTIVE,ACTIVE,PUBLIC,STANDARD,1.0,2026-08-18,Consolidate.xlsx,工作表1,57
CEF-0057,CARD-0228,Optimise heating controls — Efficiency,efficiency,Energy & Buildings,Efficiency Factors,,Efficiency,,"Half-hourly analysis found outliers across 81 buildings; Stonegate reports 18% savings across c.4,000 sites.",Energy Management,Profile-analysis sample: 81 buildings,Profile-analysis sample: 81 buildings,,,81,,Single published figure stored as Value_Base.,,,,Profile analysis sample: buildings,,published_display,,,"Restaurants, QSRs, Pubs/Bars/Breweries, Hotels, Contract Caterers, Experiential Leisure",None,,,,CEVID-0191,1,Programme reduction = (adjusted baseline kWh − actual kWh) ÷ adjusted baseline kWh,"Half-hourly analysis found outliers across 81 buildings; Stonegate reports 18% savings across c.4,000 sites.",None,SG-INIT-0057,ALL_FOUR_SLOTS,DISPLAY_ONLY,display_only,ACTIVE,ACTIVE,PUBLIC,STANDARD,1.0,2026-08-18,Consolidate.xlsx,工作表1,58
CEF-0058,CARD-0232,Improve building EPC ratings to B or above — Efficiency,efficiency,Energy & Buildings,Efficiency Factors,,Efficiency,,Punch has 87.5% of pubs at EPC C; Whitbread achieved EPC A at 47 of 62 new hotels.,Energy Management,Punch EPC C coverage: 87.5%; target 100% by end-2026,Punch EPC C coverage: 87.5%; target 100% by end-2026,,,87.5,,Single published figure stored as Value_Base.,,percent,,Punch EPC C coverage: %; target % by end,,published_display,,,"Restaurants, QSRs, Pubs/Bars/Breweries, Hotels, Contract Caterers, Experiential Leisure",None,,,,CEVID-0164,1,Coverage rate = sites meeting rating threshold ÷ in-scope sites; 47 ÷ 62 = 75.8%; 4 ÷ 4 = 100%,Punch has 87.5% of pubs at EPC C; Whitbread achieved EPC A at 47 of 62 new hotels.,None,SG-INIT-0058,ALL_FOUR_SLOTS,DISPLAY_ONLY,display_only,ACTIVE,ACTIVE,PUBLIC,STANDARD,1.0,2026-08-18,Consolidate.xlsx,工作表1,59
CEF-0059,CARD-0236,Connect sites to low-carbon heat networks or solar thermal — Efficiency,efficiency,Energy & Buildings,Efficiency Factors,,Efficiency,,Track connected sites and sites above 100 MWh/year in heat-network opportunity areas.,Energy Procurement & Renewables,Exposure threshold: >100 MWh/year heat demand,Exposure threshold: >100 MWh/year heat demand,,,100,,Single published figure stored as Value_Base.,,,year,Exposure threshold: > MWh/year heat demand,annual,published_display,annual,,"Restaurants, QSRs, Pubs/Bars/Breweries, Hotels, Contract Caterers, Experiential Leisure",None,,,,CEVID-0196,1,Adoption rate = connected sites ÷ in-scope sites,Track connected sites and sites above 100 MWh/year in heat-network opportunity areas.,None,SG-INIT-0059,ALL_FOUR_SLOTS,DISPLAY_ONLY,display_only,ACTIVE,ACTIVE,PUBLIC,STANDARD,1.0,2026-08-18,Consolidate.xlsx,工作表1,60
CEF-0060,CARD-0240,Procure certified green gas or biomethane — Efficiency,efficiency,Energy & Buildings,Efficiency Factors,,Efficiency,,The UK retired 4.2 TWh of certificates from 130 plants in 2025; report certified share and residual gas demand.,Energy Procurement & Renewables,"UK certificates retired in 2025: 4.2 TWh
Biomethane-to-grid plants: 130",UK certificates retired in 2025: 4.2 TWh,Biomethane-to-grid plants: 130,,2025,,Single published figure stored as Value_Base.,,,,UK certificates retired in : TWh Biomethane to grid plants:,,published_display,,,"Restaurants, QSRs, Pubs/Bars/Breweries, Hotels, Contract Caterers, Experiential Leisure",None,,,,CEVID-0203,1,Certified share = certified gas MWh ÷ total gas MWh; residual fossil gas = total gas MWh − certified gas MWh,The UK retired 4.2 TWh of certificates from 130 plants in 2025; report certified share and residual gas demand.,None,SG-INIT-0060,ALL_FOUR_SLOTS,DISPLAY_ONLY,display_only,ACTIVE,ACTIVE,PUBLIC,STANDARD,1.0,2026-08-18,Consolidate.xlsx,工作表1,61
CEF-0061,CARD-0244,Certify sites to ISO 50001 energy management — Efficiency,efficiency,Energy & Buildings,Efficiency Factors,,Efficiency,,"Energy fell 21.9% but cost only 9.3% in one case, showing price inflation can mask operational improvement.",Energy Management,"Energy saving: 21.9%
Energy-cost saving: 9.3%",Energy saving: 21.9%,Energy-cost saving: 9.3%,,21.9,,Single published figure stored as Value_Base.,,percent,,Energy saving: % Energy cost saving: %,,published_display,,,"Restaurants, QSRs, Pubs/Bars/Breweries, Hotels, Contract Caterers, Experiential Leisure",None,,,,CEVID-0207,1,Energy saving = (baseline kWh − actual kWh) ÷ baseline kWh,"Energy fell 21.9% but cost only 9.3% in one case, showing price inflation can mask operational improvement.",None,SG-INIT-0061,ALL_FOUR_SLOTS,DISPLAY_ONLY,display_only,ACTIVE,ACTIVE,PUBLIC,STANDARD,1.0,2026-08-18,Consolidate.xlsx,工作表1,62
CEF-0062,CARD-0248,Install power factor correction — Efficiency,efficiency,Energy & Buildings,Efficiency Factors,,Efficiency,,"Use measured power factor: target 0.95, with some tariffs charging below 0.90–0.92.",Energy Management,"Reference power factor: 0.95
Supplier penalty thresholds: 0.90–0.92",Reference power factor: 0.95,Supplier penalty thresholds: 0.90–0.92,0.9,,0.92,Range taken from the published display string. Value_Base left blank (no midpoint invented).,,,,Reference power factor: Supplier penalty thresholds:,,published_display,,,"Restaurants, QSRs, Pubs/Bars/Breweries, Hotels, Contract Caterers, Experiential Leisure",None,,,,CEVID-0208,1,Power factor = real power (kW) ÷ apparent power (kVA),"Use measured power factor: target 0.95, with some tariffs charging below 0.90–0.92.",None,SG-INIT-0062,ALL_FOUR_SLOTS,DISPLAY_ONLY,display_only,ACTIVE,ACTIVE,PUBLIC,STANDARD,1.0,2026-08-18,Consolidate.xlsx,工作表1,63
CEF-0063,CARD-0252,Build to BREEAM 'Very Good' or above — Efficiency,efficiency,Energy & Buildings,Efficiency Factors,,Efficiency,,Whitbread achieved Very Good or higher at 49 of 62 hotels—79%—including 10 Excellent and one Outstanding.,Energy Management,"Very Good or higher: 49 of 62 hotels; 79%
Excellent: 10 hotels",Very Good or higher: 49 of 62 hotels; 79%,Excellent: 10 hotels,,49,,Single published figure stored as Value_Base.,,percent,,Very Good or higher: of hotels; % Excellent: hotels,,published_display,,,"Restaurants, QSRs, Pubs/Bars/Breweries, Hotels, Contract Caterers, Experiential Leisure",None,,,,CEVID-0160,1,Attainment rate = 49 ÷ 62 = 79.0%,Whitbread achieved Very Good or higher at 49 of 62 hotels—79%—including 10 Excellent and one Outstanding.,None,SG-INIT-0063,ALL_FOUR_SLOTS,DISPLAY_ONLY,display_only,ACTIVE,ACTIVE,PUBLIC,STANDARD,1.0,2026-08-18,Consolidate.xlsx,工作表1,64
CEF-0064,CARD-0256,Allocate responsibility at Board level — Efficiency,efficiency,Governance,Efficiency Factors,,Efficiency,,Allocate responsibility at Board level should be managed on a 0–100% coverage or completion rate with clear ownership and cycle time.,General,% of Board meetings reviewing sustainability; % of climate actions reviewed by the Board,% of Board meetings reviewing sustainability; % of climate actions reviewed by the Board,,,,,Display text has no parseable number; numeric columns left blank.,,percent,,% of Board meetings reviewing sustainability; % of climate actions reviewed by the Board,,published_display,,,All,None,,,,CEVID-0214,1,On-time delivery % = actions completed by due date ÷ actions due × 100; track overdue actions and cycle time.,Allocate responsibility at Board level should be managed on a 0–100% coverage or completion rate with clear ownership and cycle time.,None,SG-INIT-0064,ALL_FOUR_SLOTS,DISPLAY_ONLY,display_only,ACTIVE,ACTIVE,PUBLIC,STANDARD,1.0,2026-08-18,Consolidate.xlsx,工作表1,65
CEF-0065,CARD-0260,Appoint a sustainability lead or assign executive responsibility for sustainability — Efficiency,efficiency,Governance,Efficiency Factors,,Efficiency,,Appoint a sustainability lead or assign executive should be managed on a 0–100% coverage or completion rate with clear ownership and cycle time.,General,% of sustainability actions delivered on time; number of overdue actions; progress against,% of sustainability actions delivered on time; number of overdue actions; progress against,,,,,Display text has no parseable number; numeric columns left blank.,,percent,,% of sustainability actions delivered on time; number of overdue actions; progress against,,published_display,,,All,None,,,,CEVID-0215,2,On-time delivery % = actions completed by due date ÷ actions due × 100; track overdue actions and cycle time.,Appoint a sustainability lead or assign executive should be managed on a 0–100% coverage or completion rate with clear ownership and cycle time.,None,SG-INIT-0065,ALL_FOUR_SLOTS,DISPLAY_ONLY,display_only,ACTIVE,ACTIVE,PUBLIC,STANDARD,1.0,2026-08-18,Consolidate.xlsx,工作表1,66
CEF-0066,CARD-0264,Establish a Sustainability Committee — Efficiency,efficiency,Governance,Efficiency Factors,,Efficiency,,Establish a Sustainability Committee should be managed on a 0–100% coverage or completion rate with clear ownership and cycle time.,General,Committee attendance rate; % of actions completed on time; number of sustainability risks/issues,Committee attendance rate; % of actions completed on time; number of sustainability risks/issues,,,,,Display text has no parseable number; numeric columns left blank.,,percent,issues,Committee attendance rate; % of actions completed on time; number of sustainability risks/issues,,published_display,,,All,None,,,,CEVID-0217,1,On-time delivery % = actions completed by due date ÷ actions due × 100; track overdue actions and cycle time.,Establish a Sustainability Committee should be managed on a 0–100% coverage or completion rate with clear ownership and cycle time.,None,SG-INIT-0066,ALL_FOUR_SLOTS,DISPLAY_ONLY,display_only,ACTIVE,ACTIVE,PUBLIC,STANDARD,1.0,2026-08-18,Consolidate.xlsx,工作表1,67
CEF-0067,CARD-0268,Link executive remuneration to sustainability and climate performance — Efficiency,efficiency,Governance,Efficiency Factors,,Efficiency,,Link executive remuneration to sustainability and climate should be managed on a 0–100% coverage or completion rate with clear ownership and cycle time.,General,% of executive remuneration linked to sustainability; % of executives with sustainability,% of executive remuneration linked to sustainability; % of executives with sustainability,,,,,Display text has no parseable number; numeric columns left blank.,,percent,,% of executive remuneration linked to sustainability; % of executives with sustainability,,published_display,,,All,None,,,,CEVID-0218,1,"Coverage % = compliant or completed items ÷ eligible items × 100; track volume, quality, exceptions and cycle time.",Link executive remuneration to sustainability and climate should be managed on a 0–100% coverage or completion rate with clear ownership and cycle time.,None,SG-INIT-0067,ALL_FOUR_SLOTS,DISPLAY_ONLY,display_only,ACTIVE,ACTIVE,PUBLIC,STANDARD,1.0,2026-08-18,Consolidate.xlsx,工作表1,68
CEF-0068,CARD-0272,Engage your shareholders around climate risks and opportunities — Efficiency,efficiency,Governance,Efficiency Factors,,Efficiency,,Engage your shareholders around climate risks and should be managed on a 0–100% coverage or completion rate with clear ownership and cycle time.,General,Number/% of key investors engaged; investor support for climate proposals; number of material,Number/% of key investors engaged; investor support for climate proposals; number of material,,,,,Display text has no parseable number; numeric columns left blank.,,percent,,Number/% of key investors engaged; investor support for climate proposals; number of material,,published_display,,,All,None,,,,CEVID-0219,1,On-time delivery % = actions completed by due date ÷ actions due × 100; track overdue actions and cycle time.,Engage your shareholders around climate risks and should be managed on a 0–100% coverage or completion rate with clear ownership and cycle time.,None,SG-INIT-0068,ALL_FOUR_SLOTS,DISPLAY_ONLY,display_only,ACTIVE,ACTIVE,PUBLIC,STANDARD,1.0,2026-08-18,Consolidate.xlsx,工作表1,69
CEF-0069,CARD-0276,Regularly review sustainability performance at senior management and Board level. — Efficiency,efficiency,Governance,Efficiency Factors,,Efficiency,,Regularly review sustainability performance at senior should be managed on a 0–100% coverage or completion rate with clear ownership and cycle time.,General,% of sustainability KPIs reported on time; data completeness/accuracy; % of targets on track,% of sustainability KPIs reported on time; data completeness/accuracy; % of targets on track,,,,,Display text has no parseable number; numeric columns left blank.,,percent,accuracy,% of sustainability KPIs reported on time; data completeness/accuracy; % of targets on track,,published_display,,,All,None,,,,CEVID-0220,1,On-time delivery % = actions completed by due date ÷ actions due × 100; track overdue actions and cycle time.,Regularly review sustainability performance at senior should be managed on a 0–100% coverage or completion rate with clear ownership and cycle time.,None,SG-INIT-0069,ALL_FOUR_SLOTS,DISPLAY_ONLY,display_only,ACTIVE,ACTIVE,PUBLIC,STANDARD,1.0,2026-08-18,Consolidate.xlsx,工作表1,70
CEF-0070,CARD-0280,Develop a sustainability strategy informed by a double materiality assessment. — Efficiency,efficiency,Governance,Efficiency Factors,,Efficiency,,Develop a sustainability strategy informed by a double should be managed on a 0–100% coverage or completion rate with clear ownership and cycle time.,Strategy,% of material topics with targets/KPIs; % of sustainability actions delivered on schedule; % of,% of material topics with targets/KPIs; % of sustainability actions delivered on schedule; % of,,,,,Display text has no parseable number; numeric columns left blank.,,percent,KPIs,% of material topics with targets/KPIs; % of sustainability actions delivered on schedule; % of,,published_display,,,All,None,,,,CEVID-0221,1,On-time delivery % = actions completed by due date ÷ actions due × 100; track overdue actions and cycle time.,Develop a sustainability strategy informed by a double should be managed on a 0–100% coverage or completion rate with clear ownership and cycle time.,None,SG-INIT-0070,ALL_FOUR_SLOTS,DISPLAY_ONLY,display_only,ACTIVE,ACTIVE,PUBLIC,STANDARD,1.0,2026-08-18,Consolidate.xlsx,工作表1,71
CEF-0071,CARD-0284,Calculate your baseline GHG footprint. — Efficiency,efficiency,Governance,Efficiency Factors,,Efficiency,,Calculate your baseline GHG footprint sets a clear operating standard: annual change in Scope 1; 2 and 3 emissions; % of emissions coverage; % of activity data based.,Strategy,annual change in Scope 1; 2 and 3 emissions; % of emissions coverage; % of activity data based,annual change in Scope 1; 2 and 3 emissions; % of emissions coverage; % of activity data based,,,1,,Single published figure stored as Value_Base.,,percent,,annual change in Scope ; and emissions; % of emissions coverage; % of activity data based,annual,published_display,annual,,All,None,,,,CEVID-0222,1,"Coverage % = compliant or completed items ÷ eligible items × 100; track volume, quality, exceptions and cycle time.",Calculate your baseline GHG footprint sets a clear operating standard: annual change in Scope 1; 2 and 3 emissions; % of emissions coverage; % of activity data based.,None,SG-INIT-0071,ALL_FOUR_SLOTS,DISPLAY_ONLY,display_only,ACTIVE,ACTIVE,PUBLIC,STANDARD,1.0,2026-08-18,Consolidate.xlsx,工作表1,72
CEF-0072,CARD-0288,Use the TCFD framework to review and disclose your climate-related risks and opportunities. — Efficiency,efficiency,Governance,Efficiency Factors,,Efficiency,,Use the TCFD framework to review and disclose your should be managed on a 0–100% coverage or completion rate with clear ownership and cycle time.,Strategy,% of material assets/operations assessed; number/value of material physical and transition risks,% of material assets/operations assessed; number/value of material physical and transition risks,,,,,Display text has no parseable number; numeric columns left blank.,,percent,operations,% of material assets/operations assessed; number/value of material physical and transition risks,,published_display,,,All,None,,,,CEVID-0223,1,On-time delivery % = actions completed by due date ÷ actions due × 100; track overdue actions and cycle time.,Use the TCFD framework to review and disclose your should be managed on a 0–100% coverage or completion rate with clear ownership and cycle time.,None,SG-INIT-0072,ALL_FOUR_SLOTS,DISPLAY_ONLY,display_only,ACTIVE,ACTIVE,PUBLIC,STANDARD,1.0,2026-08-18,Consolidate.xlsx,工作表1,73
CEF-0073,CARD-0292,Develop a Net Zero Strategy. — Efficiency,efficiency,Governance,Efficiency Factors,,Efficiency,,Develop a Net Zero Strategy should be managed on a 0–100% coverage or completion rate with clear ownership and cycle time.,Strategy,% of roadmap actions completed on time; annual absolute tCO₂e reduction; % reduction against,% of roadmap actions completed on time; annual absolute tCO₂e reduction; % reduction against,,,,,Display text has no parseable number; numeric columns left blank.,,percent,,% of roadmap actions completed on time; annual absolute tCO₂e reduction; % reduction against,annual,published_display,annual,,All,None,,,,CEVID-0224,1,On-time delivery % = actions completed by due date ÷ actions due × 100; track overdue actions and cycle time.,Develop a Net Zero Strategy should be managed on a 0–100% coverage or completion rate with clear ownership and cycle time.,None,SG-INIT-0073,ALL_FOUR_SLOTS,DISPLAY_ONLY,display_only,ACTIVE,ACTIVE,PUBLIC,STANDARD,1.0,2026-08-18,Consolidate.xlsx,工作表1,74
CEF-0074,CARD-0296,Set a Net Zero target. — Efficiency,efficiency,Governance,Efficiency Factors,,Efficiency,,Set a Net Zero target sets a clear operating standard: Scope 1/2/3 emissions; Annual absolute and % GHG reduction against baseline; progress against.,Strategy,Scope 1/2/3 emissions; Annual absolute and % GHG reduction against baseline; progress against,Scope 1/2/3 emissions; Annual absolute and % GHG reduction against baseline; progress against,,,1,,Single published figure stored as Value_Base.,,percent,²,Scope // emissions; Annual absolute and % GHG reduction against baseline; progress against,annual,published_display,annual,,All,None,,,,CEVID-0225,1,"Coverage % = compliant or completed items ÷ eligible items × 100; track volume, quality, exceptions and cycle time.",Set a Net Zero target sets a clear operating standard: Scope 1/2/3 emissions; Annual absolute and % GHG reduction against baseline; progress against.,None,SG-INIT-0074,ALL_FOUR_SLOTS,DISPLAY_ONLY,display_only,ACTIVE,ACTIVE,PUBLIC,STANDARD,1.0,2026-08-18,Consolidate.xlsx,工作表1,75
CEF-0075,CARD-0300,Validate targets through SBTi. — Efficiency,efficiency,Governance,Efficiency Factors,,Efficiency,,Validate targets through SBTi gives management a clear operating standard: annual Scope 1/2/3 emissions; Target validation status; % reduction against validated target trajectory.,Strategy,annual Scope 1/2/3 emissions; Target validation status; % reduction against validated target,annual Scope 1/2/3 emissions; Target validation status; % reduction against validated target,,,1,,Single published figure stored as Value_Base.,,percent,²,annual Scope // emissions; Target validation status; % reduction against validated target,annual,published_display,annual,,All,None,,,,CEVID-0226,1,"Coverage % = compliant or completed items ÷ eligible items × 100; track volume, quality, exceptions and cycle time.",Validate targets through SBTi gives management a clear operating standard: annual Scope 1/2/3 emissions; Target validation status; % reduction against validated target trajectory.,None,SG-INIT-0075,ALL_FOUR_SLOTS,DISPLAY_ONLY,display_only,ACTIVE,ACTIVE,PUBLIC,STANDARD,1.0,2026-08-18,Consolidate.xlsx,工作表1,76
CEF-0076,CARD-0304,Integrate sustainability objectives and KPIs into business planning. — Efficiency,efficiency,Governance,Efficiency Factors,,Efficiency,,Integrate sustainability objectives and KPIs into business should be managed on a 0–100% coverage or completion rate with clear ownership and cycle time.,Strategy,% sustainability objectives incorporated into business plans; % with allocated budgets/owners; %,% sustainability objectives incorporated into business plans; % with allocated budgets/owners; %,,,,,Display text has no parseable number; numeric columns left blank.,,percent,owners,% sustainability objectives incorporated into business plans; % with allocated budgets/owners; %,,published_display,,,All,None,,,,CEVID-0218,1,On-time delivery % = actions completed by due date ÷ actions due × 100; track overdue actions and cycle time.,Integrate sustainability objectives and KPIs into business should be managed on a 0–100% coverage or completion rate with clear ownership and cycle time.,None,SG-INIT-0076,ALL_FOUR_SLOTS,DISPLAY_ONLY,display_only,ACTIVE,ACTIVE,PUBLIC,STANDARD,1.0,2026-08-18,Consolidate.xlsx,工作表1,77
CEF-0077,CARD-0308,Develop a long-term decarbonisation funding plan. — Efficiency,efficiency,Governance,Efficiency Factors,,Efficiency,,Develop a long-term decarbonisation funding plan should be managed on a 0–100% coverage or completion rate with clear ownership and cycle time.,Strategy,£ allocated to decarbonisation annually; % priority projects fully funded; £ invested per tCO₂e,£ allocated to decarbonisation annually; % priority projects fully funded; £ invested per tCO₂e,,,,,Display text has no parseable number; numeric columns left blank.,GBP,percent,,allocated to decarbonisation annually; % priority projects fully funded; invested per tCO₂e,,published_display,,,All,None,,,,CEVID-0227,1,"Coverage % = compliant or completed items ÷ eligible items × 100; track volume, quality, exceptions and cycle time.",Develop a long-term decarbonisation funding plan should be managed on a 0–100% coverage or completion rate with clear ownership and cycle time.,None,SG-INIT-0077,ALL_FOUR_SLOTS,DISPLAY_ONLY,display_only,ACTIVE,ACTIVE,PUBLIC,STANDARD,1.0,2026-08-18,Consolidate.xlsx,工作表1,78
CEF-0078,CARD-0312,"Explore external grants, funding and incentives. — Efficiency",efficiency,Governance,Efficiency Factors,,Efficiency,,"Explore external grants, funding and incentives should be managed on a 0–100% coverage or completion rate with clear ownership and cycle time.",Strategy,£ external funding secured; application success rate; % project CAPEX funded externally,£ external funding secured; application success rate; % project CAPEX funded externally,,,,,Display text has no parseable number; numeric columns left blank.,GBP,percent,,external funding secured; application success rate; % project CAPEX funded externally,,published_display,,,All,None,,,,CEVID-0228,1,"Coverage % = compliant or completed items ÷ eligible items × 100; track volume, quality, exceptions and cycle time.","Explore external grants, funding and incentives should be managed on a 0–100% coverage or completion rate with clear ownership and cycle time.",None,SG-INIT-0078,ALL_FOUR_SLOTS,DISPLAY_ONLY,display_only,ACTIVE,ACTIVE,PUBLIC,STANDARD,1.0,2026-08-18,Consolidate.xlsx,工作表1,79
CEF-0079,CARD-0316,Develop a carbon removals strategy and quality criteria. — Efficiency,efficiency,Governance,Efficiency Factors,,Efficiency,,Develop a carbon removals strategy and quality criteria should be managed on a 0–100% coverage or completion rate with clear ownership and cycle time.,Strategy,% gross emissions reduced before removals; residual tCO₂e; tCO₂ permanently removed; % removals,% gross emissions reduced before removals; residual tCO₂e; tCO₂ permanently removed; % removals,,,,,Display text has no parseable number; numeric columns left blank.,,percent,,% gross emissions reduced before removals; residual tCO₂e; tCO₂ permanently removed; % removals,,published_display,,,All,None,,,,CEVID-0229,1,On-time delivery % = actions completed by due date ÷ actions due × 100; track overdue actions and cycle time.,Develop a carbon removals strategy and quality criteria should be managed on a 0–100% coverage or completion rate with clear ownership and cycle time.,None,SG-INIT-0079,ALL_FOUR_SLOTS,DISPLAY_ONLY,display_only,ACTIVE,ACTIVE,PUBLIC,STANDARD,1.0,2026-08-18,Consolidate.xlsx,工作表1,80
CEF-0080,CARD-0320,Involve your guests in sustainability initiatives- offer discounts for opting out of daily cleaning of the room-- ask them to give feedback on your activities — Efficiency,efficiency,Governance,Efficiency Factors,,Efficiency,,Involve your guests in sustainability initiatives- offer should be managed on a 0–100% coverage or completion rate with clear ownership and cycle time.,Strategy,Guest participation rate; housekeeping opt-out rate; towel/linen reuse rate; laundry kg per,,,,,,Display text has no parseable number; numeric columns left blank.,,mass_or_carbon,linen,Guest participation rate; housekeeping opt out rate; towel/linen reuse rate; laundry kg per,,published_display,,,All,None,,,,CEVID-0230,2,On-time delivery % = actions completed by due date ÷ actions due × 100; track overdue actions and cycle time.,Involve your guests in sustainability initiatives- offer should be managed on a 0–100% coverage or completion rate with clear ownership and cycle time.,None,SG-INIT-0080,ALL_FOUR_SLOTS,DISPLAY_ONLY,display_only,ACTIVE,ACTIVE,PUBLIC,STANDARD,1.0,2026-08-18,Consolidate.xlsx,工作表1,81
CEF-0081,CARD-0324,"Provide sustainability training for your leadership team, operations and functional central support teams. — Efficiency",efficiency,Governance,Efficiency Factors,,Efficiency,,Provide sustainability training for your leadership team should be managed on a 0–100% coverage or completion rate with clear ownership and cycle time.,Staff,Training completion rate; assessment/pass rate; improvement in pre-/post-training knowledge,,,,,,Display text has no parseable number; numeric columns left blank.,,,pass,Training completion rate; assessment/pass rate; improvement in pre /post training knowledge,,published_display,,,All,None,,,,CEVID-0232,2,On-time delivery % = actions completed by due date ÷ actions due × 100; track overdue actions and cycle time.,Provide sustainability training for your leadership team should be managed on a 0–100% coverage or completion rate with clear ownership and cycle time.,None,SG-INIT-0081,ALL_FOUR_SLOTS,DISPLAY_ONLY,display_only,ACTIVE,ACTIVE,PUBLIC,STANDARD,1.0,2026-08-18,Consolidate.xlsx,工作表1,82
CEF-0082,CARD-0328,Offer a sustainable pension to employees (Ideally make it the default choice) — Efficiency,efficiency,Governance,Efficiency Factors,,Efficiency,,Offer a sustainable pension to employees should be managed on a 0–100% coverage or completion rate with clear ownership and cycle time.,Staff,% employees in sustainable default; financed emissions per £m invested; % reduction in pension,% employees in sustainable default; financed emissions per £m invested; % reduction in pension,,,,,Display text has no parseable number; numeric columns left blank.,GBP,percent,,% employees in sustainable default; financed emissions per m invested; % reduction in pension,,published_display,,,All,None,,,,CEVID-0234,2,"Coverage % = compliant or completed items ÷ eligible items × 100; track volume, quality, exceptions and cycle time.",Offer a sustainable pension to employees should be managed on a 0–100% coverage or completion rate with clear ownership and cycle time.,None,SG-INIT-0082,ALL_FOUR_SLOTS,DISPLAY_ONLY,display_only,ACTIVE,ACTIVE,PUBLIC,STANDARD,1.0,2026-08-18,Consolidate.xlsx,工作表1,83
CEF-0083,CARD-0332,Understand employee sustainability expectations and strengthen engagement — Efficiency,efficiency,Governance,Efficiency Factors,,Efficiency,,Understand employee sustainability expectations and should be managed on a 0–100% coverage or completion rate with clear ownership and cycle time.,Staff,Employee sustainability engagement score; survey participation; % employees participating in,Employee sustainability engagement score; survey participation; % employees participating in,,,,,Display text has no parseable number; numeric columns left blank.,,percent,,Employee sustainability engagement score; survey participation; % employees participating in,,published_display,,,All,None,,,,CEVID-0236,2,Waste reduction % = (baseline waste − current waste) ÷ baseline waste × 100; track waste per cover and avoided cost.,Understand employee sustainability expectations and should be managed on a 0–100% coverage or completion rate with clear ownership and cycle time.,None,SG-INIT-0083,ALL_FOUR_SLOTS,DISPLAY_ONLY,display_only,ACTIVE,ACTIVE,PUBLIC,STANDARD,1.0,2026-08-18,Consolidate.xlsx,工作表1,84
CEF-0084,CARD-0336,Embed sustainability into employee roles and responsibilities — Efficiency,efficiency,Governance,Efficiency Factors,,Efficiency,,Embed sustainability into employee roles and should be managed on a 0–100% coverage or completion rate with clear ownership and cycle time.,Staff,% relevant job descriptions containing sustainability responsibilities; % relevant employees,% relevant job descriptions containing sustainability responsibilities; % relevant employees,,,,,Display text has no parseable number; numeric columns left blank.,,percent,,% relevant job descriptions containing sustainability responsibilities; % relevant employees,,published_display,,,All,None,,,,CEVID-0238,2,On-time delivery % = actions completed by due date ÷ actions due × 100; track overdue actions and cycle time.,Embed sustainability into employee roles and should be managed on a 0–100% coverage or completion rate with clear ownership and cycle time.,None,SG-INIT-0084,ALL_FOUR_SLOTS,DISPLAY_ONLY,display_only,ACTIVE,ACTIVE,PUBLIC,STANDARD,1.0,2026-08-18,Consolidate.xlsx,工作表1,85
CEF-0085,CARD-0340,Recognizing and rewarding employees for their contributions to sustainability efforts can boost morale and motivation — Efficiency,efficiency,Governance,Efficiency Factors,,Efficiency,,Recognizing and rewarding employees for their should be managed on a 0–100% coverage or completion rate with clear ownership and cycle time.,Staff,Number of sustainability nominations/awards; % workforce participating; quantified,Number of sustainability nominations/awards; % workforce participating; quantified,,,,,Display text has no parseable number; numeric columns left blank.,,percent,awards,Number of sustainability nominations/awards; % workforce participating; quantified,,published_display,,,All,None,,,,CEVID-0240,2,Waste reduction % = (baseline waste − current waste) ÷ baseline waste × 100; track waste per cover and avoided cost.,Recognizing and rewarding employees for their should be managed on a 0–100% coverage or completion rate with clear ownership and cycle time.,None,SG-INIT-0085,ALL_FOUR_SLOTS,DISPLAY_ONLY,display_only,ACTIVE,ACTIVE,PUBLIC,STANDARD,1.0,2026-08-18,Consolidate.xlsx,工作表1,86
CEF-0086,CARD-0344,Develop and maintain a Climate Transition Plan. — Efficiency,efficiency,Governance,Efficiency Factors,,Efficiency,,Develop and maintain a Climate Transition Plan sets a clear operating standard: annual Scope 1; 2 and 3 tCO₂e reduction against baseline; % transition-plan actions completed on.,Regulation,annual Scope 1; 2 and 3 tCO₂e reduction against baseline; % transition-plan actions completed on,annual Scope 1; 2 and 3 tCO₂e reduction against baseline; % transition-plan actions completed on,,,1,,Single published figure stored as Value_Base.,,percent,,annual Scope ; and tCO₂e reduction against baseline; % transition plan actions completed on,annual,published_display,annual,,All,None,,,,CEVID-0242,2,On-time delivery % = actions completed by due date ÷ actions due × 100; track overdue actions and cycle time.,Develop and maintain a Climate Transition Plan sets a clear operating standard: annual Scope 1; 2 and 3 tCO₂e reduction against baseline; % transition-plan actions completed on.,None,SG-INIT-0086,ALL_FOUR_SLOTS,DISPLAY_ONLY,display_only,ACTIVE,ACTIVE,PUBLIC,STANDARD,1.0,2026-08-18,Consolidate.xlsx,工作表1,87
CEF-0087,CARD-0348,"Disclose climate-related information using recognised reporting frameworks (e.g. UK SRS, IFRS S2 and TCFD). — Efficiency",efficiency,Governance,Efficiency Factors,,Efficiency,,Disclose climate-related information using recognised reporting frameworks gives management a measurable operating lever: 100% required disclosures covered.,Regulation,100% required disclosures covered,100% required disclosures covered,,,100,,Single published figure stored as Value_Base.,,percent,,% required disclosures covered,,published_display,,,All,None,,,,CEVID-0244,1,Disclosure coverage % = completed required disclosures ÷ applicable disclosures × 100; unresolved-gap rate = open material gaps ÷ identified material gaps × 100.,Disclose climate-related information using recognised reporting frameworks gives management a measurable operating lever: 100% required disclosures covered.,None,SG-INIT-0087,ALL_FOUR_SLOTS,DISPLAY_ONLY,display_only,ACTIVE,ACTIVE,PUBLIC,STANDARD,1.0,2026-08-18,Consolidate.xlsx,工作表1,88
CEF-0088,CARD-0352,"Ensure compliance with applicable environmental legislation and reporting requirements (e.g. SECR, ESOS, Simpler Recycling, EPR and the Green Claims Code, where applicable). — Efficiency",efficiency,Governance,Efficiency Factors,,Efficiency,,Environmental compliance gives management a clear control: 100% obligation coverage and 0 overdue corrective actions.,Regulation,100% obligations assigned,100% obligations assigned,,,100,,Single published figure stored as Value_Base.,,percent,,% obligations assigned,,published_display,,,All,None,,,,CEVID-0245,1,Coverage % = obligations with owner and evidence ÷ applicable obligations × 100; overdue rate = overdue actions ÷ actions due × 100.,Environmental compliance gives management a clear control: 100% obligation coverage and 0 overdue corrective actions.,None,SG-INIT-0088,ALL_FOUR_SLOTS,DISPLAY_ONLY,display_only,ACTIVE,ACTIVE,PUBLIC,STANDARD,1.0,2026-08-18,Consolidate.xlsx,工作表1,89
CEF-0089,CARD-0356,Implement an Environmental Management System (e.g. ISO 14001). — Efficiency,efficiency,Governance,Efficiency Factors,,Efficiency,,Implement an Environmental Management System gives management a measurable operating lever: 100% material impacts controlled.,Regulation,100% material impacts controlled,100% material impacts controlled,,,100,,Single published figure stored as Value_Base.,,percent,,% material impacts controlled,,published_display,,,All,None,,,,CEVID-0246,1,Impact coverage % = controlled material impacts ÷ identified material impacts × 100; closure rate = actions closed by due date ÷ actions due × 100.,Implement an Environmental Management System gives management a measurable operating lever: 100% material impacts controlled.,None,SG-INIT-0089,ALL_FOUR_SLOTS,DISPLAY_ONLY,display_only,ACTIVE,ACTIVE,PUBLIC,STANDARD,1.0,2026-08-18,Consolidate.xlsx,工作表1,90
CEF-0090,CARD-0360,"Pursue recognised sustainability certifications and voluntary commitments (e.g. Green Key, Green Tourism, B Corp, Race to Zero or The Climate Pledge) — Efficiency",efficiency,Governance,Efficiency Factors,,Efficiency,,Pursue recognised sustainability certifications and voluntary commitments gives management a measurable operating lever: 100% priority sites certified.,Regulation,100% priority sites certified,100% priority sites certified,,,100,,Single published figure stored as Value_Base.,,percent,,% priority sites certified,,published_display,,,All,None,,,,CEVID-0247,2,Certification coverage % = certified priority sites ÷ priority sites × 100; closure rate = non-conformities closed by due date ÷ non-conformities due × 100.,Pursue recognised sustainability certifications and voluntary commitments gives management a measurable operating lever: 100% priority sites certified.,None,SG-INIT-0090,ALL_FOUR_SLOTS,DISPLAY_ONLY,display_only,ACTIVE,ACTIVE,PUBLIC,STANDARD,1.0,2026-08-18,Consolidate.xlsx,工作表1,91
CEF-0091,CARD-0364,Establish a Management Information System to Track Sustainability KPIs Monthly — Efficiency,efficiency,Governance,Efficiency Factors,,Efficiency,,Establish a Management Information System to Track Sustainability KPIs Monthly gives management a measurable operating lever: 12 cycles/year.,Regulation,12 cycles/year,12 cycles/year,,,12,,Single published figure stored as Value_Base.,,,year,cycles/year,annual,published_display,annual,,All,None,,,,CEVID-0222,1,On-time reporting % = reports issued by deadline ÷ 12 × 100; ownership % = KPIs with named owners ÷ total KPIs × 100; variance closure rate = closed material variances ÷ identified variances × 100.,Establish a Management Information System to Track Sustainability KPIs Monthly gives management a measurable operating lever: 12 cycles/year.,None,SG-INIT-0091,ALL_FOUR_SLOTS,DISPLAY_ONLY,display_only,ACTIVE,ACTIVE,PUBLIC,STANDARD,1.0,2026-08-18,Consolidate.xlsx,工作表1,92
CEF-0092,CARD-0368,Reduce the volume and impact of packaging materials used. — Efficiency,efficiency,Supply Chain,Efficiency Factors,,Efficiency,,Reduce the volume and impact of packaging materials used sets a clear operating standard: WRAP reports that the UK Plastics Pact achieved a 20% reduction in greenhouse gas emissions from.,Packaging,WRAP reports that the UK Plastics Pact achieved a 20% reduction in greenhouse gas emissions from,WRAP reports that the UK Plastics Pact achieved a 20% reduction in greenhouse gas emissions from,,,20,,Single published figure stored as Value_Base.,,percent,,WRAP reports that the UK Plastics Pact achieved a % reduction in greenhouse gas emissions from,,published_display,,,All,None,,,,CEVID-0249,1,"Coverage % = compliant or completed items ÷ eligible items × 100; track volume, quality, exceptions and cycle time.",Reduce the volume and impact of packaging materials used sets a clear operating standard: WRAP reports that the UK Plastics Pact achieved a 20% reduction in greenhouse gas emissions from.,None,SG-INIT-0092,ALL_FOUR_SLOTS,DISPLAY_ONLY,display_only,ACTIVE,ACTIVE,PUBLIC,STANDARD,1.0,2026-08-18,Consolidate.xlsx,工作表1,93
CEF-0093,CARD-0372,Collaborate with suppliers to reduce packaging impacts across the supply chain — Efficiency,efficiency,Supply Chain,Efficiency Factors,,Efficiency,,Collaborate with suppliers to reduce packaging impacts should be managed on a 0–100% coverage or completion rate with clear ownership and cycle time.,Packaging,Tesco provides a useful benchmark: its supplier-focused packaging programme removed more than,,,,,,Display text has no parseable number; numeric columns left blank.,,,,Tesco provides a useful benchmark: its supplier focused packaging programme removed more than,,published_display,,,All,None,,,,CEVID-0250,1,Supplier coverage % = compliant suppliers or spend ÷ priority suppliers or addressable spend × 100; track response and action closure.,Collaborate with suppliers to reduce packaging impacts should be managed on a 0–100% coverage or completion rate with clear ownership and cycle time.,None,SG-INIT-0093,ALL_FOUR_SLOTS,DISPLAY_ONLY,display_only,ACTIVE,ACTIVE,PUBLIC,STANDARD,1.0,2026-08-18,Consolidate.xlsx,工作表1,94
CEF-0094,CARD-0376,Use dispense or refill systems for drinks rather than single-use packaging — Efficiency,efficiency,Supply Chain,Efficiency Factors,,Efficiency,,"Use dispense or refill systems for drinks rather than sets a clear operating standard: EcoPure reports that a site dispensing 100 bottles/day could avoid approximately 36,500.",Packaging,"EcoPure reports that a site dispensing 100 bottles/day could avoid approximately 36,500","EcoPure reports that a site dispensing 100 bottles/day could avoid approximately 36,500",,,100,,Single published figure stored as Value_Base.,,,day,EcoPure reports that a site dispensing bottles/day could avoid approximately,,published_display,,,"All – particularly relevant for hotels, pubs, bars, restaurants, contract caterers and event venues",None,,,,CEVID-0251,1,"Coverage % = compliant or completed items ÷ eligible items × 100; track volume, quality, exceptions and cycle time.","Use dispense or refill systems for drinks rather than sets a clear operating standard: EcoPure reports that a site dispensing 100 bottles/day could avoid approximately 36,500.",None,SG-INIT-0094,ALL_FOUR_SLOTS,DISPLAY_ONLY,display_only,ACTIVE,ACTIVE,PUBLIC,STANDARD,1.0,2026-08-18,Consolidate.xlsx,工作表1,95
CEF-0095,CARD-0380,Undertake life cycle assessment (LCA) of packaging to understand its full environmental impact — Efficiency,efficiency,Supply Chain,Efficiency Factors,,Efficiency,,Undertake life cycle assessment (LCA) of packaging to sets a clear operating standard: redesigned packaging reduced assessed environmental impacts by approximately 30% on average; In.,Packaging,redesigned packaging reduced assessed environmental impacts by approximately 30% on average; In,redesigned packaging reduced assessed environmental impacts by approximately 30% on average; In,,,30,,Single published figure stored as Value_Base.,,percent,,redesigned packaging reduced assessed environmental impacts by approximately % on average; In,,published_display,,,All,None,,,,CEVID-0252,1,"Coverage % = compliant or completed items ÷ eligible items × 100; track volume, quality, exceptions and cycle time.",Undertake life cycle assessment (LCA) of packaging to sets a clear operating standard: redesigned packaging reduced assessed environmental impacts by approximately 30% on average; In.,None,SG-INIT-0095,ALL_FOUR_SLOTS,DISPLAY_ONLY,display_only,ACTIVE,ACTIVE,PUBLIC,STANDARD,1.0,2026-08-18,Consolidate.xlsx,工作表1,96
CEF-0096,CARD-0384,Eliminate single-use plastic items from operations — Efficiency,efficiency,Supply Chain,Efficiency Factors,,Efficiency,,Eliminate single-use plastic items from operations sets a clear operating standard: IHG's programme provides a useful scale benchmark of approximately 200 million bathroom.,Packaging,IHG's programme provides a useful scale benchmark of approximately 200 million bathroom,IHG's programme provides a useful scale benchmark of approximately 200 million bathroom,,,200,,Single published figure stored as Value_Base.,,,,IHG's programme provides a useful scale benchmark of approximately million bathroom,,published_display,,,All – guest amenities particularly relevant for hotels and other accommodation providers,None,,,,CEVID-0253,1,Waste reduction % = (baseline waste − current waste) ÷ baseline waste × 100; track waste per cover and avoided cost.,Eliminate single-use plastic items from operations sets a clear operating standard: IHG's programme provides a useful scale benchmark of approximately 200 million bathroom.,None,SG-INIT-0096,ALL_FOUR_SLOTS,DISPLAY_ONLY,display_only,ACTIVE,ACTIVE,PUBLIC,STANDARD,1.0,2026-08-18,Consolidate.xlsx,工作表1,97
CEF-0097,CARD-0388,Increase recycled content in packaging materials — Efficiency,efficiency,Supply Chain,Efficiency Factors,,Efficiency,,Increase recycled content in packaging materials sets a clear operating standard: UK Plastics Pact members reached 28% average recycled content across plastic packaging in.,Packaging,UK Plastics Pact members reached 28% average recycled content across plastic packaging in,UK Plastics Pact members reached 28% average recycled content across plastic packaging in,,,28,,Single published figure stored as Value_Base.,,percent,,UK Plastics Pact members reached % average recycled content across plastic packaging in,,published_display,,,"All – particularly relevant for breweries, pubs/bars and businesses using high volumes of packaged products",None,,,,CEVID-0254,1,On-time delivery % = actions completed by due date ÷ actions due × 100; track overdue actions and cycle time.,Increase recycled content in packaging materials sets a clear operating standard: UK Plastics Pact members reached 28% average recycled content across plastic packaging in.,None,SG-INIT-0097,ALL_FOUR_SLOTS,DISPLAY_ONLY,display_only,ACTIVE,ACTIVE,PUBLIC,STANDARD,1.0,2026-08-18,Consolidate.xlsx,工作表1,98
CEF-0098,CARD-0392,Evaluate equipment purchases based on full life-cycle cost and environmental impact — Efficiency,efficiency,Supply Chain,Efficiency Factors,,Efficiency,,Evaluate equipment purchases based on full life-cycle cost should be managed on a 0–100% coverage or completion rate with clear ownership and cycle time.,Capital Goods,Reference,,,,,,Display text has no parseable number; numeric columns left blank.,,,,Reference,,published_display,,,"All – particularly relevant for hotels, contract caterers, restaurants and other equipment-intensive operations",None,,,,CEVID-0255,1,"Coverage % = compliant or completed items ÷ eligible items × 100; track volume, quality, exceptions and cycle time.",Evaluate equipment purchases based on full life-cycle cost should be managed on a 0–100% coverage or completion rate with clear ownership and cycle time.,None,SG-INIT-0098,ALL_FOUR_SLOTS,DISPLAY_ONLY,display_only,ACTIVE,ACTIVE,PUBLIC,STANDARD,1.0,2026-08-18,Consolidate.xlsx,工作表1,99
CEF-0099,CARD-0396,Shift from equipment ownership to service or leasing models — Efficiency,efficiency,Supply Chain,Efficiency Factors,,Efficiency,,Shift from equipment ownership to service or leasing sets a clear operating standard: the redesigned lighting fixtures were expected to last 75% longer than conventional fixtures; At.,Capital Goods,the redesigned lighting fixtures were expected to last 75% longer than conventional fixtures; At,the redesigned lighting fixtures were expected to last 75% longer than conventional fixtures; At,,,75,,Single published figure stored as Value_Base.,,percent,,the redesigned lighting fixtures were expected to last % longer than conventional fixtures; At,,published_display,,,"All – particularly relevant for equipment-intensive operations such as hotels, contract caterers and breweries",None,,,,CEVID-0256,1,"Coverage % = compliant or completed items ÷ eligible items × 100; track volume, quality, exceptions and cycle time.",Shift from equipment ownership to service or leasing sets a clear operating standard: the redesigned lighting fixtures were expected to last 75% longer than conventional fixtures; At.,None,SG-INIT-0099,ALL_FOUR_SLOTS,DISPLAY_ONLY,display_only,ACTIVE,ACTIVE,PUBLIC,STANDARD,1.0,2026-08-18,Consolidate.xlsx,工作表1,100
CEF-0100,CARD-0400,"Prioritise reused, refurbished and responsibly sourced furniture and fittings — Efficiency",efficiency,Supply Chain,Efficiency Factors,,Efficiency,,"Prioritise reused, refurbished and responsibly sourced sets a clear operating standard: Crown Workspace has refurbished/remanufactured more than 125,000 items and diverted over 2,800.",Capital Goods,"Crown Workspace has refurbished/remanufactured more than 125,000 items and diverted over 2,800","Crown Workspace has refurbished/remanufactured more than 125,000 items and diverted over 2,800",,,125000,,Single published figure stored as Value_Base.,,,remanufactured,Crown Workspace has refurbished/remanufactured more than items and diverted over,,published_display,,,"All – particularly relevant for hotels, restaurants, pubs/bars and other businesses undertaking refurbishments or fit-outs",None,,,,CEVID-0257,1,Waste reduction % = (baseline waste − current waste) ÷ baseline waste × 100; track waste per cover and avoided cost.,"Prioritise reused, refurbished and responsibly sourced sets a clear operating standard: Crown Workspace has refurbished/remanufactured more than 125,000 items and diverted over 2,800.",None,SG-INIT-0100,ALL_FOUR_SLOTS,DISPLAY_ONLY,display_only,ACTIVE,ACTIVE,PUBLIC,STANDARD,1.0,2026-08-18,Consolidate.xlsx,工作表1,101
CEF-0101,CARD-0404,"Extend equipment life and manage WEEE through repair, refurbishment, reuse and responsible recycling — Efficiency",efficiency,Supply Chain,Efficiency Factors,,Efficiency,,Extend equipment life and manage WEEE through repair should be managed on a 0–100% coverage or completion rate with clear ownership and cycle time.,Capital Goods,"Environment Agency guidance prioritises reuse of whole appliances, followed by reuse of",,,,0,,Single published figure stored as Value_Base.,,,,Environment Agency guidance prioritises reuse of whole appliances followed by reuse of,,published_display,,,"All – particularly relevant for equipment-intensive operations such as hotels, contract caterers, breweries and restaurants",None,,,,CEVID-0258,1,Waste reduction % = (baseline waste − current waste) ÷ baseline waste × 100; track waste per cover and avoided cost.,Extend equipment life and manage WEEE through repair should be managed on a 0–100% coverage or completion rate with clear ownership and cycle time.,None,SG-INIT-0101,ALL_FOUR_SLOTS,DISPLAY_ONLY,display_only,ACTIVE,ACTIVE,PUBLIC,STANDARD,1.0,2026-08-18,Consolidate.xlsx,工作表1,102
CEF-0102,CARD-0408,Set responsible sourcing standards for packaging procurement — Efficiency,efficiency,Supply Chain,Efficiency Factors,,Efficiency,,Set responsible sourcing standards for packaging should be managed on a 0–100% coverage or completion rate with clear ownership and cycle time.,Procurement,Track % of relevant paper/card packaging that is FSC-certified or from recycled sources,Track % of relevant paper/card packaging that is FSC-certified or from recycled sources,,,,,Display text has no parseable number; numeric columns left blank.,,percent,card,Track % of relevant paper/card packaging that is FSC certified or from recycled sources,,published_display,,,All,None,,,,CEVID-0259,1,Supplier coverage % = compliant suppliers or spend ÷ priority suppliers or addressable spend × 100; track response and action closure.,Set responsible sourcing standards for packaging should be managed on a 0–100% coverage or completion rate with clear ownership and cycle time.,None,SG-INIT-0102,ALL_FOUR_SLOTS,DISPLAY_ONLY,display_only,ACTIVE,ACTIVE,PUBLIC,STANDARD,1.0,2026-08-18,Consolidate.xlsx,工作表1,103
CEF-0103,CARD-0412,Procure lower-impact staff uniforms and operational textiles — Efficiency,efficiency,Supply Chain,Efficiency Factors,,Efficiency,,Procure lower-impact staff uniforms and operational sets a clear operating standard: a British Cycling/Stuff4Life project rebranded just under 200 kg of existing garments; As a.,procurement,a British Cycling/Stuff4Life project rebranded just under 200 kg of existing garments; As a,a British Cycling/Stuff4Life project rebranded just under 200 kg of existing garments; As a,,,4,,Single published figure stored as Value_Base.,,mass_or_carbon,Stuff4Life,a British Cycling/StuffLife project rebranded just under kg of existing garments; As a,,published_display,,,"All – particularly relevant for hotels, restaurants, pubs/bars and contract caterers with high volumes of uniforms, linen and towels",None,,,,CEVID-0260,1,Waste reduction % = (baseline waste − current waste) ÷ baseline waste × 100; track waste per cover and avoided cost.,Procure lower-impact staff uniforms and operational sets a clear operating standard: a British Cycling/Stuff4Life project rebranded just under 200 kg of existing garments; As a.,None,SG-INIT-0103,ALL_FOUR_SLOTS,DISPLAY_ONLY,display_only,ACTIVE,ACTIVE,PUBLIC,STANDARD,1.0,2026-08-18,Consolidate.xlsx,工作表1,104
CEF-0104,CARD-0416,Procure environmentally preferable cleaning products — Efficiency,efficiency,Supply Chain,Efficiency Factors,,Efficiency,,Procure environmentally preferable cleaning products should be managed on a 0–100% coverage or completion rate with clear ownership and cycle time.,procurement,"Track chemical consumption per room/cover/m² cleaned, packaging avoided, dilution accuracy and",,,,0,,Single published figure stored as Value_Base.,,,cover,Track chemical consumption per room/cover/m² cleaned packaging avoided dilution accuracy and,,published_display,,,"All – particularly relevant for hotels, restaurants, pubs/bars, contract caterers and other operations with high cleaning-product use",None,,,,CEVID-0261,1,On-time delivery % = actions completed by due date ÷ actions due × 100; track overdue actions and cycle time.,Procure environmentally preferable cleaning products should be managed on a 0–100% coverage or completion rate with clear ownership and cycle time.,None,SG-INIT-0104,ALL_FOUR_SLOTS,DISPLAY_ONLY,display_only,ACTIVE,ACTIVE,PUBLIC,STANDARD,1.0,2026-08-18,Consolidate.xlsx,工作表1,105
CEF-0105,CARD-0420,Reduce office paper use and office consumables — Efficiency,efficiency,Supply Chain,Efficiency Factors,,Efficiency,,Reduce office paper use and office consumables sets a clear operating standard: Leeds City Council reduced its printer fleet by 39% and print volume by 25% in the first year.,procurement,Leeds City Council reduced its printer fleet by 39% and print volume by 25% in the first year,Leeds City Council reduced its printer fleet by 39% and print volume by 25% in the first year,,,39,,Single published figure stored as Value_Base.,,percent,,Leeds City Council reduced its printer fleet by % and print volume by % in the first year,,published_display,year,,All,None,,,,CEVID-0262,1,Waste reduction % = (baseline waste − current waste) ÷ baseline waste × 100; track waste per cover and avoided cost.,Reduce office paper use and office consumables sets a clear operating standard: Leeds City Council reduced its printer fleet by 39% and print volume by 25% in the first year.,None,SG-INIT-0105,ALL_FOUR_SLOTS,DISPLAY_ONLY,display_only,ACTIVE,ACTIVE,PUBLIC,STANDARD,1.0,2026-08-18,Consolidate.xlsx,工作表1,106
CEF-0106,CARD-0424,Measure and reduce emissions from purchased goods and services — Efficiency,efficiency,Supply Chain,Efficiency Factors,,Efficiency,,Measure and reduce emissions from purchased goods and sets a clear operating standard: The GHG Protocol's Scope 3 guidance provides methods for progressively improving the quality of.,procurement,The GHG Protocol's Scope 3 guidance provides methods for progressively improving the quality of,The GHG Protocol's Scope 3 guidance provides methods for progressively improving the quality of,,,3,,Single published figure stored as Value_Base.,,,,The GHG Protocol's Scope guidance provides methods for progressively improving the quality of,,published_display,,,All,None,,,,CEVID-0263,1,Supplier coverage % = compliant suppliers or spend ÷ priority suppliers or addressable spend × 100; track response and action closure.,Measure and reduce emissions from purchased goods and sets a clear operating standard: The GHG Protocol's Scope 3 guidance provides methods for progressively improving the quality of.,None,SG-INIT-0106,ALL_FOUR_SLOTS,DISPLAY_ONLY,display_only,ACTIVE,ACTIVE,PUBLIC,STANDARD,1.0,2026-08-18,Consolidate.xlsx,工作表1,107
CEF-0107,CARD-0428,Adopt recognised certifications for key categories — Efficiency,efficiency,F&B Procurement & Menu design,Efficiency Factors,,Efficiency,,Adopt recognised certifications for key categories should be managed on a 0–100% coverage or completion rate with clear ownership and cycle time.,Procurement,% of priority-category spend certified; certified product/volume share; number of categories,% of priority-category spend certified; certified product/volume share; number of categories,,,,,Display text has no parseable number; numeric columns left blank.,,percent,volume,% of priority category spend certified; certified product/volume share; number of categories,,published_display,,,All,None,,,,CEVID-0264,1,Supplier coverage % = compliant suppliers or spend ÷ priority suppliers or addressable spend × 100; track response and action closure.,Adopt recognised certifications for key categories should be managed on a 0–100% coverage or completion rate with clear ownership and cycle time.,None,SG-INIT-0107,ALL_FOUR_SLOTS,DISPLAY_ONLY,display_only,ACTIVE,ACTIVE,PUBLIC,STANDARD,1.0,2026-08-18,Consolidate.xlsx,工作表1,108
CEF-0108,CARD-0432,Set targets to increase local/regional and seasonal sourcing to reduce transport emissions and support UK producers — Efficiency,efficiency,F&B Procurement & Menu design,Efficiency Factors,,Efficiency,,Set targets to increase local/regional and seasonal should be managed on a 0–100% coverage or completion rate with clear ownership and cycle time.,Procurement,% relevant spend/volume seasonal or regional; % fresh produce transported by air; food miles,% relevant spend/volume seasonal or regional; % fresh produce transported by air; food miles,,,,,Display text has no parseable number; numeric columns left blank.,,percent,volume,% relevant spend/volume seasonal or regional; % fresh produce transported by air; food miles,,published_display,,,All,None,,,,CEVID-0265,1,"Coverage % = compliant or completed items ÷ eligible items × 100; track volume, quality, exceptions and cycle time.",Set targets to increase local/regional and seasonal should be managed on a 0–100% coverage or completion rate with clear ownership and cycle time.,None,SG-INIT-0108,ALL_FOUR_SLOTS,DISPLAY_ONLY,display_only,ACTIVE,ACTIVE,PUBLIC,STANDARD,1.0,2026-08-18,Consolidate.xlsx,工作表1,109
CEF-0109,CARD-0436,Pilot new sourcing models with innovative/smaller suppliers to diversify supply and de-risk from commodity volatility — Efficiency,efficiency,F&B Procurement & Menu design,Efficiency Factors,,Efficiency,,Pilot new sourcing models with innovative/smaller should be managed on a 0–100% coverage or completion rate with clear ownership and cycle time.,Procurement,# pilots completed; % converted to long-term contracts; £ spend with SMEs/innovative suppliers,# pilots completed; % converted to long-term contracts; £ spend with SMEs/innovative suppliers,,,,,Display text has no parseable number; numeric columns left blank.,GBP,percent,innovative,# pilots completed; % converted to long term contracts; spend with SMEs/innovative suppliers,,published_display,,,All,None,,,,CEVID-0266,1,Supplier coverage % = compliant suppliers or spend ÷ priority suppliers or addressable spend × 100; track response and action closure.,Pilot new sourcing models with innovative/smaller should be managed on a 0–100% coverage or completion rate with clear ownership and cycle time.,None,SG-INIT-0109,ALL_FOUR_SLOTS,DISPLAY_ONLY,display_only,ACTIVE,ACTIVE,PUBLIC,STANDARD,1.0,2026-08-18,Consolidate.xlsx,工作表1,110
CEF-0110,CARD-0440,Proportion of plant-based dishes on the menu — Efficiency,efficiency,F&B Procurement & Menu design,Efficiency Factors,,Efficiency,,Proportion of plant-based dishes on the menu should be managed on a 0–100% coverage or completion rate with clear ownership and cycle time.,Menu Design,% menu items plant-based; plant-based sales share; kgCO₂e/meal; plant-based procurement volume,% menu items plant-based; plant-based sales share; kgCO₂e/meal; plant-based procurement volume,,,,,Display text has no parseable number; numeric columns left blank.,,percent,meal,% menu items plant based; plant based sales share; kgCO₂e/meal; plant based procurement volume,,published_display,,,All,None,,,,CEVID-0267,1,"Uplift % = (post-change share − baseline share) ÷ baseline share × 100; track margin, acceptance and carbon per serving.",Proportion of plant-based dishes on the menu should be managed on a 0–100% coverage or completion rate with clear ownership and cycle time.,None,SG-INIT-0110,ALL_FOUR_SLOTS,DISPLAY_ONLY,display_only,ACTIVE,ACTIVE,PUBLIC,STANDARD,1.0,2026-08-18,Consolidate.xlsx,工作表1,111
CEF-0111,CARD-0444,Procure items sourced from ingredients grown using regenerative practices — Efficiency,efficiency,F&B Procurement & Menu design,Efficiency Factors,,Efficiency,,Procure items sourced from ingredients grown using should be managed on a 0–100% coverage or completion rate with clear ownership and cycle time.,Menu Design,% relevant spend/volume regenerative; tonnes sourced; % recipes/products converted; supplier,% relevant spend/volume regenerative; tonnes sourced; % recipes/products converted; supplier,,,,,Display text has no parseable number; numeric columns left blank.,,percent,volume,% relevant spend/volume regenerative; tonnes sourced; % recipes/products converted; supplier,,published_display,,,All,None,,,,CEVID-0268,1,Supplier coverage % = compliant suppliers or spend ÷ priority suppliers or addressable spend × 100; track response and action closure.,Procure items sourced from ingredients grown using should be managed on a 0–100% coverage or completion rate with clear ownership and cycle time.,None,SG-INIT-0111,ALL_FOUR_SLOTS,DISPLAY_ONLY,display_only,ACTIVE,ACTIVE,PUBLIC,STANDARD,1.0,2026-08-18,Consolidate.xlsx,工作表1,112
CEF-0112,CARD-0448,Design the menu to highlight and nudge customers toward lower-carbon choices — Efficiency,efficiency,F&B Procurement & Menu design,Efficiency Factors,,Efficiency,,Design the menu to highlight and nudge customers toward should be managed on a 0–100% coverage or completion rate with clear ownership and cycle time.,Menu Design,Change in lower-carbon dish sales share; conversion/uplift vs baseline; kgCO₂e per,,,,,,Display text has no parseable number; numeric columns left blank.,,mass_or_carbon,uplift,Change in lower carbon dish sales share; conversion/uplift vs baseline; kgCO₂e per,,published_display,,,All,None,,,,CEVID-0269,1,"Uplift % = (post-change share − baseline share) ÷ baseline share × 100; track margin, acceptance and carbon per serving.",Design the menu to highlight and nudge customers toward should be managed on a 0–100% coverage or completion rate with clear ownership and cycle time.,None,SG-INIT-0112,ALL_FOUR_SLOTS,DISPLAY_ONLY,display_only,ACTIVE,ACTIVE,PUBLIC,STANDARD,1.0,2026-08-18,Consolidate.xlsx,工作表1,113
CEF-0113,CARD-0452,Swap high-impact ingredients for lower-impact equivalents where they don't compromise the dish — Efficiency,efficiency,F&B Procurement & Menu design,Efficiency Factors,,Efficiency,,Swap high-impact ingredients for lower-impact equivalents should be managed on a 0–100% coverage or completion rate with clear ownership and cycle time.,Menu Design,% priority recipes reformulated; kgCO₂e/portion before vs after; % carbon reduction/recipe,% priority recipes reformulated; kgCO₂e/portion before vs after; % carbon reduction/recipe,,,,,Display text has no parseable number; numeric columns left blank.,,percent,portion,% priority recipes reformulated; kgCO₂e/portion before vs after; % carbon reduction/recipe,,published_display,,,All,None,,,,CEVID-0270,1,"Uplift % = (post-change share − baseline share) ÷ baseline share × 100; track margin, acceptance and carbon per serving.",Swap high-impact ingredients for lower-impact equivalents should be managed on a 0–100% coverage or completion rate with clear ownership and cycle time.,None,SG-INIT-0113,ALL_FOUR_SLOTS,DISPLAY_ONLY,display_only,ACTIVE,ACTIVE,PUBLIC,STANDARD,1.0,2026-08-18,Consolidate.xlsx,工作表1,114
CEF-0114,CARD-0456,Use nose-to-tail cooking to reduce waste from higher-impact proteins — Efficiency,efficiency,F&B Procurement & Menu design,Efficiency Factors,,Efficiency,,Use nose-to-tail cooking to reduce waste from should be managed on a 0–100% coverage or completion rate with clear ownership and cycle time.,Menu Design,kg animal-protein waste / kg purchased; edible yield/utilisation %; trimming waste reduction %,kg animal-protein waste / kg purchased; edible yield/utilisation %; trimming waste reduction %,,,,,Display text has no parseable number; numeric columns left blank.,,percent,kg,kg animal protein waste / kg purchased; edible yield/utilisation %; trimming waste reduction %,,published_display,,,All,None,,,,CEVID-0271,1,Waste reduction % = (baseline waste − current waste) ÷ baseline waste × 100; track waste per cover and avoided cost.,Use nose-to-tail cooking to reduce waste from should be managed on a 0–100% coverage or completion rate with clear ownership and cycle time.,None,SG-INIT-0114,ALL_FOUR_SLOTS,DISPLAY_ONLY,display_only,ACTIVE,ACTIVE,PUBLIC,STANDARD,1.0,2026-08-18,Consolidate.xlsx,工作表1,115
CEF-0115,CARD-0460,Adjust portion sizes and prep quantities based on waste data — Efficiency,efficiency,F&B Procurement & Menu design,Efficiency Factors,,Efficiency,,Adjust portion sizes and prep quantities based on waste should be managed on a 0–100% coverage or completion rate with clear ownership and cycle time.,Menu Design,Food waste g/cover; food waste as % sales; kg food avoided; £/€ food cost avoided; meals saved,Food waste g/cover; food waste as % sales; kg food avoided; £/€ food cost avoided; meals saved,,,,,Display text has no parseable number; numeric columns left blank.,GBP,percent,cover,Food waste g/cover; food waste as % sales; kg food avoided; / food cost avoided; meals saved,,published_display,,,All,None,,,,CEVID-0272,1,Waste reduction % = (baseline waste − current waste) ÷ baseline waste × 100; track waste per cover and avoided cost.,Adjust portion sizes and prep quantities based on waste should be managed on a 0–100% coverage or completion rate with clear ownership and cycle time.,None,SG-INIT-0115,ALL_FOUR_SLOTS,DISPLAY_ONLY,display_only,ACTIVE,ACTIVE,PUBLIC,STANDARD,1.0,2026-08-18,Consolidate.xlsx,工作表1,116
CEF-0116,CARD-0464,Undertake a comprehensive review of emissions and sustainability risk across the supply chain (baseline assessment) — Efficiency,efficiency,Supplier & Value Chain Engagement,Efficiency Factors,,Efficiency,,Undertake a comprehensive review of emissions and sets a clear operating standard: % Scope 3 emissions screened; % spend mapped; % supplier-specific data coverage; number/value of.,Strategy,% Scope 3 emissions screened; % spend mapped; % supplier-specific data coverage; number/value of,% Scope 3 emissions screened; % spend mapped; % supplier-specific data coverage; number/value of,,,3,,Single published figure stored as Value_Base.,,percent,value,% Scope emissions screened; % spend mapped; % supplier specific data coverage; number/value of,,published_display,,,All,None,,,,CEVID-0273,1,Supplier coverage % = compliant suppliers or spend ÷ priority suppliers or addressable spend × 100; track response and action closure.,Undertake a comprehensive review of emissions and sets a clear operating standard: % Scope 3 emissions screened; % spend mapped; % supplier-specific data coverage; number/value of.,None,SG-INIT-0116,ALL_FOUR_SLOTS,DISPLAY_ONLY,display_only,ACTIVE,ACTIVE,PUBLIC,STANDARD,1.0,2026-08-18,Consolidate.xlsx,工作表1,117
CEF-0117,CARD-0468,Set a Scope 3 emissions reduction target (e.g. aligned to SBTi) — Efficiency,efficiency,Supplier & Value Chain Engagement,Efficiency Factors,,Efficiency,,Set a Scope 3 emissions reduction target sets a clear operating standard: % Scope 3 covered by target; annual % reduction vs baseline; tCO2e reduced; % target trajectory.,Strategy,% Scope 3 covered by target; annual % reduction vs baseline; tCO2e reduced; % target trajectory,% Scope 3 covered by target; annual % reduction vs baseline; tCO2e reduced; % target trajectory,,,3,,Single published figure stored as Value_Base.,,percent,,% Scope covered by target; annual % reduction vs baseline; tCOe reduced; % target trajectory,annual,published_display,annual,,All,None,,,,CEVID-0274,1,"Coverage % = compliant or completed items ÷ eligible items × 100; track volume, quality, exceptions and cycle time.",Set a Scope 3 emissions reduction target sets a clear operating standard: % Scope 3 covered by target; annual % reduction vs baseline; tCO2e reduced; % target trajectory.,None,SG-INIT-0117,ALL_FOUR_SLOTS,DISPLAY_ONLY,display_only,ACTIVE,ACTIVE,PUBLIC,STANDARD,1.0,2026-08-18,Consolidate.xlsx,工作表1,118
CEF-0118,CARD-0472,"Establish a sustainable procurement policy, approved and sponsored at Board/ExCo level — Efficiency",efficiency,Supplier & Value Chain Engagement,Efficiency Factors,,Efficiency,,"Establish a sustainable procurement policy, approved and should be managed on a 0–100% coverage or completion rate with clear ownership and cycle time.",Strategy,% addressable spend covered; % tenders/contracts applying policy; supplier compliance rate,% addressable spend covered; % tenders/contracts applying policy; supplier compliance rate,,,,,Display text has no parseable number; numeric columns left blank.,,percent,contracts,% addressable spend covered; % tenders/contracts applying policy; supplier compliance rate,,published_display,,,All,None,,,,CEVID-0273,1,Supplier coverage % = compliant suppliers or spend ÷ priority suppliers or addressable spend × 100; track response and action closure.,"Establish a sustainable procurement policy, approved and should be managed on a 0–100% coverage or completion rate with clear ownership and cycle time.",None,SG-INIT-0118,ALL_FOUR_SLOTS,DISPLAY_ONLY,display_only,ACTIVE,ACTIVE,PUBLIC,STANDARD,1.0,2026-08-18,Consolidate.xlsx,工作表1,119
CEF-0119,CARD-0476,"Implement a regular cadence of touchpoints between procurement, sustainability, and category teams to drive Responsible Procurement priorities — Efficiency",efficiency,Supplier & Value Chain Engagement,Efficiency Factors,,Efficiency,,Implement a regular cadence of touchpoints between sets a clear operating standard: % meetings held; % actions closed on time; number of escalated issues resolved; tCO2e/value.,Strategy,% meetings held; % actions closed on time; number of escalated issues resolved; tCO2e/value,% meetings held; % actions closed on time; number of escalated issues resolved; tCO2e/value,,,2,,Single published figure stored as Value_Base.,,percent,value,% meetings held; % actions closed on time; number of escalated issues resolved; tCOe/value,,published_display,,,All,None,,,,CEVID-0275,1,On-time delivery % = actions completed by due date ÷ actions due × 100; track overdue actions and cycle time.,Implement a regular cadence of touchpoints between sets a clear operating standard: % meetings held; % actions closed on time; number of escalated issues resolved; tCO2e/value.,None,SG-INIT-0119,ALL_FOUR_SLOTS,DISPLAY_ONLY,display_only,ACTIVE,ACTIVE,PUBLIC,STANDARD,1.0,2026-08-18,Consolidate.xlsx,工作表1,120
CEF-0120,CARD-0480,Build sustainable procurement training and capability into the wider procurement team's professional development — Efficiency,efficiency,Supplier & Value Chain Engagement,Efficiency Factors,,Efficiency,,Build sustainable procurement training and capability into should be managed on a 0–100% coverage or completion rate with clear ownership and cycle time.,Strategy,% staff trained; assessment/pass rate; % sourcing events applying sustainability criteria,% staff trained; assessment/pass rate; % sourcing events applying sustainability criteria,,,,,Display text has no parseable number; numeric columns left blank.,,percent,pass,% staff trained; assessment/pass rate; % sourcing events applying sustainability criteria,,published_display,,,All,None,,,,CEVID-0276,1,Supplier coverage % = compliant suppliers or spend ÷ priority suppliers or addressable spend × 100; track response and action closure.,Build sustainable procurement training and capability into should be managed on a 0–100% coverage or completion rate with clear ownership and cycle time.,None,SG-INIT-0120,ALL_FOUR_SLOTS,DISPLAY_ONLY,display_only,ACTIVE,ACTIVE,PUBLIC,STANDARD,1.0,2026-08-18,Consolidate.xlsx,工作表1,121
CEF-0121,CARD-0484,Collect sustainability data from suppliers — Efficiency,efficiency,Supplier & Value Chain Engagement,Efficiency Factors,,Efficiency,,Collect sustainability data from suppliers should be managed on a 0–100% coverage or completion rate with clear ownership and cycle time.,Engagement,% priority suppliers responding; % supplier spend/emissions covered by primary data; % data,% priority suppliers responding; % supplier spend/emissions covered by primary data; % data,,,,,Display text has no parseable number; numeric columns left blank.,,percent,emissions,% priority suppliers responding; % supplier spend/emissions covered by primary data; % data,,published_display,,,All,None,,,,CEVID-0276,1,Supplier coverage % = compliant suppliers or spend ÷ priority suppliers or addressable spend × 100; track response and action closure.,Collect sustainability data from suppliers should be managed on a 0–100% coverage or completion rate with clear ownership and cycle time.,None,SG-INIT-0121,ALL_FOUR_SLOTS,DISPLAY_ONLY,display_only,ACTIVE,ACTIVE,PUBLIC,STANDARD,1.0,2026-08-18,Consolidate.xlsx,工作表1,122
CEF-0122,CARD-0488,Conduct lifecycle assessments (LCA) and collect product carbon footprints on key commodities to understand emissions at ingredient level — Efficiency,efficiency,Supplier & Value Chain Engagement,Efficiency Factors,,Efficiency,,Conduct lifecycle assessments (LCA) and collect product sets a clear operating standard: % priority commodities with quality-assured PCFs/LCA; % spend/emissions covered; kgCO2e/kg or.,Engagement,% priority commodities with quality-assured PCFs/LCA; % spend/emissions covered; kgCO2e/kg or,% priority commodities with quality-assured PCFs/LCA; % spend/emissions covered; kgCO2e/kg or,,,2,,Single published figure stored as Value_Base.,,percent,LCA,% priority commodities with quality assured PCFs/LCA; % spend/emissions covered; kgCOe/kg or,,published_display,,,All,None,,,,CEVID-0277,1,"Uplift % = (post-change share − baseline share) ÷ baseline share × 100; track margin, acceptance and carbon per serving.",Conduct lifecycle assessments (LCA) and collect product sets a clear operating standard: % priority commodities with quality-assured PCFs/LCA; % spend/emissions covered; kgCO2e/kg or.,None,SG-INIT-0122,ALL_FOUR_SLOTS,DISPLAY_ONLY,display_only,ACTIVE,ACTIVE,PUBLIC,STANDARD,1.0,2026-08-18,Consolidate.xlsx,工作表1,123
CEF-0123,CARD-0492,Set supplier-facing requirements (Supplier codes of conduct) and communicate shared targets — Efficiency,efficiency,Supplier & Value Chain Engagement,Efficiency Factors,,Efficiency,,Set supplier-facing requirements (Supplier codes of sets a clear operating standard: tCO2e reduced.; % spend under requirements; % suppliers acknowledging code/targets; % suppliers.,Engagement,tCO2e reduced.; % spend under requirements; % suppliers acknowledging code/targets; % suppliers,tCO2e reduced.; % spend under requirements; % suppliers acknowledging code/targets; % suppliers,,,2,,Single published figure stored as Value_Base.,,percent,targets,tCOe reduced.; % spend under requirements; % suppliers acknowledging code/targets; % suppliers,,published_display,,,All,None,,,,CEVID-0276,1,Supplier coverage % = compliant suppliers or spend ÷ priority suppliers or addressable spend × 100; track response and action closure.,Set supplier-facing requirements (Supplier codes of sets a clear operating standard: tCO2e reduced.; % spend under requirements; % suppliers acknowledging code/targets; % suppliers.,None,SG-INIT-0123,ALL_FOUR_SLOTS,DISPLAY_ONLY,display_only,ACTIVE,ACTIVE,PUBLIC,STANDARD,1.0,2026-08-18,Consolidate.xlsx,工作表1,124
CEF-0124,CARD-0496,Use a supplier scorecard to track performance and prioritise engagement with material suppliers — Efficiency,efficiency,Supplier & Value Chain Engagement,Efficiency Factors,,Efficiency,,Use a supplier scorecard to track performance and should be managed on a 0–100% coverage or completion rate with clear ownership and cycle time.,Engagement,% priority suppliers scored; average/median score; % with improvement plans; % actions,% priority suppliers scored; average/median score; % with improvement plans; % actions,,,,,Display text has no parseable number; numeric columns left blank.,,percent,median,% priority suppliers scored; average/median score; % with improvement plans; % actions,,published_display,,,All,None,,,,CEVID-0275,1,Supplier coverage % = compliant suppliers or spend ÷ priority suppliers or addressable spend × 100; track response and action closure.,Use a supplier scorecard to track performance and should be managed on a 0–100% coverage or completion rate with clear ownership and cycle time.,None,SG-INIT-0124,ALL_FOUR_SLOTS,DISPLAY_ONLY,display_only,ACTIVE,ACTIVE,PUBLIC,STANDARD,1.0,2026-08-18,Consolidate.xlsx,工作表1,125
CEF-0125,CARD-0500,"Provide a tailored supplier engagement strategy for material/priority suppliers (segmented by spend, risk, and emissions contribution) — Efficiency",efficiency,Supplier & Value Chain Engagement,Efficiency Factors,,Efficiency,,Provide a tailored supplier engagement strategy for should be managed on a 0–100% coverage or completion rate with clear ownership and cycle time.,Engagement,% priority suppliers with engagement plans; % actions completed; % supplier emissions covered; %,% priority suppliers with engagement plans; % actions completed; % supplier emissions covered; %,,,,,Display text has no parseable number; numeric columns left blank.,,percent,,% priority suppliers with engagement plans; % actions completed; % supplier emissions covered; %,,published_display,,,All,None,,,,CEVID-0274,1,Supplier coverage % = compliant suppliers or spend ÷ priority suppliers or addressable spend × 100; track response and action closure.,Provide a tailored supplier engagement strategy for should be managed on a 0–100% coverage or completion rate with clear ownership and cycle time.,None,SG-INIT-0125,ALL_FOUR_SLOTS,DISPLAY_ONLY,display_only,ACTIVE,ACTIVE,PUBLIC,STANDARD,1.0,2026-08-18,Consolidate.xlsx,工作表1,126
CEF-0126,CARD-0504,"Incentivise supplier progress (e.g. preferred status, longer contracts) — Efficiency",efficiency,Supplier & Value Chain Engagement,Efficiency Factors,,Efficiency,,Incentivise supplier progress sets a clear operating standard: verified tCO2e reductions following incentives.; % eligible suppliers improving; % spend with.,Engagement,verified tCO2e reductions following incentives.; % eligible suppliers improving; % spend with,verified tCO2e reductions following incentives.; % eligible suppliers improving; % spend with,,,2,,Single published figure stored as Value_Base.,,percent,,verified tCOe reductions following incentives.; % eligible suppliers improving; % spend with,,published_display,,,All,None,,,,CEVID-0275,1,Supplier coverage % = compliant suppliers or spend ÷ priority suppliers or addressable spend × 100; track response and action closure.,Incentivise supplier progress sets a clear operating standard: verified tCO2e reductions following incentives.; % eligible suppliers improving; % spend with.,None,SG-INIT-0126,ALL_FOUR_SLOTS,DISPLAY_ONLY,display_only,ACTIVE,ACTIVE,PUBLIC,STANDARD,1.0,2026-08-18,Consolidate.xlsx,工作表1,127
CEF-0127,CARD-0508,Co-invest with suppliers in decarbonisation or regenerative agriculture projects (e.g. insetting programmes) — Efficiency,efficiency,Supplier & Value Chain Engagement,Efficiency Factors,,Efficiency,,Co-invest with suppliers in decarbonisation or sets a clear operating standard: £/$ invested; acres/hectares covered; suppliers/farms participating; verified tCO2e.,Engagement,£/$ invested; acres/hectares covered; suppliers/farms participating; verified tCO2e,£/$ invested; acres/hectares covered; suppliers/farms participating; verified tCO2e,,,2,,Single published figure stored as Value_Base.,GBP,money,hectares,/ invested; acres/hectares covered; suppliers/farms participating; verified tCOe,,published_display,,,All,None,,,,CEVID-0278,1,Supplier coverage % = compliant suppliers or spend ÷ priority suppliers or addressable spend × 100; track response and action closure.,Co-invest with suppliers in decarbonisation or sets a clear operating standard: £/$ invested; acres/hectares covered; suppliers/farms participating; verified tCO2e.,None,SG-INIT-0127,ALL_FOUR_SLOTS,DISPLAY_ONLY,display_only,ACTIVE,ACTIVE,PUBLIC,STANDARD,1.0,2026-08-18,Consolidate.xlsx,工作表1,128
CEF-0128,CARD-0512,"Map supply chains beyond Tier 1 (Tier 2/3, down to farm/origin level) for material (High-spend, high-carbon and/or high-risk commodities) — Efficiency",efficiency,Supplier & Value Chain Engagement,Efficiency Factors,,Efficiency,,"Map supply chains beyond Tier 1 (Tier 2/3, down to sets a clear operating standard: % volume/spend traceable to Tier 2/3/origin; number of high-risk gaps; % gaps under remediation.",Risk Anaysis,% volume/spend traceable to Tier 2/3/origin; number of high-risk gaps; % gaps under remediation,% volume/spend traceable to Tier 2/3/origin; number of high-risk gaps; % gaps under remediation,,,2,,Single published figure stored as Value_Base.,,percent,spend,% volume/spend traceable to Tier //origin; number of high risk gaps; % gaps under remediation,,published_display,,,All,None,,,,CEVID-0273,1,Supplier coverage % = compliant suppliers or spend ÷ priority suppliers or addressable spend × 100; track response and action closure.,"Map supply chains beyond Tier 1 (Tier 2/3, down to sets a clear operating standard: % volume/spend traceable to Tier 2/3/origin; number of high-risk gaps; % gaps under remediation.",None,SG-INIT-0128,ALL_FOUR_SLOTS,DISPLAY_ONLY,display_only,ACTIVE,ACTIVE,PUBLIC,STANDARD,1.0,2026-08-18,Consolidate.xlsx,工作表1,129
CEF-0129,CARD-0516,"Map exposure to forest-risk commodities (soy, palm oil, cocoa, coffee, beef/leather, rubber, timber/paper & packaging) — Efficiency",efficiency,Supplier & Value Chain Engagement,Efficiency Factors,,Efficiency,,Map exposure to forest-risk commodities should be managed on a 0–100% coverage or completion rate with clear ownership and cycle time.,Deforestation,% forest-risk spend/volume screened; % with known origin; number/value of high-risk,% forest-risk spend/volume screened; % with known origin; number/value of high-risk,,,,,Display text has no parseable number; numeric columns left blank.,,percent,volume,% forest risk spend/volume screened; % with known origin; number/value of high risk,,published_display,,,All,None,,,,CEVID-0273,1,On-time delivery % = actions completed by due date ÷ actions due × 100; track overdue actions and cycle time.,Map exposure to forest-risk commodities should be managed on a 0–100% coverage or completion rate with clear ownership and cycle time.,None,SG-INIT-0129,ALL_FOUR_SLOTS,DISPLAY_ONLY,display_only,ACTIVE,ACTIVE,PUBLIC,STANDARD,1.0,2026-08-18,Consolidate.xlsx,工作表1,130
CEF-0130,CARD-0520,Set a deforestation-free sourcing commitment and require traceability to origin — Efficiency,efficiency,Supplier & Value Chain Engagement,Efficiency Factors,,Efficiency,,Set a deforestation-free sourcing commitment and require should be managed on a 0–100% coverage or completion rate with clear ownership and cycle time.,Deforestation,% commodity volume covered; % traceable to origin/control point; % verified deforestation-free,% commodity volume covered; % traceable to origin/control point; % verified deforestation-free,,,,,Display text has no parseable number; numeric columns left blank.,,percent,control,% commodity volume covered; % traceable to origin/control point; % verified deforestation free,,published_display,,,All,None,,,,CEVID-0273,1,"Coverage % = compliant or completed items ÷ eligible items × 100; track volume, quality, exceptions and cycle time.",Set a deforestation-free sourcing commitment and require should be managed on a 0–100% coverage or completion rate with clear ownership and cycle time.,None,SG-INIT-0130,ALL_FOUR_SLOTS,DISPLAY_ONLY,display_only,ACTIVE,ACTIVE,PUBLIC,STANDARD,1.0,2026-08-18,Consolidate.xlsx,工作表1,131
CEF-0131,CARD-0524,"Source certified sustainable commodities (e.g. RSPO for palm oil, Rainforest Alliance/UTZ or 4C for coffee and cocoa, FSC/PEFC for timber and paper-based packaging) — Efficiency",efficiency,Supplier & Value Chain Engagement,Efficiency Factors,,Efficiency,,Source certified sustainable commodities should be managed on a 0–100% coverage or completion rate with clear ownership and cycle time.,Deforestation,% commodity volume/spend certified; % chain-of-custody verified; number of priority commodities,% commodity volume/spend certified; % chain-of-custody verified; number of priority commodities,,,,,Display text has no parseable number; numeric columns left blank.,,percent,spend,% commodity volume/spend certified; % chain of custody verified; number of priority commodities,,published_display,,,All,None,,,,CEVID-0273,1,"Coverage % = compliant or completed items ÷ eligible items × 100; track volume, quality, exceptions and cycle time.",Source certified sustainable commodities should be managed on a 0–100% coverage or completion rate with clear ownership and cycle time.,None,SG-INIT-0131,ALL_FOUR_SLOTS,DISPLAY_ONLY,display_only,ACTIVE,ACTIVE,PUBLIC,STANDARD,1.0,2026-08-18,Consolidate.xlsx,工作表1,132
CEF-0132,CARD-0528,Establish corporate travel policies that prioritise lower carbon transport — Efficiency,efficiency,Supply Chain,Efficiency Factors,,Efficiency,,Management can track a 0–100% compliance rate against the travel hierarchy while monitoring travel tCO₂e per employee.,Transport and Distribution,Travel-hierarchy compliance; tCO₂e per employee; rail/virtual substitution rate,,,,,,Display text has no parseable number; numeric columns left blank.,,mass_or_carbon,virtual,Travel hierarchy compliance; tCO₂e per employee; rail/virtual substitution rate,,published_display,,,all,,,,,CEVID-0279,1,Compliance % = compliant bookings ÷ eligible bookings × 100; substitution % = shifted short-haul trips ÷ eligible short-haul trips × 100.,Management can track a 0–100% compliance rate against the travel hierarchy while monitoring travel tCO₂e per employee.,,SG-INIT-0132,ALL_FOUR_SLOTS,DISPLAY_ONLY,display_only,ACTIVE,ACTIVE,PUBLIC,STANDARD,1.0,2026-08-18,Consolidate.xlsx,工作表1,133
CEF-0133,CARD-0532,Provide infrastructure and incentives for low-carbon guest travel — Efficiency,efficiency,Supply Chain,Efficiency Factors,,Efficiency,,"Track 0–100% utilisation, sessions per charger and lower-carbon arrival share to ensure infrastructure is commercially used rather than merely installed.",Transport and Distribution,Sessions per charger; utilisation %; annual kWh; lower-carbon guest arrival share; charging revenue,Sessions per charger; utilisation %; annual kWh; lower-carbon guest arrival share; charging revenue,,,,,Display text has no parseable number; numeric columns left blank.,,percent,,Sessions per charger; utilisation %; annual kWh; lower carbon guest arrival share; charging revenue,annual,published_display,annual,,all,,,,,CEVID-0280,5,Utilisation % = occupied charging hours ÷ available charging hours × 100; low-carbon arrival share = qualifying guests ÷ surveyed guests × 100.,"Track 0–100% utilisation, sessions per charger and lower-carbon arrival share to ensure infrastructure is commercially used rather than merely installed.",,SG-INIT-0133,ALL_FOUR_SLOTS,DISPLAY_ONLY,display_only,ACTIVE,ACTIVE,PUBLIC,STANDARD,1.0,2026-08-18,Consolidate.xlsx,工作表1,134
CEF-0134,CARD-0536,Commission specialist assessments for on-farm emissions hotspots in the top three commodities — Efficiency,efficiency,Nature & Resources,Efficiency Factors,,Efficiency,,Commission specialist on-farm emissions assessments for the top three commodities gives management a measurable 0–100% control tied directly to the KPI.,Nature & Biodiversity – Supplier Engagement,Top 3 commodities assessed by a named specialist,Top 3 commodities assessed by a named specialist,,,3,,Single published figure stored as Value_Base.,,,,Top commodities assessed by a named specialist,,published_display,,,"Restaurant, QSR, Pubs/Bars, Contract Caterers, Hotels, Brewries, Experiential Leisure",,,,,,0,"Coverage % = completed or compliant scope ÷ eligible scope × 100; track exceptions, action closure and review cadence.",Commission specialist on-farm emissions assessments for the top three commodities gives management a measurable 0–100% control tied directly to the KPI.,,SG-INIT-0134,ALL_FOUR_SLOTS,DISPLAY_ONLY,display_only,ACTIVE,ACTIVE,PUBLIC,UNLINKED,1.0,2026-08-18,Consolidate.xlsx,工作表1,135
CEF-0135,CARD-0540,Publish a biodiversity policy with named targets and owner — Efficiency,efficiency,Nature & Resources,Efficiency Factors,,Efficiency,,Publish a biodiversity policy with named targets and owner gives management a measurable 0–100% control tied directly to the KPI.,Nature & Biodiversity – Biodiversity,"Policy published, named owner and annual review completed",,,,0,,Single published figure stored as Value_Base.,,,,Policy published named owner and annual review completed,annual,published_display,annual,,"Restaurant, QSR, Pubs/Bars, Contract Caterers, Hotels, Brewries, Experiential Leisure",,,,,,0,"Coverage % = completed or compliant scope ÷ eligible scope × 100; track exceptions, action closure and review cadence.",Publish a biodiversity policy with named targets and owner gives management a measurable 0–100% control tied directly to the KPI.,,SG-INIT-0135,ALL_FOUR_SLOTS,DISPLAY_ONLY,display_only,ACTIVE,ACTIVE,PUBLIC,UNLINKED,1.0,2026-08-18,Consolidate.xlsx,工作表1,136
CEF-0136,CARD-0544,Ensure compliance with Biodiversity Net Gain (BNG) requirements — Efficiency,efficiency,Nature & Resources,Efficiency Factors,,Efficiency,,Ensure compliance with Biodiversity Net Gain requirements gives management a measurable 0–100% control tied directly to the KPI.,Nature & Biodiversity – Biodiversity,Biodiversity units gained per qualifying development project,,,,,,Display text has no parseable number; numeric columns left blank.,,,,Biodiversity units gained per qualifying development project,,published_display,,,"Restaurant, QSR, Pubs/Bars, Contract Caterers, Hotels, Brewries, Experiential Leisure",,,,,,0,"Coverage % = completed or compliant scope ÷ eligible scope × 100; track exceptions, action closure and review cadence.",Ensure compliance with Biodiversity Net Gain requirements gives management a measurable 0–100% control tied directly to the KPI.,,SG-INIT-0136,ALL_FOUR_SLOTS,DISPLAY_ONLY,display_only,ACTIVE,ACTIVE,PUBLIC,UNLINKED,1.0,2026-08-18,Consolidate.xlsx,工作表1,137
CEF-0137,CARD-0548,Engage priority suppliers by spend on biodiversity and request a formal response within 90 days — Efficiency,efficiency,Nature & Resources,Efficiency Factors,,Efficiency,,Engage priority suppliers on biodiversity and request a formal response within 90 days gives management a measurable 0–100% control tied directly to the KPI.,Nature & Biodiversity – Biodiversity,% suppliers by spend briefed and % formal responses received,% suppliers by spend briefed and % formal responses received,,,,,Display text has no parseable number; numeric columns left blank.,,percent,,% suppliers by spend briefed and % formal responses received,,published_display,,,"Restaurant, QSR, Pubs/Bars, Contract Caterers, Hotels, Brewries, Experiential Leisure",,,,,,0,"Coverage % = completed or compliant scope ÷ eligible scope × 100; track exceptions, action closure and review cadence.",Engage priority suppliers on biodiversity and request a formal response within 90 days gives management a measurable 0–100% control tied directly to the KPI.,,SG-INIT-0137,ALL_FOUR_SLOTS,DISPLAY_ONLY,display_only,ACTIVE,ACTIVE,PUBLIC,UNLINKED,1.0,2026-08-18,Consolidate.xlsx,工作表1,138
CEF-0138,CARD-0552,Undertake a TNFD review — Efficiency,efficiency,Nature & Resources,Efficiency Factors,,Efficiency,,Undertake a TNFD review gives management a measurable 0–100% control tied directly to the KPI.,Nature & Biodiversity – Biodiversity,4-pillar TNFD assessment completed and published,4-pillar TNFD assessment completed and published,,,4,,Single published figure stored as Value_Base.,,,,pillar TNFD assessment completed and published,,published_display,,,"Restaurant, QSR, Pubs/Bars, Contract Caterers, Hotels, Brewries, Experiential Leisure",,,,,,0,"Coverage % = completed or compliant scope ÷ eligible scope × 100; track exceptions, action closure and review cadence.",Undertake a TNFD review gives management a measurable 0–100% control tied directly to the KPI.,,SG-INIT-0138,ALL_FOUR_SLOTS,DISPLAY_ONLY,display_only,ACTIVE,ACTIVE,PUBLIC,UNLINKED,1.0,2026-08-18,Consolidate.xlsx,工作表1,139
CEF-0139,CARD-0556,Fund a named biodiversity protection or restoration programme with annual investment and independent verification — Efficiency,efficiency,Nature & Resources,Efficiency Factors,,Efficiency,,Fund a verified biodiversity protection or restoration programme gives management a measurable 0–100% control tied directly to the KPI.,Nature & Biodiversity – Biodiversity,£ invested per year and hectares protected or restored,£ invested per year and hectares protected or restored,,,,,Display text has no parseable number; numeric columns left blank.,GBP,money,,invested per year and hectares protected or restored,annual,published_display,annual,,"Restaurant, QSR, Pubs/Bars, Contract Caterers, Hotels, Brewries, Experiential Leisure",,,,,,0,"Coverage % = completed or compliant scope ÷ eligible scope × 100; track exceptions, action closure and review cadence.",Fund a verified biodiversity protection or restoration programme gives management a measurable 0–100% control tied directly to the KPI.,,SG-INIT-0139,ALL_FOUR_SLOTS,DISPLAY_ONLY,display_only,ACTIVE,ACTIVE,PUBLIC,UNLINKED,1.0,2026-08-18,Consolidate.xlsx,工作表1,140
CEF-0140,CARD-0560,Complete a water efficiency audit across all kitchen and bathroom fixtures and implement identified measures within 12 months — Efficiency,efficiency,Nature & Resources,Efficiency Factors,,Efficiency,,Audit kitchen and bathroom water efficiency and implement measures within 12 months gives management a measurable 0–100% control tied directly to the KPI.,Water Management – Water,% water reduction per cover or site after implementation,% water reduction per cover or site after implementation,,,,,Display text has no parseable number; numeric columns left blank.,,percent,,% water reduction per cover or site after implementation,,published_display,,,"Restaurant, QSR, Pubs/Bars, Contract Caterers, Hotels, Brewries, Experiential Leisure",,,,,,0,"Efficiency improvement % = (baseline intensity − current intensity) ÷ baseline intensity × 100; normalise for covers, rooms or production volume.",Audit kitchen and bathroom water efficiency and implement measures within 12 months gives management a measurable 0–100% control tied directly to the KPI.,,SG-INIT-0140,ALL_FOUR_SLOTS,DISPLAY_ONLY,display_only,ACTIVE,ACTIVE,PUBLIC,UNLINKED,1.0,2026-08-18,Consolidate.xlsx,工作表1,141
CEF-0141,CARD-0564,"Complete a formal water risk assessment for all owned sites and top 10 suppliers by spend, with a mitigation plan for each identified risk — Efficiency",efficiency,Nature & Resources,Efficiency Factors,,Efficiency,,Assess water risk across owned sites and the top 10 suppliers gives management a measurable 0–100% control tied directly to the KPI.,Water Management – Water,% identified water risks with mitigation plan and named owner,% identified water risks with mitigation plan and named owner,,,,,Display text has no parseable number; numeric columns left blank.,,percent,,% identified water risks with mitigation plan and named owner,,published_display,,,"Restaurant, QSR, Pubs/Bars, Contract Caterers, Hotels, Brewries, Experiential Leisure",,,,,,0,"Efficiency improvement % = (baseline intensity − current intensity) ÷ baseline intensity × 100; normalise for covers, rooms or production volume.",Assess water risk across owned sites and the top 10 suppliers gives management a measurable 0–100% control tied directly to the KPI.,,SG-INIT-0141,ALL_FOUR_SLOTS,DISPLAY_ONLY,display_only,ACTIVE,ACTIVE,PUBLIC,UNLINKED,1.0,2026-08-18,Consolidate.xlsx,工作表1,142
CEF-0142,CARD-0568,Recycle rainwater and grey water — Efficiency,efficiency,Nature & Resources,Efficiency Factors,,Efficiency,,Recycle rainwater and grey water gives management a measurable 0–100% control tied directly to the KPI.,Water Management – Water,m³ water reused per year and % of site water demand,m³ water reused per year and % of site water demand,,,,,Display text has no parseable number; numeric columns left blank.,,percent,,m³ water reused per year and % of site water demand,annual,published_display,annual,,"Restaurant, QSR, Pubs/Bars, Contract Caterers, Hotels, Brewries, Experiential Leisure",,,,,,0,"Efficiency improvement % = (baseline intensity − current intensity) ÷ baseline intensity × 100; normalise for covers, rooms or production volume.",Recycle rainwater and grey water gives management a measurable 0–100% control tied directly to the KPI.,,SG-INIT-0142,ALL_FOUR_SLOTS,DISPLAY_ONLY,display_only,ACTIVE,ACTIVE,PUBLIC,UNLINKED,1.0,2026-08-18,Consolidate.xlsx,工作表1,143
CEF-0143,CARD-0572,Self-supply water direct from the wholesale water market — Efficiency,efficiency,Nature & Resources,Efficiency Factors,,Efficiency,,Self-supply water direct from the wholesale water market gives management a measurable 0–100% control tied directly to the KPI.,Water Management – Water,"Wholesale contract in place, unit-cost reduction and data-quality improvement",,,,0,,Single published figure stored as Value_Base.,,,,Wholesale contract in place unit cost reduction and data quality improvement,,published_display,,,"Restaurant, QSR, Pubs/Bars, Contract Caterers, Hotels, Brewries, Experiential Leisure",,,,,,0,"Coverage % = completed or compliant scope ÷ eligible scope × 100; track exceptions, action closure and review cadence.",Self-supply water direct from the wholesale water market gives management a measurable 0–100% control tied directly to the KPI.,,SG-INIT-0143,ALL_FOUR_SLOTS,DISPLAY_ONLY,display_only,ACTIVE,ACTIVE,PUBLIC,UNLINKED,1.0,2026-08-18,Consolidate.xlsx,工作表1,144
CEF-0144,CARD-0576,Complete supply chain water mapping covering top 5 commodities by estimated water use — Efficiency,efficiency,Nature & Resources,Efficiency Factors,,Efficiency,,Complete supply chain water mapping covering top 5 commodities by estimated water use gives management a measurable 0–100% control tied directly to the KPI.,Water Management – Water,% food and ingredient spend mapped for water intensity,% food and ingredient spend mapped for water intensity,,,,,Display text has no parseable number; numeric columns left blank.,,percent,,% food and ingredient spend mapped for water intensity,,published_display,,,"Restaurant, QSR, Pubs/Bars, Contract Caterers, Hotels, Brewries, Experiential Leisure",,,,,,0,"Efficiency improvement % = (baseline intensity − current intensity) ÷ baseline intensity × 100; normalise for covers, rooms or production volume.",Complete supply chain water mapping covering top 5 commodities by estimated water use gives management a measurable 0–100% control tied directly to the KPI.,,SG-INIT-0144,ALL_FOUR_SLOTS,DISPLAY_ONLY,display_only,ACTIVE,ACTIVE,PUBLIC,UNLINKED,1.0,2026-08-18,Consolidate.xlsx,工作表1,145
CEF-0145,CARD-0580,Use high-efficiency shower and faucet aerators — Efficiency,efficiency,Nature & Resources,Efficiency Factors,,Efficiency,,Use high-efficiency shower and faucet aerators gives management a measurable 0–100% control tied directly to the KPI.,Water Management – Water,% fixtures upgraded and % flow-rate reduction,% fixtures upgraded and % flow-rate reduction,,,,,Display text has no parseable number; numeric columns left blank.,,percent,,% fixtures upgraded and % flow rate reduction,,published_display,,,"Restaurant, QSR, Pubs/Bars, Contract Caterers, Hotels, Brewries, Experiential Leisure",,,,,,0,"Efficiency improvement % = (baseline intensity − current intensity) ÷ baseline intensity × 100; normalise for covers, rooms or production volume.",Use high-efficiency shower and faucet aerators gives management a measurable 0–100% control tied directly to the KPI.,,SG-INIT-0145,ALL_FOUR_SLOTS,DISPLAY_ONLY,display_only,ACTIVE,ACTIVE,PUBLIC,UNLINKED,1.0,2026-08-18,Consolidate.xlsx,工作表1,146
CEF-0146,CARD-0584,Optimise hot liquor use — Efficiency,efficiency,Nature & Resources,Efficiency Factors,,Efficiency,,Optimise hot liquor use gives management a measurable 0–100% control tied directly to the KPI.,Water Management – Brewing,Litres of hot liquor per hectolitre of beer,,,,,,Display text has no parseable number; numeric columns left blank.,,,,Litres of hot liquor per hectolitre of beer,,published_display,,,"Brewries, Pubs/Bars (partial)","Restaurant, QSR, Contract Caterers, Hotels, Experiential Leisure",,,,,0,"Efficiency improvement % = (baseline intensity − current intensity) ÷ baseline intensity × 100; normalise for covers, rooms or production volume.",Optimise hot liquor use gives management a measurable 0–100% control tied directly to the KPI.,"Restaurant, QSR, Contract Caterers, Hotels, Experiential Leisure",SG-INIT-0146,ALL_FOUR_SLOTS,DISPLAY_ONLY,display_only,ACTIVE,ACTIVE,PUBLIC,UNLINKED,1.0,2026-08-18,Consolidate.xlsx,工作表1,147
CEF-0147,CARD-0588,Optimise CIP wash temperature — Efficiency,efficiency,Nature & Resources,Efficiency Factors,,Efficiency,,Optimise CIP wash temperature gives management a measurable 0–100% control tied directly to the KPI.,Water Management – Brewing,"CIP temperature °C, kWh per cycle and water volume per cycle",,,,0,,Single published figure stored as Value_Base.,,,,CIP temperature °C kWh per cycle and water volume per cycle,,published_display,,,"Brewries, Pubs/Bars (partial)","Restaurant, QSR, Contract Caterers, Hotels, Experiential Leisure",,,,,0,"Efficiency improvement % = (baseline intensity − current intensity) ÷ baseline intensity × 100; normalise for covers, rooms or production volume.",Optimise CIP wash temperature gives management a measurable 0–100% control tied directly to the KPI.,"Restaurant, QSR, Contract Caterers, Hotels, Experiential Leisure",SG-INIT-0147,ALL_FOUR_SLOTS,DISPLAY_ONLY,display_only,ACTIVE,ACTIVE,PUBLIC,UNLINKED,1.0,2026-08-18,Consolidate.xlsx,工作表1,148
CEF-0148,CARD-0592,Reduce water temp in laundry; and line dry linens where possible — Efficiency,efficiency,Nature & Resources,Efficiency Factors,,Efficiency,,Reduce water temp in laundry; and line dry linens where possible gives management a measurable 0–100% control tied directly to the KPI.,Water Management – Brewing,"Wash temperature, % eligible loads line-dried and kWh per kg laundry","Wash temperature, % eligible loads line-dried and kWh per kg laundry",,,0,,Single published figure stored as Value_Base.,,percent,,Wash temperature % eligible loads line dried and kWh per kg laundry,,published_display,,,"Hotels, Pubs/Bars (partial), Experiential Leisure (partial)","Restaurant, QSR, Contract Caterers, Brewries",,,,,0,"Efficiency improvement % = (baseline intensity − current intensity) ÷ baseline intensity × 100; normalise for covers, rooms or production volume.",Reduce water temp in laundry; and line dry linens where possible gives management a measurable 0–100% control tied directly to the KPI.,"Restaurant, QSR, Contract Caterers, Brewries",SG-INIT-0148,ALL_FOUR_SLOTS,DISPLAY_ONLY,display_only,ACTIVE,ACTIVE,PUBLIC,UNLINKED,1.0,2026-08-18,Consolidate.xlsx,工作表1,149
CEF-0149,CARD-0596,Conduct a waste characterisation assessment — Efficiency,efficiency,Nature & Resources,Efficiency Factors,,Efficiency,,Conduct a waste characterisation assessment gives management a measurable 0–100% control tied directly to the KPI.,Waste & Circularity – Waste Management,Assessment completed with waste volume split by stream,,,,,,Display text has no parseable number; numeric columns left blank.,,,,Assessment completed with waste volume split by stream,,published_display,,,"Restaurant, QSR, Pubs/Bars, Contract Caterers, Hotels, Brewries, Experiential Leisure",,,,,,0,Waste improvement % = (baseline waste intensity − current waste intensity) ÷ baseline waste intensity × 100; track volume and avoided cost.,Conduct a waste characterisation assessment gives management a measurable 0–100% control tied directly to the KPI.,,SG-INIT-0149,ALL_FOUR_SLOTS,DISPLAY_ONLY,display_only,ACTIVE,ACTIVE,PUBLIC,UNLINKED,1.0,2026-08-18,Consolidate.xlsx,工作表1,150
CEF-0150,CARD-0600,"Set a documented food waste reduction target with a baseline year, an interim milestone, and a final target date — Efficiency",efficiency,Nature & Resources,Efficiency Factors,,Efficiency,,Set a dated food-waste reduction target with a baseline and interim milestone gives management a measurable 0–100% control tied directly to the KPI.,Waste & Circularity – Waste Management,"Food waste kg per cover or per £1,000 revenue versus baseline","Food waste kg per cover or per £1,000 revenue versus baseline",,,1000,,Single published figure stored as Value_Base.,GBP,money,,Food waste kg per cover or per revenue versus baseline,,published_display,,,"Restaurant, QSR, Pubs/Bars, Contract Caterers, Hotels, Brewries, Experiential Leisure",Partial for Experiential Leisure & Brewries,,,,,0,Waste improvement % = (baseline waste intensity − current waste intensity) ÷ baseline waste intensity × 100; track volume and avoided cost.,Set a dated food-waste reduction target with a baseline and interim milestone gives management a measurable 0–100% control tied directly to the KPI.,Partial for Experiential Leisure & Brewries,SG-INIT-0150,ALL_FOUR_SLOTS,DISPLAY_ONLY,display_only,ACTIVE,ACTIVE,PUBLIC,UNLINKED,1.0,2026-08-18,Consolidate.xlsx,工作表1,151
CEF-0151,CARD-0604,Segregate food waste for composting or Anaerobic Digestion — Efficiency,efficiency,Nature & Resources,Efficiency Factors,,Efficiency,,Segregate food waste for composting or Anaerobic Digestion gives management a measurable 0–100% control tied directly to the KPI.,Waste & Circularity – Waste Management,% food waste diverted to composting or anaerobic digestion,% food waste diverted to composting or anaerobic digestion,,,,,Display text has no parseable number; numeric columns left blank.,,percent,,% food waste diverted to composting or anaerobic digestion,,published_display,,,"Restaurant, QSR, Pubs/Bars, Contract Caterers, Hotels, Brewries, Experiential Leisure",Partial for Experiential Leisure & Brewries,,,,,0,Waste improvement % = (baseline waste intensity − current waste intensity) ÷ baseline waste intensity × 100; track volume and avoided cost.,Segregate food waste for composting or Anaerobic Digestion gives management a measurable 0–100% control tied directly to the KPI.,Partial for Experiential Leisure & Brewries,SG-INIT-0151,ALL_FOUR_SLOTS,DISPLAY_ONLY,display_only,ACTIVE,ACTIVE,PUBLIC,UNLINKED,1.0,2026-08-18,Consolidate.xlsx,工作表1,152
CEF-0152,CARD-0608,Distribute Surplus Food via a credible distribution partner — Efficiency,efficiency,Nature & Resources,Efficiency Factors,,Efficiency,,Distribute Surplus Food via a credible distribution partner gives management a measurable 0–100% control tied directly to the KPI.,Waste & Circularity – Waste Management,kg surplus redistributed per month and estimated meals provided,,,,,,Display text has no parseable number; numeric columns left blank.,,mass_or_carbon,,kg surplus redistributed per month and estimated meals provided,,published_display,month,,"Restaurant, QSR, Pubs/Bars, Contract Caterers, Hotels, Brewries, Experiential Leisure",Partial for Experiential Leisure & Brewries,,,,,0,Waste improvement % = (baseline waste intensity − current waste intensity) ÷ baseline waste intensity × 100; track volume and avoided cost.,Distribute Surplus Food via a credible distribution partner gives management a measurable 0–100% control tied directly to the KPI.,Partial for Experiential Leisure & Brewries,SG-INIT-0152,ALL_FOUR_SLOTS,DISPLAY_ONLY,display_only,ACTIVE,ACTIVE,PUBLIC,UNLINKED,1.0,2026-08-18,Consolidate.xlsx,工作表1,153
CEF-0153,CARD-0612,Complete a circularity audit covering the top three waste streams by volume and identify at least one viable circular option per stream within 90 days — Efficiency,efficiency,Nature & Resources,Efficiency Factors,,Efficiency,,Audit the top three waste streams and identify one circular option per stream within 90 days gives management a measurable 0–100% control tied directly to the KPI.,Waste & Circularity – Waste Management,3 waste streams audited; options identified and implemented,3 waste streams audited; options identified and implemented,,,3,,Single published figure stored as Value_Base.,,,,waste streams audited; options identified and implemented,,published_display,,,"Restaurant, QSR, Pubs/Bars, Contract Caterers, Hotels, Brewries, Experiential Leisure",,,,,,0,Waste improvement % = (baseline waste intensity − current waste intensity) ÷ baseline waste intensity × 100; track volume and avoided cost.,Audit the top three waste streams and identify one circular option per stream within 90 days gives management a measurable 0–100% control tied directly to the KPI.,,SG-INIT-0153,ALL_FOUR_SLOTS,DISPLAY_ONLY,display_only,ACTIVE,ACTIVE,PUBLIC,UNLINKED,1.0,2026-08-18,Consolidate.xlsx,工作表1,154
CEF-0154,CARD-0616,Train operational teams to reduce production waste and measure pre/post-training waste performance — Efficiency,efficiency,Nature & Resources,Efficiency Factors,,Efficiency,,Train operational teams to reduce production waste and measure pre/post-training waste performance gives management a measurable 0–100% control tied directly to the KPI.,Waste & Circularity – Waste Management,% operational staff trained and pre/post waste per cover,% operational staff trained and pre/post waste per cover,,,,,Display text has no parseable number; numeric columns left blank.,,percent,post,% operational staff trained and pre/post waste per cover,,published_display,,,"Restaurant, QSR, Pubs/Bars, Contract Caterers, Hotels, Brewries, Experiential Leisure",,,,,,0,Waste improvement % = (baseline waste intensity − current waste intensity) ÷ baseline waste intensity × 100; track volume and avoided cost.,Train operational teams to reduce production waste and measure pre/post-training waste performance gives management a measurable 0–100% control tied directly to the KPI.,,SG-INIT-0154,ALL_FOUR_SLOTS,DISPLAY_ONLY,display_only,ACTIVE,ACTIVE,PUBLIC,UNLINKED,1.0,2026-08-18,Consolidate.xlsx,工作表1,155
CEF-0155,CARD-0620,Quantify your food waste — Efficiency,efficiency,Nature & Resources,Efficiency Factors,,Efficiency,,Quantify your food waste gives management a measurable 0–100% control tied directly to the KPI.,Waste & Circularity – Waste Management,"kg food waste per week per site, split by pre- and post-consumer",,,,0,,Single published figure stored as Value_Base.,,mass_or_carbon,,kg food waste per week per site split by pre and post consumer,,published_display,,,"Restaurant, QSR, Pubs/Bars, Contract Caterers, Hotels, Brewries, Experiential Leisure",Partial for Experiential Leisure & Brewries,,,,,0,Waste improvement % = (baseline waste intensity − current waste intensity) ÷ baseline waste intensity × 100; track volume and avoided cost.,Quantify your food waste gives management a measurable 0–100% control tied directly to the KPI.,Partial for Experiential Leisure & Brewries,SG-INIT-0155,ALL_FOUR_SLOTS,DISPLAY_ONLY,display_only,ACTIVE,ACTIVE,PUBLIC,UNLINKED,1.0,2026-08-18,Consolidate.xlsx,工作表1,156
CEF-0156,CARD-0624,Extend the life of your cooking oil — Efficiency,efficiency,Nature & Resources,Efficiency Factors,,Efficiency,,Extend the life of your cooking oil gives management a measurable 0–100% control tied directly to the KPI.,Waste & Circularity – Waste Management,"Frying cycles per oil charge and litres per £1,000 fried-food revenue","Frying cycles per oil charge and litres per £1,000 fried-food revenue",,,1000,,Single published figure stored as Value_Base.,GBP,money,,Frying cycles per oil charge and litres per fried food revenue,,published_display,,,"Restaurant, QSR, Pubs/Bars, Contract Caterers, Hotels, Brewries, Experiential Leisure",Partial for Experiential Leisure & Brewries,,,,,0,"Efficiency improvement % = (baseline intensity − current intensity) ÷ baseline intensity × 100; normalise for covers, rooms or production volume.",Extend the life of your cooking oil gives management a measurable 0–100% control tied directly to the KPI.,Partial for Experiential Leisure & Brewries,SG-INIT-0156,ALL_FOUR_SLOTS,DISPLAY_ONLY,display_only,ACTIVE,ACTIVE,PUBLIC,UNLINKED,1.0,2026-08-18,Consolidate.xlsx,工作表1,157
CEF-0157,CARD-0628,Recycle your used cooking oil at end of life — Efficiency,efficiency,Nature & Resources,Efficiency Factors,,Efficiency,,Recycle your used cooking oil at end of life gives management a measurable 0–100% control tied directly to the KPI.,Waste & Circularity – Waste Management,% used cooking oil collected by a licensed collector,% used cooking oil collected by a licensed collector,,,,,Display text has no parseable number; numeric columns left blank.,,percent,,% used cooking oil collected by a licensed collector,,published_display,,,"Restaurant, QSR, Pubs/Bars, Contract Caterers, Hotels, Brewries, Experiential Leisure",Partial for Experiential Leisure & Brewries,,,,,0,Waste improvement % = (baseline waste intensity − current waste intensity) ÷ baseline waste intensity × 100; track volume and avoided cost.,Recycle your used cooking oil at end of life gives management a measurable 0–100% control tied directly to the KPI.,Partial for Experiential Leisure & Brewries,SG-INIT-0157,ALL_FOUR_SLOTS,DISPLAY_ONLY,display_only,ACTIVE,ACTIVE,PUBLIC,UNLINKED,1.0,2026-08-18,Consolidate.xlsx,工作表1,158
CEF-0158,CARD-0632,Process food waste on-site — Efficiency,efficiency,Nature & Resources,Efficiency Factors,,Efficiency,,Process food waste on-site gives management a measurable 0–100% control tied directly to the KPI.,Waste & Circularity – Waste Management,% food waste processed on-site and useful output per tonne,% food waste processed on-site and useful output per tonne,,,,,Display text has no parseable number; numeric columns left blank.,,percent,,% food waste processed on site and useful output per tonne,,published_display,,,"Restaurant, QSR, Pubs/Bars, Contract Caterers, Hotels, Brewries, Experiential Leisure",Partial for Experiential Leisure & Brewries,,,,,0,Waste improvement % = (baseline waste intensity − current waste intensity) ÷ baseline waste intensity × 100; track volume and avoided cost.,Process food waste on-site gives management a measurable 0–100% control tied directly to the KPI.,Partial for Experiential Leisure & Brewries,SG-INIT-0158,ALL_FOUR_SLOTS,DISPLAY_ONLY,display_only,ACTIVE,ACTIVE,PUBLIC,UNLINKED,1.0,2026-08-18,Consolidate.xlsx,工作表1,159
CEF-0159,CARD-0636,Recycle and responsibly dispose of staff uniforms at end-of-life — Efficiency,efficiency,Nature & Resources,Efficiency Factors,,Efficiency,,Recycle and responsibly dispose of staff uniforms at end-of-life gives management a measurable 0–100% control tied directly to the KPI.,Waste & Circularity – Waste Management,% decommissioned uniforms recovered by weight,% decommissioned uniforms recovered by weight,,,,,Display text has no parseable number; numeric columns left blank.,,percent,,% decommissioned uniforms recovered by weight,,published_display,,,"Restaurant, QSR, Pubs/Bars, Contract Caterers, Hotels, Brewries, Experiential Leisure",,,,,,0,"Coverage % = completed or compliant scope ÷ eligible scope × 100; track exceptions, action closure and review cadence.",Recycle and responsibly dispose of staff uniforms at end-of-life gives management a measurable 0–100% control tied directly to the KPI.,,SG-INIT-0159,ALL_FOUR_SLOTS,DISPLAY_ONLY,display_only,ACTIVE,ACTIVE,PUBLIC,UNLINKED,1.0,2026-08-18,Consolidate.xlsx,工作表1,160
CEF-0160,CARD-0640,Switch to lower-impact takeaway packaging — Efficiency,efficiency,Nature & Resources,Efficiency Factors,,Efficiency,,Switch to lower-impact takeaway packaging gives management a measurable 0–100% control tied directly to the KPI.,Waste & Circularity – Packaging,% takeaway packaging meeting the standard and % virgin-plastic reduction,% takeaway packaging meeting the standard and % virgin-plastic reduction,,,,,Display text has no parseable number; numeric columns left blank.,,percent,,% takeaway packaging meeting the standard and % virgin plastic reduction,,published_display,,,"Restaurant, QSR, Pubs/Bars, Contract Caterers, Hotels, Brewries, Experiential Leisure",Partial for Experiential Leisure & Brewries,,,,,0,Waste improvement % = (baseline waste intensity − current waste intensity) ÷ baseline waste intensity × 100; track volume and avoided cost.,Switch to lower-impact takeaway packaging gives management a measurable 0–100% control tied directly to the KPI.,Partial for Experiential Leisure & Brewries,SG-INIT-0160,ALL_FOUR_SLOTS,DISPLAY_ONLY,display_only,ACTIVE,ACTIVE,PUBLIC,UNLINKED,1.0,2026-08-18,Consolidate.xlsx,工作表1,161
CEF-0161,CARD-0644,"Support and encourage employees in choosing low-carbon commuting alternatives (e.g. cycle to work, public transport) — Efficiency",efficiency,Supply Chain,Efficiency Factors,,Efficiency,,,Transport and Distribution,,,,,,,Empty published value; numeric columns left blank.,,,,,,published_display,,,all,,,,,,0,,,,SG-INIT-0161,ALL_FOUR_SLOTS,DISPLAY_ONLY,display_only,ACTIVE,ACTIVE,PUBLIC,GAP,1.0,2026-08-18,Consolidate.xlsx,工作表1,162
CEF-0162,CARD-0648,Transition company owned fleet vehicles to low-carbon alternatives at end of life — Efficiency,efficiency,Supply Chain,Efficiency Factors,,Efficiency,,,Transport and Distribution,,,,,,,Empty published value; numeric columns left blank.,,,,,,published_display,,,all,,,,,,0,,,,SG-INIT-0162,ALL_FOUR_SLOTS,DISPLAY_ONLY,display_only,ACTIVE,ACTIVE,PUBLIC,GAP,1.0,2026-08-18,Consolidate.xlsx,工作表1,163
CEF-0163,CARD-0652,Reduce emissions from delivery and distribution by improving fleet efficiency before the journey — Efficiency,efficiency,Supply Chain,Efficiency Factors,,Efficiency,,,Transport and Distribution,,,,,,,Empty published value; numeric columns left blank.,,,,,,published_display,,,,,,,,,0,,,,SG-INIT-0163,ALL_FOUR_SLOTS,DISPLAY_ONLY,display_only,ACTIVE,ACTIVE,PUBLIC,GAP,1.0,2026-08-18,Consolidate.xlsx,工作表1,164
CEF-0164,CARD-0656,Reduce emissions from delivery and distribution by improving fleet efficiency during and after the journey — Efficiency,efficiency,Supply Chain,Efficiency Factors,,Efficiency,,,Transport and Distribution,,,,,,,Empty published value; numeric columns left blank.,,,,,,published_display,,,,,,,,,0,,,,SG-INIT-0164,ALL_FOUR_SLOTS,DISPLAY_ONLY,display_only,ACTIVE,ACTIVE,PUBLIC,GAP,1.0,2026-08-18,Consolidate.xlsx,工作表1,165
CEF-0165,CARD-0660,Reduce emissions from delivery and distribution by engaging with suppliers — Efficiency,efficiency,Supply Chain,Efficiency Factors,,Efficiency,,,Transport and Distribution,,,,,,,Empty published value; numeric columns left blank.,,,,,,published_display,,,,,,,,,0,,,,SG-INIT-0165,ALL_FOUR_SLOTS,DISPLAY_ONLY,display_only,ACTIVE,ACTIVE,PUBLIC,GAP,1.0,2026-08-18,Consolidate.xlsx,工作表1,166
CEF-0166,CARD-0664,Reduce emissions from customer delivery — Efficiency,efficiency,Supply Chain,Efficiency Factors,,Efficiency,,,Transport and Distribution,,,,,,,Empty published value; numeric columns left blank.,,,,,,published_display,,,,,,,,,0,,,,SG-INIT-0166,ALL_FOUR_SLOTS,DISPLAY_ONLY,display_only,ACTIVE,ACTIVE,PUBLIC,GAP,1.0,2026-08-18,Consolidate.xlsx,工作表1,167
CEF-0167,CARD-0668,Install EV Charging Infrastructure at Depots and Distribution Hubs — Efficiency,efficiency,Supply Chain,Efficiency Factors,,Efficiency,,,Transport and Distribution,,,,,,,Empty published value; numeric columns left blank.,,,,,,published_display,,,,,,,,,0,,,,SG-INIT-0167,ALL_FOUR_SLOTS,DISPLAY_ONLY,display_only,ACTIVE,ACTIVE,PUBLIC,GAP,1.0,2026-08-18,Consolidate.xlsx,工作表1,168
CEF-0168,CARD-0672,Install a filtered water system to avoid bottled water. — Efficiency,efficiency,Nature & Resources,Efficiency Factors,,Efficiency,,,Water Management – Water,,,,,,,Empty published value; numeric columns left blank.,,,,,,published_display,,,"Restaurant, QSR, Pubs/Bars, Contract Caterers, Hotels, Brewries, Experiential Leisure",,,,,,0,,,,SG-INIT-0168,ALL_FOUR_SLOTS,DISPLAY_ONLY,display_only,ACTIVE,ACTIVE,PUBLIC,GAP,1.0,2026-08-18,Consolidate.xlsx,工作表1,169
CEF-0169,CARD-0676,Procure water sustainably. — Efficiency,efficiency,Nature & Resources,Efficiency Factors,,Efficiency,,,Water Management – Water,,,,,,,Empty published value; numeric columns left blank.,,,,,,published_display,,,"Restaurant, QSR, Pubs/Bars, Contract Caterers, Hotels, Brewries, Experiential Leisure",,,,,,0,,,,SG-INIT-0169,ALL_FOUR_SLOTS,DISPLAY_ONLY,display_only,ACTIVE,ACTIVE,PUBLIC,GAP,1.0,2026-08-18,Consolidate.xlsx,工作表1,170
CEF-0170,CARD-0680,Publish a water reduction policy with targets for water-stressed regions — Efficiency,efficiency,Nature & Resources,Efficiency Factors,,Efficiency,,,Water Management – Water,,,,,,,Empty published value; numeric columns left blank.,,,,,,published_display,,,"Restaurant, QSR, Pubs/Bars, Contract Caterers, Hotels, Brewries, Experiential Leisure",,,,,,0,,,,SG-INIT-0170,ALL_FOUR_SLOTS,DISPLAY_ONLY,display_only,ACTIVE,ACTIVE,PUBLIC,GAP,1.0,2026-08-18,Consolidate.xlsx,工作表1,171
CEF-0171,CARD-0684,Recycle equipment at end-of-life — Efficiency,efficiency,Nature & Resources,Efficiency Factors,,Efficiency,,,Waste & Circularity – Waste Management,,,,,,,Empty published value; numeric columns left blank.,,,,,,published_display,,,"Restaurant, QSR, Pubs/Bars, Contract Caterers, Hotels, Brewries, Experiential Leisure",,,,,,0,,,,SG-INIT-0171,ALL_FOUR_SLOTS,DISPLAY_ONLY,display_only,ACTIVE,ACTIVE,PUBLIC,GAP,1.0,2026-08-18,Consolidate.xlsx,工作表1,172
CEF-0172,CARD-0688,Promote takeaway options for unfinished food — Efficiency,efficiency,Nature & Resources,Efficiency Factors,,Efficiency,,,Waste & Circularity – Waste Management,,,,,,,Empty published value; numeric columns left blank.,,,,,,published_display,,,"Restaurant, QSR, Pubs/Bars, Contract Caterers, Hotels, Brewries, Experiential Leisure",Partial for Experiential Leisure & Brewries,,,,,0,,,Partial for Experiential Leisure & Brewries,SG-INIT-0172,ALL_FOUR_SLOTS,DISPLAY_ONLY,display_only,ACTIVE,ACTIVE,PUBLIC,GAP,1.0,2026-08-18,Consolidate.xlsx,工作表1,173
CEF-0173,CARD-0692,"Reduce active menu SKU count by a defined %, and measure the impact on food waste per cover over the following 90 days — Efficiency",efficiency,Nature & Resources,Efficiency Factors,,Efficiency,,,Waste & Circularity – Waste Management,,,,,,,Empty published value; numeric columns left blank.,,,,,,published_display,,,"Restaurant, QSR, Pubs/Bars, Contract Caterers, Hotels, Brewries, Experiential Leisure",Partial for Experiential Leisure & Brewries,,,,,0,,,Partial for Experiential Leisure & Brewries,SG-INIT-0173,ALL_FOUR_SLOTS,DISPLAY_ONLY,display_only,ACTIVE,ACTIVE,PUBLIC,GAP,1.0,2026-08-18,Consolidate.xlsx,工作表1,174
CEF-0174,CARD-0696,Responsibly dispose off or donate furniture and fittings at end-of-life — Efficiency,efficiency,Nature & Resources,Efficiency Factors,,Efficiency,,,Waste & Circularity – Waste Management,,,,,,,Empty published value; numeric columns left blank.,,,,,,published_display,,,"Restaurant, QSR, Pubs/Bars, Contract Caterers, Hotels, Brewries, Experiential Leisure",,,,,,0,,,,SG-INIT-0174,ALL_FOUR_SLOTS,DISPLAY_ONLY,display_only,ACTIVE,ACTIVE,PUBLIC,GAP,1.0,2026-08-18,Consolidate.xlsx,工作表1,175
CEF-0175,CARD-0700,Deploy [named technology] to monitor [named waste stream] and use data to reduce [waste type] by [target %] within 12 months — Efficiency,efficiency,Nature & Resources,Efficiency Factors,,Efficiency,,,Waste & Circularity – Waste Management,,,,,,,Empty published value; numeric columns left blank.,,,,,,published_display,,,"Restaurant, QSR, Pubs/Bars, Contract Caterers, Hotels, Brewries, Experiential Leisure",,,,,,0,,,,SG-INIT-0175,ALL_FOUR_SLOTS,DISPLAY_ONLY,display_only,ACTIVE,ACTIVE,PUBLIC,GAP,1.0,2026-08-18,Consolidate.xlsx,工作表1,176
CEF-0176,CARD-0704,Join the plastics pact — Efficiency,efficiency,Nature & Resources,Efficiency Factors,,Efficiency,,,Waste & Circularity – Packaging,,,,,,,Empty published value; numeric columns left blank.,,,,,,published_display,,,"Restaurant, QSR, Pubs/Bars, Contract Caterers, Hotels, Brewries, Experiential Leisure",,,,,,0,,,,SG-INIT-0176,ALL_FOUR_SLOTS,DISPLAY_ONLY,display_only,ACTIVE,ACTIVE,PUBLIC,GAP,1.0,2026-08-18,Consolidate.xlsx,工作表1,177
CEF-0177,CARD-0708,"Design for reusability, removing single-use items and therefore reducing overall waste produced — Efficiency",efficiency,Nature & Resources,Efficiency Factors,,Efficiency,,,Waste & Circularity – Packaging,,,,,,,Empty published value; numeric columns left blank.,,,,,,published_display,,,"Restaurant, QSR, Pubs/Bars, Contract Caterers, Hotels, Brewries, Experiential Leisure",,,,,,0,,,,SG-INIT-0177,ALL_FOUR_SLOTS,DISPLAY_ONLY,display_only,ACTIVE,ACTIVE,PUBLIC,GAP,1.0,2026-08-18,Consolidate.xlsx,工作表1,178
CEF-0178,CARD-0712,Install an anaerobic digestion plant to recover biogas — Efficiency,efficiency,Nature & Resources,Efficiency Factors,,Efficiency,,,Waste & Circularity – Brewing,,,,,,,Empty published value; numeric columns left blank.,,,,,,published_display,,,"Brewries, Pubs/Bars (partial)","Restaurant, QSR, Contract Caterers, Hotels, Experiential Leisure",,,,,0,,,"Restaurant, QSR, Contract Caterers, Hotels, Experiential Leisure",SG-INIT-0178,ALL_FOUR_SLOTS,DISPLAY_ONLY,display_only,ACTIVE,ACTIVE,PUBLIC,GAP,1.0,2026-08-18,Consolidate.xlsx,工作表1,179
CEF-0179,CARD-0716,Minimise extract losses and product wastage — Efficiency,efficiency,Nature & Resources,Efficiency Factors,,Efficiency,,,Waste & Circularity – Brewing,,,,,,,Empty published value; numeric columns left blank.,,,,,,published_display,,,"Brewries, Pubs/Bars (partial)","Restaurant, QSR, Contract Caterers, Hotels, Experiential Leisure",,,,,0,,,"Restaurant, QSR, Contract Caterers, Hotels, Experiential Leisure",SG-INIT-0179,ALL_FOUR_SLOTS,DISPLAY_ONLY,display_only,ACTIVE,ACTIVE,PUBLIC,GAP,1.0,2026-08-18,Consolidate.xlsx,工作表1,180
