Case_ID,Initiative_ID,Initiative_Name,Sort_Order,Title,Narrative,Source_Count,Source_Workbook,Source_Row
CASE-0001,INIT-0001,Adopt a net-zero buildings plan,1,Whitbread ESG Report,"Hotels & Restaurants: Portfolio net-zero plan – Whitbread
Rolling out low-carbon rooms across the estate delivered 2,300 low-carbon rooms and a 63% reduction in Scope 1 and 2 emissions intensity versus 2016/17. [1]

QSR: Net-zero restaurant blueprint – McDonald’s Market Drayton
McDonald’s replaced conventional man-made insulation with British sheep wool, used 250 m² of cladding made from recycled IT and white goods, and installed more than 1,000 kerbs made from 182 recycled plastic bottles each instead of conventional concrete kerbs. Two wind turbines and 92 m² of solar panels generate 60,000 kWh per year, while each recycled kerb has a 25 kgCO₂ lower footprint than a concrete equivalent. [2]",2,Consolidate.xlsx,2
CASE-0002,INIT-0002,Measure and verify building energy performance,1,Optimised Radisson Blu Case Study,"Hotels: Integrated HVAC, BEMS and CHP optimisation – Radisson Blu
The 218-room hotel had individually commissioned HVAC, BEMS, absorption-chiller and 285 kW bio-oil CHP systems that were not operating as one coordinated system. Existing submeters were connected to the Trend BEMS, half-hourly data established the baseline, analytics identified anomalies, and the CHP, boilers and electric and absorption chillers were then retuned and continuously recommissioned, reducing total energy by 30%, electricity by 17% and gas by 41% with payback under 12 months. [1]

Leased Buildings: Owner-occupier energy management – York House
The landlord and occupier formed an Environmental Management Group, installed automatic 15-minute energy monitoring, separated landlord-controlled common-area and HVAC loads from occupier-controlled loads, and agreed an annual Environmental Action Plan with named responsibilities. Annual energy fell by 1.1 million kWh, saving £63,000 and 416 tCO₂; landlord-controlled energy fell 32% and occupier-controlled energy fell 9%. [2]",2,Consolidate.xlsx,3
CASE-0003,INIT-0003,Optimise and upgrade HVAC systems and controls,1,Energy Technology List Coplow Centre Case,"Pubs / Community Hospitality: Heating-control recommissioning – Coplow Centre
The venue’s hall, meeting rooms, bar and commercial kitchen previously relied on costly heating with long warm-up times and limited control. A HeatingSave control system was installed to coordinate the boiler, radiant heater and solar system, link operating schedules to room bookings and occupancy sensors, and use self-learning optimum-start control, reducing the gas bill by 51% and warm-up time by 90%. [1]

Hotels: Whole-building HVAC and BEMS recommissioning – Radisson Blu
Rather than replacing the plant, the hotel used existing submeters and half-hourly BEMS data to diagnose poor interaction between HVAC, a 285 kW bio-oil CHP, boilers, an absorption chiller and electric chillers. Coordinating and continuously retuning these systems reduced total energy by 30%, electricity by 17% and gas by 41%, with payback under 12 months. [2]

Hotels / Resorts: Air-cooled to water-cooled chiller replacement – Commercial Resort, Bogor
The five-floor resort and convention centre has 7,738 m² of conditioned space covering its lobby, ballrooms, meeting rooms, restaurants and guestrooms. Three fixed-speed McQuay air-cooled screw chillers installed in 1999, each rated at 155 TR (545.11 kW), COP 5.71 and IPLV 3.82, were replaced in 2020 by two fixed-speed TICA water-cooled screw chillers, each rated at 185 TR (650.62 kW), COP 6.07 and IPLV 5.59. Modelled and measured post-installation performance showed 17.5% lower energy consumption, 2,860 tCO₂e lower annual emissions and 13.4% lower life-cycle cost while maintaining indoor comfort. [3]

QSR: Rooftop HVAC and kitchen-hood redesign – Wendy’s
At two rebuilt restaurants in Mobile, Alabama, the control site used two high-efficiency rooftop units plus a dedicated make-up-air unit, while the upgraded site paired new lower-airflow kitchen hoods with two Trane Voyager rooftop units using eFlex variable-speed compressors. Over the first 8 months, total energy fell 24% at the upgraded site versus 13% at the control; a later Columbus retrofit cut rooftop-unit energy by more than 60% and total restaurant energy by more than 10%. [4]",4,Consolidate.xlsx,4
CASE-0004,INIT-0004,Install smart draught beverage dispense systems,1,"Lisini Pub Co SmartDispense case, Scottish Licensed Trade News","Pubs / Hotels – Six-Week SmartDispense Rollout – Lisini Pub Co [1]
Lisini installed HEINEKEN SmartDispense across its venues after engaging its maintenance team, supplier and independent trade advisers. The system replaced frequent manual line cleaning with a supplier-managed six-week cycle, reduced beer, water and chemical losses, simplified keg changes and added a 54-point technical check at each service. Lisini’s procurement manager estimates annual savings above £40,000 across the group, with further savings from lower cellar-cooling energy.

Pubs – SmartDispense Across 200 Star Pubs [2]
Star Pubs analysed 200 installations where SmartDispense was the only reported operational change. Published results showed an 8% sales uplift, around 4,500 litres of water and 33 litres of cleaning chemical saved per pub each year, 3% more beer reaching the glass and 3% less entering drip trays. Across the estate, Star reported £5 million of additional annual value.

Hotels / Leisure – Reduced Line-Cleaning Waste – Bluestone National Park Resort [3]
Bluestone moved routine line cleaning to the SmartDispense service and reported average savings of 45 pints and 3 staff hours per bar each week after two years. This equates to approximately 2,340 pints and 156 staff hours per bar annually while maintaining clean lines and consistent beer quality.

Experiential Leisure – Enclosed Keg-to-Glass Dispense – Crucible Corner, Sheffield [4]
The theatre venue installed Carlsberg’s enclosed, continuously chilled Quality Dispense System. During its first three months, the team cleaned the lines only three times while reporting consistently crisp product quality. The wider system extends cleaning from weekly to four-weekly, while CQDS Plus can reach ten weeks; Carlsberg reports average venue water savings of 4,000 litres and at least 30% lower cooler energy costs.

Hotels / Leisure – Fobbing Reduction – Nailcote Hall Hotel, Golf & Country Club [5]
Nailcote Hall replaced its standard dispense setup with Carlsberg’s continuously chilled system. The food and beverage manager reported that fobbing was almost eliminated, wastage was near zero and four-weekly cleaning substantially reduced beer sent to drain while maintaining product quality.",4,Consolidate.xlsx,5
CASE-0005,INIT-0005,Install timer controls across eligible equipment,1,The Folly Energy Saving Recommendations Report,"Restaurant / Bar – Scheduling a 9.5 kW Hot-Water Boiler – The Folly, Oxford [1]
A 9.5 kW domestic hot-water boiler was found operating 24 hours a day. The audit recommended a 7-day timer that starts the boiler 30 minutes before demand and switches it off from midnight to 9am. The audit summary estimated £68 implementation cost, 683 kWh and £18 annual saving, approximately 0.13 tCO2e avoided and a 3.8-year payback.

Restaurant – Staggered Kitchen Fire-Up and Shutdown – UK Restaurant [2]
An energy specialist fixed a broken kitchen-extraction timer, delayed extract start until 10am, switched the glasswasher on later, turned the cutlery polisher off between uses, shut equipment down during quiet service and introduced a gradual close-down routine. The combined scheduling and behavioural package saved £18,000 and 28 tCO2 annually; the result is a bundled operational saving rather than a timer-only claim.

Pub – Smart Cellar Cooler Timers – Stonegate Pub Company [3]
Following a successful trial, Stonegate rolled cellar controls out to 550 sites. Cellar Manager controls reduced main cellar-cooler energy by up to 30%, while Smart Python Timers were programmed to each pub's opening hours and switched remote coolers off overnight, delivering a further 25% energy reduction while maintaining product quality.

Hotel / Leisure – 15-Minute Whirlpool-Blower Run-Back Timer – Hotel Case [4]
A 3 kW whirlpool blower drawing approximately 2.5 kW was operating from 8am to midnight. A 15-minute wind-up timer was estimated to reduce annual runtime by 4,380 hours, or 75%, save 11,000 kWh a year and achieve payback in under one month.

QSR – Automated Scheduling for Walk-Ins, HVAC and Lighting – National Hamburger Chain [5]
A national hamburger QSR tested adaptive walk-in controls, smart thermostat schedules and lighting controls at three locations over six weeks. The supplier-reported results showed energy reductions of up to 27% for walk-ins, 43% for HVAC and 8% for lighting, demonstrating the broader opportunity to automate equipment schedules beyond boilers.",5,Consolidate.xlsx,6
CASE-0006,INIT-0006,"Optimise fans and pumps with variable-speed drives, efficient motors and demand controls",1,Energy Technology List Wetherspoon Case,"Pubs: Demand-controlled kitchen ventilation – Wetherspoon Jack Fairman, Horley
The pub integrated the ETL-listed Quintex CHEETAH demand-control system with its HVAC controls. Temperature, optical and flow sensors detect heat, steam and smoke and adjust extract and supply fan speed so ventilation only runs at the level required by cooking demand. Fan energy fell by 69%, saving 36,167 kWh, £9,041 and 8.1 tCO₂ per year with 1.88-year payback; a 654-site rollout reportedly saved more than 7 million kWh and £1.47 million annually. [1]

QSR: Variable-speed rooftop HVAC – Wendy’s
Wendy’s combined lower-airflow kitchen hoods with Trane Voyager rooftop units using eFlex variable-speed compressors, allowing cooling and fan output to follow actual load instead of operating at fixed capacity. A Columbus retrofit used more than 60% less rooftop-unit energy in the first 2 months and reduced total restaurant energy by more than 10%; the design became a standard option for new company and franchise sites. [2]

Leisure: Variable-speed pool circulation – Leicester
Five variable-speed drives were fitted to swimming-pool circulation plant so pump speed could be reduced when full flow was not required, replacing fixed-speed operation. The installation saved 240,000 kWh per year, equal to 48,000 kWh per VSD, with 1.11-year payback and no measurable decline in water quality. [3]",3,Consolidate.xlsx,7
CASE-0007,INIT-0007,"Recover and reuse waste heat from refrigeration, cooking or wastewater",1,UK Government Yeo Valley Heat Recovery Case,"Food Production: Refrigeration heat recovery – Yeo Valley
The dairy’s refrigeration system rejected condenser heat to air while cleaning water was heated by steam from an 85%-efficient natural-gas boiler. Yeo Valley installed a CO₂ refrigeration plant with an integral 250 kW plate heat exchanger, controls, protection and insulated storage linked to the existing hot-water ring main, raising water from 10°C to 65°C and recovering 943 MWh per year; the system cost more than £64,000 before a 30% grant, offsets nearly £22,000 of gas cost and avoids 175 tCO₂e annually with about 2-year payback. [1]

QSR: Kitchen-exhaust heat recovery pilot – Burger King Welwyn Garden City
Burger King installed Enjay exhaust heat recovery on a new restaurant where roughly 1 m³/s of hot, moist and contaminated kitchen exhaust would otherwise be discharged outdoors. The pilot used site simulation, measured performance and comparison with similar restaurants to test the business case; the pre-installation model estimated around 80,000 kWh of recoverable heat per restaurant per year, with actual performance to be validated through monitoring. [2]",2,Consolidate.xlsx,8
CASE-0008,INIT-0008,Upgrade boiler burner controls and balance heat-distribution systems,1,Energy Technology List Leadenhall Autoflame Case,"Commercial Buildings: Boiler burner controls – Leadenhall Building
The building upgraded ageing boiler-burner controls with Autoflame Mini Mk8 MM micro-modulating controllers, which continuously adjust the fuel-air ratio instead of relying on less precise conventional burner control. The upgrade saved £60,000 and 180 tCO₂ per year with a 2-year ROI. [1]

Healthcare: Boiler burner controls – NHS site
An NHS site applied the same micro-modulating burner-control technology to ageing and unreliable boiler plant, improving combustion control and reducing fuel cost by 7.03%, carbon emissions by 15.14% and NOx by more than 59%. [2]",1,Consolidate.xlsx,9
CASE-0009,INIT-0009,"Upgrade domestic hot-water generation, storage and circulation controls",1,Minnesota Hotel DHW Recirculation Study,"Hotels: Demand-based hot-water recirculation – Three-hotel field study
Demand-based circulation controls reduced water-heating energy by 9.9%–15.9% and pump electricity by 70%–93% in the two fully measured hotels, with 1.8–2.1-year payback. [1]

Hotels: DHW monitoring and rapid fault response – Hampton Inn & Suites Boston
Continuous temperature monitoring identified an overnight water-heater trip; resetting the burner restored normal hot-water service within 1 hour before guests were affected. [2]",2,Consolidate.xlsx,10
CASE-0010,INIT-0010,"Automate shutdown of non-HVAC, non-lighting equipment outside operating hours",1,U.S. GSA Advanced Power Strips Findings,"International: Automated plug-load shutdown – GSA facilities
Advanced power strips and schedule controls reduced plug loads by 48% on average, including nearly 50% in kitchens and printer rooms; kitchen applications achieved 0.7-year payback. [1]

Restaurants: Off-peak kitchen-equipment shutdown – Shari’s Café & Pies
Shutdown checklists for second cook lines and broiler burners supported a wider equipment-use programme that cut electricity by 6%, gas by 25% and water by more than 40% between 2008 and 2015. [2]",2,Consolidate.xlsx,11
CASE-0011,INIT-0011,"Implement power management for small-power, IT and server-room equipment",1,U.S. DOE CCAC Computer Power Management,"International: Computer power management – Community College of Allegheny County
Applying central power-management settings reduced electricity use by 74%, from 33 kWh to 9 kWh per computer per month, saving 288 kWh per computer per year. [1]

International: Smart control of printers and small-power loads – UC San Diego
Static schedules cut plug-load energy by 38%–66%; print-server controls cut printer energy by 86%, and scheduled water dispensers cut energy by 32% with three-year payback. [2]",2,Consolidate.xlsx,12
CASE-0012,INIT-0012,Upgrade lift and escalator drives and controls,1,ACEEE Hyatt Place Elevator Case,"Hotels: Regenerative lift modernisation – Hyatt Place Waikiki Beach
Replacing lift machines and controls with permanent-magnet motors, destination software and regenerative drives reduced lift electricity use by 56% while improving reliability and ride quality. [1]

Hotels: Regenerative lift drives – Emily Morgan Hotel
Installing regenerative lift drives reduced watt-hours by 45% and peak electrical demand by 31%. [2]",2,Consolidate.xlsx,13
CASE-0013,INIT-0013,"Optimise swimming-pool circulation, heating, covers and backwashing",1,Leicester City Council Pool VSD Case,"Leisure: Variable-speed pool circulation – Leicester
Five variable-speed drives replaced fixed-speed operation on swimming-pool circulation plant, allowing pump flow to match actual filtration demand rather than running continuously at full speed. The installation saved 240,000 kWh per year, equal to 48,000 kWh per VSD, with no measurable deterioration in pool-water quality and 1.11-year payback. [1]

Hotels: Swimming-pool heat pump – City-centre rooftop pool
The pool-heating system used a heat pump instead of relying solely on direct electric or gas-boiler heat. Measured operation delivered 49.1 MWh of heat from 24.6 MWh of electricity at an average COP of 2.0, saving 26.5–32.5 MWh per heating season versus the alternative boiler baselines. [2]",2,Consolidate.xlsx,14
CASE-0014,INIT-0014,Replace high-GWP refrigerants with lower-GWP alternatives during planned plant intervention,1,CCAC Low-GWP Commercial Refrigeration Cases,"International Retail Food: Low-GWP CO₂ refrigeration – Sobeys
Sobeys’ transcritical CO₂ systems with heat reclaim delivered 0%–15% lower installation cost, 50% lower maintenance cost, 75%–85% lower heating cost and under three-year payback in the cited cases. [1]

International Retail Food: CO₂ secondary-loop refrigeration – Loblaw Scarborough
A CO₂ secondary loop with subcooling, floating head pressure and heat recovery used 23% less energy and reduced GHG emissions by 59%, equal to 2,700 tCO₂e, versus a similar conventional supermarket. [2]",2,Consolidate.xlsx,15
CASE-0015,INIT-0015,Install refrigerant leak detection and implement rapid repair,1,Shropshire Commercial Refrigeration Guide,"Commercial Refrigeration: Leak detection and rapid repair benchmark
Published refrigeration guidance indicates leaking systems can be 11% less efficient, while detection and repair can reduce energy cost by up to 15%; indicative payback is 2–3 years for small leaks and under one year for large leaks. [1]

International Food Retail: Continuous refrigerant leak detection – Spanish grocery chain
Installing continuous leak detection across 5 stores reduced refrigerant leakage by 71% and leak-location time by 90% within 4 weeks. [2]",2,Consolidate.xlsx,16
CASE-0016,INIT-0016,Maintain a governed refrigerant inventory and leakage record,1,Facilio HelloFresh Refrigerant Compliance Case,"Food Production: Central refrigerant compliance tracking – HelloFresh
HelloFresh centralised refrigerant tracking across food-production facilities, using instant triggers to remove delays between detection and action and accelerate closure of refrigerant events. [1]

International Food Retail: Refrigerant analytics and compliance records – Woolworths
Connecting refrigeration data across more than 1,200 stores automated compliance logs and prioritised faults, reducing refrigerant leaks by 37%, avoiding 1,885 service calls and cutting Scope 1 emissions by 27%. [2]",2,Consolidate.xlsx,17
CASE-0017,INIT-0017,Recover refrigerants at equipment end of life and document transfer,1,UK Government WEEE Refrigerant Recovery Guidance,"UK Treatment Benchmark: End-of-life refrigerant recovery – WEEE plants
UK guidance requires treatment systems to recover at least 90% of refrigerant, while dedicated treatment plant is designed to remove and collect more than 99%. [1]

International: End-of-life R-12 recovery and destruction – University of Rochester
Recovering and destroying 23,635 lb of R-12 from 2 retired chillers avoided 103,650 tCO₂e and generated a project credit from the recovered refrigerant. [2]",2,Consolidate.xlsx,18
CASE-0018,INIT-0018,"Upgrade refrigeration equipment, doors, seals, fans and controls",1,Energy Technology List Greene King Case,"Pubs: Efficient bottle-cooler replacement – Greene King Punch and Judy
The pub replaced 8 mixed-manufacturer, older-generation double-door bottle coolers consuming 4.71 kWh per unit per day with ETL-listed Rhino units selected for rapid pull-down and lower energy use. The new coolers consume 0.81 kWh per unit per day, saving about £2,500 per year at 25p/kWh; reported fan life increased from about 4 years to nearly 8 years, with around £300 of service call-outs avoided over an appliance life. [1]

Food Retail: Door-fronted refrigeration – Washingpool Farm Shop
Three open-fronted refrigerated cabinets were replaced with door-fronted units to reduce cold-air loss into the shop. The £30,889 project was estimated to reduce refrigeration energy by 61%, saving about 54,000 kWh, £15,000 and 28 tCO₂e per year. [2]",2,Consolidate.xlsx,19
CASE-0019,INIT-0019,Adopt a validated warmer freezer setpoint where product and food-safety rules allow,1,IESO Freezer Setpoint Research Study,"International Restaurants / Hotels: Warmer freezer setpoint trial – IESO
Raising freezer setpoints from −18°C to −15°C across more than 24 restaurant and hotel freezers reduced freezer energy use by 10% on average, with almost all foods remaining safe and without loss of quality. [1]",1,Consolidate.xlsx,20
CASE-0020,INIT-0020,Phase out fossil-fuelled patio heaters and avoid unnecessary outdoor heating,1,Energy Saving Trust Outdoor Heating Comparison,"Hospitality Reference: Targeted electric outdoor heating – Energy Saving Trust
The published comparison indicates targeted electric infrared heating can reduce running cost by 66.7% versus gas patio heating for the same stated area and duration, while directing heat toward people and objects. [1]",1,Consolidate.xlsx,21
CASE-0021,INIT-0021,Conduct whole-life carbon assessments for major capital projects,1,UKGBC Entopia Building Case,"Cross-sector: Whole-life carbon assessment – Entopia Building
Whole-life carbon assessment was used to compare deep retrofit with conventional refurbishment, prioritising retention of the existing structure rather than demolition and replacement. The selected design is expected to save 80% of whole-life carbon versus a standard refurbishment, while structural retention avoided about 60% of embodied carbon. [1]

QSR: Net-zero construction benchmark – McDonald’s Market Drayton
McDonald’s tested specific lower-carbon substitutions rather than relying on a generic green-building label: sheep wool replaced man-made insulation, 250 m² of external cladding was made from recycled IT and white goods, and more than 1,000 kerbs were made from recycled bottles instead of concrete. Each kerb avoided 25 kgCO₂ compared with the concrete baseline. [2]",2,Consolidate.xlsx,22
CASE-0022,INIT-0022,Set operational-energy and embodied-carbon targets for new construction and major refurbishment,1,McDonald’s UK Net-Zero Restaurant,"QSR: Operational and embodied-carbon targets – McDonald’s Market Drayton
The design combined on-site renewable generation with product-level material substitutions: two wind turbines and 92 m² of solar generate 60,000 kWh per year, while sheep-wool insulation, recycled-appliance cladding and recycled-plastic kerbs reduce construction impacts. The restaurant was built to the UKGBC net-zero construction framework and used as a blueprint for future freehold new builds. [1]

Cross-sector: Performance targets – Entopia Building
The project set quantified design targets before procurement, including an 85% reduction in energy demand, an expected 80% whole-life carbon saving and embodied carbon of 408 kgCO₂e/m², then used deep retrofit and structural retention to pursue them. [2]",2,Consolidate.xlsx,23
CASE-0023,INIT-0023,Apply carbon criteria at capital-project investment and design gates,1,McDonald’s UK Net-Zero Restaurant,"QSR: Carbon criteria at design approval – McDonald’s Market Drayton
Design approval selected a defined package of on-site renewables and lower-carbon materials rather than leaving sustainability requirements to later procurement. The approved specification included two wind turbines, 92 m² of solar panels, British sheep-wool insulation, 250 m² of recycled-appliance cladding and more than 1,000 lower-carbon recycled-plastic kerbs, creating a repeatable blueprint for future restaurants. [1]

Method Benchmark: Whole-life carbon decision gates – RICS
The RICS standard provides a consistent basis for comparing design options across product, construction, use and end-of-life stages before capital approval, enabling carbon performance to be assessed alongside cost and technical requirements. [2]",2,Consolidate.xlsx,24
CASE-0024,INIT-0024,Require EPDs or product-specific carbon data for priority materials and equipment,1,McDonald’s UK Net-Zero Restaurant,"QSR: Product-specific material selection – McDonald’s Market Drayton
McDonald’s specified named material substitutions with measurable quantities: 250 m² of cladding made from recycled IT and white goods, British sheep wool instead of man-made insulation, and more than 1,000 kerbs made from over 200,000 recycled bottles. Each kerb was reported to avoid 25 kgCO₂ versus a concrete equivalent. [1]

Method Benchmark: Product and EPD evidence – RICS
The RICS whole-life carbon method prioritises product-specific environmental data when available, allowing procurement teams to compare material and equipment options using declared product impacts rather than generic category averages. [2]",2,Consolidate.xlsx,25
CASE-0025,INIT-0025,"Prioritise refurbishment, reuse and adaptation before new construction",1,UKGBC Entopia Building Case,"Cross-sector: Deep retrofit instead of replacement – Entopia Building
Retaining and adapting the existing building reduced energy demand by 85%, delivered an expected 80% whole-life carbon saving and retained the original structure, avoiding about 60% of embodied carbon. [1]

Cross-sector: Adaptive reuse and structural retention – UC Davis Walker Hall
Retaining 75% of the structure, combined with lower-carbon materials, reduced embodied carbon by 57%, diverted 86% of construction waste and avoided about 700 tCO₂e. [2]",2,Consolidate.xlsx,26
CASE-0026,INIT-0026,Require component reuse and material recovery in building and fit-out projects,1,UKGBC Timber Square Case,"Cross-sector: Structural and component reuse – Timber Square
Reusing about 80% of the original structure by volume saved 7,300 tCO₂; reclaimed floor tiles saved 1,362 tCO₂e and reused steel beams saved 276 tCO₂e. [1]

Restaurants: Circular fit-out and component reuse – Apricity, London
Reusing existing floors, furniture, staircase timber and skirting boards reduced fit-out emissions by 40% compared with a standard restaurant fit-out. [2]",2,Consolidate.xlsx,27
CASE-0027,INIT-0027,Specify lower-carbon and responsibly sourced construction materials,1,McDonald’s UK Net-Zero Restaurant,"QSR: Lower-carbon construction materials – McDonald’s Market Drayton
The restaurant substituted several conventional materials: 250 m² of standard cladding was replaced with panels made from recycled IT and white goods, man-made insulation was replaced with British sheep wool, and more than 1,000 concrete kerbs were replaced with recycled-plastic units made from 182 bottles each. The kerbs reduce emissions by 25 kgCO₂ per unit versus concrete. [1]

Materials Benchmark: Paint carbon disclosure – Dulux
Product EPDs and carbon data allow paint specifications to be compared using product-specific embodied-carbon evidence; recycled paint options contain 35% recycled paint content. [2]

Materials Benchmark: Carpet tile – Interface Heuga 580 II
The carpet tile reports 3.53 kgCO₂e/m² cradle-to-gate embodied carbon, 77% recycled content and a 15-year warranty, with take-back through the ReEntry scheme. [3]

Materials Benchmark: Insulation – Knauf Rocksilk Flexible Slab
The product EPD reports approximately 1.75 kgCO₂e/m² for production stages A1–A3 for the declared flexible-slab unit. [4]",4,Consolidate.xlsx,28
CASE-0028,INIT-0028,"Specify durability, repairability, modularity and supplier take-back for capital equipment",1,Energy Technology List Whitbread Refrigeration Case,"Hotels & Restaurants: Modular refrigerated equipment – Whitbread Oxford Beefeater
Whitbread’s all-electric “Kitchen of the Future” replaced traditional undercounter cabinets, which required more space and slower ingredient access, with Adande VCS2 and VCR2 modular drawers at key kitchen stations. Each drawer can operate as chilled or frozen storage, reusable worktops and heat shields reduce replacement waste, and energy monitors at Oxford and Reading established the baseline; the trial confirmed 46% lower refrigeration energy, 13% more gastronorm capacity and about 7 seconds saved per opening, equal to roughly 4 staff hours per kitchen per day, alongside lower meat shrinkage and easier cleaning. [1]",1,Consolidate.xlsx,29
CASE-0029,INIT-0029,"Design buildings and fit-outs for adaptability, disassembly and material recovery",1,UKGBC JLL Manchester Fit-Out Case,"Cross-sector: Adaptable and demountable fit-out – JLL Manchester
A fit-out designed for reuse and reconfiguration achieved 38% lower upfront embodied carbon, reused more than 500 items, made 90% of the floorplate reconfigurable and saved £40,000 through second-hand furniture. [1]

Cross-sector: Design for disassembly and reuse – Timber Square
Reusing about 80% of the original structure saved 7,300 tCO₂ and established recoverable component strategies for future building changes. [2]",2,Consolidate.xlsx,30
CASE-0030,INIT-0030,Commission new buildings and major refurbishments against designed operational performance,1,Optimised Radisson Blu Case Study,"Hotels: Operational commissioning and continuous recommissioning – Radisson Blu
The hotel used its existing submeters and Trend BEMS to collect half-hourly data, identify anomalies and coordinate HVAC, boilers, a 285 kW bio-oil CHP, an absorption chiller and electric chillers that had previously been commissioned separately. Ongoing remote monitoring and repeated retuning reduced total energy by 30%, electricity by 17% and gas by 41%, with under 12-month payback. [1]

Hotels: Existing-building commissioning – Hotel Monaco, Washington DC
The project combined commissioning with targeted efficiency upgrades rather than a single equipment replacement, addressing operating faults and building-system performance. Annual energy use fell 28% and water use 41%, while guest-room temperature complaints fell 11%, linking technical savings with guest comfort. [2]",2,Consolidate.xlsx,31
CASE-0031,INIT-0031,Apply verified energy-efficiency criteria when replacing kitchen equipment,1,Energy Technology List Greene King Case,"Pubs: Verified efficient refrigeration – Greene King Punch and Judy
Greene King used the Energy Technology List as a procurement screen, replacing 8 older mixed-manufacturer double-door bottle coolers with ETL-listed Rhino units selected for rapid pull-down, efficient components and lower energy use. Consumption fell from 4.71 kWh to 0.81 kWh per unit per day, saving about £2,500 per year; reported fan life increased from about 4 to nearly 8 years. [1]

Contract Catering Benchmark: Efficient equipment selection – Carbon Trust
The sector study recommends using verified efficiency criteria at equipment specification, supported by sub-metering to confirm operating performance and shared-investment models where the caterer operates equipment but the client controls capital budgets. This allows lower-energy kitchen equipment to be selected and its savings assigned between the parties. [2]",2,Consolidate.xlsx,32
CASE-0032,INIT-0032,Assess the feasibility of hydrogen-ready kitchen equipment,1,National Gas Metering Hydrogen Kitchen Case,"Commercial Kitchens: Hydrogen-powered kitchen prototype – National Gas Metering
A working industrial kitchen was developed and tested entirely on hydrogen, demonstrating equipment operation and food-quality performance before wider infrastructure investment. [1]",1,Consolidate.xlsx,33
CASE-0033,INIT-0033,Apply environmental-performance criteria when selecting leased sites,1,Better Buildings Partnership York House Case,"Cross-sector: Environmental criteria for occupied buildings – York House
The landlord and occupier converted broad environmental aims into operating criteria by forming an Environmental Management Group, assigning responsibilities, installing automatic 15-minute energy monitoring and creating an annual Environmental Action Plan. Separating landlord-controlled common-area and HVAC loads from occupier-controlled loads helped identify accountable actions, reducing annual energy by 1.1 million kWh and saving £63,000 and 416 tCO₂. [1]",1,Consolidate.xlsx,34
CASE-0034,INIT-0034,Apply energy and carbon criteria to lease renewals and franchise onboarding,1,Trane Wendy’s HVAC Case Study,"QSR Franchise: Performance criteria at onboarding – Wendy’s
Wendy’s compared two rebuilt restaurants: the control retained two high-efficiency rooftop units plus dedicated make-up air, while the upgraded design paired lower-airflow kitchen hoods with Trane Voyager rooftop units using eFlex variable-speed compressors. Total energy fell 24% at the upgraded site versus 13% at the control over 8 months, and the equipment package became a standard option for new company and franchise locations. [1]

Leased Buildings: Energy criteria at renewal – York House
The landlord and occupier created a shared baseline using automatic 15-minute monitoring, separated each party’s controlled loads and agreed an Environmental Action Plan with named actions and responsibilities. The programme reduced annual energy by 1.1 million kWh, saving £63,000 and 416 tCO₂. [2]",2,Consolidate.xlsx,35
CASE-0035,INIT-0035,"Include green performance, data and cooperation clauses in leases and franchise agreements",1,Better Buildings Partnership York House Case,"Leased Buildings: Green cooperation clauses – York House
The landlord and occupier established a formal Environmental Management Group, named responsible representatives and maintained an annual Environmental Action Plan supported by shared 15-minute energy data. This governance structure turned cooperation commitments into tracked actions, reducing landlord-controlled energy by 32% and occupier-controlled energy by 9%. [1]

Lease Benchmark: Green data and cooperation clauses – Better Buildings Partnership
Model clauses provide practical wording for energy-data sharing, metering, renewable procurement and cooperation on environmental improvements, clarifying what information must be shared and how both parties approve and implement actions. [2]",2,Consolidate.xlsx,36
CASE-0036,INIT-0036,"Collect and quality-check energy and emissions data from leased, tenanted and franchised sites",1,Better Buildings Partnership York House Case,"Leased Buildings: Shared energy-data controls – York House
Automatic meters recorded energy at 15-minute intervals and the landlord and occupier separated common-area and central-HVAC loads from tenant-controlled consumption, replacing a single undifferentiated building total with accountable datasets. The shared monitoring and action plan supported a 1.1 million kWh annual reduction, £63,000 saving and 416 tCO₂ reduction. [1]",1,Consolidate.xlsx,37
CASE-0037,INIT-0037,Secure rights and approval routes for environmental improvements in leased sites,1,Better Buildings Partnership York House Case,"Cross-sector: Landlord-occupier approval routes – York House
A formal Environmental Management Group gave landlord and occupier representatives a route to review performance, assign responsibilities and approve an annual Environmental Action Plan using shared 15-minute energy data. Coordinated building and operational changes contributed to 32% lower landlord-controlled energy and 9% lower occupier-controlled energy. [1]

Food & Beverage / Leased Site: Green lease rights – The Coffee House
At a 10-year lease renewal, the tenant and university landlord added utility-data sharing and provisions covering lighting, windows and HVAC so identified improvements could be approved and implemented. The supporting audit identified 12% electricity and 32% gas reduction potential with 2.9-year payback. [2]",2,Consolidate.xlsx,38
CASE-0038,INIT-0038,Enable renewable electricity procurement under lease and franchise arrangements,1,GreenPark / Energy & Carbon Management Hotel Operator Case,"Hotels: Renewable electricity procurement – UK national hotel operator
A national hotel operator moved 75% of electricity demand to certified renewable supply backed by REGOs, contributing to a 22% reduction in total energy consumption and an estimated £1.1 million annual saving. [1]

Hotels: 100% renewable electricity procurement – RIU Hotels Spain
A long-term contract supplies about 70 GWh per year of 100% renewable electricity to 27 hotels and more than 11,000 rooms, avoiding 30,000 tCO₂ per year. [2]",2,Consolidate.xlsx,39
CASE-0039,INIT-0039,"Agree landlord-tenant decarbonisation plans with actions, funding and accountability",1,Better Buildings Partnership York House Case,"Cross-sector: Funded landlord-tenant decarbonisation plan – York House
The landlord and occupier built a common evidence base through automatic 15-minute monitoring, formed an Environmental Management Group and assigned actions through an annual plan, enabling responsibilities and benefits to be split between the parties. The programme reduced annual energy by 1.1 million kWh, saving £63,000 and avoiding 416 tCO₂. [1]

Cross-sector: Green lease and funded refurbishment plan – Hollywood House
A green lease and memorandum of understanding allocated the scope of works, capital contributions, savings and payback responsibilities for a £3.2 million refurbishment, converting cooperation into a funded delivery plan. The completed works reduced energy by 45%, carbon by 55% and water use by 55%. [2]",2,Consolidate.xlsx,40
CASE-0040,INIT-0040,Set and monitor energy-performance standards for franchisees,1,U.S. DOE Wendy’s Franchisee Case,"QSR Franchise: Energy-performance standards – Wendy’s Carlisle LLC
Applying leading-edge HVAC and kitchen technologies reduced energy use by 21% across 159 restaurants; 47 franchisees representing 2,170 restaurants committed to a 20% reduction per transaction over 10 years. [1]

QSR Network: Green restaurant standards – McDonald’s China
Scaling LEED restaurant design standards across more than 5,000 certified locations by May 2026 standardised lower-impact materials and energy-efficient building systems across the network. [2]",2,Consolidate.xlsx,41
CASE-0041,INIT-0041,Complete an Energy Health Check,1,"Source: JRP Solutions, ESOS energy audit and compliance - BMI Healthcare case study (consultancy/supplier source, unofficial)","A scaled ESOS audit of six BMI Healthcare hospitals covering 94% of energy use identified 17,560 MWh of annual savings, 12.5% of consumption, worth £1.05m a year at an average payback of 2.2 years.",2,Consolidate.xlsx,42
CASE-0042,INIT-0042,Install battery storage (BESS),1,"Sources: edie.net, 'Premier Inn installs UK's first hotel-based energy storage unit', January 2019 (third-party trade press, unofficial - not a company disclosure)","Premier Inn Edinburgh Park installed a 200 kWh / 100 kW battery with E.ON at a 200-room hotel, charged from rooftop solar and discharging at least two hours daily, with E.ON operating it for grid-services revenue.",2,Consolidate.xlsx,43
CASE-0043,INIT-0043,Upgrade to LED lighting with optimised design and controls,1,"Source: SaveMoneyCutCarbon, Greene King distribution centre LED case study (installer/supplier source, unofficial)","Travelodge retrofitted LED across 388 UK hotels between 2017 and 2020, reported to save c.20.2 GWh a year (c.52 MWh per hotel); Greene King's Abingdon distribution centre retrofit saves nearly £15,000 a year.",2,Consolidate.xlsx,44
CASE-0044,INIT-0044,Install heat/energy recovery ventilation units,1,"Source: Whitbread PLC, 'First all-electric Premier Inn hotel powered entirely by renewables opens in Swindon', 16 October 2023 (official, first-party)","Whitbread's all-electric 195-bedroom Premier Inn Swindon uses mechanical ventilation with heat recovery alongside an air source heat pump, the standard for all new-builds from 2026; Fuller's recovers cellar-cooling waste heat for hot water at five sites.",3,Consolidate.xlsx,45
CASE-0045,INIT-0045,Deploy gas boiler additives,1,"Source: CIBSE Journal, 'The winning formula of CIBSE award-winner EndoTherm' (professional-institution journal, third-party editorial; carries the Energy Saving Trust / Atega matched-control trial)","Fuller's dosed its heating systems with the EndoTherm additive as part of a winter gas reduction programme, and Whitbread confirms additive use across its estate. Adoption is evidenced; neither discloses a measured saving.",2,Consolidate.xlsx,46
CASE-0046,INIT-0046,Install air or ground source heat pumps,1,"Sources: Whitbread PLC, Sustainability Report 2025/26, published 29 April 2026 (official, first-party, dated)","Whitbread replaces ageing gas boilers with air source heat pumps as refurbishment completes, reaching 2,300 low-carbon rooms by March 2026; Mitchells & Butlers took 24 sites fully off gas in FY2025, up from 5.",4,Consolidate.xlsx,47
CASE-0047,INIT-0047,Utilise cellar cooling across estates,1,"Source: Punch Pubs & Co, Sustainability: Planet (official, first-party)","Greene King installed 13,052 cellar and dispense control units, reported to save 22 million kWh in year one at c.14-month payback; Punch Pubs cut site energy 8-11% across 300+ pubs with the same class of controls.",3,Consolidate.xlsx,48
CASE-0048,INIT-0048,Replace gas-fired heating and catering equipment with electric alternatives,1,"Source: Mitchells & Butlers plc, Respect for the Planet, and Annual Report 2025 (official, first-party)","Mitchells & Butlers electrified 100 kitchens in FY2025 (from 60) and took 24 sites fully off gas (from 5); Whitbread defines a low-carbon room as no gas or LPG plus REGO-backed power, reaching 2,300 by March 2026.",6,Consolidate.xlsx,49
CASE-0049,INIT-0049,Invest in energy-efficiency and renewables infrastructure,1,"Source: The Morning Advertiser, 'Marston's installs solar at 120 pubs to secure energy prices', 12 May 2025 (trade press reporting a company announcement, third-party)","Marston's rolled out £5.4m of solar across 120 pubs financed by Atrato under a 25-year PPA at no capital cost, c.30,000 kWh per site; Whitbread invested £2.1m in hotel decarbonisation in 2025/26.",2,Consolidate.xlsx,50
CASE-0050,INIT-0050,"Upgrade building-fabric thermal performance (insulation, glazing, draught-proofing)",1,"Source: Post-evaluation on energy saving reconstruction for hotel buildings, a case study in Jiangsu, China - Energy and Buildings (peer-reviewed academic, independent; non-UK climate zone)","A Jiangsu hotel retrofit combining fabric, lighting and controls cut energy by over 25% at 2.55-year payback; Whitbread reports a 4.4-year payback on asset efficiency including plant room insulation, a narrower scope than whole-building fabric.",5,Consolidate.xlsx,51
CASE-0051,INIT-0051,Install smart sub-metering and a building management system (BMS),1,"Source: DECC (UK Department of Energy & Climate Change), 'Energy & Emissions Reduction: Case Studies', July 2012 (official, first-party UK government publication)",DECC's sub-metering plus an actively managed BMS at 3 Whitehall Place cut c.130 tCO2e a year for £116k at just over 5-year payback; Punch Pubs cut consumption 10-15% after installing 30-minute metering across 300+ pubs.,6,Consolidate.xlsx,52
CASE-0052,INIT-0052,Install on-site solar PV,1,"Source: The Morning Advertiser, 'Marston's installs solar at 120 pubs to secure energy prices', 12 May 2025 (trade press reporting a company announcement, third-party)","Marston's installed solar at 120 pubs for £5.4m financed by Atrato, c.30,000 kWh per site meeting 15-20% of pub demand and 600 tCO2e in year one; St Austell Brewery reports 40% on-site generation at Hare Brewery.",5,Consolidate.xlsx,53
CASE-0053,INIT-0053,Install voltage optimisation equipment,1,"Source: Whitbread PLC, Sustainability Report 2025/26, published 29 April 2026 (official, first-party, dated)","Whitbread reports voltage optimised across its c.840-hotel estate but publishes no saving, cost or coverage. The only measured result located is 7.52% and 40 tCO2e at Kinnertons, a food manufacturer, below the marketed 8-12% range.",2,Consolidate.xlsx,54
CASE-0054,INIT-0054,Procure renewable electricity via PPAs or green tariffs,1,Sources,"Marston's contracted £5.4m of on-site solar across 120 pubs with Atrato, buying 100% of rooftop output at a price fixed for 25 years; Whitbread's REGO-backed renewable partnership with EDF runs for three years.",4,Consolidate.xlsx,55
CASE-0055,INIT-0055,Enroll sites in demand-side response and flexibility schemes,1,"Source: NESO (National Energy System Operator, EMR Delivery Body), Capacity Market auction results (official, first-party auctioneer)",No UK hospitality operator has disclosed participation or revenue. NESO's T-1 auction for 2026/27 cleared at £5.00/kW/yr with 25% of capacity going to demand-side response — roughly £500 a year for 100 kW before aggregator fees.,2,Consolidate.xlsx,56
CASE-0056,INIT-0056,Run staff energy-engagement programmes,1,"Source: Fuller, Smith & Turner P.L.C., Journey to Net Zero (official, first-party company website; confirmed live August 2026)","Punch Pubs sets a night-time baseload incentive target of as little as 2 kWh per hour, verifiable through its 30-minute metering; Fuller's built an in-house manager tool and training programme but discloses no measured saving.",2,Consolidate.xlsx,57
CASE-0057,INIT-0057,Optimise heating controls,1,"Source: Stonegate Group, FY25 circular economy and sustainability release (official, first-party; confirmed live August 2026)","Stonegate reports energy down 18% since 2023 across c.4,000 pubs, attributed substantially to optimisation and smart controls rather than plant replacement; Whitbread validates control changes against live smart-meter data under ISO 50001.",3,Consolidate.xlsx,58
CASE-0058,INIT-0058,Improve building EPC ratings to B or above,1,"Source: Punch Pubs & Co, Sustainability: Planet (official, first-party; confirmed live August 2026, claims verified against page text)","Punch Pubs reports 87.5% of its England and Wales pubs already at EPC C, targeting all by end-2026 — the only estate-wide figure located; Whitbread achieved EPC A at 47 of 62 hotels opened since 2020, all new build or major conversion.",2,Consolidate.xlsx,59
CASE-0059,INIT-0059,Connect sites to low-carbon heat networks or solar thermal,1,"Sources: DESNZ, 'Heat Network Zoning: government response to the 2023 consultation', January 2026 (official, first-party; two SIs anticipated Spring 2026, developer-triggered connection requirement, 100 MWh equivalent to a medium-large office block, 7% of England heat demand / 27 TWh by 2035)",No UK hospitality operator case study located. DESNZ heat network zoning in England may require connection of non-domestic buildings above 100 MWh annual heat demand within designated zones; Ofgem began regulating heat networks on 27 January 2026.,6,Consolidate.xlsx,60
CASE-0060,INIT-0060,Procure certified green gas or biomethane,1,"Sources: Green Gas Certification Scheme, Certificates and Additionality pages (scheme operator - authoritative primary source for UK green gas certification, certificate prices and the Production Support label)","No UK hospitality operator discloses green gas or biomethane procurement. The Green Gas Certification Scheme reports most certificates transacting at £5/MWh and above, with 4.2 TWh retired in 2025 across 130 biomethane plants.",10,Consolidate.xlsx,61
CASE-0061,INIT-0061,Certify sites to ISO 50001 energy management,1,"Source: Whitbread PLC, Sustainability Report 2025/26, published 29 April 2026 (official, first-party, dated)",Whitbread certified its German operations to ISO 50001 in 2025/26 via a support centre plus a representative sample of seven hotels — a scoping precedent for multi-site estates. A US DOE study of nine certified facilities found 1.7-year payback.,4,Consolidate.xlsx,62
CASE-0062,INIT-0062,Install power factor correction,1,"Sources: BEAMA, 'Guide to Power Factor Correction' (trade association primary)","COVERAGE IS EVIDENCED ONLY BY A SUPPLIER, AT ONE SITE — NO OPERATOR PUBLISHES ITS POWER FACTOR PERFORMANCE. One UK hotel site is documented with correction installed and metered, within a supplier-described 800-location estate. Operator sustainability/ESG reporting discloses no power factor achieved, kVAr installed, coverage or reactive charges removed across pubs, hotels, restaurants, QSR, contract catering or leisure: installation is evidenced, estate-level performance is not.

BEAMA GUIDANCE (trade association, UK electrical infrastructure manufacturers)
BEAMA's Guide to Power Factor Correction gives three benefit routes: cutting maximum demand (kVA), which lowers demand and availability charges on a maximum-demand tariff; cutting current in cables and equipment, reducing voltage drop and copper (I2R) losses and so kWh; and allowing lower-rated equipment on new or upgraded supplies. Worked example: 240 kVAr gives a 326A per phase current reduction. Beneficiary: operators with inductive loads such as motors, including air conditioning compressors, on tariffs with an authorised supply capacity charge and a reactive penalty.
Sources: BEAMA 'Guide to PFC': https://www.beama.org.uk/static/uploaded/080037a7-4dd8-4776-a6a5abb0988269ba.pdf | BEAMA 'PFC': https://www.beama.org.uk/static/uploaded/efbbfc81-0d8f-4947-9bde5b5a3366d1b4.pdf

CHARGING MECHANISM — INDEPENDENT GUIDANCE
Poor power factor raises DUoS and capacity charges; correction supplies reactive power locally rather than across the network, cutting DUoS charges, releasing capacity to surrender for a lower capacity charge or to serve new load without a DNO increase, and reducing loading, losses, voltage drop and loss-related carbon. UK tariff thresholds sit typically around 0.95, some suppliers penalising from 0.90-0.92.
Source: Energy Advice Hub (independent): https://energyadvicehub.org/carbon-reduction-glossary/power-factor-correction/

WHY HOSPITALITY QUALIFIES: cellar cooling, refrigeration compressors, kitchen extract and air handling fans, lifts and HVAC are inductive motor loads. Member reactive-charge exposure is NOT evidenced and is the member ask.

THE ONLY HOSPITALITY DATAPOINT IS SUPPLIER-AUTHORED; THE QUOTED-VS-ACHIEVED SPREAD IS THE PART WORTH READING: one 24/7 UK hotel site reports 11.2% total electricity reduction vs 7% quoted, 32,954 kWh vs 20,957 kWh, GBP 7,579.47 saved annually vs GBP 4,820, and 6.4-month payback vs 10.1 months. High demand from HVAC, kitchen equipment, refrigeration, lifts and lighting, with onsite solar PV complicating the baseline; the supplier cites 8.5% savings in non-solar hours as evidence it was not a solar artefact. Estate-wide projection claims 26.3m kWh, GBP 6.0m and 5,600 tCO2 annually.
Source: Emissis, 'Case Study - National Hotel Chain (U.K.)', Dec 2025 (SUPPLIER MARKETING, operator anonymous): https://emissis.com/wp-content/uploads/2025/12/New-CASE-STUDY-National-Hotel-Chain-U.K.-Final.pdf",4,Consolidate.xlsx,63
CASE-0063,INIT-0063,Build to BREEAM 'Very Good' or above,1,"Sources: Whitbread PLC, Sustainability Report 2025/26, published 29 April 2026 (official, first-party, dated - current vintage)","BREEAM attainment across a new-build programme - Whitbread

Reports that of the 62 hotels opened in the UK and Ireland since 2020, 49 were certified to a BREEAM rating of Very Good or higher, including ten rated Excellent and one rated Outstanding, with one new-build certified Excellent and another Very Good in 2025/26, and fifteen newly built hotels certified under sustainable building standards including BREEAM, LEED or DGNB since 2020; BREEAM Excellent has been targeted for all future UK and Ireland developments since 2022. A separate design-stage decision on one London scheme - lowering an existing slab rather than breaking out a concrete deck - avoided an estimated 650 tCO2e of embodied carbon. QUOTE THE ATTAINMENT RATE, NOT THE COUNT:  prior reporting measured a different population (127 hotels since 2018, 78% achieving Very Good or above) against 49 of 62 since 2020, or 79%. The counts are not a time series, but the rate is stable across both - which is the real finding.

Sources:  Whitbread PLC, Sustainability Report 2025/26, published 29 April 2026 (official, first-party, dated - current vintage): https://cdn.whitbread.co.uk/media/2026/05/Whitbread-PLC-Sustainability-Report-2025_26.pdf

Whitbread PLC, ESG Report 2024/25 (official, first-party - superseded for BREEAM counts, retained only for the restatement comparison): https://cdn.whitbread.co.uk/media/2025/05/Whitbread-PLC-Environmental-Social-and-Governance-Report-2024-25.pdf

BRE / BREEAM, 'Delivering Sustainable Buildings: Savings and Payback - Office Case Study for BREEAM UK New Construction 2018', Christopher Ward (BRE) and Adam Mactavish (Currie & Brown), (c) BRE Global Ltd 2020 (scheme owner primary, first-party): https://files.bregroup.com/breeam/briefingpapers/Delivering-Sustainable-Buildings-Savings-and-Payback-Office-Case-Study-BREEAM-NC-2018_BREEAM_BRE_115359_BriefingPaper.pdf

BRE / BREEAM, 'Briefing Paper: The Value of BREEAM', November 2016 (scheme owner primary): https://files.bregroup.com/breeam/briefingpapers/BREEAM-Briefing-Paper----The-Value-of-BREEAM--November-2016----123864.pdf

Faithful+Gould, 'BREEAM: why we need to change our perception of what it costs' (cost consultancy, third-party professional view): https://www.fgould.com/worldwide/articles/breeam-why-we-need-change-our-perception/

Designing Buildings, 'BREEAM value increases while costs reduce' (industry wiki summarising BRE and third-party research; source of the 2005 7% figure, the DLA Piper finding and the green bond): https://www.designingbuildings.co.uk/wiki/BREEAM_value_increases_while_costs_reduce

BRE with Currie & Brown - cost research conducted by scheme owner

Modelled a speculative five-storey town or city centre office across four certification scenarios and found that for both 'Very Good' scenarios the BREEAM-related capital cost uplift over the baseline building's overall construction cost was less than 0.25%, and for both 'Excellent' scenarios less than 0.75%, with the update from the 2014 to the 2018 scheme having very little impact on additional capital costs. On a GBP 1m refurbishment, 'Very Good' is therefore under GBP 2,500. CITE IT CORRECTLY: the scheme version is 2018 but the paper was published in 2020, and the cost model is an OFFICE, not a hospitality asset.

Source: Level Workspace, UK green certification comparison (third-party commercial site aggregating cited research - verify individual studies before external quotation): https://www.levelworkspace.com/post/green-building-certifications-uk-guide

QSR - McDonald's UK, Market Drayton: certified to a net zero carbon buildings framework and built as a replicable blueprint
Designed a new-build restaurant to net zero emissions standard in both construction and everyday operation, certified against the UK Green Building Council Net Zero Carbon Buildings Framework for construction (modules A1-A5) and operational energy (module B6), using over 250 sqm of recycled materials including cladding made from recycled white goods and IT equipment, British sheep's wool insulation and a patio surface made from recycled tyres, with on-site solar panels and two wind turbines generating renewable power for use on site; McDonald's calculates that rolling out the Market Drayton learnings to a standard restaurant superstructure could save 15% in construction emissions, has since opened further net zero restaurants at Louth (2022) and Lowestoft (2023), and has set a target of net zero emissions for all 1,400 UK restaurants and offices by 2030. The transferable insight for a multi-site operator is the deliberate design intent: the building retains the standard brand look and feel specifically so it can be replicated as a standard specification rather than remaining a flagship.

CAVEAT: the certification covers the BUILDING - construction and operational energy - and does not cover emissions associated with the food served. It is a building-standard exemplar, not a whole-business net zero claim.

Sources: McDonald's UK, 'Market Drayton' - Our Plan for Change (official, first-party): https://www.mcdonalds.com/gb/en-gb/our-plan-for-change/great-restaurants/market-drayton.html

McDonald's UK, 'UK Net Zero Carbon' newsroom release, 10 December 2021 (official, first-party): https://www.mcdonalds.com/gb/en-gb/newsroom/article/uk_net_zero_carbon.html",9,Consolidate.xlsx,64
CASE-0064,INIT-0064,Allocate responsibility at Board level,1,ScienceDirect – Journal of Accounting & Economics,"Board Risk Oversight – International Study. Research covering 377 publicly traded firms across 33 countries found that companies with more extensive Board risk oversight were more likely to establish environmental and social accountability, set environmental targets, implement environmental policies and issue E&S reports. Greater Board risk oversight was also associated with lower monetised environmental costs, providing evidence of an association between active Board oversight and stronger environmental governance and performance.",1,Consolidate.xlsx,65
CASE-0065,INIT-0065,Appoint a sustainability lead or assign executive responsibility for sustainability,1,ScienceDirect – Journal of Environmental Management,"Executive Sustainability Leadership – Empirical Evidence. A 2026 Journal of Environmental Management study examining 1,259 European firms found that substantively empowered Chief Sustainability Officer appointments improved corporate environmental performance, whereas symbolic appointments produced no environmental-performance gains and were associated with increased greenwashing. This indicates that executive sustainability leadership is most effective when accompanied by genuine authority and organisational influence. Corporate examples: Cargill appointed Pilar Cruz as Chief Sustainability Officer in 2021 and subsequently reported exceeding its 2025 operational emissions-reduction target. Mastercard, under executive-level sustainability leadership, reported a 40% reduction in Scope 3 emissions against its 2016 baseline while continuing to grow its business. These corporate examples demonstrate implementation and subsequent performance rather than establishing that executive appointments alone caused the reductions.",2,Consolidate.xlsx,66
CASE-0066,INIT-0066,Establish a Sustainability Committee,1,Wiley – Business Strategy and the Environment,"Sustainability Committees and Carbon Performance – International Study. Research examining 305 listed companies in France, Germany, the UK and Japan between 2015 and 2021 found that the presence of a sustainability committee was significantly associated with lower Scope 1 carbon-emissions intensity. Additional analysis found significant associations with lower Scope 1 and Scope 2 emissions in low-carbon sectors.",1,Consolidate.xlsx,67
CASE-0067,INIT-0067,Link executive remuneration to sustainability and climate performance,1,Marks & Spencer – Plan A,"M&S – Plan A. Marks & Spencer incorporated sustainability into executive incentives, with every Executive Director having part of their bonus linked to Plan A delivery. M&S also reported approximately £160 million of annual net business benefit from Plan A in 2014/15. The case demonstrates integration of sustainability into executive remuneration, although the financial benefit cannot be attributed specifically to the incentive mechanism.",1,Consolidate.xlsx,68
CASE-0068,INIT-0068,Engage your shareholders around climate risks and opportunities,1,SSE – Enhancing Climate Engagement with Shareholders,"Shareholder Climate Engagement – SSE. SSE worked closely with Climate Action 100+ during 2020/21 and subsequently put its proposal to become Net Zero across Scope 1, 2 and 3 emissions by 2050 or sooner to shareholders. The resolution received 99.96% support at its 2021 AGM. SSE subsequently established a framework enabling shareholders to regularly consider and provide advisory approval of its Net Zero Transition Report.",1,Consolidate.xlsx,69
CASE-0069,INIT-0069,Regularly review sustainability performance at senior management and Board level.,1,Hilton – Environmental and Social Impact,"Hilton – LightStay Performance Management Example. Hilton uses LightStay as a brand-standard system through which hotels measure and monitor environmental performance, including energy, carbon, water and waste. Hilton reported more than US$1 billion in cumulative utility savings and a 44% reduction in carbon-emissions intensity following implementation of LightStay. This supports the value of systematic measurement and performance monitoring rather than establishing that Board review itself caused the results.",1,Consolidate.xlsx,70
CASE-0070,INIT-0070,Develop a sustainability strategy informed by a double materiality assessment.,1,"The Accounting Review – Khan, Serafeim & Yoon.","Material Sustainability Issues – Empirical Evidence. A peer-reviewed study found that firms with strong performance on financially material sustainability issues significantly outperformed firms with poor performance on those issues, whereas strong performance on immaterial sustainability issues did not produce the same result. This supports focusing sustainability strategy and resources on material issues, although the study specifically assesses financial materiality rather than double materiality.",1,Consolidate.xlsx,71
CASE-0071,INIT-0071,Calculate your baseline GHG footprint.,1,,"Hilton – LightStay. Hilton introduced LightStay to systematically measure and manage energy, carbon, water and waste performance across its hotel portfolio. Hilton reported a 44% reduction in carbon-emissions intensity and more than US$1bn in cumulative utility-cost savings following LightStay's introduction. This illustrates how systematic environmental measurement and monitoring can support performance management and efficiency identification, rather than proving that baseline measurement alone caused these outcomes.",0,Consolidate.xlsx,72
CASE-0072,INIT-0072,Use the TCFD framework to review and disclose your climate-related risks and opportunities.,1,Accounting for Sustainability – SSE TCFD Implementation.,"SSE – TCFD Implementation. SSE implemented the TCFD recommendations through activities including climate scenario analysis, quantification of climate-related risks and opportunities, and enhancement of governance and management of climate issues. The example demonstrates how TCFD analysis can be incorporated into organisational climate-risk management and strategic decision-making.",1,Consolidate.xlsx,73
CASE-0073,INIT-0073,Develop a Net Zero Strategy.,1,Whistl ESG Annual Report 2023.,"Whistl – Net Zero Route Map. Whistl developed a data-driven decarbonisation strategy using its baseline carbon footprint, stakeholder engagement, assessment of relevant external drivers, science-based Net Zero target modelling, and development of KPIs and milestones. The resulting route map includes near-term reductions and a commitment to achieve Net Zero across Scope 1, 2 and 3 emissions by 2045.",1,Consolidate.xlsx,74
CASE-0074,INIT-0074,Set a Net Zero target.,1,M&S ESG Report 2025.,M&S – Net Zero and Interim Targets. M&S has an ambition to become Net Zero across its value chain by 2040 and has established interim science-based targets. Its 2025 ESG Report states a target to reduce absolute Scope 1 and 2 emissions by 55% by FY2030 from a FY2017 baseline and reports a 33% reduction against that baseline for the reported period. This demonstrates the use of a long-term Net Zero ambition supported by measurable interim targets and progress reporting; it does not establish that target-setting alone caused the emissions reduction.,1,Consolidate.xlsx,75
CASE-0075,INIT-0075,Validate targets through SBTi.,1,,"SBTi Business Impact Research. SBTi surveyed 171 companies with validated targets alongside a review of 22 studies. 91% reported an overall positive business impact, 80% improved strategic cohesion and long-term vision, 80% strengthened investor relations, 95% enhanced reputation and 86% reported accelerated decarbonisation. This directly supports the value of establishing independently validated science-based targets.",1,Consolidate.xlsx,76
CASE-0076,INIT-0076,Integrate sustainability objectives and KPIs into business planning.,1,,"M&S – Plan A Integration. M&S reports that Plan A was integrated throughout the business, with every part of the business engaged and Executive Directors having part of their bonus linked to Plan A delivery. M&S reported £160m of net business benefit in 2014/15 from Plan A. This provides a practical example of sustainability being embedded across business operations, although the £160m benefit should not be attributed solely to the planning/integration mechanism.",1,Consolidate.xlsx,77
CASE-0077,INIT-0077,Develop a long-term decarbonisation funding plan.,1,,"British Land – Transition Vehicle. British Land established a Transition Vehicle specifically to provide ring-fenced funding for retrofitting its standing portfolio, R&D and other Net Zero measures. It was initially funded through an internal carbon levy of £60/tCO₂e of embodied carbon on new developments. British Land subsequently reported £31.1m total funding in the vehicle and £9.6m committed to carbon-efficient interventions. This is direct evidence of a structured long-term mechanism for financing decarbonisation.",1,Consolidate.xlsx,78
CASE-0078,INIT-0078,"Explore external grants, funding and incentives.",1,,"University of West London – Public Sector Decarbonisation Scheme. UWL secured £5.1m of PSDS funding to support retrofit projects across four sites, including ground- and air-source heat pumps, photovoltaic technologies, BMS optimisation and lighting upgrades. The programme reports 529 tCO₂ saved per year and 29% overall energy savings. UWL stated that the availability of external funding enabled it to deliver the energy-saving works. This directly demonstrates how external funding can unlock and accelerate decarbonisation investment.",1,Consolidate.xlsx,79
CASE-0079,INIT-0079,Develop a carbon removals strategy and quality criteria.,1,,SBTi Corporate Net-Zero Standard – Neutralisation Principle. SBTi requires companies pursuing Net Zero to achieve deep emissions reductions and then neutralise residual emissions through permanent carbon removals and storage. SBTi explicitly treats removals as a mechanism for residual emissions rather than a substitute for the emissions reductions required by long-term science-based targets. This directly supports establishing clear rules and quality criteria for the role of removals in a credible Net Zero strategy.,1,Consolidate.xlsx,80
CASE-0080,INIT-0080,Involve your guests in sustainability initiatives- offer discounts for opting out of daily cleaning of the room-- ask them to give feedback on your activities,1,,"Direct experimental evidence: A large field experiment covering 21,000 observations across seven hotels found that improved guest messaging increased towel reuse by 6.8% and bed-linen reuse by 1.2% compared with existing messaging. Other hotel experiments found that sustainability messages increased towel reuse relative to no-message controls. Practical example: Hotel Monaco Washington DC implemented a $5 dining credit for guests opting out of resource-intensive housekeeping services. Research also confirms that towel/linen reuse programmes reduce hotel water consumption and laundering costs.",2,Consolidate.xlsx,81
CASE-0081,INIT-0081,"Provide sustainability training for your leadership team, operations and functional central support teams.",1,,"Environmental Training – Hospitality Evidence. A study of 301 hotel employees found that environmental training significantly improved employees' in-role green performance, both directly and through increased environmental commitment. A separate study of 260 healthcare professionals found that green training increased voluntary pro-environmental behaviour and job satisfaction. This directly supports providing sustainability training as a means of improving employee environmental behaviour and capability.",2,Consolidate.xlsx,82
CASE-0082,INIT-0082,Offer a sustainable pension to employees (Ideally make it the default choice),1,,"Smart Pension – Sustainable Default Fund. Smart Pension's default growth fund, used by the large majority of its members, was moved to funds promoting ESG characteristics. Smart reported that the fund achieved a 50% reduction in financed emissions, more than two years ahead of its original target, and has a target to reach Net Zero by 2040. This directly demonstrates that sustainability can be incorporated into a workplace pension default investment strategy and that the financed-emissions intensity of that default can be materially reduced.",2,Consolidate.xlsx,83
CASE-0083,INIT-0083,Understand employee sustainability expectations and strengthen engagement,1,,"Employee Environmental Engagement – Empirical Evidence. A matched employee/supervisor study involving approximately 350 employees and 59 managers found that employee environmental sustainability engagement had a significant positive relationship with environmental performance. Separately, a quasi-experimental field study found that peer communication significantly increased employees' awareness, pride and participation in company environmental programmes compared with control groups. Together, these directly support actively understanding, communicating with and involving employees in sustainability.",2,Consolidate.xlsx,84
CASE-0084,INIT-0084,Embed sustainability into employee roles and responsibilities,1,,Green Performance Management – Empirical Evidence. A 2026 study covering 92 manufacturing firms and 242 senior/mid-ranking executives examined green performance management alongside other Green HRM practices and its relationship with firm environmental performance through employee green behaviour. Broader hospitality research also finds that performance management contributes to environmental performance through employees' environmental citizenship behaviour. This provides more direct evidence than the M&S example that formalising environmental expectations within employee performance systems can support environmental outcomes.,2,Consolidate.xlsx,85
CASE-0085,INIT-0085,Recognizing and rewarding employees for their contributions to sustainability efforts can boost morale and motivation,1,,Environmental KPI and Employee Reward Case Study. A 2024 Ecological Indicators study examined an Italian food company that created approximately 70 environmental KPIs and directly linked them to rewards for managers and employees through management-by-objectives. This demonstrates a practical method for linking measurable environmental performance to employee recognition and rewards. Research on green compensation further argues that rewards are more effective when they explicitly recognise environmental contribution and incorporate both environmental outcomes and the process used to achieve them.,2,Consolidate.xlsx,86
CASE-0086,INIT-0086,Develop and maintain a Climate Transition Plan.,1,UK Government – Climate-related Transition Plan Requirements: Benefits of Transition Planning / Frontiers – Do Credible Climate Transition Plans Matter for Carbon Performance?,"UK Government – Business Benefits of Transition Planning. The UK Government's review of evidence on climate-transition-plan requirements concludes that transition planning can deliver significant benefits to companies, including supporting firm-level emissions reductions, increasing competitiveness and reducing the cost of debt. It cites research finding that 65% of executives believe achieving their transition targets would make their company more or much more competitive. Separately, a 2026 study of 239 Fortune Global 500 non-financial firms, covering 1,126 firm-year observations, found that greater Climate Transition Plan credibility was significantly associated with better subsequent carbon performance. Together, the evidence supports both the business rationale and environmental value of developing a credible transition plan, although the carbon-performance relationship should be interpreted as an association rather than definitive causation.",2,Consolidate.xlsx,87
CASE-0087,INIT-0087,"Disclose climate-related information using recognised reporting frameworks (e.g. UK SRS, IFRS S2 and TCFD).",1,,"Climate Disclosure and Financial Performance – Empirical Evidence. A 2024 study of publicly listed companies found that greater transparency in carbon-emissions disclosure significantly lowered firms' implied cost of capital, with improved stock liquidity identified as an important mechanism. A separate 2025 international study covering 134 firms found that greater climate-change disclosure was associated with lower cost of capital and higher firm value. More recent research examining TCFD-aligned disclosure specifically found that quantitative climate disclosures were associated with significantly greater improvements in profitability and market valuation and lower financing costs than qualitative disclosures, with particularly strong benefits in industries where climate risk is financially material. Together, these studies provide evidence that meaningful and decision-useful climate disclosure can produce financial benefits for firms rather than serving solely as a compliance exercise.",1,Consolidate.xlsx,88
CASE-0088,INIT-0088,"Ensure compliance with applicable environmental legislation and reporting requirements (e.g. SECR, ESOS, Simpler Recycling, EPR and the Green Claims Code, where applicable).",1,,"UK Government environmental reporting guidance provides a structured basis for measuring and reporting environmental impacts. Use the official guidance as the methodological benchmark, then maintain a client-specific register covering all applicable obligations, evidence, owners and due dates.",1,Consolidate.xlsx,89
CASE-0089,INIT-0089,Implement an Environmental Management System (e.g. ISO 14001).,1,,"ISO 14001 provides the recognised environmental-management-system benchmark for identifying significant impacts, setting objectives, operating controls, auditing performance and driving continual improvement. Certification should validate the management system rather than be treated as a standalone performance outcome.",1,Consolidate.xlsx,90
CASE-0090,INIT-0090,"Pursue recognised sustainability certifications and voluntary commitments (e.g. Green Key, Green Tourism, B Corp, Race to Zero or The Climate Pledge)",1,,"Green Key provides an official criteria and application framework for hospitality sustainability certification. Use the scheme's audit and evidence requirements as the benchmark, while measuring the client's actual commercial and environmental outcomes separately.",2,Consolidate.xlsx,91
CASE-0091,INIT-0091,Establish a Management Information System to Track Sustainability KPIs Monthly,1,,"The GHG Protocol Corporate Standard provides a recognised structure for consistent greenhouse-gas accounting and inventory management. Use its accounting principles as the carbon-data foundation within the monthly MIS, supplemented by client controls for other sustainability KPIs.",1,Consolidate.xlsx,92
CASE-0092,INIT-0092,Reduce the volume and impact of packaging materials used.,1,,"Packaging Reduction Programme – Nestlé Nestlé reduced the weight of its total product packaging by 200,000 tonnes in 2022 and removed 14 billion packaging pieces, contributing to an estimated 280,000-tonne reduction in greenhouse gas emissions from packaging changes.",1,Consolidate.xlsx,93
CASE-0093,INIT-0093,Collaborate with suppliers to reduce packaging impacts across the supply chain,1,,"Supplier Packaging Collaboration – Tesco                                                      Tesco engaged 1,500 suppliers through its 4Rs approach to remove unnecessary packaging and difficult-to-recycle materials, resulting in one billion pieces of plastic being removed, a 3,480-tonne reduction in its annual packaging footprint, and more than 11,000 tonnes of difficult-to-recycle materials being eliminated.",1,Consolidate.xlsx,94
CASE-0094,INIT-0094,Use dispense or refill systems for drinks rather than single-use packaging,1,,"Refillable Wine System – Top Cuvée                                                                       Top Cuvée introduced a refillable wine system using kegged wine and reusable bottles at its London venues, generating approximately £29,000 in refillable wine sales over six months while avoiding more than 1,000 single-use wine bottles.",1,Consolidate.xlsx,95
CASE-0095,INIT-0095,Undertake life cycle assessment (LCA) of packaging to understand its full environmental impact,1,,"LCA-Informed Packaging Redesign – Household Appliance                                                                                                                                                                                                                             Researchers used Life Cycle Assessment to identify environmental hotspots and redesign packaging for a household appliance, resulting in an average reduction of approximately 30% across the assessed environmental impact categories, including a 68% reduction in land use and a 37% reduction in terrestrial ecotoxicity.",1,Consolidate.xlsx,96
CASE-0096,INIT-0096,Eliminate single-use plastic items from operations,1,,"Elimination of Bathroom Miniatures – IHG Hotels & Resorts                                                                                                         IHG committed to replacing bathroom miniatures with bulk-size amenities across more than 5,600 hotels and nearly 843,000 guest rooms, which was expected to eliminate approximately 200 million bathroom miniatures from use each year.",1,Consolidate.xlsx,97
CASE-0097,INIT-0097,Increase recycled content in packaging materials,1,,"Recycled Content in Bread Bags – Kingsmill                                                            Kingsmill introduced 30% post-consumer recycled content into selected bread bags through the UK Plastics Pact, removing the equivalent of more than two million virgin plastic bags from its supply chain since August 2021.",1,Consolidate.xlsx,98
CASE-0098,INIT-0098,Evaluate equipment purchases based on full life-cycle cost and environmental impact,1,,"Life-Cycle Approach to Catering Equipment – Carbon Trust The Carbon Trust identified that taking a more strategic approach to catering operations, including equipment selection and use, could reduce energy consumption by more than 30%, equivalent to more than £250 million in annual energy-cost savings and more than one million tonnes of carbon annually across the UK catering sector.",1,Consolidate.xlsx,99
CASE-0099,INIT-0099,Shift from equipment ownership to service or leasing models,1,,"Light as a Service – Schiphol Airport Schiphol Airport adopted a Light as a Service model for Lounge 2, paying for the light used while Philips retained ownership of 3,700 lighting fixtures and responsibility for their performance, durability and end-of-life reuse or recycling. The new LED system reduced electricity consumption by 50% compared with conventional lighting, while the redesigned fixtures were expected to last 75% longer.",1,Consolidate.xlsx,100
CASE-0100,INIT-0100,"Prioritise reused, refurbished and responsibly sourced furniture and fittings",1,,"Furniture Reuse and Refurbishment – Crown Workspace Crown Workspace refurbished and remanufactured more than 125,000 desks, chairs and other furniture items, diverting more than 2,800 tonnes of furniture into reuse and avoiding more than 7,100 tCO₂e compared with disposal and replacement with new furniture.",1,Consolidate.xlsx,101
CASE-0101,INIT-0101,"Extend equipment life and manage WEEE through repair, refurbishment, reuse and responsible recycling",1,,"Circular Technology Procurement – Defra Defra reported that refurbished and remanufactured technology devices can cost up to 40% less than new equivalents and deliver an estimated 44% reduction in carbon emissions compared with buying new, demonstrating the financial and carbon benefits of extending equipment life.",1,Consolidate.xlsx,102
CASE-0102,INIT-0102,Set responsible sourcing standards for packaging procurement,1,,"Responsible Paper and Packaging Sourcing – FSC FSC certification enables businesses to source paper and packaging from responsibly managed forests and/or recycled sources, while chain-of-custody certification provides traceability through the supply chain and evidence to support responsible sourcing requirements.",1,Consolidate.xlsx,103
CASE-0103,INIT-0103,Procure lower-impact staff uniforms and operational textiles,1,,"Lower-Impact Staff Uniforms – Hilton London Metropole Hilton London Metropole introduced staff uniforms made from organic and recycled materials, including recycled polyester produced from post-consumer plastics. The recycled polyester fabric was reported to use more than 50% less energy and around one-third less CO₂ than conventional PET production.",1,Consolidate.xlsx,104
CASE-0104,INIT-0104,Procure environmentally preferable cleaning products,1,,"EU Ecolabel Cleaning Products – European Commission EU Ecolabel criteria for cleaning products address environmental impacts including hazardous substances, sustainably sourced raw materials, packaging and fitness for use, providing businesses with a recognised framework for identifying lower-impact cleaning products while maintaining cleaning performance.",1,Consolidate.xlsx,105
CASE-0105,INIT-0105,Reduce office paper use and office consumables,1,,"Print Reduction Programme – Leeds City Council Leeds City Council rationalised its printer fleet and introduced more efficient print management, reducing print volume by 25% in the first year, avoiding 12,565,709 A4 sheets of paper and delivering approximately £61,570 in financial savings.",1,Consolidate.xlsx,106
CASE-0106,INIT-0106,Measure and reduce emissions from purchased goods and services,1,,"Supply Chain Emissions Programme – Tesco Tesco engages suppliers through its Supplier Network and requires major suppliers to report emissions data and establish climate targets, using supplier engagement to address emissions across its value chain and support progress towards its Scope 3 reduction targets.",1,Consolidate.xlsx,107
CASE-0107,INIT-0107,Adopt recognised certifications for key categories,1,,"Whitbread / Premier Inn: Premier Inn became the world’s largest MSC-certified hotel chain, with 635 locations certified and an additional 3 million portions of certified sustainable fish and chips expected to be served across the UK.",1,Consolidate.xlsx,108
CASE-0108,INIT-0108,Set targets to increase local/regional and seasonal sourcing to reduce transport emissions and support UK producers,1,,"Greene King: Working with Fresh Direct, Greene King committed to removing airfreighted fresh fruit and vegetables from menus across 1,600 managed pubs from Autumn/Winter 2025. Its fresh-produce purchasing exceeds 9 million kg annually.",1,Consolidate.xlsx,109
CASE-0109,INIT-0109,Pilot new sourcing models with innovative/smaller suppliers to diversify supply and de-risk from commodity volatility,1,,"Foodbuy Group: Its Pitch Social programme gives SMEs and purpose-led suppliers access to its foodservice procurement network. The 2026 event involved 18 suppliers and 100+ attendees, while Foodbuy reported cumulative spend with social enterprises had reached £25 million.",1,Consolidate.xlsx,110
CASE-0110,INIT-0110,Proportion of plant-based dishes on the menu,1,,"Levy UK & Ireland: Levy reports that 86% of dessert items are plant-based, with more than 60% of venues offering fully plant-based dessert menus. Procurement mass of plant-based milk and cream increased 414% between FY2019 and FY2024.",1,Consolidate.xlsx,111
CASE-0111,INIT-0111,Procure items sourced from ingredients grown using regenerative practices,1,,"Shake Shack UK: Shake Shack introduced Wildfarmed regenerative flour into potato buns across all UK locations. After one year it reported using 35 tonnes of regenerative flour, with 25% regenerative flour in every potato bun.",1,Consolidate.xlsx,112
CASE-0112,INIT-0112,Design the menu to highlight and nudge customers toward lower-carbon choices,1,,WRI UK food-service research: Changing the description of “Chickpea and Potato Curry” to “Mild and Sweet Chickpea and Potato Curry” increased stated ordering by 108%. WRI also cites research where flavour-focused descriptions increased selection by 41% compared with health-focused labels.,1,Consolidate.xlsx,113
CASE-0113,INIT-0113,Swap high-impact ingredients for lower-impact equivalents where they don't compromise the dish,1,,"Levy: Levy introduced its 50:50 beef-and-mushroom burger. Between FY2019 and FY2024, emissions associated with its beef-burger portfolio fell 71.5%. Levy also reports a plant-based panna cotta at QEII Centre producing 43% less CO2e per serving than its dairy version.",1,Consolidate.xlsx,114
CASE-0114,INIT-0114,Use nose-to-tail cooking to reduce waste from higher-impact proteins,1,,"MGM COTAI: Using food-waste data and improved butchery practices, MGM achieved a 66% reduction in butchery trimming waste by weight. Its kitchens also repurpose edible animal-protein offcuts.",1,Consolidate.xlsx,115
CASE-0115,INIT-0115,Adjust portion sizes and prep quantities based on waste data,1,,"Lisbon Marriott Hotel: After using food-waste data to change preparation and presentation, the hotel reduced food waste as a percentage of sales by 50% in nine months, generating approximately €31,000 annualised food-cost savings, avoiding 16.9 tonnes CO2e and saving the equivalent of 10,000 meals per year.",1,Consolidate.xlsx,116
CASE-0116,INIT-0116,Undertake a comprehensive review of emissions and sustainability risk across the supply chain (baseline assessment),1,,Whitbread applies an inherent risk assessment to 100% of suppliers before conducting more detailed assessment of higher-risk suppliers. Its responsible-sourcing approach demonstrates how a large hospitality operator can systematically screen its supply chain and prioritise higher-risk areas.,1,Consolidate.xlsx,117
CASE-0117,INIT-0117,Set a Scope 3 emissions reduction target (e.g. aligned to SBTi),1,,SBTi requires companies whose Scope 3 emissions exceed the relevant threshold to set Scope 3 targets; supplier-engagement and/or reduction targets should collectively cover at least 67% of total Scope 3 emissions under current criteria.,1,Consolidate.xlsx,118
CASE-0118,INIT-0118,"Establish a sustainable procurement policy, approved and sponsored at Board/ExCo level",1,,"Whitbread operates a responsible-sourcing framework with commodity-specific sourcing policies and supplier due diligence. Its responsible-sourcing page states that 100% of suppliers undergo inherent risk assessment, illustrating policy application across a large hospitality supply base.",1,Consolidate.xlsx,119
CASE-0119,INIT-0119,"Implement a regular cadence of touchpoints between procurement, sustainability, and category teams to drive Responsible Procurement priorities",1,,"SBTi supplier-engagement guidance highlights the need for internal alignment, clear ownership and structured programmes before and during supplier engagement. This provides an evidence base for regular cross-functional governance even where companies do not disclose meeting cadence publicly.",1,Consolidate.xlsx,120
CASE-0120,INIT-0120,Build sustainable procurement training and capability into the wider procurement team's professional development,1,,"SBTi cites AstraZeneca's supplier programme, which uses webinars, training, supplier resources and clear reporting expectations; the programme was associated with an 18% increase in suppliers reporting emissions to CDP.",1,Consolidate.xlsx,121
CASE-0121,INIT-0121,Collect sustainability data from suppliers,1,,"SBTi reports that AstraZeneca's structured supplier engagement—including reporting expectations, training and support—produced an 18% increase in suppliers reporting emissions to CDP.",1,Consolidate.xlsx,122
CASE-0122,INIT-0122,Conduct lifecycle assessments (LCA) and collect product carbon footprints on key commodities to understand emissions at ingredient level,1,,The GHG Protocol Scope 3 framework supports progressively improving purchased-goods data from secondary estimates toward supplier/product-specific information. SBTi supplier guidance similarly stresses better supplier emissions data as a foundation for value-chain action.,1,Consolidate.xlsx,123
CASE-0123,INIT-0123,Set supplier-facing requirements (Supplier codes of conduct) and communicate shared targets,1,,"SBTi cites AstraZeneca's clear supplier standards and reporting expectations. Its programme contributed to an 18% increase in suppliers reporting emissions to CDP, illustrating the effect of clear requirements combined with support.",1,Consolidate.xlsx,124
CASE-0124,INIT-0124,Use a supplier scorecard to track performance and prioritise engagement with material suppliers,1,,"SBTi supplier-engagement guidance recommends segmenting suppliers, setting clear expectations, tracking progress and adapting engagement based on supplier performance. This supports a scorecard approach even where a hospitality-specific quantified case is not publicly disclosed.",1,Consolidate.xlsx,125
CASE-0125,INIT-0125,"Provide a tailored supplier engagement strategy for material/priority suppliers (segmented by spend, risk, and emissions contribution)",1,,"SBTi supplier-engagement guidance provides a structured approach to evaluating suppliers, developing targets and implementing differentiated engagement programmes. AstraZeneca's supplier programme demonstrates the use of targeted resources and reporting expectations.",1,Consolidate.xlsx,126
CASE-0126,INIT-0126,"Incentivise supplier progress (e.g. preferred status, longer contracts)",1,,"SBTi supplier-engagement guidance recommends using procurement levers and structured engagement to motivate suppliers. Public hospitality-specific quantified results for preferred-status incentives are limited, so this is best treated as a guidance-backed mechanism rather than a quantified peer case.",1,Consolidate.xlsx,127
CASE-0127,INIT-0127,Co-invest with suppliers in decarbonisation or regenerative agriculture projects (e.g. insetting programmes),1,,"McDonald's and partners supported a five-year Nebraska regenerative-agriculture programme with a joint investment of US$8.5 million, targeting 100,000 acres and an estimated sequestration potential of 75,000 metric tonnes of carbon.",1,Consolidate.xlsx,128
CASE-0128,INIT-0128,"Map supply chains beyond Tier 1 (Tier 2/3, down to farm/origin level) for material (High-spend, high-carbon and/or high-risk commodities)",1,,"Whitbread uses commodity-specific sourcing requirements and supply-chain due diligence, including farm-assurance requirements for primary proteins and commitments linked to deforestation-risk commodities, demonstrating the importance of traceability beyond direct purchasing relationships.",1,Consolidate.xlsx,129
CASE-0129,INIT-0129,"Map exposure to forest-risk commodities (soy, palm oil, cocoa, coffee, beef/leather, rubber, timber/paper & packaging)",1,,"Whitbread publishes commodity-specific responsible-sourcing requirements covering palm oil, coffee, meat, fish and other priority products and has an SBTi no-deforestation commitment for its primary deforestation-linked commodity.",1,Consolidate.xlsx,130
CASE-0130,INIT-0130,Set a deforestation-free sourcing commitment and require traceability to origin,1,,"Whitbread states a commitment to no deforestation across its primary deforestation-linked commodity with a target date of 31 December 2025. It also publishes commodity-specific sourcing requirements, including RSPO palm oil and certified coffee.",1,Consolidate.xlsx,131
CASE-0131,INIT-0131,"Source certified sustainable commodities (e.g. RSPO for palm oil, Rainforest Alliance/UTZ or 4C for coffee and cocoa, FSC/PEFC for timber and paper-based packaging)",1,,"Whitbread reports that 100% of wild-caught fish served is MSC certified, 100% of UK coffee is Fairtrade or Rainforest Alliance certified, and it has targeted 100% RSPO-certified palm oil in own-recipe products by the end of 2025.",1,Consolidate.xlsx,132
CASE-0132,INIT-0132,Establish corporate travel policies that prioritise lower carbon transport,1,Guide to writing a sustainable travel policy - Culture for Climate Scotland,"The Culture for Climate Scotland guide explains how organisations should build a sustainable travel policy. It notes transport is the UK's largest emitting sector at roughly 30% of total emissions, and recommends a travel hierarchy from most to least carbon intensive, cars, shared vehicles, public transport, cycling, walking, applied when choosing how to travel. Key recommendations include replacing internal and short-haul flights with rail, avoiding travel altogether where video calls suffice, offering incentives like paid ""journey days"" for longer sustainable trips, and presenting sustainable versus conventional travel budget options when working with external partners. It also covers staff commuting, cycle to work schemes, flexible working, supplier and delivery choices, and separately addresses audience travel, which it notes is usually an organisation's largest travel emissions source despite sitting outside direct control. The guide closes by pointing to real published policy examples, including WWF UK's and Energy Saving Trust's, as models to reference.",1,Consolidate.xlsx,133
CASE-0133,INIT-0133,Provide infrastructure and incentives for low-carbon guest travel,1,Greene King_EV_Charging,"1. Greene King partnered with Evyve and has powered the roll-out of over 450 charging points as part of their commitment to enhancing the pub experience for their visitors while promoting sustainability. 2. Marston’s has demonstrated leadership in sustainable transport infrastructure, installing 459 rapid and ultra-fast EV chargers across 193 sites since launching its first charger in 2018. The initiative has made Marston’s the UK hospitality sector’s largest provider of rapid and ultra-fast EV charging, supporting customers while reducing transport-related emissions. 3. Whitbread — up to 1,000 GeniePoint rapid chargers with ENGIE, 600 committed over three years, across Premier Inn, Beefeater, Brewers Fayre. 4. Explorer Hotels — Guests booking the ""Climate Rate"" get an automatic 10% discount, always priced below the standard ""Special Rate"", but only if they arrive by train or bicycle rather than car. Guests simply show a valid train ticket at check-in to qualify.",3,Consolidate.xlsx,134
CASE-0134,INIT-0134,Commission specialist assessments for on-farm emissions hotspots in the top three commodities,1,,"Case named in source: Nestle X Klim. Execution: 2022 Pilot: Ten farmers provided operational data and collaborated with Klim agronomists to identify the most effective regenerative practices for their specific soil conditions.2023 Scale-up: The project expanded to 26 farmers, implementing these targeted practices across approximately 12,000 hectares.2024 Scope: The initiative grew to encompass 50 farmers, with plans to expand further into new regions and additional raw material streams.Core Practices: Participating farms adapted their management plans by introducing cover crops, reducing tillage, cutting back on chemical fertilisation, and diversifying crop rotations.System Process: Klim managed the data tracking and digital platform onboarding, delivering full Measurement, Reporting, and Verification (MRV) services to validate emission reductions. Impact: Sequestered and reduced approximately 14,000 tonnes of soil carbon across the project Enhanced biodiversity on 3,949 hectares Improved the long-term predictability and security of food production and agricultural supply chains Enhanced soil health, humus formation, water retention, and crop infiltration, protecting yields during drought periods",0,Consolidate.xlsx,135
CASE-0135,INIT-0135,Publish a biodiversity policy with named targets and owner,1,,Case named in source: EDF.,0,Consolidate.xlsx,136
CASE-0136,INIT-0136,Ensure compliance with Biodiversity Net Gain (BNG) requirements,1,,Case named in source: Aldi.,0,Consolidate.xlsx,137
CASE-0137,INIT-0137,Engage priority suppliers by spend on biodiversity and request a formal response within 90 days,1,,"Case named in source: Wallmart. Execution: Walmart executed this massive supply chain engagement initiative through a centralized digital infrastructure and a collaborative framework Launched under Project Gigaton, Walmart established a clear, time-bound ""North Star"" goal to eliminate one billion metric tons (a gigaton) of greenhouse gases from its global value chain by 2030 Rather than managing communications manually, Walmart deployed a dedicated online platform called the Sustainability Hub Walmart focused on co-creating solutions by supplying operational tools, training resources, and agronomic best practices directly to its vendor base Suppliers were formally engaged across key environmental impact areas, including raw material sourcing, waste reduction, packaging design, and sustainable agricultural practices Impact: Successfully onboarded and engaged more than 2,300 global suppliers, representing over $1 trillion in total sales volume Collaboratively avoided 230 million metric tons of emissions in a single year (2020) Walmart successfully captured data from its value chain—the critical area that typically represents 70% or more of a business's total carbon footprint Transitioning suppliers toward sustainable agriculture and renewable energy insulated Walmart's broader, long-term procurement pipeline from climate and resource scarcity risks",0,Consolidate.xlsx,138
CASE-0138,INIT-0138,Undertake a TNFD review,1,,Case named in source: TNFD.,0,Consolidate.xlsx,139
CASE-0139,INIT-0139,Fund a named biodiversity protection or restoration programme with annual investment and independent verification,1,,Case named in source: Soneva Foundation.,0,Consolidate.xlsx,140
CASE-0140,INIT-0140,Complete a water efficiency audit across all kitchen and bathroom fixtures and implement identified measures within 12 months,1,,"Case named in source: Hilton Texas. Execution: Project partners targeted the 470-guest room facility (built in 1968), focusing directly on sanitary fixtures which account for an average of 30 percent of a hotel's total water consumption In 2004, the hotel targeted single-pass water cooling by eliminating 22 water-cooled ice machines and replacing them with efficient, air-cooled hardware. Starting in 2007, the initiative systematically replaced older, inefficient bathroom hardware with independently certified WaterSense labeled or high-efficiency equivalents Contractors swapped out 525 toilets (shifting from 5.0 gallons per flush to a dual-flush 1.28/0.8 gpf setup), 616 faucet aerators (cutting flow from 2.2 gpm down to 1.5 gpm), and 479 showerheads (reducing flow from 2.5 gpm to 1.5 gpm) SAWS structured the project execution using rebate incentives and direct programmatic cost absorption, covering the $110,000 upgrade cost. Impact: Combined utility upgrades generated $160,000 in total savings per year across water, sewer, and energy expenses Cut water and sewer bills by $80,000 annually Lowered facility energy bills by $80,000 per year by avoiding 480,000 kilowatt-hours of electricity required to heat and pump water Reduced total water consumption by 49 percent, saving 26 million gallons (or 80 acre-feet) of water per year Successfully lowered the hotel's operational water intensity from an average of 209 gallons per room down to 107 gallons The total capital expenditure of $110,000 yielded a net payback period of less than two years",0,Consolidate.xlsx,141
CASE-0141,INIT-0141,"Complete a formal water risk assessment for all owned sites and top 10 suppliers by spend, with a mitigation plan for each identified risk",1,,"Case named in source: InterContinental Hotels Group. Execution: Advanced Digital Mapping: IHG partnered with external consultants to map water variables for all open and future pipeline properties using international standards, specifically the World Resources Institute (WRI) Aqueduct Water Risk Atlas.Granular Basin Profiling: The assessment isolated location-specific metrics, including baseline water stress, water depletion trends, drought risk, and coastal or riverine flood frequencies to identify which minor and major water basins properties rely upon.Value Chain Scaling: The operational boundary was extended beyond direct operations (owned and managed properties) to run identical risk screenings across their entire franchised estate (value chain partners).Long-Term Scenario Planning: Operational teams aligned data choices with IPCC Climate Change Projections and TCFD recommendations, looking out more than 6 years (projecting to 2050 horizons) to evaluate the long-term materiality of water risks under 1.5°C climate scenarios.Supplier Accountability Integration: Interventions were embedded directly into procurement workflows, requiring corporate and managed hotel vendors to pass a Sustainable Supplier Questionnaire and adhere to a strict Supplier Code of Conduct covering water stewardship, benchmarking, and circular technologies. Impact: Onboarded hotels successfully achieved a 13.4% absolute reduction in their total water footprint compared to the 2019 project baseline Implementing targeted water-efficiency green solutions across properties drove an average water consumption reduction of 21% per occupied room In the immediate reporting cycle, properties further optimised their infrastructure to drop per-room-night water consumption by 7.9% year-on-year Leveraging risk insights through IHG's online sustainability platform enabled the global estate to avoid $7.3 million in direct water utility costs in a single year (part of a broader $66.6 million total utilities cost avoidance) Funding and risk-prioritised interventions rolled out via NGO partnerships successfully reached and provided 15,000 people across high-risk countries (India, Indonesia, and Mexico) with clean water and sanitation access Expanded formal supplier alignment significantly, growing the volume of verified vendors bound by the Supplier Code of Conduct from 4,623 up to 5,523 signed suppliers",0,Consolidate.xlsx,142
CASE-0142,INIT-0142,Recycle rainwater and grey water,1,,"Case named in source: Abu Dhabi Premier Inn. Execution: The engineering network isolates and collects relatively low-pollutant wastewater exclusively from bathing and showering across all 300 guest rooms. Harvested greywater passes through an advanced ultrafiltration membrane system to mechanically trap impurities, organic compounds, and microorganisms Once processed to non-potable standards, the water is fed back into a separated plumbing loop to meet structural facility demands The recycled water is completely redirected to handle two specific high-volume, non-drinkable demands: restroom toilet flushing and landscape irrigation Impact: The facility successfully recycles and saves an average of 735,000 litres of water per month The intervention reduced the property’s total baseline monthly water consumption by 24% Successfully reduced total incoming water usage by an equivalent of 60 litres per hotel guest Reached an operational milestone where 100% of the toilets across the public and room restrooms operate entirely on recycled greywater",0,Consolidate.xlsx,143
CASE-0143,INIT-0143,Self-supply water direct from the wholesale water market,1,,"Case named in source: Multi Operator Joint Savings. Execution: Regulatory Licensing Direct Wholesaler Partnerships The business assumes in-house accountability for tasks typically handled by an external seller, including customer queries, automated meter reading (AMR) scheduling, and market settlement reconciliation Advanced logging hardware and smart telemetry are deployed across all physical property meters to secure clean, real-time consumption feedback loops Impact: Companies bypass third-party retail markups entirely, unlocking direct access to the protected baseline wholesale price guaranteed to commercial suppliers Strategic self-suppliers achieved an aggregate drop of 567Mn litres of water saved in a single year cycle, representing an immediate 5% reduction in total baseline consumption Data-driven leak fixes and water audits triggered by direct market visibility typically yield an extra 2% to 5% cost incentive purely from optimized consumption drops",0,Consolidate.xlsx,144
CASE-0144,INIT-0144,Complete supply chain water mapping covering top 5 commodities by estimated water use,1,,"Case named in source: Accor Group. Execution: Life Cycle Sourcing Assessments High-Risk Portfolio Segmentation Commodity categories were split into a three-tier risk index (standard, at risk, and high risk) based on raw volume, social/environmental criteria, customer-facing risk, and Accor’s direct market influence Third-Party Evaluation Standardisation Suppliers are legally required to sign the Procurement Charter 21 during onboarding. This contractually binds them to introduce low-flow plumbing components or ecological, non-polluting chemistry (such as ozone washing technologies) Targeted Supplier Auditin Impact: The tracking project successfully identified that 68% of Accor's total global water footprint is concentrated entirely within its Scope 3 value chain Mapping isolated that the procurement of food items for hotel bars and restaurants accounts for around 46% of that total footprint, pinpointing crop irrigation and livestock watering as major critical vulnerabilities Achieved a milestone where 100% of nominated suppliers successfully signed the Procurement Charter 21 Evaluated and mapped 97% of all high-risk and at-risk purchasing categories via EcoVadis, capturing data across 85% of total corresponding vendors Completed formal, independent SMETA water audits for 449 high-risk suppliers, representing 92% of the high-risk vendor base successfully prevented 657,367 meals from being wasted, indirectly saving the upstream virtual water used to grow them and avoiding 1,643 metric tons of CO2",0,Consolidate.xlsx,145
CASE-0145,INIT-0145,Use high-efficiency shower and faucet aerators,1,,"Case named in source: Oxmaint. Execution: Engineers walk every floor using a physical flow-bag kit. They log the current Gallons Per Minute (GPM) of every fixture into the CMMS asset register and gather 12 months of utility meter history to establish a clean baseline Maintenance teams replace standard bathroom faucet aerators (typically 1.5–2.2 GPM) with ultra-efficient 0.5 GPM units across all guest rooms Standard showerheads (2.5–3.0 GPM) are swapped out for 1.75–2.2 GPM EPA WaterSense-labeled units. Technicians check physical water pressure during installation to ensure guest spray perception is unchanged, logging the installation as a formal work order against the room asset Teams install low-cost dual-flush valves or flappers to reduce high-volume toilet flushes down to a 1.1/1.6 gallon configuration Engineers pull hourly sub-meter data to run a 14-day normalized comparison against the week 1 baseline, confirming the structural drop in consumption Rather than allowing savings to fade, the CMMS auto-assigns quarterly flow audits across a randomized 20% sample of rooms. Any fixture exceeding 110% of its rated specification immediately triggers a corrective work order to address clogs or drift Impact: Properties achieve an immediate 20% to 40% reduction in total water consumption within the first 12 months Swapping to a 0.5 GPM faucet aerator costs just $1.40 in materials per room. It saves $36 annually, yielding a full capital payback period of just 2 weeks Installing a 1.75 GPM showerhead costs $18.00 per room. It yields $58 in annual savings, paying for itself in 4 months Swapping out a 1.5 GPM aerator cuts water use by 0.7 GPM. Based on 12 minutes of daily use at 72% occupancy, a single 180-room property saves 370,000 gallons of water annually on faucets alone For a typical 150-room property, a comprehensive fixture retrofit delivers a full capital payback in under 15 months A 240-room full-service resort utilizing this exact workflow cut water consumption by 34%, dropping its annual water utility bill from $185,000 down to $122,000",0,Consolidate.xlsx,146
CASE-0146,INIT-0146,Optimise hot liquor use,1,,"Case named in source: 9White Beer. Execution: The brewery installed a large 3,000-litre insulated hot liquor tank to store and maintain water at optimal brewing temperatures, preventing heat dissipation. Upgraded engineering heat exchangers were integrated directly into the brewing line. This allows the system to recapture heat from hot wort during the cooling phase and transfer it back to pre-heat incoming cold brewing water. he brewery overhauled its chilled water infrastructure to fine-tune temperature control, reducing the raw energy required to cool down process fluids hermal processes were synchronized with an on-site 30 kWp rooftop solar PV array and smart energy management tools. This configuration enables the team to shift energy-intensive hot liquor heating cycles to times of peak solar generation Impact: Transitioning to index-linked wholesale electricity paired with smart thermal load shifting reduced energy costs by 40% The integrated rooftop solar array successfully supplies roughly 36% of the brewery's annual electricity use, generating up to 180 kWh per day during the summer The thermodynamic integration of the upgraded heat exchangers and the 3,000L tank immediately maximized solar energy use and reduced raw water consumption per litre of beer produced",0,Consolidate.xlsx,147
CASE-0147,INIT-0147,Optimise CIP wash temperature,1,,Case named in source: CIP.,0,Consolidate.xlsx,148
CASE-0148,INIT-0148,Reduce water temp in laundry; and line dry linens where possible,1,,"Case named in source: Apple Farm Inn. Execution: On-site hardware utilizes electrical currents to safely convert ambient oxygen into ozone gas The generated ozone is automatically dissolved and diffused into the incoming cold water supply lines connected to the commercial washing machines. Because ozone acts as a highly potent oxidizing agent, it rapidly destroys bacteria, viruses, and organic soils in cold water—completely eliminating the historic operational mandate to wash sheets and towels at high temperatures (130°F–140°F+) The natural chemical efficiency of ozone allows engineers to replace traditional multi-step hot wash profiles with a shortened, ambient-temperature washing program Ozone naturally relaxes fabric fibers during the wash wheel cycle. This maximizes moisture extraction during the final spin cycle, lowering the residual moisture retention of the linens before they enter the drying or air-line phase. Impact: The hotel successfully reduced its overarching laundry operational costs by 40% Swapping to cold-water laundering slashed elevated-temperature water requirements by 37 gallons (a 27% drop) per wash load, immediately lowering natural gas and electrical utility bills The optimized rinse cycles reduced overall water consumption by 22 gallons per single wash load The compressed cycle profiles stripped a verified 11 minutes out of total laundering time per load The enhanced oxidation properties of ozone enabled a 21% reduction in total laundry chemicals (saving 1.6 ounces of detergent and bleach per load)",0,Consolidate.xlsx,149
CASE-0149,INIT-0149,Conduct a waste characterisation assessment,1,,Case named in source: Reeco.,0,Consolidate.xlsx,150
CASE-0150,INIT-0150,"Set a documented food waste reduction target with a baseline year, an interim milestone, and a final target date",1,,Case named in source: MGM.,0,Consolidate.xlsx,151
CASE-0151,INIT-0151,Segregate food waste for composting or Anaerobic Digestion,1,,Case named in source: US Dept of Agri.,0,Consolidate.xlsx,152
CASE-0152,INIT-0152,Distribute Surplus Food via a credible distribution partner,1,,"Case named in source: Hilton. Execution: The kitchen team systematically isolated and gathered high-quality food assets that could not be commercially sold The hotel established a long-term partnership with The Felix Project, a local charity dedicated to fighting hunger by collecting fresh surplus food and routing it to schools and regional charities Instead of simply handing over raw ingredients, the hotel leveraged its massive kitchen footprint and large freezer storage. Multi-departmental staff volunteers and chefs collaboratively upcycled the donations into ready-to-eat, portion-controlled microwavable meals. The culinary team dynamically engineered recipes around whatever was delivered, combining their own surplus kitchen items with charity-provided overstock the hotel's on-site restaurant introduced separate zero-waste menus, utilizing cross-utilization techniques The entire operational volume and downstream disposal avoidance are managed and tracked using LightStay, Hilton’s award-winning proprietary ESG management system Impact: Over the course of the partnership, the team successfully collected and redirected a verified 10.15 tonnes of surplus food The kitchen volunteers transformed this saved mass into over 73,000 ready-to-eat microwavable meals for vulnerable local populations Prevents Methane Landfill Vents Lowers Commercial Disposal Fees Unlocks Brand Premium and Client Alignment Boosts Team Culture and Moral Engagement",0,Consolidate.xlsx,153
CASE-0153,INIT-0153,Complete a circularity audit covering the top three waste streams by volume and identify at least one viable circular option per stream within 90 days,1,,"Case named in source: Hospitality 360. Execution: Physical Mass Characterization Procurement Value Mapping Circularity Sourcing Hackathons Commercial Feasibility Inquest The 90-Day Circularity Action Plan Impact: Implementing the identified circular solutions successfully shifts the facility's baseline metrics to achieve a 50% to 65% absolute diversion rate from local landfills Diverting dense, heavy organic and packaging streams out of general refuse containers yields an immediate 30% to 42% reduction in commercial trade disposal fees and volumetric tipping taxes Mitigates Evolving Regulatory Compliance Risks",0,Consolidate.xlsx,154
CASE-0154,INIT-0154,Train operational teams to reduce production waste and measure pre/post-training waste performance,1,,"Case named in source: Marriott. Execution: Integrated Tracking Hardware Targeted Waste Stream Identification Dynamic Operational Adjustments Data-Driven Sourcing and Production Sheets Visual Performance Feedback Impact: The hotel achieved a verified 66% reduction in food waste by financial value Successfully dropped the physical volume of organic waste by 58% by weight adjusting portion sizes and tray configurations in the staff canteen cut organic waste by 20 pounds per day, saving over 7,000 pounds of food annually Reduced Scope 3 Value Chain Footprint",0,Consolidate.xlsx,155
CASE-0155,INIT-0155,Quantify your food waste,1,,"Case named in source: Winnow. Execution: Automated Data Capture Machine Learning Identification Overcoming Surveillance Anxieties Dynamic Menu Adjustments Impact: Establishments using the technology successfully reduce their total food waste volumes by up to 50% within the first year Quantifying waste allows commercial kitchens to shrink their overarching food procurement costs by between 3% and 8% The technology delivers a full, positive ROI within the first 12 months in roughly 95% of commercial cases Implementing this exact system across 23 UK and Ireland IKEA stores drove a 50% food waste reduction, saving in excess of £1.4Mn in a single year (the equivalent of over 1.2 Mn meals) On a macro level, the business model has enabled hospitality clients to collectively save the equivalent of 36 million meals every year",0,Consolidate.xlsx,156
CASE-0156,INIT-0156,Extend the life of your cooking oil,1,,"Case named in source: Burger King. Execution: Stores established a ""Pre-Test"" baseline using a digital oiltester to measure the Total Polar Materials (% TPM) of frying oil, setting a strict quality retirement limit of 24% TPM Test locations ran a standard daily procedure consisting of evening built-in fryer filtration followed by morning TPM oil-quality logging and documentation During the active test phase, teams integrated mobile VITO microfiltration systems into their morning routine, using a high-pressure, 60 l/min pressure-vortex filter paper loop directly inside active vats for a standard 4.5-minute cycle time The procedure was independently validated across two distinct high-volume equipment setups: dedicated French Fries Fryers and multi-use product Fryers Impact: Extended average oil lifespan from 5 days to 8 days (a 60% duration increase), saving 27.3 full oil changes per year and cutting oil demand by 37.5% Delivered a consistent 30% to 36% absolute reduction in frying oil consumption across all store profiles Delivered a consistent 30% to 36% absolute reduction in frying oil consumption across all store profiles Generated financial oil cost savings of €180.00 to €350.00 per month, translating directly to €2,300.00 to €4,622.00 in annual net savings per restaurant Factoring in the machine expenditure and ongoing paper filter operating costs, the equipment completely paid for itself with an ROI of 6.6 to 12.8 months",0,Consolidate.xlsx,157
CASE-0157,INIT-0157,Recycle your used cooking oil at end of life,1,,"Case named in source: Burger King. Execution: Stores established a ""Pre-Test"" baseline using a digital oiltester to measure the Total Polar Materials (% TPM) of frying oil, setting a strict quality retirement limit of 24% TPM Test locations ran a standard daily procedure consisting of evening built-in fryer filtration followed by morning TPM oil-quality logging and documentation During the active test phase, teams integrated mobile VITO microfiltration systems into their morning routine, using a high-pressure, 60 l/min pressure-vortex filter paper loop directly inside active vats for a standard 4.5-minute cycle time The procedure was independently validated across two distinct high-volume equipment setups: dedicated French Fries Fryers and multi-use product Fryers Impact: Extended average oil lifespan from 5 days to 8 days (a 60% duration increase), saving 27.3 full oil changes per year and cutting oil demand by 37.5% Delivered a consistent 30% to 36% absolute reduction in frying oil consumption across all store profiles Delivered a consistent 30% to 36% absolute reduction in frying oil consumption across all store profiles Generated financial oil cost savings of €180.00 to €350.00 per month, translating directly to €2,300.00 to €4,622.00 in annual net savings per restaurant Factoring in the machine expenditure and ongoing paper filter operating costs, the equipment completely paid for itself with an ROI of 6.6 to 12.8 months",0,Consolidate.xlsx,158
CASE-0158,INIT-0158,Process food waste on-site,1,,"Case named in source: Grand hyatt. Execution: Kitchen staff and back-of-house teams discard food scraps, fish skins, fat, and meat bones directly into MEIKO WasteStar vacuum inlets installed right at their workstations The waste is immediately sucked away through an automated vacuum system into a centralized grinder and dewatering unit The centralized unit pulps the waste and mechanically reduces its water content by 50% The resulting dry pulp is transferred into an on-site 'Rapid Thermophilic Digestion System' (developed by Biomax Technologies). The system converts the pulp into pathogen-free organic fertilizer in under 24 hours To support the initial installation budget, the hotel secured a US $250,000 grant through Singapore's National Environment Agency (NEA) 3R Fund Impact: The combined vacuum and digestion process successfully reduces every 1,000 kg of daily food waste down to just 250 kg of organic fertilizer (a 75% mass reduction) The hotel permanently diverts 400 tonnes of food waste out of landfills annually Bypassing traditional bin disposal saves approximately 55,000 single-use trash bags every year",0,Consolidate.xlsx,159
CASE-0159,INIT-0159,Recycle and responsibly dispose of staff uniforms at end-of-life,1,,"Case named in source: 360 Weave. Execution: Participating commercial properties gather thousands of keys' worth of torn, stained, or decommissioned operational textiles (such as staff uniforms, bed sheets, and kitchen linens) that are no longer fit for property service Collected mass is contractually handed over to specialized logistics networks. For example, The First Group Hotels transferred 2.5 tons of textiles while Millennium Place Dubai Marina handed over 1 ton within a single target cycle The gathered fabric materials are shipped to Dr. Linen's advanced processing and sortation facilities Specialized equipment shreds, breaks down, and reconstitutes the fabrics at a fiber level. This mechanically transforms the spent waste back into raw, usable threads and textiles The newly spun materials are either manufactured back into circular textiles to be reintroduced straight into the hospitality sector or allocated directly to community donation networks Impact: The collaborative framework successfully intercepted and diverted an aggregate of 3.5 tons (3,500 kg) of structural textile waste away from municipal garbage skips in a single month The operational infrastructure successfully scales across massive hospitality portfolios, instantly pulling metrics from organizations managing more than 2,800 rooms/keys Maximizes Brand Protection and Security",0,Consolidate.xlsx,160
CASE-0160,INIT-0160,Switch to lower-impact takeaway packaging,1,,"Case named in source: Hotrec. Execution: The chain phased out standard single-use plastic containers, replacing them with Kiobox—a highly durable, European-manufactured takeaway box made from a sturdy composite mix of ABS plastic and natural wood fibres To optimize operational efficiency and maximize user accessibility, the business intentionally avoided complex mobile apps or data storage requirements. Instead, it functions as a direct, frictionless cash/card deposit and guarantee refund system at the point of sale Facing a systemic lack of infrastructure support from external food delivery platforms, the chain restructured its fulfillment team. It scaled up its internal delivery fleet to directly control and manage 75% of all incoming takeaway orders, ensuring the smooth return of the boxes The durable composite boxes are treated as operational assets rather than single-use trash, remaining in active restaurant-to-consumer circulation loops for over five years without degrading in material quality Impact: The execution successfully prevented the procurement, handling, and disposal of over 5 million single-use takeaway boxes The low-tech deposit framework achieved an impressive 90% return and retention rate for the packaging containers over a continuous five-year period The circular packaging infrastructure seamlessly handles the capacity of a high-volume restaurant chain spanning 22 distinct locations",0,Consolidate.xlsx,161
CASE-0161,INIT-0161,"Support and encourage employees in choosing low-carbon commuting alternatives (e.g. cycle to work, public transport)",1,,"TfL's Smart Commuting Toolkit (2025) recommends reducing employee travel emissions through public transport, active travel, flexible working, and reduced car dependency. Suggested employee incentives include cycle-to-work schemes, bike-share memberships, season ticket loans, flexible/hybrid working, active travel rewards, workplace cycling facilities (showers, lockers, bike parking), travel champions, and car-sharing schemes.",1,Consolidate.xlsx,162
CASE-0162,INIT-0162,Transition company owned fleet vehicles to low-carbon alternatives at end of life,1,,"This ERM article argues that fleet decarbonization should be approached as a business value opportunity rather than a purely sustainability initiative. Instead of pursuing full fleet electrification, organizations should adopt a targeted, phased strategy that combines EVs, alternative fuels, and fleet optimization based on vehicle type, geography, and operational requirements.
ERM presents three fleet decarbonization case studies:(1) US based HVAC company achieved 34% emissions intensity reduction and $2.2M annual savings through targeted EV adoption and leasing;(2) US based-Wholesale distributor achieved 13% emissions reduction using renewable diesel at 40% lower cost than full fleet electrification;(3) European waste services company is projected to deliver 50-70% emissions reductions by 2035 through a phased electrification strategy, with 17% of fleet emissions addressable immediately in a cost-effective manner.",0,Consolidate.xlsx,163
CASE-0163,INIT-0168,Install a filtered water system to avoid bottled water.,1,,"Evidence: Eco Pure Waters
Execution: Venues installed on-site commercial filtration hardware (such as Blu Glass systems, countertop units, and corridor self-serve stations) tailored to high-traffic areas like dining rooms, guest suites, spas, and lounges.
Large-scale hotels (like the Crowne Plaza Kings Cross) integrated a heavy-duty Quattro Filler upgrade, allowing hospitality staff to fill four bottles simultaneously to save time during room preparation.
Operations eliminated single-use waste by provisioning custom-designed, reusable glass containers (such as Felix and Franklin bottles) paired with reusable or tamper-evident closures.
Staff integrated washing, sanitisation, and on-site refilling into standard daily cleaning and catering workflows, completely bypassing the traditional commercial beverage supply chain
Impact: Grantley Hall (47 rooms, 5 eateries): Eliminates over 160,000 single-use bottles annually, avoiding approximately 47 tonnes of CO2 and securing £119,000 in annual savings (an 80% cost reduction per bottle)
Marriott Regents Park (304 rooms & suites): Eradicates 141,000 single-use bottles per year, cutting carbon by 40 tonnes of CO2 and dropping procurement costs by £104,000 annually (an 80% cost reduction per bottle)",0,Consolidate.xlsx,169
CASE-0164,INIT-0169,Procure water sustainably.,1,,Evidence: Accor Group,0,Consolidate.xlsx,170
CASE-0165,INIT-0171,Recycle equipment at end-of-life,1,,"Evidence: Exeter CE
Execution: Digital Lifecycle Mapping
On-Site Asset Auditing
Circular Potential Classification
Component-Level Harvesting
Impact: Refurbishing and retaining three existing units—instead of buying brand-new linear replacements—delivered more than £17,700 in direct cost savings to the business
Safely harvesting and retaining working parts from the remaining decommissioned products generated over £9,000 in internal component cost savings
Selling the remaining unneeded harvested spare parts into regional technical supply markets generated £2,332 in direct secondary income
The initial site diagnostic successfully uncovered an immediate £6,000 to £7,000 in hidden purchase value tied up in completely idle, unutilized kitchen assets",0,Consolidate.xlsx,172
CASE-0166,INIT-0172,Promote takeaway options for unfinished food,1,,"Evidence: Trimming the plate
Execution: Refurbishing and retaining three existing units—instead of buying brand-new linear replacements—delivered more than £17,700 in direct cost savings to the business
Safely harvesting and retaining working parts from the remaining decommissioned products generated over £9,000 in internal component cost savings
Selling the remaining unneeded harvested spare parts into regional technical supply markets generated £2,332 in direct secondary income
The initial site diagnostic successfully uncovered an immediate £6,000 to £7,000 in hidden purchase value tied up in completely idle, unutilized kitchen assets
Impact: Refurbishing and retaining three existing units, instead of buying brand-new linear replacements delivered more than £17,700 in direct cost savings to the business
Safely harvesting and retaining working parts from the remaining decommissioned products generated over £9,000 in internal component cost savings
Selling the remaining unneeded harvested spare parts into regional technical supply markets generated £2,332 in direct secondary income
The initial site diagnostic successfully uncovered an immediate £6,000 to £7,000 in hidden purchase value tied up in completely idle, unutilized kitchen assets",0,Consolidate.xlsx,173
CASE-0167,INIT-0173,"Reduce active menu SKU count by a defined %, and measure the impact on food waste per cover over the following 90 days",1,,"Evidence: Trimming the plate
Execution: Refurbishing and retaining three existing units—instead of buying brand-new linear replacements—delivered more than £17,700 in direct cost savings to the business
Safely harvesting and retaining working parts from the remaining decommissioned products generated over £9,000 in internal component cost savings
Selling the remaining unneeded harvested spare parts into regional technical supply markets generated £2,332 in direct secondary income
The initial site diagnostic successfully uncovered an immediate £6,000 to £7,000 in hidden purchase value tied up in completely idle, unutilized kitchen assets
Impact: Refurbishing and retaining three existing units, instead of buying brand-new linear replacements delivered more than £17,700 in direct cost savings to the business
Safely harvesting and retaining working parts from the remaining decommissioned products generated over £9,000 in internal component cost savings
Selling the remaining unneeded harvested spare parts into regional technical supply markets generated £2,332 in direct secondary income
The initial site diagnostic successfully uncovered an immediate £6,000 to £7,000 in hidden purchase value tied up in completely idle, unutilized kitchen assets",0,Consolidate.xlsx,174
CASE-0168,INIT-0174,Responsibly dispose off or donate furniture and fittings at end-of-life,1,,"Evidence: Radisson
Execution: Disposal and redistribution frameworks are managed through a dual integration model, combining centralized corporate support directives with property-level execution managed by hotel General Managers
Dedicated Regional Responsible Business Champions vet, coordinate, and oversee localized donation logistics across Europe, the Middle East, Africa, and Asia Pacific to match idle assets with local needs
Hotel teams track resource management, donations, and landfill diversion indicators centrally through the THINK Hub data platform to verify compliance with global brand standards
Properties establish direct logistics partnerships with local non-profits, disaster-relief organizations, and global bodies (such as SOS Children's Villages) to safely transition items into secondary use
RHG enforces structural accountability by binding procurement partners to a strict Supplier Code of Conduct that mandates sustainable consumption and responsible material stewardship
Impact: Corporate offices and hotels collaboratively generated €1.25 million in cash and in-kind donations (including furniture, equipment, and structural assets) to non-profit organizations
Diverting bulk materials from landfill systems and adopting resource-efficient operations helped achieve a 33% reduction in carbon emissions per square metre compared to the 2019 baseline
These structured asset-recovery and operations standards contributed to 58% of the global hotel portfolio successfully qualifying for third-party verified ""Sustainable Stays"" status
Strategic partnerships supported by corporate resource distribution provided vital necessities and safe drinking water to 32,000 people globally",0,Consolidate.xlsx,175
CASE-0169,INIT-0175,Deploy [named technology] to monitor [named waste stream] and use data to reduce [waste type] by [target %] within 12 months,1,,"Evidence: Sodexo
Execution: System Integration Onboarding
Smart Device Deployment
Real-Time Touchscreen Categorisation
Automated Cloud Reporting
Normalized Baseline Setting
Collaborative Action Reviews
Impact: Properties using the technology successfully achieved up to a 41% maximum reduction in grams of food waste per cover from their baseline, driving a collective 16% average reduction across the technology-based sites
The collaborative intervention contributed to preventing a total of 12 tonnes of food waste per annum across all trial locations
 The 7p/cover efficiency gains yielded £3,900 in direct cash savings within the short eight-week monitoring period alone, scaling to an equivalent of £25,000 in recurring annual savings across the smart meter sites",0,Consolidate.xlsx,176
CASE-0170,INIT-0177,"Design for reusability, removing single-use items and therefore reducing overall waste produced",1,,"Evidence: Grounds & Greens
Execution: Phase one involved a comprehensive review of global, Canadian, and regional policy landscapes driving the shift away from single-use plastics and disposables
Phase two identified and mapped regional restaurants, cafés, food vendors, and event organizations actively partnering with specialized third-party reusable container suppliers
Phase three conducted detailed field interviews with nimble, early-adopting food service organizations to analyze operational workflows, reverse logistics, and barrier integration
Phase four analyzed the data across distinct socio-economic vectors, evaluating real-world economic considerations, infrastructure constraints (such as washing hubs), and consumer behavioral habits
Impact: Businesses transition to a positive return on investment, capturing true cost savings within a few months to one year after removing single-use inventories
Transitioning away from disposable cups and food ware to high-rotation alternatives can minimize a facility's overarching ecological footprint by up to 80%.",0,Consolidate.xlsx,178
CASE-0171,INIT-0178,Install an anaerobic digestion plant to recover biogas,1,,"Evidence: Bar Iberico
Execution: Operational teams deployed specialized, independent food waste bins directly inside high-traffic kitchen preparation zones and dish-clearing lines
Kitchen staff were continuously coached to separate organic matter across its full operational journey—from kitchen preparation scraps and overproduction to customer plate leftovers
To ensure high kitchen hygiene standards and prevent odor build-up, a collection schedule was established to clear the external food waste bins six times a week
Rather than dumping the organic matter, Flame UK channeled the collection fleet straight to regional anaerobic digestion processing facilities
The captured methane gas undergoes micro-processing inside the AD plant to be converted into high-grade biodiesel. This fuel is immediately routed back to power the very trucks that complete the weekly commercial waste collections
Impact: The initiative successfully intercepted and diverted 6.4 tonnes (6,400 kg) of food waste entirely away from landfill systems within its first four months of operation
Elimination of Waste Disposal and Tipping Fees
Mitigates Highly Destructive Landfill Gases",0,Consolidate.xlsx,179
CASE-0172,INIT-0179,Minimise extract losses and product wastage,1,,"Evidence: 9White Beer
Execution: On-Site Nitrogen Generation
Gas-Driven Product Recovery
Upgraded Heat Exchangers
The infrastructure layout cuts immediate CO2 dependency while creating a technical pathway for future gas recovery and recycling directly from the fermentation vents
Impact: The on-site infrastructure successfully generates an exact purity profile of 99.999% pure nitrogen from raw ambient air
These tight process controls protect the integrity of a high-volume micro-manufacturing facility producing 300,000 litres of craft beer annually
When combined with smart load shifting and a 30 kWp rooftop solar array, the facility's overall energy operating costs dropped by 40%",0,Consolidate.xlsx,180
