Requirement_Set_ID,Factor_ID,Card_ID,Initiative_ID,Factor_Bank,Formula_Type,Calculation_Expression,Primary_Output_Metric,Output_Unit_Rule,Scenario_Value_Source,Eligibility_Rule,Coverage_Default,Override_Rule,Missing_Input_Behaviour,Required_Input_Count,Total_Input_Count,Requirement_Status,Lifecycle_Status,Access_Classification,Factor_Availability,Version,Last_Reviewed,Source_Workbook,Source_Row
CRS-0001,CCF-0001,CARD-0001,INIT-0001,Cost Factors,UNSPECIFIED,,Cost,,PUBLISHED_DISPLAY_VALUE,"Restaurants, QSRs, Pubs/Bars/Breweries, Hotels, Experiential Leisure; Contract Caterers only where delegated asset/capital control is documented",FOUR_SLOT_CARD,EMPTY_STAYS_EMPTY,SHOW_EMPTY,0,0,ACTIVE,ACTIVE,PUBLIC,GAP,1.0,2026-08-18,Consolidate.xlsx,2
CRS-0002,CPF-0001,CARD-0002,INIT-0001,Carbon Factors,UNSPECIFIED,,Carbon abatement,,PUBLISHED_DISPLAY_VALUE,"Restaurants, QSRs, Pubs/Bars/Breweries, Hotels, Experiential Leisure; Contract Caterers only where delegated asset/capital control is documented",FOUR_SLOT_CARD,EMPTY_STAYS_EMPTY,SHOW_EMPTY,0,0,ACTIVE,ACTIVE,PUBLIC,GAP,1.0,2026-08-18,Consolidate.xlsx,2
CRS-0003,CTF-0001,CARD-0003,INIT-0001,Timing Factors,UNSPECIFIED,,Payback,,PUBLISHED_DISPLAY_VALUE,"Restaurants, QSRs, Pubs/Bars/Breweries, Hotels, Experiential Leisure; Contract Caterers only where delegated asset/capital control is documented",FOUR_SLOT_CARD,EMPTY_STAYS_EMPTY,SHOW_EMPTY,0,0,ACTIVE,ACTIVE,PUBLIC,GAP,1.0,2026-08-18,Consolidate.xlsx,2
CRS-0004,CEF-0001,CARD-0004,INIT-0001,Efficiency Factors,UNSPECIFIED,,Efficiency,,PUBLISHED_DISPLAY_VALUE,"Restaurants, QSRs, Pubs/Bars/Breweries, Hotels, Experiential Leisure; Contract Caterers only where delegated asset/capital control is documented",FOUR_SLOT_CARD,EMPTY_STAYS_EMPTY,SHOW_EMPTY,0,0,ACTIVE,ACTIVE,PUBLIC,GAP,1.0,2026-08-18,Consolidate.xlsx,2
CRS-0005,CCF-0002,CARD-0005,INIT-0002,Cost Factors,DISPLAY_PUBLISHED,Annual M&V cost = annual guaranteed project cost savings × 1.5%–3.0%,Cost,% of annual guaranteed project cost savings,PUBLISHED_DISPLAY_VALUE,"Restaurants, QSRs, Pubs/Bars/Breweries, Hotels, Contract Caterers, Experiential Leisure",FOUR_SLOT_CARD,EMPTY_STAYS_EMPTY,SHOW_EMPTY,0,0,ACTIVE,ACTIVE,PUBLIC,STANDARD,1.0,2026-08-18,Consolidate.xlsx,3
CRS-0006,CPF-0002,CARD-0006,INIT-0002,Carbon Factors,DISPLAY_PUBLISHED,"Verified annual tCO2e saving = (verified electricity kWh saved × 0.13096 + verified gas kWh saved × 0.18231) ÷ 1,000",Carbon abatement,kgCOe per verified electricity kWh saved; kgCOe per verified gas kWh saved,PUBLISHED_DISPLAY_VALUE,"Restaurants, QSRs, Pubs/Bars/Breweries, Hotels, Contract Caterers, Experiential Leisure",FOUR_SLOT_CARD,EMPTY_STAYS_EMPTY,SHOW_EMPTY,0,0,ACTIVE,ACTIVE,PUBLIC,STANDARD,1.0,2026-08-18,Consolidate.xlsx,3
CRS-0007,CTF-0002,CARD-0007,INIT-0002,Timing Factors,DISPLAY_PUBLISHED,First annual savings result = annualised from at least 9 months (preferably 12 months) of performance data; reporting interval = each performance year,ROI,Option C whole facility M&V: at least months (preferably months) of performance data for the first annual savings result; annual M&V reporting thereafter,PUBLISHED_DISPLAY_VALUE,"Restaurants, QSRs, Pubs/Bars/Breweries, Hotels, Contract Caterers, Experiential Leisure",FOUR_SLOT_CARD,EMPTY_STAYS_EMPTY,SHOW_EMPTY,0,0,ACTIVE,ACTIVE,PUBLIC,STANDARD,1.0,2026-08-18,Consolidate.xlsx,3
CRS-0008,CEF-0002,CARD-0008,INIT-0002,Efficiency Factors,DISPLAY_PUBLISHED,£13.1275m ÷ £447.6676m = 2.9%,Efficiency,% additional cost saving opportunity identified versus annual reported savings,PUBLISHED_DISPLAY_VALUE,"Restaurants, QSRs, Pubs/Bars/Breweries, Hotels, Contract Caterers, Experiential Leisure",FOUR_SLOT_CARD,EMPTY_STAYS_EMPTY,SHOW_EMPTY,0,0,ACTIVE,ACTIVE,PUBLIC,STANDARD,1.0,2026-08-18,Consolidate.xlsx,3
CRS-0009,CCF-0003,CARD-0009,INIT-0003,Cost Factors,DISPLAY_PUBLISHED,"Recommissioning: £1.24/m² = US$1.60 ÷ 1.2888; £2.20/m² = US$2.84 ÷ 1.2888; £4.68/m² = US$6.03 ÷ 1.2888
Chiller premium = £180−£160=£20/kW
1 m³/s AHU premium = £16,000−£14,500=£1,500/m³/s
13 m³/s AHU premium = £4,300−£3,900=£400/m³/s
Packaged AHU total = (10.8×£12,000)+£10,000+£41,880=£181,480≈£181,000",Cost,Recommissioning: /m²; median /m² ( prices) Air cooled chiller: /kW total; /kW high efficiency premium ( prices) AHU: /m³/s at m³/s or /m³/s at m³/s; high efficiency premiums and /m³/s respectively ( prices) Packaged AHU: for m³/s ( estimate),PUBLISHED_DISPLAY_VALUE,"Restaurants, QSRs, Pubs/Bars/Breweries, Hotels, Experiential Leisure; Contract Caterers only where delegated asset/capital control is documented",FOUR_SLOT_CARD,EMPTY_STAYS_EMPTY,SHOW_EMPTY,0,0,ACTIVE,ACTIVE,PUBLIC,STANDARD,1.0,2026-08-18,Consolidate.xlsx,4
CRS-0010,CPF-0003,CARD-0010,INIT-0003,Carbon Factors,DISPLAY_PUBLISHED,"Recommissioning energy saving = baseline source energy × 3.4%–12.4% (median 6.4%); annual tCO2e saving = (verified electricity kWh saved × 0.13096 + verified gas kWh saved × 0.18231) ÷ 1,000
Chiller at equal cooling output: 1−(3.6÷4.4)=18.2%; 18.2%×0.13096=0.02381 kgCO2e/kWh
AHU at equal airflow and runtime: (2.6−2.3)÷2.6=11.5%; 11.5%×0.13096=0.01511 kgCO2e/kWh",Carbon abatement,Recommissioning: % whole building source energy saving; median % Chiller: theoretical % lower input electricity at equal cooling output; kgCOe avoided per baseline electricity kWh AHU: theoretical % lower fan electricity at equal airflow and runtime; kgCOe avoided per baseline electricity kWh Packaged HVAC: site specific electricity and carbon reduction based on verified seasonal efficiency improvement,PUBLISHED_DISPLAY_VALUE,"Restaurants, QSRs, Pubs/Bars/Breweries, Hotels, Experiential Leisure; Contract Caterers only where delegated asset/capital control is documented",FOUR_SLOT_CARD,EMPTY_STAYS_EMPTY,SHOW_EMPTY,0,0,ACTIVE,ACTIVE,PUBLIC,STANDARD,1.0,2026-08-18,Consolidate.xlsx,4
CRS-0011,CTF-0003,CARD-0011,INIT-0003,Timing Factors,DISPLAY_PUBLISHED,"Recommissioning simple payback = project cost ÷ first-year energy cost saving; 25th percentile 0.8 years, median 1.7 years, 75th percentile 3.5 years; sample 656 projects
Chiller premium payback = £10,000 incremental capital cost ÷ £4,600 annual energy saving = 2.17 years ≈ 2.2 years",Payback,Recommissioning: years; median simple payback years High efficiency chiller incremental premium: year energy only simple payback for a kW benchmark,PUBLISHED_DISPLAY_VALUE,"Restaurants, QSRs, Pubs/Bars/Breweries, Hotels, Experiential Leisure; Contract Caterers only where delegated asset/capital control is documented",FOUR_SLOT_CARD,EMPTY_STAYS_EMPTY,SHOW_EMPTY,0,0,ACTIVE,ACTIVE,PUBLIC,STANDARD,1.0,2026-08-18,Consolidate.xlsx,4
CRS-0012,CEF-0003,CARD-0012,INIT-0003,Efficiency Factors,DISPLAY_PUBLISHED,"Chiller SSEER uplift = (4.4−3.6)÷3.6=22.2%; theoretical input-energy reduction = 1−(3.6÷4.4)=18.2%
AHU SFP reduction = (2.6−2.3)÷2.6=11.5%; actual site performance depends on load, controls, ductwork and operating hours
Recommissioning median 6.4% reflects whole-building source-energy savings across the cited project sample and is not additive to the equipment-specific benchmarks",Efficiency,Recommissioning: median % whole building source energy saving Chiller specification benchmark: SSEER → (+%); theoretical input energy reduction % at equal cooling output AHU specification benchmark: SFP → W/(l/s) (−%) at equal airflow and runtime,PUBLISHED_DISPLAY_VALUE,"Restaurants, QSRs, Pubs/Bars/Breweries, Hotels, Experiential Leisure; Contract Caterers only where delegated asset/capital control is documented",FOUR_SLOT_CARD,EMPTY_STAYS_EMPTY,SHOW_EMPTY,0,0,ACTIVE,ACTIVE,PUBLIC,STANDARD,1.0,2026-08-18,Consolidate.xlsx,4
CRS-0013,CCF-0004,CARD-0013,INIT-0004,Cost Factors,DISPLAY_PUBLISHED,"The 2025 terms provide the per-tap monthly service fees. The 10-tap benchmark is (10 × £30 + £31 + £16) × 12 = £4,164 ex VAT. HEINEKEN retains ownership of installed SmartDispense equipment, so the published equipment values are replacement values rather than customer purchase prices.",Cost,SmartDispense CellarPro BarPro CF or CellarPro CF: /tap/month ex VAT for HEINEKEN and partner brands; /tap/month for third party brands. Underbar: / per tap/month. Cellar Manager: /month. Remote Manager: /month. Ten partner brand taps plus both energy controls: /year ex VAT.,PUBLISHED_DISPLAY_VALUE,"Pubs, bars and breweries; restaurants, hotels, experiential leisure and contract caterers operating draught beer or cider",FOUR_SLOT_CARD,EMPTY_STAYS_EMPTY,SHOW_EMPTY,0,0,ACTIVE,ACTIVE,PUBLIC,STANDARD,1.0,2026-08-18,Consolidate.xlsx,5
CRS-0014,CPF-0004,CARD-0014,INIT-0004,Carbon Factors,DISPLAY_PUBLISHED,"The combined benchmark adds the two HEINEKEN control examples: 5,221 + 1,750 = 6,971 kWh/year and 1.11 + 0.32 = 1.43 tCO2e/year. This covers cooling-control electricity only; avoided beer, water, dispense gas and cleaning chemicals are additional but are not converted to carbon because the cited sources do not provide product-specific factors.",Carbon abatement,Cellar Manager: kWh and tCOe/year; Remote Manager: kWh and tCOe/year; combined: kWh and tCOe/year,PUBLISHED_DISPLAY_VALUE,"Pubs, bars and breweries; restaurants, hotels, experiential leisure and contract caterers operating draught beer or cider",FOUR_SLOT_CARD,EMPTY_STAYS_EMPTY,SHOW_EMPTY,0,0,ACTIVE,ACTIVE,PUBLIC,STANDARD,1.0,2026-08-18,Consolidate.xlsx,5
CRS-0015,CTF-0004,CARD-0015,INIT-0004,Timing Factors,DISPLAY_PUBLISHED,"Annual fees = (£31 + £16) × 12 = £564. Gross annual saving = £1,529 + £513 = £2,042. Net annual benefit = £2,042 − £564 = £1,478. Annual ROI = £1,478 ÷ £564 = 262%. This combines two supplier worked examples at £0.2929/kWh and excludes wider product, water, chemical, labour and sales benefits.",ROI,Annual service fees: ex VAT; gross annual energy cost saving: ; net annual benefit: ; annual ROI: %; assumed electricity price: /kWh,PUBLISHED_DISPLAY_VALUE,"Pubs, bars and breweries; restaurants, hotels, experiential leisure and contract caterers operating draught beer or cider",FOUR_SLOT_CARD,EMPTY_STAYS_EMPTY,SHOW_EMPTY,0,0,ACTIVE,ACTIVE,PUBLIC,STANDARD,1.0,2026-08-18,Consolidate.xlsx,5
CRS-0016,CEF-0004,CARD-0016,INIT-0004,Efficiency Factors,DISPLAY_PUBLISHED,"The 18,000-pint figure is HEINEKEN’s current CellarPro average for 10 taps, weekly baseline cleaning and at least three kegs per tap per week. The 156 hours assumes three staff hours per week avoided. The 85% figure compares weekly with six-weekly cleaning. The 4% sales result comprises 3% attributed to improved quality and 1% to staff training in Vianet Beer Insights 2019/20. These outcomes overlap and should not be added together.",Efficiency,pints/year combined beer water gas and chemicals; staff hours/year; % reduction in beer water CO and cleaning material waste from weekly to six weekly cleaning; average pints of water/year; % annual sales increase,PUBLISHED_DISPLAY_VALUE,"Pubs, bars and breweries; restaurants, hotels, experiential leisure and contract caterers operating draught beer or cider",FOUR_SLOT_CARD,EMPTY_STAYS_EMPTY,SHOW_EMPTY,0,0,ACTIVE,ACTIVE,PUBLIC,STANDARD,1.0,2026-08-18,Consolidate.xlsx,5
CRS-0017,CCF-0005,CARD-0017,INIT-0005,Cost Factors,DISPLAY_PUBLISHED,"Direct UK supplier prices for timer hardware. Plug-in units suit appropriate socket loads; fused-spur units suit fixed low-load equipment; heating programmers control separate heating and hot-water schedules; commercial controllers suit more robust applications. Hardwired, high-load and three-phase equipment may require an electrician, enclosure, relay or contactor, so installed cost should be quoted site by site.",Cost,Plug in day timer: inc VAT A and up to kW; fused spur day timer: inc VAT and suitable for loads up to kW; two channel heating and hot water programmer: inc VAT; commercial day A controller: ex VAT,PUBLISHED_DISPLAY_VALUE,"Restaurants; QSR; pubs, bars and breweries; contract caterers with control of site equipment; hotels; experiential leisure",FOUR_SLOT_CARD,EMPTY_STAYS_EMPTY,SHOW_EMPTY,0,0,ACTIVE,ACTIVE,PUBLIC,STANDARD,1.0,2026-08-18,Consolidate.xlsx,6
CRS-0018,CPF-0005,CARD-0018,INIT-0005,Carbon Factors,DISPLAY_PUBLISHED,"Electricity: 1 kW × 8 hours/day × 365 days = 2,920 kWh/year; 2,920 × 0.13096 kgCO2e/kWh ÷ 1,000 = 0.382 tCO2e/year. Natural gas: 2,920 × 0.18231 kgCO2e/kWh ÷ 1,000 = 0.532 tCO2e/year. The Folly and hotel figures use their reported annual energy reductions; converted carbon values use the same UK factors. Actual savings depend on measured load, duty cycle and avoidable runtime.",Carbon abatement,Normalised electric load: kW switched off for hours/day = kWh/year and tCOe/year; normalised gas input: kWh/year = tCOe/year; The Folly hot water timer benchmark: kWh and approximately tCOe/year; hotel whirlpool blower benchmark: kWh and approximately tCOe/year,PUBLISHED_DISPLAY_VALUE,"Restaurants; QSR; pubs, bars and breweries; contract caterers with control of site equipment; hotels; experiential leisure",FOUR_SLOT_CARD,EMPTY_STAYS_EMPTY,SHOW_EMPTY,0,0,ACTIVE,ACTIVE,PUBLIC,STANDARD,1.0,2026-08-18,Consolidate.xlsx,6
CRS-0019,CTF-0005,CARD-0019,INIT-0005,Timing Factors,DISPLAY_PUBLISHED,"Simple payback = installed cost ÷ annual energy-cost saving. The Folly audit summary reports £68 ÷ £18/year = 3.8 years. The hotel guide reports a sub-one-month payback for a 15-minute wind-up timer. These benchmarks should not be applied to other loads without confirming installed cost, tariff, load and avoidable runtime.",Payback,Hotel whirlpool blower run back timer: payback under month; The Folly hot water timer audit summary: cost annual saving and year payback,PUBLISHED_DISPLAY_VALUE,"Restaurants; QSR; pubs, bars and breweries; contract caterers with control of site equipment; hotels; experiential leisure",FOUR_SLOT_CARD,EMPTY_STAYS_EMPTY,SHOW_EMPTY,0,0,ACTIVE,ACTIVE,PUBLIC,STANDARD,1.0,2026-08-18,Consolidate.xlsx,6
CRS-0020,CEF-0005,CARD-0020,INIT-0005,Efficiency Factors,DISPLAY_PUBLISHED,Runtime reduction is a direct proxy only for constant loads. Cycling loads require before-and-after metering because energy does not always fall one-for-one with operating hours. The Stonegate and hotel results are equipment-specific direct benchmarks; the kitchen figure is sector guidance; the QSR figures are supplier-reported results from a three-site six-week test and should be treated as indicative rather than additive.,Efficiency,Normalised constant load: ÷ = % runtime reduction; Stonegate Smart Python Timers: further % remote cooler energy reduction; hotel minute run back timer: hours/year or % blower runtime reduction and kWh/year; Hospitality Sector Council guidance: up to % kitchen energy reduction when cooking equipment operates only when required; QSR supplier case: up to % walk in % HVAC and % lighting energy reduction,PUBLISHED_DISPLAY_VALUE,"Restaurants; QSR; pubs, bars and breweries; contract caterers with control of site equipment; hotels; experiential leisure",FOUR_SLOT_CARD,EMPTY_STAYS_EMPTY,SHOW_EMPTY,0,0,ACTIVE,ACTIVE,PUBLIC,STANDARD,1.0,2026-08-18,Consolidate.xlsx,6
CRS-0021,CCF-0006,CARD-0021,INIT-0006,Cost Factors,DISPLAY_PUBLISHED,"Inverters: £4,800 ÷ 4 = £1,200/unit
All-in VSD project: (£4,800 + £3,000 + £2,340) = £10,140 ≈ £10,000; £10,000 ÷ 4 = £2,500/pump point
High-efficiency motor: £1,300 ÷ 11 kW = £118.18/kW ≈ £118/kW
DCKV implied investment: £9,041/year × 1.88 years = £16,997.08 ≈ £17,000/site",Cost,VSD: per installed kW inverter; approximately per pump point including controls design and making good ( unit project average) High efficiency motor: per kW IE motor; /kW purchase only ( example) Demand controlled kitchen ventilation: approximately /site inferred from the cited pub saving and payback,PUBLISHED_DISPLAY_VALUE,"Restaurants, QSRs, Pubs/Bars/Breweries, Hotels, Contract Caterers, Experiential Leisure; kitchen demand controls apply only where commercial kitchens and relevant asset/control rights exist",FOUR_SLOT_CARD,EMPTY_STAYS_EMPTY,SHOW_EMPTY,0,0,ACTIVE,ACTIVE,PUBLIC,STANDARD,1.0,2026-08-18,Consolidate.xlsx,7
CRS-0022,CPF-0006,CARD-0022,INIT-0006,Carbon Factors,DISPLAY_PUBLISHED,"VSD case: 39,523 kWh/year × 0.13096 ÷ 1,000 = 5.176 tCO2e/year
DCKV case: 36,167 kWh/year × 0.13096 ÷ 1,000 = 4.736 tCO2e/year
High-efficiency motor: 2%–5% × 0.13096 = 0.00262–0.00655 kgCO2e/baseline kWh",Carbon abatement,VSD building pump case: tCOe/year at the UK grid factor DCKV pub case: tCOe/site year at the UK grid factor High efficiency motor: kgCOe avoided per baseline motor kWh,PUBLISHED_DISPLAY_VALUE,"Restaurants, QSRs, Pubs/Bars/Breweries, Hotels, Contract Caterers, Experiential Leisure; kitchen demand controls apply only where commercial kitchens and relevant asset/control rights exist",FOUR_SLOT_CARD,EMPTY_STAYS_EMPTY,SHOW_EMPTY,0,0,ACTIVE,ACTIVE,PUBLIC,STANDARD,1.0,2026-08-18,Consolidate.xlsx,7
CRS-0023,CTF-0006,CARD-0023,INIT-0006,Timing Factors,DISPLAY_PUBLISHED,"VSD: £2,900 implementation cost ÷ £3,560 annual electricity saving = 0.815 years = 9.8 months
DCKV: £16,997 implied investment ÷ £9,041 annual saving = 1.88 years",Payback,VSD building pump retrofit: year simple payback (approximately months) Demand controlled kitchen ventilation pub case: year simple payback,PUBLISHED_DISPLAY_VALUE,"Restaurants, QSRs, Pubs/Bars/Breweries, Hotels, Contract Caterers, Experiential Leisure; kitchen demand controls apply only where commercial kitchens and relevant asset/control rights exist",FOUR_SLOT_CARD,EMPTY_STAYS_EMPTY,SHOW_EMPTY,0,0,ACTIVE,ACTIVE,PUBLIC,STANDARD,1.0,2026-08-18,Consolidate.xlsx,7
CRS-0024,CEF-0006,CARD-0024,INIT-0006,Efficiency Factors,DISPLAY_PUBLISHED,"The VSD result is measured; ideal variable-torque cross-check = 1−0.84³ = 40.7%, versus 41.8% measured. The high-efficiency-motor range is guidance and depends on existing/replacement efficiency, loading and operating hours. For DCKV, implied baseline fan electricity = 36,167 kWh ÷ 69% = 52,416 kWh/year and implied post-installation use = 16,249 kWh/year; the 50%–60% range is supplier-reported, not guaranteed.",Efficiency,VSD building pump case: % speed reduction → % measured power demand reduction High efficiency motors: % lower energy use Demand controlled kitchen ventilation: % fan energy reduction in the Jack Fairman pub case; % supplier stated typical reduction,PUBLISHED_DISPLAY_VALUE,"Restaurants, QSRs, Pubs/Bars/Breweries, Hotels, Contract Caterers, Experiential Leisure; kitchen demand controls apply only where commercial kitchens and relevant asset/control rights exist",FOUR_SLOT_CARD,EMPTY_STAYS_EMPTY,SHOW_EMPTY,0,0,ACTIVE,ACTIVE,PUBLIC,STANDARD,1.0,2026-08-18,Consolidate.xlsx,7
CRS-0025,CCF-0007,CARD-0025,INIT-0007,Cost Factors,DISPLAY_PUBLISHED,">£64,000 ÷ 250 kWth = >£256/kWth
>£64,000 ÷ 943 MWhth/year = >£67.9 per annual MWhth recovered",Cost,Refrigeration condenser heat recovery: > per kWth system; >/kWth; > per annual MWhth recovered ( case) Cooking extract and wastewater heat recovery: supplier quote required,PUBLISHED_DISPLAY_VALUE,"Restaurants, QSRs, Pubs/Bars/Breweries, Hotels, Contract Caterers, Experiential Leisure",FOUR_SLOT_CARD,EMPTY_STAYS_EMPTY,SHOW_EMPTY,0,0,ACTIVE,ACTIVE,PUBLIC,STANDARD,1.0,2026-08-18,Consolidate.xlsx,8
CRS-0026,CPF-0007,CARD-0026,INIT-0007,Carbon Factors,DISPLAY_PUBLISHED,"Displaced gas = useful recovered heat ÷ boiler efficiency
Case = 943,000 kWhth ÷ 85% = 1,109,412 kWh gas; 1,109,412 × 0.18231 ÷ 1,000 = 202.3 tCO2e/year",Carbon abatement,kgCOe avoided per useful recovered kWhth displacing an % efficient gas boiler; tCOe/year for the MWhth refrigeration case at the UK gas factor,PUBLISHED_DISPLAY_VALUE,"Restaurants, QSRs, Pubs/Bars/Breweries, Hotels, Contract Caterers, Experiential Leisure",FOUR_SLOT_CARD,EMPTY_STAYS_EMPTY,SHOW_EMPTY,0,0,ACTIVE,ACTIVE,PUBLIC,STANDARD,1.0,2026-08-18,Consolidate.xlsx,8
CRS-0027,CTF-0007,CARD-0027,INIT-0007,Timing Factors,DISPLAY_PUBLISHED,"Gross: >£64,000 ÷ <£22,000/year = >2.9 years
After 30% grant: >£64,000 × 70% ÷ <£22,000/year = >2.0 years; the source reports a two-year payback using unrounded project figures",Payback,Refrigeration heat recovery: > year gross simple payback from rounded case figures; year reported payback after a % grant; general guidance years,PUBLISHED_DISPLAY_VALUE,"Restaurants, QSRs, Pubs/Bars/Breweries, Hotels, Contract Caterers, Experiential Leisure",FOUR_SLOT_CARD,EMPTY_STAYS_EMPTY,SHOW_EMPTY,0,0,ACTIVE,ACTIVE,PUBLIC,STANDARD,1.0,2026-08-18,Consolidate.xlsx,8
CRS-0028,CEF-0007,CARD-0028,INIT-0007,Efficiency Factors,DISPLAY_PUBLISHED,"Refrigeration case equivalent utilisation = 943,000 kWh ÷ 250 kW = 3,772 full-load hours/year. Cooking-extract value is a Hospitality Sector Council simulation; the field-trial result and payback were not published. Wastewater score combines tested heat-recovery efficiency and an installation utilisation factor.",Efficiency,Refrigeration case: MWhth/year recovered from a kWth exchanger Cooking extract heat recovery: MWh/year simulated per restaurant not yet verified Wastewater heat recovery: ETL Heat Recovery Score ≥ horizontal; ≥ vertical/plant room,PUBLISHED_DISPLAY_VALUE,"Restaurants, QSRs, Pubs/Bars/Breweries, Hotels, Contract Caterers, Experiential Leisure",FOUR_SLOT_CARD,EMPTY_STAYS_EMPTY,SHOW_EMPTY,0,0,ACTIVE,ACTIVE,PUBLIC,STANDARD,1.0,2026-08-18,Consolidate.xlsx,8
CRS-0029,CCF-0008,CARD-0029,INIT-0008,Cost Factors,DISPLAY_PUBLISHED,"NHS implied pre-control annual fuel cost: £9,605 ÷ 7.03% = £136,629",Cost,/year fuel cost saving (NHS); /year energy saving (Leadenhall),PUBLISHED_DISPLAY_VALUE,"Restaurants, QSRs, Pubs/Bars/Breweries, Hotels, Experiential Leisure; Contract Caterers only where delegated asset/capital control is documented",FOUR_SLOT_CARD,EMPTY_STAYS_EMPTY,SHOW_EMPTY,0,0,ACTIVE,ACTIVE,PUBLIC,STANDARD,1.0,2026-08-18,Consolidate.xlsx,9
CRS-0030,CPF-0008,CARD-0030,INIT-0008,Carbon Factors,DISPLAY_PUBLISHED,Reported annual reduction = 180 tCO2/year,Carbon abatement,tCO/year reduction (Leadenhall case),PUBLISHED_DISPLAY_VALUE,"Restaurants, QSRs, Pubs/Bars/Breweries, Hotels, Experiential Leisure; Contract Caterers only where delegated asset/capital control is documented",FOUR_SLOT_CARD,EMPTY_STAYS_EMPTY,SHOW_EMPTY,0,0,ACTIVE,ACTIVE,PUBLIC,STANDARD,1.0,2026-08-18,Consolidate.xlsx,9
CRS-0031,CTF-0008,CARD-0031,INIT-0008,Timing Factors,DISPLAY_PUBLISHED,Reported ROI = 2 years,Payback,years,PUBLISHED_DISPLAY_VALUE,"Restaurants, QSRs, Pubs/Bars/Breweries, Hotels, Experiential Leisure; Contract Caterers only where delegated asset/capital control is documented",FOUR_SLOT_CARD,EMPTY_STAYS_EMPTY,SHOW_EMPTY,0,0,ACTIVE,ACTIVE,PUBLIC,STANDARD,1.0,2026-08-18,Consolidate.xlsx,9
CRS-0032,CEF-0008,CARD-0032,INIT-0008,Efficiency Factors,DISPLAY_PUBLISHED,Published before/after reductions = 0.84% / 7.03% / 15.14% / 59.26%,Efficiency,NHS: % gross efficiency improvement; % fuel cost reduction; % emissions reduction; % NOx reduction,PUBLISHED_DISPLAY_VALUE,"Restaurants, QSRs, Pubs/Bars/Breweries, Hotels, Experiential Leisure; Contract Caterers only where delegated asset/capital control is documented",FOUR_SLOT_CARD,EMPTY_STAYS_EMPTY,SHOW_EMPTY,0,0,ACTIVE,ACTIVE,PUBLIC,STANDARD,1.0,2026-08-18,Consolidate.xlsx,9
CRS-0033,CCF-0009,CARD-0033,INIT-0009,Cost Factors,DISPLAY_PUBLISHED,"£1,453 = 1,940 ÷ 1.3356
£1,739 = 2,323 ÷ 1.3356
£1,998 = 2,668 ÷ 1.3356",Cost,DHW recirculation demand control: per hotel system ( converted) Generation storage insulation and distribution upgrades: supplier quote required,PUBLISHED_DISPLAY_VALUE,"Restaurants, QSRs, Pubs/Bars/Breweries, Hotels, Experiential Leisure; Contract Caterers only where delegated asset/capital control is documented",FOUR_SLOT_CARD,EMPTY_STAYS_EMPTY,SHOW_EMPTY,0,0,ACTIVE,ACTIVE,PUBLIC,STANDARD,1.0,2026-08-18,Consolidate.xlsx,10
CRS-0034,CPF-0009,CARD-0034,INIT-0009,Carbon Factors,DISPLAY_PUBLISHED,"Hotel 1: (986 therm × 29.3071 kWh/therm × 0.18231 + 2,575 kWh × 0.13096) ÷ 1,000 = 5.61 tCO2e/year
Hotel 2: (1,304 therm × 29.3071 × 0.18231 + 627 kWh × 0.13096) ÷ 1,000 = 7.05 tCO2e/year",Carbon abatement,tCOe/hotel year for the two fully measured hotel cases at UK factors,PUBLISHED_DISPLAY_VALUE,"Restaurants, QSRs, Pubs/Bars/Breweries, Hotels, Experiential Leisure; Contract Caterers only where delegated asset/capital control is documented",FOUR_SLOT_CARD,EMPTY_STAYS_EMPTY,SHOW_EMPTY,0,0,ACTIVE,ACTIVE,PUBLIC,STANDARD,1.0,2026-08-18,Consolidate.xlsx,10
CRS-0035,CTF-0009,CARD-0035,INIT-0009,Timing Factors,DISPLAY_PUBLISHED,"Measured hotel 1: £1,998 ÷ £952/year = 2.10 years
Measured hotel 2: £1,739 ÷ £988/year = 1.76 years ≈ 1.8 years
Third hotel: £1,453 ÷ £1,478/year = 0.98 years ≈ 1.0 year; annual saving was estimated, not measured",Payback,year simple payback in two fully measured hotel cases; year estimated for a third hotel,PUBLISHED_DISPLAY_VALUE,"Restaurants, QSRs, Pubs/Bars/Breweries, Hotels, Experiential Leisure; Contract Caterers only where delegated asset/capital control is documented",FOUR_SLOT_CARD,EMPTY_STAYS_EMPTY,SHOW_EMPTY,0,0,ACTIVE,ACTIVE,PUBLIC,STANDARD,1.0,2026-08-18,Consolidate.xlsx,10
CRS-0036,CEF-0009,CARD-0036,INIT-0009,Efficiency Factors,DISPLAY_PUBLISHED,"Hotel 1: 986 ÷ 9,965 = 9.9% thermal; 2,575 ÷ 3,679 = 70.0% pump electricity
Hotel 2: 1,304 ÷ 8,211 = 15.9% thermal; 627 ÷ 675 = 92.9% pump electricity
Daily hot-water use remained 3,210 and 1,822 gallons respectively.",Efficiency,Measured hotel cases: % lower DHW thermal energy; % lower recirculation pump electricity; no reduction in hot water use,PUBLISHED_DISPLAY_VALUE,"Restaurants, QSRs, Pubs/Bars/Breweries, Hotels, Experiential Leisure; Contract Caterers only where delegated asset/capital control is documented",FOUR_SLOT_CARD,EMPTY_STAYS_EMPTY,SHOW_EMPTY,0,0,ACTIVE,ACTIVE,PUBLIC,STANDARD,1.0,2026-08-18,Consolidate.xlsx,10
CRS-0037,CCF-0010,CARD-0037,INIT-0010,Cost Factors,DISPLAY_PUBLISHED,1 × £22.82 = £22.82; published installed range = £150–£300,Cost,per plug in timer; per hardwired time clock point,PUBLISHED_DISPLAY_VALUE,"Restaurants, QSRs, Pubs/Bars/Breweries, Hotels, Contract Caterers, Experiential Leisure",FOUR_SLOT_CARD,EMPTY_STAYS_EMPTY,SHOW_EMPTY,0,0,ACTIVE,ACTIVE,PUBLIC,STANDARD,1.0,2026-08-18,Consolidate.xlsx,11
CRS-0038,CPF-0010,CARD-0038,INIT-0010,Carbon Factors,DISPLAY_PUBLISHED,48% × 0.13096 = 0.06286 kgCO2e/baseline kWh,Carbon abatement,kgCOe per baseline kWh controlled,PUBLISHED_DISPLAY_VALUE,"Restaurants, QSRs, Pubs/Bars/Breweries, Hotels, Contract Caterers, Experiential Leisure",FOUR_SLOT_CARD,EMPTY_STAYS_EMPTY,SHOW_EMPTY,0,0,ACTIVE,ACTIVE,PUBLIC,STANDARD,1.0,2026-08-18,Consolidate.xlsx,11
CRS-0039,CTF-0010,CARD-0039,INIT-0010,Timing Factors,DISPLAY_PUBLISHED,Published simple-payback results for schedule-timer advanced power strips,Payback,years for kitchens; years for miscellaneous devices,PUBLISHED_DISPLAY_VALUE,"Restaurants, QSRs, Pubs/Bars/Breweries, Hotels, Contract Caterers, Experiential Leisure",FOUR_SLOT_CARD,EMPTY_STAYS_EMPTY,SHOW_EMPTY,0,0,ACTIVE,ACTIVE,PUBLIC,STANDARD,1.0,2026-08-18,Consolidate.xlsx,11
CRS-0040,CEF-0010,CARD-0040,INIT-0010,Efficiency Factors,DISPLAY_PUBLISHED,Measured schedule-timer savings across eight GSA office buildings,Efficiency,% average plug load reduction; % at workstations; nearly % in kitchens/printer rooms,PUBLISHED_DISPLAY_VALUE,"Restaurants, QSRs, Pubs/Bars/Breweries, Hotels, Contract Caterers, Experiential Leisure",FOUR_SLOT_CARD,EMPTY_STAYS_EMPTY,SHOW_EMPTY,0,0,ACTIVE,ACTIVE,PUBLIC,STANDARD,1.0,2026-08-18,Consolidate.xlsx,11
CRS-0041,CCF-0011,CARD-0041,INIT-0011,Cost Factors,UNSPECIFIED,,Cost,,PUBLISHED_DISPLAY_VALUE,"Hotels, larger Restaurants/QSRs, Pubs/Bars/Breweries, Contract Caterers and Experiential Leisure with material managed IT loads",FOUR_SLOT_CARD,EMPTY_STAYS_EMPTY,SHOW_EMPTY,0,0,ACTIVE,ACTIVE,PUBLIC,GAP,1.0,2026-08-18,Consolidate.xlsx,12
CRS-0042,CPF-0011,CARD-0042,INIT-0011,Carbon Factors,DISPLAY_PUBLISHED,(33−9) kWh/month × 12 × 0.13096 = 37.72 kgCO2e/year,Carbon abatement,kgCOe/computer year,PUBLISHED_DISPLAY_VALUE,"Hotels, larger Restaurants/QSRs, Pubs/Bars/Breweries, Contract Caterers and Experiential Leisure with material managed IT loads",FOUR_SLOT_CARD,EMPTY_STAYS_EMPTY,SHOW_EMPTY,0,0,ACTIVE,ACTIVE,PUBLIC,STANDARD,1.0,2026-08-18,Consolidate.xlsx,12
CRS-0043,CTF-0011,CARD-0043,INIT-0011,Timing Factors,DISPLAY_PUBLISHED,Implementation labour cost was not reported,Payback,Not calculable from published data,PUBLISHED_DISPLAY_VALUE,"Hotels, larger Restaurants/QSRs, Pubs/Bars/Breweries, Contract Caterers and Experiential Leisure with material managed IT loads",FOUR_SLOT_CARD,EMPTY_STAYS_EMPTY,SHOW_EMPTY,0,0,ACTIVE,ACTIVE,PUBLIC,STANDARD,1.0,2026-08-18,Consolidate.xlsx,12
CRS-0044,CEF-0011,CARD-0044,INIT-0011,Efficiency Factors,DISPLAY_PUBLISHED,"(33−9) × 12 = 288 kWh/year; (120,000−31,000) ÷ 120,000 = 74%",Efficiency,% electricity reduction; kWh/computer year saved,PUBLISHED_DISPLAY_VALUE,"Hotels, larger Restaurants/QSRs, Pubs/Bars/Breweries, Contract Caterers and Experiential Leisure with material managed IT loads",FOUR_SLOT_CARD,EMPTY_STAYS_EMPTY,SHOW_EMPTY,0,0,ACTIVE,ACTIVE,PUBLIC,STANDARD,1.0,2026-08-18,Consolidate.xlsx,12
CRS-0045,CCF-0012,CARD-0045,INIT-0012,Cost Factors,DISPLAY_PUBLISHED,"£18,000 controller + £9,500 VVVF-driven main machine = £27,500",Cost,per lift,PUBLISHED_DISPLAY_VALUE,"Hotels, Experiential Leisure and multi-storey hospitality sites with controlled lifts/escalators",FOUR_SLOT_CARD,EMPTY_STAYS_EMPTY,SHOW_EMPTY,0,0,ACTIVE,ACTIVE,PUBLIC,STANDARD,1.0,2026-08-18,Consolidate.xlsx,13
CRS-0046,CPF-0012,CARD-0046,INIT-0012,Carbon Factors,DISPLAY_PUBLISHED,56% × 0.13096 = 0.07334 kgCO₂e/baseline kWh,Carbon abatement,kgCO₂e per baseline kWh,PUBLISHED_DISPLAY_VALUE,"Hotels, Experiential Leisure and multi-storey hospitality sites with controlled lifts/escalators",FOUR_SLOT_CARD,EMPTY_STAYS_EMPTY,SHOW_EMPTY,0,0,ACTIVE,ACTIVE,PUBLIC,STANDARD,1.0,2026-08-18,Consolidate.xlsx,13
CRS-0047,CTF-0012,CARD-0047,INIT-0012,Timing Factors,DISPLAY_PUBLISHED,"£27,500 ÷ (baseline annual lift kWh × 56% × actual £/kWh)",Payback,Site specific,PUBLISHED_DISPLAY_VALUE,"Hotels, Experiential Leisure and multi-storey hospitality sites with controlled lifts/escalators",FOUR_SLOT_CARD,EMPTY_STAYS_EMPTY,SHOW_EMPTY,0,0,ACTIVE,ACTIVE,PUBLIC,STANDARD,1.0,2026-08-18,Consolidate.xlsx,13
CRS-0048,CEF-0012,CARD-0048,INIT-0012,Efficiency Factors,DISPLAY_PUBLISHED,Published hotel-modernisation outcomes; scope and traffic profile determine transferability,Efficiency,% lower lift electricity; separate hotel case: % lower watt hours and % lower peak demand,PUBLISHED_DISPLAY_VALUE,"Hotels, Experiential Leisure and multi-storey hospitality sites with controlled lifts/escalators",FOUR_SLOT_CARD,EMPTY_STAYS_EMPTY,SHOW_EMPTY,0,0,ACTIVE,ACTIVE,PUBLIC,STANDARD,1.0,2026-08-18,Consolidate.xlsx,13
CRS-0049,CCF-0013,CARD-0049,INIT-0013,Cost Factors,DISPLAY_PUBLISHED,"1 drive × £3,000",Cost,per variable speed drive,PUBLISHED_DISPLAY_VALUE,Hotels and Experiential Leisure with swimming pools,FOUR_SLOT_CARD,EMPTY_STAYS_EMPTY,SHOW_EMPTY,0,0,ACTIVE,ACTIVE,PUBLIC,STANDARD,1.0,2026-08-18,Consolidate.xlsx,14
CRS-0050,CPF-0013,CARD-0050,INIT-0013,Carbon Factors,DISPLAY_PUBLISHED,"240,000 kWh ÷ 5 VSDs × 0.13096 ÷ 1,000 = 6.286 tCO2e/year",Carbon abatement,tCOe/VSD year in Leicester case,PUBLISHED_DISPLAY_VALUE,Hotels and Experiential Leisure with swimming pools,FOUR_SLOT_CARD,EMPTY_STAYS_EMPTY,SHOW_EMPTY,0,0,ACTIVE,ACTIVE,PUBLIC,STANDARD,1.0,2026-08-18,Consolidate.xlsx,14
CRS-0051,CTF-0013,CARD-0051,INIT-0013,Timing Factors,DISPLAY_PUBLISHED,"£3,000 ÷ £1,000/year = 3.0; £20,063 ÷ £18,000/year = 1.11",Payback,years typical; years in Leicester case,PUBLISHED_DISPLAY_VALUE,Hotels and Experiential Leisure with swimming pools,FOUR_SLOT_CARD,EMPTY_STAYS_EMPTY,SHOW_EMPTY,0,0,ACTIVE,ACTIVE,PUBLIC,STANDARD,1.0,2026-08-18,Consolidate.xlsx,14
CRS-0052,CEF-0013,CARD-0052,INIT-0013,Efficiency Factors,DISPLAY_PUBLISHED,"240,000 kWh ÷ 5 VSDs = 48,000 kWh/VSD-year",Efficiency,kWh/VSD year saved; no measurable pool water quality deterioration,PUBLISHED_DISPLAY_VALUE,Hotels and Experiential Leisure with swimming pools,FOUR_SLOT_CARD,EMPTY_STAYS_EMPTY,SHOW_EMPTY,0,0,ACTIVE,ACTIVE,PUBLIC,STANDARD,1.0,2026-08-18,Consolidate.xlsx,14
CRS-0053,CCF-0014,CARD-0053,INIT-0014,Cost Factors,DISPLAY_PUBLISHED,Low-GWP system equipment cost = conventional system equipment cost × 1.11,Cost,% incremental refrigeration equipment capex,PUBLISHED_DISPLAY_VALUE,"Restaurants, QSRs, Pubs/Bars/Breweries, Hotels, Contract Caterers, Experiential Leisure",FOUR_SLOT_CARD,EMPTY_STAYS_EMPTY,SHOW_EMPTY,0,0,ACTIVE,ACTIVE,PUBLIC,STANDARD,1.0,2026-08-18,Consolidate.xlsx,15
CRS-0054,CPF-0014,CARD-0054,INIT-0014,Carbon Factors,DISPLAY_PUBLISHED,"(3,943−0.06) ÷ 1,000 = 3.94294 tCO2e/kg",Carbon abatement,tCOe/kg annual leakage avoided (RA→R),PUBLISHED_DISPLAY_VALUE,"Restaurants, QSRs, Pubs/Bars/Breweries, Hotels, Contract Caterers, Experiential Leisure",FOUR_SLOT_CARD,EMPTY_STAYS_EMPTY,SHOW_EMPTY,0,0,ACTIVE,ACTIVE,PUBLIC,STANDARD,1.0,2026-08-18,Consolidate.xlsx,15
CRS-0055,CTF-0014,CARD-0055,INIT-0014,Timing Factors,DISPLAY_PUBLISHED,Published Sobeys transcritical-CO2 system result with heat reclaim,Payback,< years simple payback,PUBLISHED_DISPLAY_VALUE,"Restaurants, QSRs, Pubs/Bars/Breweries, Hotels, Contract Caterers, Experiential Leisure",FOUR_SLOT_CARD,EMPTY_STAYS_EMPTY,SHOW_EMPTY,0,0,ACTIVE,ACTIVE,PUBLIC,STANDARD,1.0,2026-08-18,Consolidate.xlsx,15
CRS-0056,CEF-0014,CARD-0056,INIT-0014,Efficiency Factors,DISPLAY_PUBLISHED,Published Sobeys case results; not a universal hospitality benchmark,Efficiency,% lower installation cost; % lower maintenance cost; % lower heating cost,PUBLISHED_DISPLAY_VALUE,"Restaurants, QSRs, Pubs/Bars/Breweries, Hotels, Contract Caterers, Experiential Leisure",FOUR_SLOT_CARD,EMPTY_STAYS_EMPTY,SHOW_EMPTY,0,0,ACTIVE,ACTIVE,PUBLIC,STANDARD,1.0,2026-08-18,Consolidate.xlsx,15
CRS-0057,CCF-0015,CARD-0057,INIT-0015,Cost Factors,DISPLAY_PUBLISHED,"1 sensor = £500; 2–8 = £4,000; 9–16 = £5,000; ≤32 = £10,000; each extra = £300",Cost,single sensor; for probes; for ; for up to ; +/additional probe ( ETL claim value proxy),PUBLISHED_DISPLAY_VALUE,"Restaurants, QSRs, Pubs/Bars/Breweries, Hotels, Contract Caterers, Experiential Leisure",FOUR_SLOT_CARD,EMPTY_STAYS_EMPTY,SHOW_EMPTY,0,0,ACTIVE,ACTIVE,PUBLIC,STANDARD,1.0,2026-08-18,Consolidate.xlsx,16
CRS-0058,CPF-0015,CARD-0058,INIT-0015,Carbon Factors,DISPLAY_PUBLISHED,Avoided tCO2e = kg leakage avoided × refrigerant factor,Carbon abatement,RA: tCOe/kg leakage avoided; HFC a: ; R:,PUBLISHED_DISPLAY_VALUE,"Restaurants, QSRs, Pubs/Bars/Breweries, Hotels, Contract Caterers, Experiential Leisure",FOUR_SLOT_CARD,EMPTY_STAYS_EMPTY,SHOW_EMPTY,0,0,ACTIVE,ACTIVE,PUBLIC,STANDARD,1.0,2026-08-18,Consolidate.xlsx,16
CRS-0059,CTF-0015,CARD-0059,INIT-0015,Timing Factors,DISPLAY_PUBLISHED,Published payback for locating and repairing commercial-refrigeration leaks,Payback,Rapid repair benchmark: years for small leaks; < year for large leaks,PUBLISHED_DISPLAY_VALUE,"Restaurants, QSRs, Pubs/Bars/Breweries, Hotels, Contract Caterers, Experiential Leisure",FOUR_SLOT_CARD,EMPTY_STAYS_EMPTY,SHOW_EMPTY,0,0,ACTIVE,ACTIVE,PUBLIC,STANDARD,1.0,2026-08-18,Consolidate.xlsx,16
CRS-0060,CEF-0015,CARD-0060,INIT-0015,Efficiency Factors,DISPLAY_PUBLISHED,Published commercial-refrigeration leakage benchmark,Efficiency,Up to % energy cost saving; average annual leakage % of charge; leaking system % less efficient,PUBLISHED_DISPLAY_VALUE,"Restaurants, QSRs, Pubs/Bars/Breweries, Hotels, Contract Caterers, Experiential Leisure",FOUR_SLOT_CARD,EMPTY_STAYS_EMPTY,SHOW_EMPTY,0,0,ACTIVE,ACTIVE,PUBLIC,STANDARD,1.0,2026-08-18,Consolidate.xlsx,16
CRS-0061,CCF-0016,CARD-0061,INIT-0016,Cost Factors,UNSPECIFIED,,Cost,,PUBLISHED_DISPLAY_VALUE,"Restaurants, QSRs, Pubs/Bars/Breweries, Hotels, Contract Caterers, Experiential Leisure",FOUR_SLOT_CARD,EMPTY_STAYS_EMPTY,SHOW_EMPTY,0,0,ACTIVE,ACTIVE,PUBLIC,GAP,1.0,2026-08-18,Consolidate.xlsx,17
CRS-0062,CPF-0016,CARD-0062,INIT-0016,Carbon Factors,UNSPECIFIED,,Carbon abatement,,PUBLISHED_DISPLAY_VALUE,"Restaurants, QSRs, Pubs/Bars/Breweries, Hotels, Contract Caterers, Experiential Leisure",FOUR_SLOT_CARD,EMPTY_STAYS_EMPTY,SHOW_EMPTY,0,0,ACTIVE,ACTIVE,PUBLIC,GAP,1.0,2026-08-18,Consolidate.xlsx,17
CRS-0063,CTF-0016,CARD-0063,INIT-0016,Timing Factors,UNSPECIFIED,,Payback,,PUBLISHED_DISPLAY_VALUE,"Restaurants, QSRs, Pubs/Bars/Breweries, Hotels, Contract Caterers, Experiential Leisure",FOUR_SLOT_CARD,EMPTY_STAYS_EMPTY,SHOW_EMPTY,0,0,ACTIVE,ACTIVE,PUBLIC,GAP,1.0,2026-08-18,Consolidate.xlsx,17
CRS-0064,CEF-0016,CARD-0064,INIT-0016,Efficiency Factors,DISPLAY_PUBLISHED,Centralised records + automated inspection/repair deadlines + instant action triggers,Efficiency,Faster refrigerant event closure; eliminates lag between detection and resolution,PUBLISHED_DISPLAY_VALUE,"Restaurants, QSRs, Pubs/Bars/Breweries, Hotels, Contract Caterers, Experiential Leisure",FOUR_SLOT_CARD,EMPTY_STAYS_EMPTY,SHOW_EMPTY,0,0,ACTIVE,ACTIVE,PUBLIC,STANDARD,1.0,2026-08-18,Consolidate.xlsx,17
CRS-0065,CCF-0017,CARD-0065,INIT-0017,Cost Factors,DISPLAY_PUBLISHED,1 visit × applicable F-gas quantity band; >201 kg = sum of applicable band charges,Cost,/visit (< kg); ( kg); ( kg); + weekend,PUBLISHED_DISPLAY_VALUE,"Restaurants, QSRs, Pubs/Bars/Breweries, Hotels, Contract Caterers, Experiential Leisure",FOUR_SLOT_CARD,EMPTY_STAYS_EMPTY,SHOW_EMPTY,0,0,ACTIVE,ACTIVE,PUBLIC,STANDARD,1.0,2026-08-18,Consolidate.xlsx,18
CRS-0066,CPF-0017,CARD-0066,INIT-0017,Carbon Factors,DISPLAY_PUBLISHED,"3,943 × 90% ÷ 1,000 = 3.5487 tCO2e/kg",Carbon abatement,Up to tCOe/kg original RA charge at % WEEE treatment benchmark,PUBLISHED_DISPLAY_VALUE,"Restaurants, QSRs, Pubs/Bars/Breweries, Hotels, Contract Caterers, Experiential Leisure",FOUR_SLOT_CARD,EMPTY_STAYS_EMPTY,SHOW_EMPTY,0,0,ACTIVE,ACTIVE,PUBLIC,STANDARD,1.0,2026-08-18,Consolidate.xlsx,18
CRS-0067,CTF-0017,CARD-0067,INIT-0017,Timing Factors,DISPLAY_PUBLISHED,"Financial case depends on contractor fee, treatment charge and any recovered-gas credit",Payback,Not a standalone payback measure,PUBLISHED_DISPLAY_VALUE,"Restaurants, QSRs, Pubs/Bars/Breweries, Hotels, Contract Caterers, Experiential Leisure",FOUR_SLOT_CARD,EMPTY_STAYS_EMPTY,SHOW_EMPTY,0,0,ACTIVE,ACTIVE,PUBLIC,STANDARD,1.0,2026-08-18,Consolidate.xlsx,18
CRS-0068,CEF-0017,CARD-0068,INIT-0017,Efficiency Factors,DISPLAY_PUBLISHED,Recovery rate = refrigerant recovered ÷ (appliance mass loss − oil recovered) × 100,Efficiency,≥% refrigerant recovery; treatment plant designed to remove and collect >%,PUBLISHED_DISPLAY_VALUE,"Restaurants, QSRs, Pubs/Bars/Breweries, Hotels, Contract Caterers, Experiential Leisure",FOUR_SLOT_CARD,EMPTY_STAYS_EMPTY,SHOW_EMPTY,0,0,ACTIVE,ACTIVE,PUBLIC,STANDARD,1.0,2026-08-18,Consolidate.xlsx,18
CRS-0069,CCF-0018,CARD-0069,INIT-0018,Cost Factors,DISPLAY_PUBLISHED,"£30,889 ÷ 3 = £10,296.33; (£30,889−£12,356) ÷ 3 = £6,177.67",Cost,per fridge case normalised project cost; net of stated grant,PUBLISHED_DISPLAY_VALUE,"Restaurants, QSRs, Pubs/Bars/Breweries, Hotels, Contract Caterers, Experiential Leisure",FOUR_SLOT_CARD,EMPTY_STAYS_EMPTY,SHOW_EMPTY,0,0,ACTIVE,ACTIVE,PUBLIC,STANDARD,1.0,2026-08-18,Consolidate.xlsx,19
CRS-0070,CPF-0018,CARD-0070,INIT-0018,Carbon Factors,DISPLAY_PUBLISHED,"(4.71−0.81) × 365 × 0.13096 ÷ 1,000 = 0.18642 tCO2e/year",Carbon abatement,tCOe/bottle cooler year,PUBLISHED_DISPLAY_VALUE,"Restaurants, QSRs, Pubs/Bars/Breweries, Hotels, Contract Caterers, Experiential Leisure",FOUR_SLOT_CARD,EMPTY_STAYS_EMPTY,SHOW_EMPTY,0,0,ACTIVE,ACTIVE,PUBLIC,STANDARD,1.0,2026-08-18,Consolidate.xlsx,19
CRS-0071,CTF-0018,CARD-0071,INIT-0018,Timing Factors,DISPLAY_PUBLISHED,"£30,889 ÷ £15,000 = 2.06; (£30,889−£12,356) ÷ £15,000 = 1.24",Payback,years gross; years net of stated grant,PUBLISHED_DISPLAY_VALUE,"Restaurants, QSRs, Pubs/Bars/Breweries, Hotels, Contract Caterers, Experiential Leisure",FOUR_SLOT_CARD,EMPTY_STAYS_EMPTY,SHOW_EMPTY,0,0,ACTIVE,ACTIVE,PUBLIC,STANDARD,1.0,2026-08-18,Consolidate.xlsx,19
CRS-0072,CEF-0018,CARD-0072,INIT-0018,Efficiency Factors,DISPLAY_PUBLISHED,"(4.71−0.81) ÷ 4.71 = 82.8%; (4.71−0.81) × 365 = 1,423.5 kWh/year",Efficiency,% lower electricity; kWh/cooler year saved; fan life →nearly years,PUBLISHED_DISPLAY_VALUE,"Restaurants, QSRs, Pubs/Bars/Breweries, Hotels, Contract Caterers, Experiential Leisure",FOUR_SLOT_CARD,EMPTY_STAYS_EMPTY,SHOW_EMPTY,0,0,ACTIVE,ACTIVE,PUBLIC,STANDARD,1.0,2026-08-18,Consolidate.xlsx,19
CRS-0073,CCF-0019,CARD-0073,INIT-0019,Cost Factors,UNSPECIFIED,,Cost,,PUBLISHED_DISPLAY_VALUE,"Restaurants, QSRs, Pubs/Bars/Breweries, Hotels, Contract Caterers, Experiential Leisure",FOUR_SLOT_CARD,EMPTY_STAYS_EMPTY,SHOW_EMPTY,0,0,ACTIVE,ACTIVE,PUBLIC,GAP,1.0,2026-08-18,Consolidate.xlsx,20
CRS-0074,CPF-0019,CARD-0074,INIT-0019,Carbon Factors,DISPLAY_PUBLISHED,10% × 0.13096 = 0.013096 kgCO₂e/baseline kWh,Carbon abatement,kgCO₂e per baseline freezer kWh,PUBLISHED_DISPLAY_VALUE,"Restaurants, QSRs, Pubs/Bars/Breweries, Hotels, Contract Caterers, Experiential Leisure",FOUR_SLOT_CARD,EMPTY_STAYS_EMPTY,SHOW_EMPTY,0,0,ACTIVE,ACTIVE,PUBLIC,STANDARD,1.0,2026-08-18,Consolidate.xlsx,20
CRS-0075,CTF-0019,CARD-0075,INIT-0019,Timing Factors,UNSPECIFIED,,Payback,,PUBLISHED_DISPLAY_VALUE,"Restaurants, QSRs, Pubs/Bars/Breweries, Hotels, Contract Caterers, Experiential Leisure",FOUR_SLOT_CARD,EMPTY_STAYS_EMPTY,SHOW_EMPTY,0,0,ACTIVE,ACTIVE,PUBLIC,GAP,1.0,2026-08-18,Consolidate.xlsx,20
CRS-0076,CEF-0019,CARD-0076,INIT-0019,Efficiency Factors,DISPLAY_PUBLISHED,Field testing across >24 commercial freezers in restaurants and hotels; validate food quality and safety before adoption,Efficiency,% average freezer energy reduction for −°C to −°C,PUBLISHED_DISPLAY_VALUE,"Restaurants, QSRs, Pubs/Bars/Breweries, Hotels, Contract Caterers, Experiential Leisure",FOUR_SLOT_CARD,EMPTY_STAYS_EMPTY,SHOW_EMPTY,0,0,ACTIVE,ACTIVE,PUBLIC,STANDARD,1.0,2026-08-18,Consolidate.xlsx,20
CRS-0077,CCF-0020,CARD-0077,INIT-0020,Cost Factors,DISPLAY_PUBLISHED,"1 × £378–£599; 1 × £3,969; 1 circuit × £300–£500",Cost,per commercial infrared heater; per premium design led heater; per dedicated outdoor circuit,PUBLISHED_DISPLAY_VALUE,"Restaurants, Pubs/Bars/Breweries and Hotels with outdoor trading areas",FOUR_SLOT_CARD,EMPTY_STAYS_EMPTY,SHOW_EMPTY,0,0,ACTIVE,ACTIVE,PUBLIC,STANDARD,1.0,2026-08-18,Consolidate.xlsx,21
CRS-0078,CPF-0020,CARD-0078,INIT-0020,Carbon Factors,DISPLAY_PUBLISHED,Published typical annual emission estimate,Carbon abatement,> tCO₂/heater/year (legacy estimate),PUBLISHED_DISPLAY_VALUE,"Restaurants, Pubs/Bars/Breweries and Hotels with outdoor trading areas",FOUR_SLOT_CARD,EMPTY_STAYS_EMPTY,SHOW_EMPTY,0,0,ACTIVE,ACTIVE,PUBLIC,STANDARD,1.0,2026-08-18,Consolidate.xlsx,21
CRS-0079,CTF-0020,CARD-0079,INIT-0020,Timing Factors,DISPLAY_PUBLISHED,£9.30 × number of eliminated 2-hour uses,ROI,avoided per hour gas heater use eliminated,PUBLISHED_DISPLAY_VALUE,"Restaurants, Pubs/Bars/Breweries and Hotels with outdoor trading areas",FOUR_SLOT_CARD,EMPTY_STAYS_EMPTY,SHOW_EMPTY,0,0,ACTIVE,ACTIVE,PUBLIC,STANDARD,1.0,2026-08-18,Consolidate.xlsx,21
CRS-0080,CEF-0020,CARD-0080,INIT-0020,Efficiency Factors,DISPLAY_PUBLISHED,(£9.30 − £3.10) ÷ £9.30 = 66.7%,Efficiency,% lower running cost if gas is replaced by electric; infrared targets people/objects,PUBLISHED_DISPLAY_VALUE,"Restaurants, Pubs/Bars/Breweries and Hotels with outdoor trading areas",FOUR_SLOT_CARD,EMPTY_STAYS_EMPTY,SHOW_EMPTY,0,0,ACTIVE,ACTIVE,PUBLIC,STANDARD,1.0,2026-08-18,Consolidate.xlsx,21
CRS-0081,CCF-0021,CARD-0081,INIT-0021,Cost Factors,UNSPECIFIED,,Cost,,PUBLISHED_DISPLAY_VALUE,"Restaurants, QSRs, Pubs/Bars/Breweries, Hotels, Contract Caterers, Experiential Leisure",FOUR_SLOT_CARD,EMPTY_STAYS_EMPTY,SHOW_EMPTY,0,0,ACTIVE,ACTIVE,PUBLIC,GAP,1.0,2026-08-18,Consolidate.xlsx,22
CRS-0082,CPF-0021,CARD-0082,INIT-0021,Carbon Factors,UNSPECIFIED,,Carbon abatement,,PUBLISHED_DISPLAY_VALUE,"Restaurants, QSRs, Pubs/Bars/Breweries, Hotels, Contract Caterers, Experiential Leisure",FOUR_SLOT_CARD,EMPTY_STAYS_EMPTY,SHOW_EMPTY,0,0,ACTIVE,ACTIVE,PUBLIC,GAP,1.0,2026-08-18,Consolidate.xlsx,22
CRS-0083,CTF-0021,CARD-0083,INIT-0021,Timing Factors,UNSPECIFIED,,ROI,,PUBLISHED_DISPLAY_VALUE,"Restaurants, QSRs, Pubs/Bars/Breweries, Hotels, Contract Caterers, Experiential Leisure",FOUR_SLOT_CARD,EMPTY_STAYS_EMPTY,SHOW_EMPTY,0,0,ACTIVE,ACTIVE,PUBLIC,GAP,1.0,2026-08-18,Consolidate.xlsx,22
CRS-0084,CEF-0021,CARD-0084,INIT-0021,Efficiency Factors,DISPLAY_PUBLISHED,578 − 409 = 169; 169 ÷ 578 = 29.2%,Efficiency,kgCO₂e/m² lower WLC estimate (%),PUBLISHED_DISPLAY_VALUE,"Restaurants, QSRs, Pubs/Bars/Breweries, Hotels, Contract Caterers, Experiential Leisure",FOUR_SLOT_CARD,EMPTY_STAYS_EMPTY,SHOW_EMPTY,0,0,ACTIVE,ACTIVE,PUBLIC,STANDARD,1.0,2026-08-18,Consolidate.xlsx,22
CRS-0085,CCF-0022,CARD-0085,INIT-0022,Cost Factors,UNSPECIFIED,,Cost,,PUBLISHED_DISPLAY_VALUE,"Restaurants, QSRs, Pubs/Bars/Breweries, Hotels, Experiential Leisure; Contract Caterers only where delegated asset/capital control is documented",FOUR_SLOT_CARD,EMPTY_STAYS_EMPTY,SHOW_EMPTY,0,0,ACTIVE,ACTIVE,PUBLIC,GAP,1.0,2026-08-18,Consolidate.xlsx,23
CRS-0086,CPF-0022,CARD-0086,INIT-0022,Carbon Factors,UNSPECIFIED,,Carbon abatement,,PUBLISHED_DISPLAY_VALUE,"Restaurants, QSRs, Pubs/Bars/Breweries, Hotels, Experiential Leisure; Contract Caterers only where delegated asset/capital control is documented",FOUR_SLOT_CARD,EMPTY_STAYS_EMPTY,SHOW_EMPTY,0,0,ACTIVE,ACTIVE,PUBLIC,GAP,1.0,2026-08-18,Consolidate.xlsx,23
CRS-0087,CTF-0022,CARD-0087,INIT-0022,Timing Factors,UNSPECIFIED,,ROI,,PUBLISHED_DISPLAY_VALUE,"Restaurants, QSRs, Pubs/Bars/Breweries, Hotels, Experiential Leisure; Contract Caterers only where delegated asset/capital control is documented",FOUR_SLOT_CARD,EMPTY_STAYS_EMPTY,SHOW_EMPTY,0,0,ACTIVE,ACTIVE,PUBLIC,GAP,1.0,2026-08-18,Consolidate.xlsx,23
CRS-0088,CEF-0022,CARD-0088,INIT-0022,Efficiency Factors,UNSPECIFIED,,Efficiency,,PUBLISHED_DISPLAY_VALUE,"Restaurants, QSRs, Pubs/Bars/Breweries, Hotels, Experiential Leisure; Contract Caterers only where delegated asset/capital control is documented",FOUR_SLOT_CARD,EMPTY_STAYS_EMPTY,SHOW_EMPTY,0,0,ACTIVE,ACTIVE,PUBLIC,GAP,1.0,2026-08-18,Consolidate.xlsx,23
CRS-0089,CCF-0023,CARD-0089,INIT-0023,Cost Factors,UNSPECIFIED,,Cost,,PUBLISHED_DISPLAY_VALUE,"Restaurants, QSRs, Pubs/Bars/Breweries, Hotels, Experiential Leisure; Contract Caterers only where delegated asset/capital control is documented",FOUR_SLOT_CARD,EMPTY_STAYS_EMPTY,SHOW_EMPTY,0,0,ACTIVE,ACTIVE,PUBLIC,GAP,1.0,2026-08-18,Consolidate.xlsx,24
CRS-0090,CPF-0023,CARD-0090,INIT-0023,Carbon Factors,UNSPECIFIED,,Carbon abatement,,PUBLISHED_DISPLAY_VALUE,"Restaurants, QSRs, Pubs/Bars/Breweries, Hotels, Experiential Leisure; Contract Caterers only where delegated asset/capital control is documented",FOUR_SLOT_CARD,EMPTY_STAYS_EMPTY,SHOW_EMPTY,0,0,ACTIVE,ACTIVE,PUBLIC,GAP,1.0,2026-08-18,Consolidate.xlsx,24
CRS-0091,CTF-0023,CARD-0091,INIT-0023,Timing Factors,UNSPECIFIED,,ROI,,PUBLISHED_DISPLAY_VALUE,"Restaurants, QSRs, Pubs/Bars/Breweries, Hotels, Experiential Leisure; Contract Caterers only where delegated asset/capital control is documented",FOUR_SLOT_CARD,EMPTY_STAYS_EMPTY,SHOW_EMPTY,0,0,ACTIVE,ACTIVE,PUBLIC,GAP,1.0,2026-08-18,Consolidate.xlsx,24
CRS-0092,CEF-0023,CARD-0092,INIT-0023,Efficiency Factors,DISPLAY_PUBLISHED,"Carbon evidence required before funding, design freeze and procurement decisions",Efficiency,Earlier identification of carbon non compliance; reduces late stage redesign and rework risk,PUBLISHED_DISPLAY_VALUE,"Restaurants, QSRs, Pubs/Bars/Breweries, Hotels, Experiential Leisure; Contract Caterers only where delegated asset/capital control is documented",FOUR_SLOT_CARD,EMPTY_STAYS_EMPTY,SHOW_EMPTY,0,0,ACTIVE,ACTIVE,PUBLIC,STANDARD,1.0,2026-08-18,Consolidate.xlsx,24
CRS-0093,CCF-0024,CARD-0093,INIT-0024,Cost Factors,UNSPECIFIED,,Cost,,PUBLISHED_DISPLAY_VALUE,"Restaurants, QSRs, Pubs/Bars/Breweries, Hotels, Contract Caterers, Experiential Leisure",FOUR_SLOT_CARD,EMPTY_STAYS_EMPTY,SHOW_EMPTY,0,0,ACTIVE,ACTIVE,PUBLIC,GAP,1.0,2026-08-18,Consolidate.xlsx,25
CRS-0094,CPF-0024,CARD-0094,INIT-0024,Carbon Factors,DISPLAY_PUBLISHED,(Baseline product kgCO₂e/functional unit − selected product kgCO₂e/functional unit) × quantity,Carbon abatement,Project specific kgCO₂e avoided,PUBLISHED_DISPLAY_VALUE,"Restaurants, QSRs, Pubs/Bars/Breweries, Hotels, Contract Caterers, Experiential Leisure",FOUR_SLOT_CARD,EMPTY_STAYS_EMPTY,SHOW_EMPTY,0,0,ACTIVE,ACTIVE,PUBLIC,STANDARD,1.0,2026-08-18,Consolidate.xlsx,25
CRS-0095,CTF-0024,CARD-0095,INIT-0024,Timing Factors,UNSPECIFIED,,ROI,,PUBLISHED_DISPLAY_VALUE,"Restaurants, QSRs, Pubs/Bars/Breweries, Hotels, Contract Caterers, Experiential Leisure",FOUR_SLOT_CARD,EMPTY_STAYS_EMPTY,SHOW_EMPTY,0,0,ACTIVE,ACTIVE,PUBLIC,GAP,1.0,2026-08-18,Consolidate.xlsx,25
CRS-0096,CEF-0024,CARD-0096,INIT-0024,Efficiency Factors,DISPLAY_PUBLISHED,Compare like-for-like EPD results using the same unit and life-cycle scope,Efficiency,Product specific kgCO₂e per declared/functional unit; no universal reduction factor,PUBLISHED_DISPLAY_VALUE,"Restaurants, QSRs, Pubs/Bars/Breweries, Hotels, Contract Caterers, Experiential Leisure",FOUR_SLOT_CARD,EMPTY_STAYS_EMPTY,SHOW_EMPTY,0,0,ACTIVE,ACTIVE,PUBLIC,STANDARD,1.0,2026-08-18,Consolidate.xlsx,25
CRS-0097,CCF-0025,CARD-0097,INIT-0025,Cost Factors,DISPLAY_PUBLISHED,"£12.69m ÷ 2,986m² = £4,249/m² ≈ £4,250/m²; 100% + 8% = 108%",Cost,/m² total project cost; % capital cost premium,PUBLISHED_DISPLAY_VALUE,"Restaurants, QSRs, Pubs/Bars/Breweries, Hotels, Experiential Leisure; Contract Caterers only where delegated asset/capital control is documented",FOUR_SLOT_CARD,EMPTY_STAYS_EMPTY,SHOW_EMPTY,0,0,ACTIVE,ACTIVE,PUBLIC,UNLINKED,1.0,2026-08-18,Consolidate.xlsx,26
CRS-0098,CPF-0025,CARD-0098,INIT-0025,Carbon Factors,DISPLAY_PUBLISHED,Published case comparison versus standard office fit-out,Carbon abatement,kgCO₂e/m² saved over years (%),PUBLISHED_DISPLAY_VALUE,"Restaurants, QSRs, Pubs/Bars/Breweries, Hotels, Experiential Leisure; Contract Caterers only where delegated asset/capital control is documented",FOUR_SLOT_CARD,EMPTY_STAYS_EMPTY,SHOW_EMPTY,0,0,ACTIVE,ACTIVE,PUBLIC,STANDARD,1.0,2026-08-18,Consolidate.xlsx,26
CRS-0099,CTF-0025,CARD-0099,INIT-0025,Timing Factors,DISPLAY_PUBLISHED,8% capital premium recovered through lower operational-energy requirements,Payback,years,PUBLISHED_DISPLAY_VALUE,"Restaurants, QSRs, Pubs/Bars/Breweries, Hotels, Experiential Leisure; Contract Caterers only where delegated asset/capital control is documented",FOUR_SLOT_CARD,EMPTY_STAYS_EMPTY,SHOW_EMPTY,0,0,ACTIVE,ACTIVE,PUBLIC,STANDARD,1.0,2026-08-18,Consolidate.xlsx,26
CRS-0100,CEF-0025,CARD-0100,INIT-0025,Efficiency Factors,DISPLAY_PUBLISHED,Post-retrofit demand = 15% of pre-retrofit demand,Efficiency,% lower energy demand,PUBLISHED_DISPLAY_VALUE,"Restaurants, QSRs, Pubs/Bars/Breweries, Hotels, Experiential Leisure; Contract Caterers only where delegated asset/capital control is documented",FOUR_SLOT_CARD,EMPTY_STAYS_EMPTY,SHOW_EMPTY,0,0,ACTIVE,ACTIVE,PUBLIC,STANDARD,1.0,2026-08-18,Consolidate.xlsx,26
CRS-0101,CCF-0026,CARD-0101,INIT-0026,Cost Factors,DISPLAY_PUBLISHED,100% − 44% = 56%; 100% − 32% = 68%,Cost,% of equivalent new structural steel cost,PUBLISHED_DISPLAY_VALUE,"Restaurants, QSRs, Pubs/Bars/Breweries, Hotels, Contract Caterers, Experiential Leisure",FOUR_SLOT_CARD,EMPTY_STAYS_EMPTY,SHOW_EMPTY,0,0,ACTIVE,ACTIVE,PUBLIC,UNLINKED,1.0,2026-08-18,Consolidate.xlsx,27
CRS-0102,CPF-0026,CARD-0102,INIT-0026,Carbon Factors,DISPLAY_PUBLISHED,276 tCO₂e ÷ 115 t steel = 2.40 tCO₂e/t,Carbon abatement,tCO₂e/t reused steel,PUBLISHED_DISPLAY_VALUE,"Restaurants, QSRs, Pubs/Bars/Breweries, Hotels, Contract Caterers, Experiential Leisure",FOUR_SLOT_CARD,EMPTY_STAYS_EMPTY,SHOW_EMPTY,0,0,ACTIVE,ACTIVE,PUBLIC,STANDARD,1.0,2026-08-18,Consolidate.xlsx,27
CRS-0103,CTF-0026,CARD-0103,INIT-0026,Timing Factors,DISPLAY_PUBLISHED,Purchased reused-steel cost = 80%–90% of new-steel cost,ROI,% cost saving when purchasing reused steel,PUBLISHED_DISPLAY_VALUE,"Restaurants, QSRs, Pubs/Bars/Breweries, Hotels, Contract Caterers, Experiential Leisure",FOUR_SLOT_CARD,EMPTY_STAYS_EMPTY,SHOW_EMPTY,0,0,ACTIVE,ACTIVE,PUBLIC,STANDARD,1.0,2026-08-18,Consolidate.xlsx,27
CRS-0104,CEF-0026,CARD-0104,INIT-0026,Efficiency Factors,DISPLAY_PUBLISHED,Published Timber Square project quantities,Efficiency,~% original structure retained; m² floor tiles and > beams reused,PUBLISHED_DISPLAY_VALUE,"Restaurants, QSRs, Pubs/Bars/Breweries, Hotels, Contract Caterers, Experiential Leisure",FOUR_SLOT_CARD,EMPTY_STAYS_EMPTY,SHOW_EMPTY,0,0,ACTIVE,ACTIVE,PUBLIC,STANDARD,1.0,2026-08-18,Consolidate.xlsx,27
CRS-0105,CCF-0027,CARD-0105,INIT-0027,Cost Factors,DISPLAY_PUBLISHED,Paint: 2 × (£35.00 ÷ 1.20) ÷ (5L × 17m²/L) = £0.69/m²; 2 × (£69.99 ÷ 1.20) ÷ (5L × 17m²/L) = £1.37/m². Carpet tile: £25.00/m²; £32.59 ÷ 1.20 = £27.16/m². Insulation: £30.02 ÷ 4.32m² = £6.95/m²; £33.36 ÷ 4.32m² = £7.72/m²,Cost,Recycled paint: /m² ex VAT ( coats); low carbon carpet tile: /m² ex VAT; mm rock mineral wool insulation: /m² ex VAT,PUBLISHED_DISPLAY_VALUE,"Restaurants, QSRs, Pubs/Bars/Breweries, Hotels, Contract Caterers, Experiential Leisure",FOUR_SLOT_CARD,EMPTY_STAYS_EMPTY,SHOW_EMPTY,0,0,ACTIVE,ACTIVE,PUBLIC,STANDARD,1.0,2026-08-18,Consolidate.xlsx,28
CRS-0106,CPF-0027,CARD-0106,INIT-0027,Carbon Factors,DISPLAY_PUBLISHED,Paint: 0.13 − 0.09 = 0.04 kgCO₂e/m²; 0.04 ÷ 0.13 = 30.8%. Carpet tile: 6.95 − 3.53 = 3.42 kgCO₂e/m²; 3.42 ÷ 6.95 = 49.2%. Insulation: (2.163 × 2.70) − 4.37 = 1.47 kgCO₂e/m²; 1.47 ÷ (2.163 × 2.70) = 25.2%,Carbon abatement,Paint: kgCO₂e/m² avoided (%); carpet tile: kgCO₂e/m² avoided (%); insulation: kgCO₂e/m² avoided (%),PUBLISHED_DISPLAY_VALUE,"Restaurants, QSRs, Pubs/Bars/Breweries, Hotels, Contract Caterers, Experiential Leisure",FOUR_SLOT_CARD,EMPTY_STAYS_EMPTY,SHOW_EMPTY,0,0,ACTIVE,ACTIVE,PUBLIC,STANDARD,1.0,2026-08-18,Consolidate.xlsx,28
CRS-0107,CTF-0027,CARD-0107,INIT-0027,Timing Factors,DISPLAY_PUBLISHED,Matched tender prices and like-for-like product EPDs are required,Payback,Not calculable from published data,PUBLISHED_DISPLAY_VALUE,"Restaurants, QSRs, Pubs/Bars/Breweries, Hotels, Contract Caterers, Experiential Leisure",FOUR_SLOT_CARD,EMPTY_STAYS_EMPTY,SHOW_EMPTY,0,0,ACTIVE,ACTIVE,PUBLIC,STANDARD,1.0,2026-08-18,Consolidate.xlsx,28
CRS-0108,CEF-0027,CARD-0108,INIT-0027,Efficiency Factors,DISPLAY_PUBLISHED,Paint: 35%; 17m²/L. Carpet tile: 77%; Class 33; 15 years. Insulation: 100mm; λ0.037 W/mK; R2.70 m²K/W; A1,Efficiency,Paint: % recycled content at m²/L coverage; carpet tile: % recycled content Class heavy contract year warranty; insulation: R m²K/W at mm Euroclass A,PUBLISHED_DISPLAY_VALUE,"Restaurants, QSRs, Pubs/Bars/Breweries, Hotels, Contract Caterers, Experiential Leisure",FOUR_SLOT_CARD,EMPTY_STAYS_EMPTY,SHOW_EMPTY,0,0,ACTIVE,ACTIVE,PUBLIC,STANDARD,1.0,2026-08-18,Consolidate.xlsx,28
CRS-0109,CCF-0028,CARD-0109,INIT-0028,Cost Factors,DISPLAY_PUBLISHED,"Fridge: £699.99 − £489.00 = £210.99. Warewasher: £13,432.93 − £9,925.20 = £3,507.73. Take-back: £600 ÷ 1.20 = £500. Combi oven: £7,799.99.",Cost,L A rated upright fridge: /item ex VAT; incremental premium: /item. Heat recovery pass through warewasher: /item ex VAT; incremental premium: /item. WEEE take back: /old item ex VAT. grid combi oven: /item ex VAT.,PUBLISHED_DISPLAY_VALUE,"Restaurants, QSRs, Pubs/Bars/Breweries, Hotels, Contract Caterers, Experiential Leisure",FOUR_SLOT_CARD,EMPTY_STAYS_EMPTY,SHOW_EMPTY,0,0,ACTIVE,ACTIVE,PUBLIC,STANDARD,1.0,2026-08-18,Consolidate.xlsx,29
CRS-0110,CPF-0028,CARD-0110,INIT-0028,Carbon Factors,DISPLAY_PUBLISHED,Fridge: (672 − 288) × 0.14396 = 55.3 kgCO₂e/year; (672 − 288) ÷ 672 = 57.1%. Warewasher: 15% less electricity × same grid factor = up to 15% less operational CO₂e. Combi oven: 20% less electricity × same grid factor = approximately 20% less operational CO₂e.,Carbon abatement,Fridge: kgCO₂e/item/year avoided including grid losses (%). Warewasher: up to % lower electricity related operational CO₂e per cycle. Combi oven: approximately % lower electricity related operational CO₂e.,PUBLISHED_DISPLAY_VALUE,"Restaurants, QSRs, Pubs/Bars/Breweries, Hotels, Contract Caterers, Experiential Leisure",FOUR_SLOT_CARD,EMPTY_STAYS_EMPTY,SHOW_EMPTY,0,0,ACTIVE,ACTIVE,PUBLIC,STANDARD,1.0,2026-08-18,Consolidate.xlsx,29
CRS-0111,CTF-0028,CARD-0111,INIT-0028,Timing Factors,DISPLAY_PUBLISHED,Fridge: (£699.99 − £489.00) ÷ [(672 − 288) kWh/year × £0.2414/kWh] = 2.28 years. Warewasher and combi oven: baseline annual kWh and site duty cycle unavailable.,Payback,Fridge: year simple payback. Warewasher and combi oven: not reliably calculable from published data.,PUBLISHED_DISPLAY_VALUE,"Restaurants, QSRs, Pubs/Bars/Breweries, Hotels, Contract Caterers, Experiential Leisure",FOUR_SLOT_CARD,EMPTY_STAYS_EMPTY,SHOW_EMPTY,0,0,ACTIVE,ACTIVE,PUBLIC,STANDARD,1.0,2026-08-18,Consolidate.xlsx,29
CRS-0112,CEF-0028,CARD-0112,INIT-0028,Efficiency Factors,DISPLAY_PUBLISHED,Fridge: 672 − 288 = 384 kWh/year. Warewasher: 15%; 25%; 0.4 L/cycle. Combi oven: 20%; 50%; 10%.,Efficiency,Fridge: kWh/year less electricity. Warewasher: up to % less energy up to % less water and L less rinse water/cycle. Combi oven: approximately % less energy % higher productivity and % shorter cooking time.,PUBLISHED_DISPLAY_VALUE,"Restaurants, QSRs, Pubs/Bars/Breweries, Hotels, Contract Caterers, Experiential Leisure",FOUR_SLOT_CARD,EMPTY_STAYS_EMPTY,SHOW_EMPTY,0,0,ACTIVE,ACTIVE,PUBLIC,STANDARD,1.0,2026-08-18,Consolidate.xlsx,29
CRS-0113,CCF-0029,CARD-0113,INIT-0029,Cost Factors,UNSPECIFIED,,Cost,,PUBLISHED_DISPLAY_VALUE,"Restaurants, QSRs, Pubs/Bars/Breweries, Hotels, Experiential Leisure; Contract Caterers only where delegated asset/capital control is documented",FOUR_SLOT_CARD,EMPTY_STAYS_EMPTY,SHOW_EMPTY,0,0,ACTIVE,ACTIVE,PUBLIC,GAP,1.0,2026-08-18,Consolidate.xlsx,30
CRS-0114,CPF-0029,CARD-0114,INIT-0029,Carbon Factors,DISPLAY_PUBLISHED,12.32 tCO₂e − 1.11 tCO₂e = 11.21 tCO₂e; 11.21 ÷ 12.32 = 91%,Carbon abatement,% lower embodied carbon; tCO₂e avoided,PUBLISHED_DISPLAY_VALUE,"Restaurants, QSRs, Pubs/Bars/Breweries, Hotels, Experiential Leisure; Contract Caterers only where delegated asset/capital control is documented",FOUR_SLOT_CARD,EMPTY_STAYS_EMPTY,SHOW_EMPTY,0,0,ACTIVE,ACTIVE,PUBLIC,UNLINKED,1.0,2026-08-18,Consolidate.xlsx,30
CRS-0115,CTF-0029,CARD-0115,INIT-0029,Timing Factors,DISPLAY_PUBLISHED,Published delivery period; no attributable adaptability cash flow,Payback,month fit out programme; adaptability payback not disclosed,PUBLISHED_DISPLAY_VALUE,"Restaurants, QSRs, Pubs/Bars/Breweries, Hotels, Experiential Leisure; Contract Caterers only where delegated asset/capital control is documented",FOUR_SLOT_CARD,EMPTY_STAYS_EMPTY,SHOW_EMPTY,0,0,ACTIVE,ACTIVE,PUBLIC,STANDARD,1.0,2026-08-18,Consolidate.xlsx,30
CRS-0116,CEF-0029,CARD-0116,INIT-0029,Efficiency Factors,DISPLAY_PUBLISHED,Published JLL design outcome,Efficiency,% of floorplate reconfigurable; fixtures and furnishings demountable,PUBLISHED_DISPLAY_VALUE,"Restaurants, QSRs, Pubs/Bars/Breweries, Hotels, Experiential Leisure; Contract Caterers only where delegated asset/capital control is documented",FOUR_SLOT_CARD,EMPTY_STAYS_EMPTY,SHOW_EMPTY,0,0,ACTIVE,ACTIVE,PUBLIC,STANDARD,1.0,2026-08-18,Consolidate.xlsx,30
CRS-0117,CCF-0030,CARD-0117,INIT-0030,Cost Factors,UNSPECIFIED,,Cost,,PUBLISHED_DISPLAY_VALUE,"Restaurants, QSRs, Pubs/Bars/Breweries, Hotels, Experiential Leisure; Contract Caterers only where delegated asset/capital control is documented",FOUR_SLOT_CARD,EMPTY_STAYS_EMPTY,SHOW_EMPTY,0,0,ACTIVE,ACTIVE,PUBLIC,GAP,1.0,2026-08-18,Consolidate.xlsx,31
CRS-0118,CPF-0030,CARD-0118,INIT-0030,Carbon Factors,UNSPECIFIED,,Carbon abatement,,PUBLISHED_DISPLAY_VALUE,"Restaurants, QSRs, Pubs/Bars/Breweries, Hotels, Experiential Leisure; Contract Caterers only where delegated asset/capital control is documented",FOUR_SLOT_CARD,EMPTY_STAYS_EMPTY,SHOW_EMPTY,0,0,ACTIVE,ACTIVE,PUBLIC,GAP,1.0,2026-08-18,Consolidate.xlsx,31
CRS-0119,CTF-0030,CARD-0119,INIT-0030,Timing Factors,DISPLAY_PUBLISHED,"Published ROI for BEMS, HVAC and CHP optimisation",Payback,< months,PUBLISHED_DISPLAY_VALUE,"Restaurants, QSRs, Pubs/Bars/Breweries, Hotels, Experiential Leisure; Contract Caterers only where delegated asset/capital control is documented",FOUR_SLOT_CARD,EMPTY_STAYS_EMPTY,SHOW_EMPTY,0,0,ACTIVE,ACTIVE,PUBLIC,STANDARD,1.0,2026-08-18,Consolidate.xlsx,31
CRS-0120,CEF-0030,CARD-0120,INIT-0030,Efficiency Factors,DISPLAY_PUBLISHED,Total reduction = [(baseline electricity kWh × 17%) + (baseline gas kWh × 41%)] ÷ (baseline electricity kWh + baseline gas kWh) = 30%. The source reports the measured result but does not disclose the baseline electricity/gas split.,Efficiency,Case specific result: % lower total energy use; electricity use reduced by %; gas use reduced by %.,PUBLISHED_DISPLAY_VALUE,"Restaurants, QSRs, Pubs/Bars/Breweries, Hotels, Experiential Leisure; Contract Caterers only where delegated asset/capital control is documented",FOUR_SLOT_CARD,EMPTY_STAYS_EMPTY,SHOW_EMPTY,0,0,ACTIVE,ACTIVE,PUBLIC,STANDARD,1.0,2026-08-18,Consolidate.xlsx,31
CRS-0121,CCF-0031,CARD-0121,INIT-0031,Cost Factors,DISPLAY_PUBLISHED,"Set-up cost = specification and approval hours × loaded £/hour. Ongoing unit cost = screening, verification and recording hours × loaded £/hour ÷ purchase events. External ETL fee = £0.",Cost,ETL access/licence: . Internal criteria set up: site specific /equipment category. Ongoing compliance verification: site specific /purchase event.,PUBLISHED_DISPLAY_VALUE,"Restaurants, QSRs, Pubs/Bars/Breweries, Hotels, Contract Caterers",FOUR_SLOT_CARD,EMPTY_STAYS_EMPTY,SHOW_EMPTY,0,0,ACTIVE,ACTIVE,PUBLIC,STANDARD,1.0,2026-08-18,Consolidate.xlsx,32
CRS-0122,CPF-0031,CARD-0122,INIT-0031,Carbon Factors,UNSPECIFIED,,Carbon abatement,,PUBLISHED_DISPLAY_VALUE,"Restaurants, QSRs, Pubs/Bars/Breweries, Hotels, Contract Caterers",FOUR_SLOT_CARD,EMPTY_STAYS_EMPTY,SHOW_EMPTY,0,0,ACTIVE,ACTIVE,PUBLIC,GAP,1.0,2026-08-18,Consolidate.xlsx,32
CRS-0123,CTF-0031,CARD-0123,INIT-0031,Timing Factors,UNSPECIFIED,,Payback,,PUBLISHED_DISPLAY_VALUE,"Restaurants, QSRs, Pubs/Bars/Breweries, Hotels, Contract Caterers",FOUR_SLOT_CARD,EMPTY_STAYS_EMPTY,SHOW_EMPTY,0,0,ACTIVE,ACTIVE,PUBLIC,GAP,1.0,2026-08-18,Consolidate.xlsx,32
CRS-0124,CEF-0031,CARD-0124,INIT-0031,Efficiency Factors,DISPLAY_PUBLISHED,Compliance rate = eligible replacement spend meeting ETL/equivalent criteria ÷ total eligible replacement spend. Evidence rate = purchase events with verified kWh performance data ÷ total eligible purchase events.,Efficiency,No standalone operational efficiency gain directly attributable. Direct impact: higher procurement compliance and auditable energy performance evidence.,PUBLISHED_DISPLAY_VALUE,"Restaurants, QSRs, Pubs/Bars/Breweries, Hotels, Contract Caterers",FOUR_SLOT_CARD,EMPTY_STAYS_EMPTY,SHOW_EMPTY,0,0,ACTIVE,ACTIVE,PUBLIC,STANDARD,1.0,2026-08-18,Consolidate.xlsx,32
CRS-0125,CCF-0032,CARD-0125,INIT-0032,Cost Factors,UNSPECIFIED,,Cost,,PUBLISHED_DISPLAY_VALUE,"Restaurants, QSRs, Pubs/Bars/Breweries, Hotels and Contract Caterers with relevant gas cooking loads",FOUR_SLOT_CARD,EMPTY_STAYS_EMPTY,SHOW_EMPTY,0,0,ACTIVE,ACTIVE,PUBLIC,GAP,1.0,2026-08-18,Consolidate.xlsx,33
CRS-0126,CPF-0032,CARD-0126,INIT-0032,Carbon Factors,UNSPECIFIED,,Carbon abatement,,PUBLISHED_DISPLAY_VALUE,"Restaurants, QSRs, Pubs/Bars/Breweries, Hotels and Contract Caterers with relevant gas cooking loads",FOUR_SLOT_CARD,EMPTY_STAYS_EMPTY,SHOW_EMPTY,0,0,ACTIVE,ACTIVE,PUBLIC,GAP,1.0,2026-08-18,Consolidate.xlsx,33
CRS-0127,CTF-0032,CARD-0127,INIT-0032,Timing Factors,UNSPECIFIED,,ROI,,PUBLISHED_DISPLAY_VALUE,"Restaurants, QSRs, Pubs/Bars/Breweries, Hotels and Contract Caterers with relevant gas cooking loads",FOUR_SLOT_CARD,EMPTY_STAYS_EMPTY,SHOW_EMPTY,0,0,ACTIVE,ACTIVE,PUBLIC,GAP,1.0,2026-08-18,Consolidate.xlsx,33
CRS-0128,CEF-0032,CARD-0128,INIT-0032,Efficiency Factors,DISPLAY_PUBLISHED,"Assess hydrogen supply horizon, equipment compatibility, safety, ventilation and training requirements; compare whole-system options; document the decision trigger and review date before capital commitment.",Efficiency,improved future readiness earlier identification of infrastructure and operational requirements and reduced risk of premature equipment investment.,PUBLISHED_DISPLAY_VALUE,"Restaurants, QSRs, Pubs/Bars/Breweries, Hotels and Contract Caterers with relevant gas cooking loads",FOUR_SLOT_CARD,EMPTY_STAYS_EMPTY,SHOW_EMPTY,0,0,ACTIVE,ACTIVE,PUBLIC,STANDARD,1.0,2026-08-18,Consolidate.xlsx,33
CRS-0129,CCF-0033,CARD-0129,INIT-0033,Cost Factors,UNSPECIFIED,,Cost,,PUBLISHED_DISPLAY_VALUE,"Restaurants, QSRs, Pubs/Bars/Breweries, Hotels, Contract Caterers, Experiential Leisure",FOUR_SLOT_CARD,EMPTY_STAYS_EMPTY,SHOW_EMPTY,0,0,ACTIVE,ACTIVE,PUBLIC,GAP,1.0,2026-08-18,Consolidate.xlsx,34
CRS-0130,CPF-0033,CARD-0130,INIT-0033,Carbon Factors,UNSPECIFIED,,Carbon abatement,,PUBLISHED_DISPLAY_VALUE,"Restaurants, QSRs, Pubs/Bars/Breweries, Hotels, Contract Caterers, Experiential Leisure",FOUR_SLOT_CARD,EMPTY_STAYS_EMPTY,SHOW_EMPTY,0,0,ACTIVE,ACTIVE,PUBLIC,GAP,1.0,2026-08-18,Consolidate.xlsx,34
CRS-0131,CTF-0033,CARD-0131,INIT-0033,Timing Factors,UNSPECIFIED,,ROI,,PUBLISHED_DISPLAY_VALUE,"Restaurants, QSRs, Pubs/Bars/Breweries, Hotels, Contract Caterers, Experiential Leisure",FOUR_SLOT_CARD,EMPTY_STAYS_EMPTY,SHOW_EMPTY,0,0,ACTIVE,ACTIVE,PUBLIC,GAP,1.0,2026-08-18,Consolidate.xlsx,34
CRS-0132,CEF-0033,CARD-0132,INIT-0033,Efficiency Factors,DISPLAY_PUBLISHED,Assess these rights and responsibilities before lease approval,Efficiency,Avoids committing to sites with weak metering data control or improvement rights,PUBLISHED_DISPLAY_VALUE,"Restaurants, QSRs, Pubs/Bars/Breweries, Hotels, Contract Caterers, Experiential Leisure",FOUR_SLOT_CARD,EMPTY_STAYS_EMPTY,SHOW_EMPTY,0,0,ACTIVE,ACTIVE,PUBLIC,STANDARD,1.0,2026-08-18,Consolidate.xlsx,34
CRS-0133,CCF-0034,CARD-0133,INIT-0034,Cost Factors,UNSPECIFIED,,Cost,,PUBLISHED_DISPLAY_VALUE,"Restaurants, QSRs, Pubs/Bars/Breweries, Hotels, Contract Caterers, Experiential Leisure",FOUR_SLOT_CARD,EMPTY_STAYS_EMPTY,SHOW_EMPTY,0,0,ACTIVE,ACTIVE,PUBLIC,GAP,1.0,2026-08-18,Consolidate.xlsx,35
CRS-0134,CPF-0034,CARD-0134,INIT-0034,Carbon Factors,UNSPECIFIED,,Carbon abatement,,PUBLISHED_DISPLAY_VALUE,"Restaurants, QSRs, Pubs/Bars/Breweries, Hotels, Contract Caterers, Experiential Leisure",FOUR_SLOT_CARD,EMPTY_STAYS_EMPTY,SHOW_EMPTY,0,0,ACTIVE,ACTIVE,PUBLIC,GAP,1.0,2026-08-18,Consolidate.xlsx,35
CRS-0135,CTF-0034,CARD-0135,INIT-0034,Timing Factors,UNSPECIFIED,,Payback,,PUBLISHED_DISPLAY_VALUE,"Restaurants, QSRs, Pubs/Bars/Breweries, Hotels, Contract Caterers, Experiential Leisure",FOUR_SLOT_CARD,EMPTY_STAYS_EMPTY,SHOW_EMPTY,0,0,ACTIVE,ACTIVE,PUBLIC,GAP,1.0,2026-08-18,Consolidate.xlsx,35
CRS-0136,CEF-0034,CARD-0136,INIT-0034,Efficiency Factors,DISPLAY_PUBLISHED,"Use performance thresholds, responsibilities and completion dates at the decision gate",Efficiency,Makes approval conditional on evidence and a funded improvement plan,PUBLISHED_DISPLAY_VALUE,"Restaurants, QSRs, Pubs/Bars/Breweries, Hotels, Contract Caterers, Experiential Leisure",FOUR_SLOT_CARD,EMPTY_STAYS_EMPTY,SHOW_EMPTY,0,0,ACTIVE,ACTIVE,PUBLIC,STANDARD,1.0,2026-08-18,Consolidate.xlsx,35
CRS-0137,CCF-0035,CARD-0137,INIT-0035,Cost Factors,UNSPECIFIED,,Cost,,PUBLISHED_DISPLAY_VALUE,"Restaurants, QSRs, Pubs/Bars/Breweries, Hotels, Contract Caterers, Experiential Leisure",FOUR_SLOT_CARD,EMPTY_STAYS_EMPTY,SHOW_EMPTY,0,0,ACTIVE,ACTIVE,PUBLIC,GAP,1.0,2026-08-18,Consolidate.xlsx,36
CRS-0138,CPF-0035,CARD-0138,INIT-0035,Carbon Factors,UNSPECIFIED,,Carbon abatement,,PUBLISHED_DISPLAY_VALUE,"Restaurants, QSRs, Pubs/Bars/Breweries, Hotels, Contract Caterers, Experiential Leisure",FOUR_SLOT_CARD,EMPTY_STAYS_EMPTY,SHOW_EMPTY,0,0,ACTIVE,ACTIVE,PUBLIC,GAP,1.0,2026-08-18,Consolidate.xlsx,36
CRS-0139,CTF-0035,CARD-0139,INIT-0035,Timing Factors,UNSPECIFIED,,ROI,,PUBLISHED_DISPLAY_VALUE,"Restaurants, QSRs, Pubs/Bars/Breweries, Hotels, Contract Caterers, Experiential Leisure",FOUR_SLOT_CARD,EMPTY_STAYS_EMPTY,SHOW_EMPTY,0,0,ACTIVE,ACTIVE,PUBLIC,GAP,1.0,2026-08-18,Consolidate.xlsx,36
CRS-0140,CEF-0035,CARD-0140,INIT-0035,Efficiency Factors,DISPLAY_PUBLISHED,March 2026 clauses support UK asset types; organisation-specific legal advice remains required,Efficiency,Light/medium/dark clauses cover data metering works renewable energy and service charges,PUBLISHED_DISPLAY_VALUE,"Restaurants, QSRs, Pubs/Bars/Breweries, Hotels, Contract Caterers, Experiential Leisure",FOUR_SLOT_CARD,EMPTY_STAYS_EMPTY,SHOW_EMPTY,0,0,ACTIVE,ACTIVE,PUBLIC,STANDARD,1.0,2026-08-18,Consolidate.xlsx,36
CRS-0141,CCF-0036,CARD-0141,INIT-0036,Cost Factors,DISPLAY_PUBLISHED,"£0 + £0 = £0. £9,375 × 1.15 = £10,781.25. £6 × 12 × 1.15 = £82.80. £50 × 12 × 1.15 = £690; £0.50/invoice.",Cost,Smart meter installation and data access: /supply point. Energy data platform: /year including support up to meters. Additional meter: /meter/year including support. PDF invoice automation: /year including support plus /invoice.,PUBLISHED_DISPLAY_VALUE,"Restaurants, QSRs, Pubs/Bars/Breweries, Hotels, Contract Caterers, Experiential Leisure",FOUR_SLOT_CARD,EMPTY_STAYS_EMPTY,SHOW_EMPTY,0,0,ACTIVE,ACTIVE,PUBLIC,STANDARD,1.0,2026-08-18,Consolidate.xlsx,37
CRS-0142,CPF-0036,CARD-0142,INIT-0036,Carbon Factors,DISPLAY_PUBLISHED,"Per site or meter = Σ[(weather/activity-adjusted baseline kWh − actual kWh) × reporting-year fuel-specific kgCO₂e/kWh] ÷ 1,000. Portfolio abatement = sum of verified site/action results.",Carbon abatement,Enabled downstream abatement: tCO₂e/site/year or tCO₂e/meter/year from verified reductions identified through the data system; no abatement is credited for data collection alone.,PUBLISHED_DISPLAY_VALUE,"Restaurants, QSRs, Pubs/Bars/Breweries, Hotels, Contract Caterers, Experiential Leisure",FOUR_SLOT_CARD,EMPTY_STAYS_EMPTY,SHOW_EMPTY,0,0,ACTIVE,ACTIVE,PUBLIC,STANDARD,1.0,2026-08-18,Consolidate.xlsx,37
CRS-0143,CTF-0036,CARD-0143,INIT-0036,Timing Factors,DISPLAY_PUBLISHED,"£10,781.25 ÷ £0.2414/kWh = 44,661 kWh; 44,661 ÷ 2,500 = 17.9 kWh/meter. £82.80 ÷ £0.2414 = 343 kWh. £690 ÷ £0.2414 = 2,858 kWh; £0.50 ÷ £0.2414 = 2.07 kWh/invoice.",ROI,Indicative electricity only annual break even: kWh for the base platform; kWh/meter at meters; kWh per additional meter; PDF automation kWh plus kWh per invoice.,PUBLISHED_DISPLAY_VALUE,"Restaurants, QSRs, Pubs/Bars/Breweries, Hotels, Contract Caterers, Experiential Leisure",FOUR_SLOT_CARD,EMPTY_STAYS_EMPTY,SHOW_EMPTY,0,0,ACTIVE,ACTIVE,PUBLIC,STANDARD,1.0,2026-08-18,Consolidate.xlsx,37
CRS-0144,CEF-0036,CARD-0144,INIT-0036,Efficiency Factors,DISPLAY_PUBLISHED,"£10,781.25 ÷ 2,500 = £4.31/meter/year. Data coverage = complete and timely sites ÷ in-scope sites. Primary-data rate = verified kWh ÷ total reported kWh. Automation rate = automatically imported records ÷ total records. QA intensity = validation hours ÷ meters.",Efficiency,At full utilisation: /meter/year platform cost intensity and central management of up to meter data points; automated readings and invoice/meter imports reduce manual collection and improve completeness billing accuracy and auditability.,PUBLISHED_DISPLAY_VALUE,"Restaurants, QSRs, Pubs/Bars/Breweries, Hotels, Contract Caterers, Experiential Leisure",FOUR_SLOT_CARD,EMPTY_STAYS_EMPTY,SHOW_EMPTY,0,0,ACTIVE,ACTIVE,PUBLIC,STANDARD,1.0,2026-08-18,Consolidate.xlsx,37
CRS-0145,CCF-0037,CARD-0145,INIT-0037,Cost Factors,UNSPECIFIED,,Cost,,PUBLISHED_DISPLAY_VALUE,"Restaurants, QSRs, Pubs/Bars/Breweries, Hotels, Contract Caterers, Experiential Leisure",FOUR_SLOT_CARD,EMPTY_STAYS_EMPTY,SHOW_EMPTY,0,0,ACTIVE,ACTIVE,PUBLIC,GAP,1.0,2026-08-18,Consolidate.xlsx,38
CRS-0146,CPF-0037,CARD-0146,INIT-0037,Carbon Factors,UNSPECIFIED,,Carbon abatement,,PUBLISHED_DISPLAY_VALUE,"Restaurants, QSRs, Pubs/Bars/Breweries, Hotels, Contract Caterers, Experiential Leisure",FOUR_SLOT_CARD,EMPTY_STAYS_EMPTY,SHOW_EMPTY,0,0,ACTIVE,ACTIVE,PUBLIC,GAP,1.0,2026-08-18,Consolidate.xlsx,38
CRS-0147,CTF-0037,CARD-0147,INIT-0037,Timing Factors,UNSPECIFIED,,ROI,,PUBLISHED_DISPLAY_VALUE,"Restaurants, QSRs, Pubs/Bars/Breweries, Hotels, Contract Caterers, Experiential Leisure",FOUR_SLOT_CARD,EMPTY_STAYS_EMPTY,SHOW_EMPTY,0,0,ACTIVE,ACTIVE,PUBLIC,GAP,1.0,2026-08-18,Consolidate.xlsx,38
CRS-0148,CEF-0037,CARD-0148,INIT-0037,Efficiency Factors,DISPLAY_PUBLISHED,Use the relevant works/alterations route to release blocked measures,Efficiency,Clause routes cover landlord works tenant alterations and EPC improving alterations,PUBLISHED_DISPLAY_VALUE,"Restaurants, QSRs, Pubs/Bars/Breweries, Hotels, Contract Caterers, Experiential Leisure",FOUR_SLOT_CARD,EMPTY_STAYS_EMPTY,SHOW_EMPTY,0,0,ACTIVE,ACTIVE,PUBLIC,STANDARD,1.0,2026-08-18,Consolidate.xlsx,38
CRS-0149,CCF-0038,CARD-0149,INIT-0038,Cost Factors,UNSPECIFIED,,Cost,,PUBLISHED_DISPLAY_VALUE,"Restaurants, QSRs, Pubs/Bars/Breweries, Hotels, Contract Caterers, Experiential Leisure",FOUR_SLOT_CARD,EMPTY_STAYS_EMPTY,SHOW_EMPTY,0,0,ACTIVE,ACTIVE,PUBLIC,GAP,1.0,2026-08-18,Consolidate.xlsx,39
CRS-0150,CPF-0038,CARD-0150,INIT-0038,Carbon Factors,DISPLAY_PUBLISHED,"Market-based effect = eligible kWh × (pre-change supplier factor; otherwise residual-mix factor; otherwise grid-average factor − post-change supplier/product factor) ÷ 1,000. Landlord route: use only kWh explicitly allocated to the tenant and covered by retired certificates. Additional abatement = eligible kWh × supplier-evidenced additional kgCO₂e/kWh ÷ 1,000. Report location-based emissions separately and unchanged.",Carbon abatement,Market based Scope effect: contract specific tCO₂e/year from eligible renewable electricity. Physical/additional abatement: supplier evidenced tCO₂e/year only.,PUBLISHED_DISPLAY_VALUE,"Restaurants, QSRs, Pubs/Bars/Breweries, Hotels, Contract Caterers, Experiential Leisure",FOUR_SLOT_CARD,EMPTY_STAYS_EMPTY,SHOW_EMPTY,0,0,ACTIVE,ACTIVE,PUBLIC,STANDARD,1.0,2026-08-18,Consolidate.xlsx,39
CRS-0151,CTF-0038,CARD-0151,INIT-0038,Timing Factors,DISPLAY_PUBLISHED,Annual kWh × supplier tariff/PPA £/kWh delta,ROI,Not calculable from a public benchmark,PUBLISHED_DISPLAY_VALUE,"Restaurants, QSRs, Pubs/Bars/Breweries, Hotels, Contract Caterers, Experiential Leisure",FOUR_SLOT_CARD,EMPTY_STAYS_EMPTY,SHOW_EMPTY,0,0,ACTIVE,ACTIVE,PUBLIC,STANDARD,1.0,2026-08-18,Consolidate.xlsx,39
CRS-0152,CEF-0038,CARD-0152,INIT-0038,Efficiency Factors,DISPLAY_PUBLISHED,Report location-based and market-based totals separately where contractual data are available,Efficiency,Dual Scope reporting preserves commercial and carbon transparency,PUBLISHED_DISPLAY_VALUE,"Restaurants, QSRs, Pubs/Bars/Breweries, Hotels, Contract Caterers, Experiential Leisure",FOUR_SLOT_CARD,EMPTY_STAYS_EMPTY,SHOW_EMPTY,0,0,ACTIVE,ACTIVE,PUBLIC,STANDARD,1.0,2026-08-18,Consolidate.xlsx,39
CRS-0153,CCF-0039,CARD-0153,INIT-0039,Cost Factors,UNSPECIFIED,,Cost,Not publicly disclosed (/plan and implemented measures),PUBLISHED_DISPLAY_VALUE,"Restaurants, QSRs, Pubs/Bars/Breweries, Hotels, Contract Caterers, Experiential Leisure",FOUR_SLOT_CARD,EMPTY_STAYS_EMPTY,SHOW_EMPTY,0,0,ACTIVE,ACTIVE,PUBLIC,STANDARD,1.0,2026-08-18,Consolidate.xlsx,40
CRS-0154,CPF-0039,CARD-0154,INIT-0039,Carbon Factors,DISPLAY_PUBLISHED,"Σ completed actions [(weather/activity-adjusted baseline kWh − actual kWh) × reporting-year fuel-specific kgCO₂e/kWh] ÷ 1,000. Separate landlord- and occupier-controlled loads; assign each action and saving once.",Carbon abatement,Enabled downstream abatement: verified tCO₂e/site/year from actions completed under the signed landlord tenant plan; no standalone abatement credited to the plan itself.,PUBLISHED_DISPLAY_VALUE,"Restaurants, QSRs, Pubs/Bars/Breweries, Hotels, Contract Caterers, Experiential Leisure",FOUR_SLOT_CARD,EMPTY_STAYS_EMPTY,SHOW_EMPTY,0,0,ACTIVE,ACTIVE,PUBLIC,STANDARD,1.0,2026-08-18,Consolidate.xlsx,40
CRS-0155,CTF-0039,CARD-0155,INIT-0039,Timing Factors,DISPLAY_PUBLISHED,Annual benefit = Σ[(weather/activity-adjusted baseline kWh − actual kWh) × applicable £/kWh] + verified maintenance savings. Simple payback = (plan-development cost + allocated implemented-action cost) ÷ verified annual benefit. Assign each cost and saving once to the landlord or occupier.,Payback,Plan enabled financial benefit: verified /site/year from completed actions; simple payback based on recorded plan development and allocated action costs.,PUBLISHED_DISPLAY_VALUE,"Restaurants, QSRs, Pubs/Bars/Breweries, Hotels, Contract Caterers, Experiential Leisure",FOUR_SLOT_CARD,EMPTY_STAYS_EMPTY,SHOW_EMPTY,0,0,ACTIVE,ACTIVE,PUBLIC,STANDARD,1.0,2026-08-18,Consolidate.xlsx,40
CRS-0156,CEF-0039,CARD-0156,INIT-0039,Efficiency Factors,DISPLAY_PUBLISHED,Action-completion rate = completed actions ÷ agreed actions. Funded-action rate = actions with confirmed funding ÷ agreed actions. On-time rate = actions completed by agreed date ÷ actions due. Released-project rate = previously blocked projects approved ÷ blocked projects identified. Median delivery time = completion date − plan approval date.,Efficiency,Direct impact: higher action completion and accountability faster resolution of landlord occupier dependencies and more blocked improvement projects released into delivery.,PUBLISHED_DISPLAY_VALUE,"Restaurants, QSRs, Pubs/Bars/Breweries, Hotels, Contract Caterers, Experiential Leisure",FOUR_SLOT_CARD,EMPTY_STAYS_EMPTY,SHOW_EMPTY,0,0,ACTIVE,ACTIVE,PUBLIC,STANDARD,1.0,2026-08-18,Consolidate.xlsx,40
CRS-0157,CCF-0040,CARD-0157,INIT-0040,Cost Factors,UNSPECIFIED,,Cost,,PUBLISHED_DISPLAY_VALUE,"Restaurants, QSRs, Pubs/Bars/Breweries, Hotels and Experiential Leisure with franchise models",FOUR_SLOT_CARD,EMPTY_STAYS_EMPTY,SHOW_EMPTY,0,0,ACTIVE,ACTIVE,PUBLIC,GAP,1.0,2026-08-18,Consolidate.xlsx,41
CRS-0158,CPF-0040,CARD-0158,INIT-0040,Carbon Factors,UNSPECIFIED,,Carbon abatement,,PUBLISHED_DISPLAY_VALUE,"Restaurants, QSRs, Pubs/Bars/Breweries, Hotels and Experiential Leisure with franchise models",FOUR_SLOT_CARD,EMPTY_STAYS_EMPTY,SHOW_EMPTY,0,0,ACTIVE,ACTIVE,PUBLIC,GAP,1.0,2026-08-18,Consolidate.xlsx,41
CRS-0159,CTF-0040,CARD-0159,INIT-0040,Timing Factors,UNSPECIFIED,,Payback,,PUBLISHED_DISPLAY_VALUE,"Restaurants, QSRs, Pubs/Bars/Breweries, Hotels and Experiential Leisure with franchise models",FOUR_SLOT_CARD,EMPTY_STAYS_EMPTY,SHOW_EMPTY,0,0,ACTIVE,ACTIVE,PUBLIC,GAP,1.0,2026-08-18,Consolidate.xlsx,41
CRS-0160,CEF-0040,CARD-0160,INIT-0040,Efficiency Factors,DISPLAY_PUBLISHED,Published Wendy’s franchise programme outcomes,Efficiency,% energy reduction across restaurants; franchisees/ restaurants committed to % per transaction over years,PUBLISHED_DISPLAY_VALUE,"Restaurants, QSRs, Pubs/Bars/Breweries, Hotels and Experiential Leisure with franchise models",FOUR_SLOT_CARD,EMPTY_STAYS_EMPTY,SHOW_EMPTY,0,0,ACTIVE,ACTIVE,PUBLIC,STANDARD,1.0,2026-08-18,Consolidate.xlsx,41
CRS-0161,CCF-0041,CARD-0161,INIT-0041,Cost Factors,DISPLAY_PUBLISHED,"Maximum penalty = £50,000 + (£500/day × 80 days) = £90,000",Cost,Annual savings identified: m across + sites Audit cost: not publicly disclosed,PUBLISHED_DISPLAY_VALUE,"Restaurants, QSRs, Pubs/Bars/Breweries, Hotels, Contract Caterers, Experiential Leisure",FOUR_SLOT_CARD,EMPTY_STAYS_EMPTY,SHOW_EMPTY,0,0,ACTIVE,ACTIVE,PUBLIC,STANDARD,1.0,2026-08-18,Consolidate.xlsx,42
CRS-0162,CPF-0041,CARD-0162,INIT-0041,Carbon Factors,DISPLAY_PUBLISHED,Risk-adjusted delivered saving = identified saving × implementation rate,Carbon abatement,Energy savings identified: MWh/year; % of consumption,PUBLISHED_DISPLAY_VALUE,"Restaurants, QSRs, Pubs/Bars/Breweries, Hotels, Contract Caterers, Experiential Leisure",FOUR_SLOT_CARD,EMPTY_STAYS_EMPTY,SHOW_EMPTY,0,0,ACTIVE,ACTIVE,PUBLIC,STANDARD,1.0,2026-08-18,Consolidate.xlsx,42
CRS-0163,CTF-0041,CARD-0163,INIT-0041,Timing Factors,DISPLAY_PUBLISHED,Average payback = total implementation cost of identified measures ÷ total annual savings,Payback,Average identified measure payback: years Measures below years: >%,PUBLISHED_DISPLAY_VALUE,"Restaurants, QSRs, Pubs/Bars/Breweries, Hotels, Contract Caterers, Experiential Leisure",FOUR_SLOT_CARD,EMPTY_STAYS_EMPTY,SHOW_EMPTY,0,0,ACTIVE,ACTIVE,PUBLIC,STANDARD,1.0,2026-08-18,Consolidate.xlsx,42
CRS-0164,CEF-0041,CARD-0164,INIT-0041,Efficiency Factors,DISPLAY_PUBLISHED,Risk-adjusted saving rate = 12.5% × 30% = 3.75%; load share = end-use energy ÷ total kitchen energy,Efficiency,Identified saving rate: % Typical implementation rate: %,PUBLISHED_DISPLAY_VALUE,"Restaurants, QSRs, Pubs/Bars/Breweries, Hotels, Contract Caterers, Experiential Leisure",FOUR_SLOT_CARD,EMPTY_STAYS_EMPTY,SHOW_EMPTY,0,0,ACTIVE,ACTIVE,PUBLIC,STANDARD,1.0,2026-08-18,Consolidate.xlsx,42
CRS-0165,CCF-0042,CARD-0165,INIT-0042,Cost Factors,DISPLAY_PUBLISHED,"Installed cost = usable capacity × cost/kWh; 200 kWh × £220–£450 = £44,000–£90,000",Cost,Installed cost: /kWh kWh system: Annual bill saving:,PUBLISHED_DISPLAY_VALUE,"Restaurants, QSRs, Pubs/Bars/Breweries, Hotels, Contract Caterers, Experiential Leisure",FOUR_SLOT_CARD,EMPTY_STAYS_EMPTY,SHOW_EMPTY,0,0,ACTIVE,ACTIVE,PUBLIC,STANDARD,1.0,2026-08-18,Consolidate.xlsx,43
CRS-0166,CPF-0042,CARD-0166,INIT-0042,Carbon Factors,DISPLAY_PUBLISHED,"Net avoided tCO2e = [renewable electricity discharged × displaced-grid factor − charging losses × charging-source factor] ÷ 1,000",Carbon abatement,Published carbon saving: not disclosed,PUBLISHED_DISPLAY_VALUE,"Restaurants, QSRs, Pubs/Bars/Breweries, Hotels, Contract Caterers, Experiential Leisure",FOUR_SLOT_CARD,EMPTY_STAYS_EMPTY,SHOW_EMPTY,0,0,ACTIVE,ACTIVE,PUBLIC,STANDARD,1.0,2026-08-18,Consolidate.xlsx,43
CRS-0167,CTF-0042,CARD-0167,INIT-0042,Timing Factors,DISPLAY_PUBLISHED,Simple payback = installed cost ÷ (bill savings + grid-service revenue − operating cost),Payback,Payback: years; often < years with solar Solar plus storage payback: years,PUBLISHED_DISPLAY_VALUE,"Restaurants, QSRs, Pubs/Bars/Breweries, Hotels, Contract Caterers, Experiential Leisure",FOUR_SLOT_CARD,EMPTY_STAYS_EMPTY,SHOW_EMPTY,0,0,ACTIVE,ACTIVE,PUBLIC,STANDARD,1.0,2026-08-18,Consolidate.xlsx,43
CRS-0168,CEF-0042,CARD-0168,INIT-0042,Efficiency Factors,DISPLAY_PUBLISHED,Self-consumption = on-site solar used on site ÷ solar generated,Efficiency,Solar self consumption: approximately % → % Indicative hotel sizing: kWh/room,PUBLISHED_DISPLAY_VALUE,"Restaurants, QSRs, Pubs/Bars/Breweries, Hotels, Contract Caterers, Experiential Leisure",FOUR_SLOT_CARD,EMPTY_STAYS_EMPTY,SHOW_EMPTY,0,0,ACTIVE,ACTIVE,PUBLIC,STANDARD,1.0,2026-08-18,Consolidate.xlsx,43
CRS-0169,CCF-0043,CARD-0169,INIT-0043,Cost Factors,DISPLAY_PUBLISHED,Installed cost = treated floor area × £10–£20/m²,Cost,LED retrofit: /m² Reported annual saving: nearly,PUBLISHED_DISPLAY_VALUE,"Restaurants, QSRs, Pubs/Bars/Breweries, Hotels, Contract Caterers, Experiential Leisure",FOUR_SLOT_CARD,EMPTY_STAYS_EMPTY,SHOW_EMPTY,0,0,ACTIVE,ACTIVE,PUBLIC,STANDARD,1.0,2026-08-18,Consolidate.xlsx,44
CRS-0170,CPF-0043,CARD-0170,INIT-0043,Carbon Factors,DISPLAY_PUBLISHED,"Programme abatement = 20,200 MWh × 200–250 kgCO2e/MWh ÷ 1,000 = 4,040–5,050 tCO2e/year",Carbon abatement,Avoided carbon: kgCOe/MWh saved,PUBLISHED_DISPLAY_VALUE,"Restaurants, QSRs, Pubs/Bars/Breweries, Hotels, Contract Caterers, Experiential Leisure",FOUR_SLOT_CARD,EMPTY_STAYS_EMPTY,SHOW_EMPTY,0,0,ACTIVE,ACTIVE,PUBLIC,STANDARD,1.0,2026-08-18,Consolidate.xlsx,44
CRS-0171,CTF-0043,CARD-0171,INIT-0043,Timing Factors,DISPLAY_PUBLISHED,Simple payback = installed cost ÷ (annual electricity saving + annual maintenance saving),Payback,Payback: years; typically months,PUBLISHED_DISPLAY_VALUE,"Restaurants, QSRs, Pubs/Bars/Breweries, Hotels, Contract Caterers, Experiential Leisure",FOUR_SLOT_CARD,EMPTY_STAYS_EMPTY,SHOW_EMPTY,0,0,ACTIVE,ACTIVE,PUBLIC,STANDARD,1.0,2026-08-18,Consolidate.xlsx,44
CRS-0172,CEF-0043,CARD-0172,INIT-0043,Efficiency Factors,DISPLAY_PUBLISHED,Lighting saving = baseline lighting kWh × verified reduction rate,Efficiency,Lamp only saving: % LED plus controls: %,PUBLISHED_DISPLAY_VALUE,"Restaurants, QSRs, Pubs/Bars/Breweries, Hotels, Contract Caterers, Experiential Leisure",FOUR_SLOT_CARD,EMPTY_STAYS_EMPTY,SHOW_EMPTY,0,0,ACTIVE,ACTIVE,PUBLIC,STANDARD,1.0,2026-08-18,Consolidate.xlsx,44
CRS-0173,CCF-0044,CARD-0173,INIT-0044,Cost Factors,DISPLAY_PUBLISHED,"Annual net saving = recovered heat × displaced-fuel tariff − fan energy − £500–£2,000 maintenance",Cost,m² building: new build premium; approximately retrofit Filter maintenance: /year,PUBLISHED_DISPLAY_VALUE,"Restaurants, QSRs, Pubs/Bars/Breweries, Hotels, Contract Caterers, Experiential Leisure",FOUR_SLOT_CARD,EMPTY_STAYS_EMPTY,SHOW_EMPTY,0,0,ACTIVE,ACTIVE,PUBLIC,STANDARD,1.0,2026-08-18,Consolidate.xlsx,45
CRS-0174,CPF-0044,CARD-0174,INIT-0044,Carbon Factors,DISPLAY_PUBLISHED,"Avoided tCO2e = recovered useful heat × displaced-fuel factor ÷ 1,000 − additional fan or heat-pump emissions",Carbon abatement,Hospitality kitchen cases: kgCOe/year,PUBLISHED_DISPLAY_VALUE,"Restaurants, QSRs, Pubs/Bars/Breweries, Hotels, Contract Caterers, Experiential Leisure",FOUR_SLOT_CARD,EMPTY_STAYS_EMPTY,SHOW_EMPTY,0,0,ACTIVE,ACTIVE,PUBLIC,STANDARD,1.0,2026-08-18,Consolidate.xlsx,45
CRS-0175,CTF-0044,CARD-0175,INIT-0044,Timing Factors,DISPLAY_PUBLISHED,Simple payback = installed cost ÷ annual avoided fuel cost,Payback,Electric heating displacement: years Gas displacement: years,PUBLISHED_DISPLAY_VALUE,"Restaurants, QSRs, Pubs/Bars/Breweries, Hotels, Contract Caterers, Experiential Leisure",FOUR_SLOT_CARD,EMPTY_STAYS_EMPTY,SHOW_EMPTY,0,0,ACTIVE,ACTIVE,PUBLIC,STANDARD,1.0,2026-08-18,Consolidate.xlsx,45
CRS-0176,CEF-0044,CARD-0176,INIT-0044,Efficiency Factors,DISPLAY_PUBLISHED,Recovery efficiency = useful heat recovered ÷ recoverable exhaust heat,Efficiency,Plate exchanger: % typical; % maximum Thermal wheel: %; % maximum,PUBLISHED_DISPLAY_VALUE,"Restaurants, QSRs, Pubs/Bars/Breweries, Hotels, Contract Caterers, Experiential Leisure",FOUR_SLOT_CARD,EMPTY_STAYS_EMPTY,SHOW_EMPTY,0,0,ACTIVE,ACTIVE,PUBLIC,STANDARD,1.0,2026-08-18,Consolidate.xlsx,45
CRS-0177,CCF-0045,CARD-0177,INIT-0045,Cost Factors,DISPLAY_PUBLISHED,Net additive saving should isolate the dosed-site change from the powerflush-only control,Cost,Reported saving: over months at one site Reported saving: across bank branches,PUBLISHED_DISPLAY_VALUE,"Restaurants, QSRs, Pubs/Bars/Breweries, Hotels, Contract Caterers, Experiential Leisure",FOUR_SLOT_CARD,EMPTY_STAYS_EMPTY,SHOW_EMPTY,0,0,ACTIVE,ACTIVE,PUBLIC,STANDARD,1.0,2026-08-18,Consolidate.xlsx,46
CRS-0178,CPF-0045,CARD-0178,INIT-0045,Carbon Factors,DISPLAY_PUBLISHED,Attributable heating saving = 21.34% dosed result − 7.35% powerflush-only control = 13.99%,Carbon abatement,Reported carbon: tCO over months; > tCO across branches,PUBLISHED_DISPLAY_VALUE,"Restaurants, QSRs, Pubs/Bars/Breweries, Hotels, Contract Caterers, Experiential Leisure",FOUR_SLOT_CARD,EMPTY_STAYS_EMPTY,SHOW_EMPTY,0,0,ACTIVE,ACTIVE,PUBLIC,STANDARD,1.0,2026-08-18,Consolidate.xlsx,46
CRS-0179,CTF-0045,CARD-0179,INIT-0045,Timing Factors,DISPLAY_PUBLISHED,Simple payback = additive and dosing cost ÷ verified annual gas-cost saving,Payback,Reported payback: < year to months Installation time: minutes/system,PUBLISHED_DISPLAY_VALUE,"Restaurants, QSRs, Pubs/Bars/Breweries, Hotels, Contract Caterers, Experiential Leisure",FOUR_SLOT_CARD,EMPTY_STAYS_EMPTY,SHOW_EMPTY,0,0,ACTIVE,ACTIVE,PUBLIC,STANDARD,1.0,2026-08-18,Consolidate.xlsx,46
CRS-0180,CEF-0045,CARD-0180,INIT-0045,Efficiency Factors,DISPLAY_PUBLISHED,21.34% − 7.35% = 13.99% attributable saving,Efficiency,Dosed sites: % saving Powerflush only controls: % saving,PUBLISHED_DISPLAY_VALUE,"Restaurants, QSRs, Pubs/Bars/Breweries, Hotels, Contract Caterers, Experiential Leisure",FOUR_SLOT_CARD,EMPTY_STAYS_EMPTY,SHOW_EMPTY,0,0,ACTIVE,ACTIVE,PUBLIC,STANDARD,1.0,2026-08-18,Consolidate.xlsx,46
CRS-0181,CCF-0046,CARD-0181,INIT-0046,Cost Factors,DISPLAY_PUBLISHED,Delivered heat cost: heat pump = electricity tariff ÷ seasonal COP,Cost,All business electricity: p/kWh All business gas: p/kWh Price ratio: approximately :,PUBLISHED_DISPLAY_VALUE,"Restaurants, QSRs, Pubs/Bars/Breweries, Hotels, Contract Caterers, Experiential Leisure",FOUR_SLOT_CARD,EMPTY_STAYS_EMPTY,SHOW_EMPTY,0,0,ACTIVE,ACTIVE,PUBLIC,STANDARD,1.0,2026-08-18,Consolidate.xlsx,47
CRS-0182,CPF-0046,CARD-0182,INIT-0046,Carbon Factors,DISPLAY_PUBLISHED,"Avoided tCO2e = [baseline gas kWh × gas factor − delivered heat ÷ seasonal COP × grid factor] ÷ 1,000",Carbon abatement,Whitbread Scope from gas and LPG equipment: >%,PUBLISHED_DISPLAY_VALUE,"Restaurants, QSRs, Pubs/Bars/Breweries, Hotels, Contract Caterers, Experiential Leisure",FOUR_SLOT_CARD,EMPTY_STAYS_EMPTY,SHOW_EMPTY,0,0,ACTIVE,ACTIVE,PUBLIC,STANDARD,1.0,2026-08-18,Consolidate.xlsx,47
CRS-0183,CTF-0046,CARD-0183,INIT-0046,Timing Factors,DISPLAY_PUBLISHED,Simple payback = incremental installed cost ÷ annual net saving,Payback,Supplier payback benchmark: years,PUBLISHED_DISPLAY_VALUE,"Restaurants, QSRs, Pubs/Bars/Breweries, Hotels, Contract Caterers, Experiential Leisure",FOUR_SLOT_CARD,EMPTY_STAYS_EMPTY,SHOW_EMPTY,0,0,ACTIVE,ACTIVE,PUBLIC,STANDARD,1.0,2026-08-18,Consolidate.xlsx,47
CRS-0184,CEF-0046,CARD-0184,INIT-0046,Efficiency Factors,DISPLAY_PUBLISHED,Heat-pump heat cost = 24.14p ÷ 3 = 8.05p/kWh; gas heat cost = 5.17p ÷ 85% = 6.08p/kWh,Efficiency,Heat pump at COP : approximately p/kWh heat,PUBLISHED_DISPLAY_VALUE,"Restaurants, QSRs, Pubs/Bars/Breweries, Hotels, Contract Caterers, Experiential Leisure",FOUR_SLOT_CARD,EMPTY_STAYS_EMPTY,SHOW_EMPTY,0,0,ACTIVE,ACTIVE,PUBLIC,STANDARD,1.0,2026-08-18,Consolidate.xlsx,47
CRS-0185,CCF-0047,CARD-0185,INIT-0047,Cost Factors,DISPLAY_PUBLISHED,Annual electricity saving = measured kWh saving × electricity tariff,Cost,Smart controls: approximately kWh; /year Ambient cooling: approximately /month versus /month,PUBLISHED_DISPLAY_VALUE,Pubs/Bars/Breweries,FOUR_SLOT_CARD,EMPTY_STAYS_EMPTY,SHOW_EMPTY,0,0,ACTIVE,ACTIVE,PUBLIC,STANDARD,1.0,2026-08-18,Consolidate.xlsx,48
CRS-0186,CPF-0047,CARD-0186,INIT-0047,Carbon Factors,DISPLAY_PUBLISHED,"5,126 tCO2 ÷ 1,700 outlets = 3.02 tCO2/outlet-year",Carbon abatement,Estate carbon saving: tCO/year,PUBLISHED_DISPLAY_VALUE,Pubs/Bars/Breweries,FOUR_SLOT_CARD,EMPTY_STAYS_EMPTY,SHOW_EMPTY,0,0,ACTIVE,ACTIVE,PUBLIC,STANDARD,1.0,2026-08-18,Consolidate.xlsx,48
CRS-0187,CTF-0047,CARD-0187,INIT-0047,Timing Factors,DISPLAY_PUBLISHED,Simple payback = installed cost ÷ (electricity saving + beer-waste saving + maintenance saving),ROI,Controls: < year typical; approximately months in Greene King rollout,PUBLISHED_DISPLAY_VALUE,Pubs/Bars/Breweries,FOUR_SLOT_CARD,EMPTY_STAYS_EMPTY,SHOW_EMPTY,0,0,ACTIVE,ACTIVE,PUBLIC,STANDARD,1.0,2026-08-18,Consolidate.xlsx,48
CRS-0188,CEF-0047,CARD-0188,INIT-0047,Efficiency Factors,DISPLAY_PUBLISHED,Per-unit saving = baseline kWh − controlled kWh,Efficiency,Site energy reduction: % across + pubs,PUBLISHED_DISPLAY_VALUE,Pubs/Bars/Breweries,FOUR_SLOT_CARD,EMPTY_STAYS_EMPTY,SHOW_EMPTY,0,0,ACTIVE,ACTIVE,PUBLIC,STANDARD,1.0,2026-08-18,Consolidate.xlsx,48
CRS-0189,CCF-0048,CARD-0189,INIT-0048,Cost Factors,DISPLAY_PUBLISHED,Operating-cost change = electric equipment kWh × electricity tariff − displaced gas kWh × gas tariff,Cost,Electricity: p/kWh Gas: p/kWh Unit price ratio: approximately :,PUBLISHED_DISPLAY_VALUE,"Restaurants, QSRs, Pubs/Bars/Breweries, Hotels, Contract Caterers, Experiential Leisure",FOUR_SLOT_CARD,EMPTY_STAYS_EMPTY,SHOW_EMPTY,0,0,ACTIVE,ACTIVE,PUBLIC,STANDARD,1.0,2026-08-18,Consolidate.xlsx,49
CRS-0190,CPF-0048,CARD-0190,INIT-0048,Carbon Factors,DISPLAY_PUBLISHED,"Avoided tCO2e = [displaced gas kWh × gas factor − replacement electricity kWh × grid factor] ÷ 1,000",Carbon abatement,Scope combustion removed: % of displaced gas/LPG emissions,PUBLISHED_DISPLAY_VALUE,"Restaurants, QSRs, Pubs/Bars/Breweries, Hotels, Contract Caterers, Experiential Leisure",FOUR_SLOT_CARD,EMPTY_STAYS_EMPTY,SHOW_EMPTY,0,0,ACTIVE,ACTIVE,PUBLIC,STANDARD,1.0,2026-08-18,Consolidate.xlsx,49
CRS-0191,CTF-0048,CARD-0191,INIT-0048,Timing Factors,DISPLAY_PUBLISHED,Simple payback = incremental installed cost ÷ annual net saving,Payback,Public hospitality payback: not disclosed,PUBLISHED_DISPLAY_VALUE,"Restaurants, QSRs, Pubs/Bars/Breweries, Hotels, Contract Caterers, Experiential Leisure",FOUR_SLOT_CARD,EMPTY_STAYS_EMPTY,SHOW_EMPTY,0,0,ACTIVE,ACTIVE,PUBLIC,STANDARD,1.0,2026-08-18,Consolidate.xlsx,49
CRS-0192,CEF-0048,CARD-0192,INIT-0048,Efficiency Factors,DISPLAY_PUBLISHED,Deployment growth = current-year completed units − prior-year completed units,Efficiency,M&B FY: kitchens electrified; sites fully off gas,PUBLISHED_DISPLAY_VALUE,"Restaurants, QSRs, Pubs/Bars/Breweries, Hotels, Contract Caterers, Experiential Leisure",FOUR_SLOT_CARD,EMPTY_STAYS_EMPTY,SHOW_EMPTY,0,0,ACTIVE,ACTIVE,PUBLIC,STANDARD,1.0,2026-08-18,Consolidate.xlsx,49
CRS-0193,CCF-0049,CARD-0193,INIT-0049,Cost Factors,DISPLAY_PUBLISHED,"Installed value/site = £5.4m ÷ 120 = £45,000; first-year £/tCO2 = £5.4m ÷ 600 tCO2 = £9,000/tCO2",Cost,Whitbread hotel decarbonisation spend: m (/) Hall & Woodhouse pledge: m,PUBLISHED_DISPLAY_VALUE,"Restaurants, QSRs, Pubs/Bars/Breweries, Hotels, Contract Caterers, Experiential Leisure",FOUR_SLOT_CARD,EMPTY_STAYS_EMPTY,SHOW_EMPTY,0,0,ACTIVE,ACTIVE,PUBLIC,STANDARD,1.0,2026-08-18,Consolidate.xlsx,50
CRS-0194,CPF-0049,CARD-0194,INIT-0049,Carbon Factors,DISPLAY_PUBLISHED,Programme abatement = sum of verified funded-project savings; 600 ÷ 120 = 5 tCO2/site-year,Carbon abatement,Standalone investment abatement: zero,PUBLISHED_DISPLAY_VALUE,"Restaurants, QSRs, Pubs/Bars/Breweries, Hotels, Contract Caterers, Experiential Leisure",FOUR_SLOT_CARD,EMPTY_STAYS_EMPTY,SHOW_EMPTY,0,0,ACTIVE,ACTIVE,PUBLIC,STANDARD,1.0,2026-08-18,Consolidate.xlsx,50
CRS-0195,CTF-0049,CARD-0195,INIT-0049,Timing Factors,DISPLAY_PUBLISHED,Programme payback = total funded cost ÷ verified annual portfolio benefit,Payback,Low cost measures: < year payback,PUBLISHED_DISPLAY_VALUE,"Restaurants, QSRs, Pubs/Bars/Breweries, Hotels, Contract Caterers, Experiential Leisure",FOUR_SLOT_CARD,EMPTY_STAYS_EMPTY,SHOW_EMPTY,0,0,ACTIVE,ACTIVE,PUBLIC,STANDARD,1.0,2026-08-18,Consolidate.xlsx,50
CRS-0196,CEF-0049,CARD-0196,INIT-0049,Efficiency Factors,DISPLAY_PUBLISHED,Delivery rate = completed sites or units ÷ annual programme target,Efficiency,Solar estate: sites Solar installed in one year: sites,PUBLISHED_DISPLAY_VALUE,"Restaurants, QSRs, Pubs/Bars/Breweries, Hotels, Contract Caterers, Experiential Leisure",FOUR_SLOT_CARD,EMPTY_STAYS_EMPTY,SHOW_EMPTY,0,0,ACTIVE,ACTIVE,PUBLIC,STANDARD,1.0,2026-08-18,Consolidate.xlsx,50
CRS-0197,CCF-0050,CARD-0197,INIT-0050,Cost Factors,DISPLAY_PUBLISHED,Retrofit cost = treated area × £10–£20/m²,Cost,Indicative fabric retrofit: /m² Asset efficiency payback including plant room insulation: years,PUBLISHED_DISPLAY_VALUE,"Restaurants, QSRs, Pubs/Bars/Breweries, Hotels, Contract Caterers, Experiential Leisure",FOUR_SLOT_CARD,EMPTY_STAYS_EMPTY,SHOW_EMPTY,0,0,ACTIVE,ACTIVE,PUBLIC,STANDARD,1.0,2026-08-18,Consolidate.xlsx,51
CRS-0198,CPF-0050,CARD-0198,INIT-0050,Carbon Factors,DISPLAY_PUBLISHED,Heating reduction = (adjusted baseline kWh − post-retrofit kWh) ÷ adjusted baseline kWh,Carbon abatement,Weather normalised heating reduction: %,PUBLISHED_DISPLAY_VALUE,"Restaurants, QSRs, Pubs/Bars/Breweries, Hotels, Contract Caterers, Experiential Leisure",FOUR_SLOT_CARD,EMPTY_STAYS_EMPTY,SHOW_EMPTY,0,0,ACTIVE,ACTIVE,PUBLIC,STANDARD,1.0,2026-08-18,Consolidate.xlsx,51
CRS-0199,CTF-0050,CARD-0199,INIT-0050,Timing Factors,DISPLAY_PUBLISHED,Fabric-only payback = fabric-specific installed cost ÷ fabric-attributable annual saving,ROI,Combined fabric lighting and controls package: years,PUBLISHED_DISPLAY_VALUE,"Restaurants, QSRs, Pubs/Bars/Breweries, Hotels, Contract Caterers, Experiential Leisure",FOUR_SLOT_CARD,EMPTY_STAYS_EMPTY,SHOW_EMPTY,0,0,ACTIVE,ACTIVE,PUBLIC,STANDARD,1.0,2026-08-18,Consolidate.xlsx,51
CRS-0200,CEF-0050,CARD-0200,INIT-0050,Efficiency Factors,DISPLAY_PUBLISHED,Thermal-satisfaction rate = satisfied respondents ÷ surveyed respondents,Efficiency,Listed buildings: approximately Post retrofit thermal satisfaction: >%,PUBLISHED_DISPLAY_VALUE,"Restaurants, QSRs, Pubs/Bars/Breweries, Hotels, Contract Caterers, Experiential Leisure",FOUR_SLOT_CARD,EMPTY_STAYS_EMPTY,SHOW_EMPTY,0,0,ACTIVE,ACTIVE,PUBLIC,STANDARD,1.0,2026-08-18,Consolidate.xlsx,51
CRS-0201,CCF-0051,CARD-0201,INIT-0051,Cost Factors,DISPLAY_PUBLISHED,"BMS payback = £116,000 ÷ £22,000 = 5.27 years; occupancy-control payback = £48,000 ÷ £9,000 = 5.33 years",Cost,BMS programme: cost; /year saving Occupancy controls: cost; /year saving,PUBLISHED_DISPLAY_VALUE,"Restaurants, QSRs, Pubs/Bars/Breweries, Hotels, Contract Caterers, Experiential Leisure",FOUR_SLOT_CARD,EMPTY_STAYS_EMPTY,SHOW_EMPTY,0,0,ACTIVE,ACTIVE,PUBLIC,STANDARD,1.0,2026-08-18,Consolidate.xlsx,52
CRS-0202,CPF-0051,CARD-0202,INIT-0051,Carbon Factors,DISPLAY_PUBLISHED,Programme abatement = sum of verified measure-level electricity and gas savings × applicable historical factors,Carbon abatement,Total BMS programme: approximately tCOe/year,PUBLISHED_DISPLAY_VALUE,"Restaurants, QSRs, Pubs/Bars/Breweries, Hotels, Contract Caterers, Experiential Leisure",FOUR_SLOT_CARD,EMPTY_STAYS_EMPTY,SHOW_EMPTY,0,0,ACTIVE,ACTIVE,PUBLIC,STANDARD,1.0,2026-08-18,Consolidate.xlsx,52
CRS-0203,CTF-0051,CARD-0203,INIT-0051,Timing Factors,DISPLAY_PUBLISHED,"£116,000 ÷ £22,000/year = 5.27 years; £48,000 ÷ £9,000/year = 5.33 years",Payback,BMS programme payback: years Occupancy control payback: years,PUBLISHED_DISPLAY_VALUE,"Restaurants, QSRs, Pubs/Bars/Breweries, Hotels, Contract Caterers, Experiential Leisure",FOUR_SLOT_CARD,EMPTY_STAYS_EMPTY,SHOW_EMPTY,0,0,ACTIVE,ACTIVE,PUBLIC,STANDARD,1.0,2026-08-18,Consolidate.xlsx,52
CRS-0204,CEF-0051,CARD-0204,INIT-0051,Efficiency Factors,DISPLAY_PUBLISHED,Site saving rate = (adjusted baseline kWh − actual kWh) ÷ adjusted baseline kWh,Efficiency,Data interval: half hourly Profile analysis sample: buildings,PUBLISHED_DISPLAY_VALUE,"Restaurants, QSRs, Pubs/Bars/Breweries, Hotels, Contract Caterers, Experiential Leisure",FOUR_SLOT_CARD,EMPTY_STAYS_EMPTY,SHOW_EMPTY,0,0,ACTIVE,ACTIVE,PUBLIC,STANDARD,1.0,2026-08-18,Consolidate.xlsx,52
CRS-0205,CCF-0052,CARD-0205,INIT-0052,Cost Factors,DISPLAY_PUBLISHED,"Installed value/site = £5.4m ÷ 120 = £45,000; owned-system cost = capacity (kWp) × installed £/kWp",Cost,Third party programme: m across pubs; approximately /site; zero operator capex Hotel system:,PUBLISHED_DISPLAY_VALUE,"Restaurants, QSRs, Pubs/Bars/Breweries, Hotels, Contract Caterers, Experiential Leisure",FOUR_SLOT_CARD,EMPTY_STAYS_EMPTY,SHOW_EMPTY,0,0,ACTIVE,ACTIVE,PUBLIC,STANDARD,1.0,2026-08-18,Consolidate.xlsx,53
CRS-0206,CPF-0052,CARD-0206,INIT-0052,Carbon Factors,DISPLAY_PUBLISHED,"600 ÷ 120 = 5 tCO2/site-year; future abatement = self-consumed solar kWh × current grid factor ÷ 1,000",Carbon abatement,Marston’s: tCO/year across pubs; approximately tCO/site year,PUBLISHED_DISPLAY_VALUE,"Restaurants, QSRs, Pubs/Bars/Breweries, Hotels, Contract Caterers, Experiential Leisure",FOUR_SLOT_CARD,EMPTY_STAYS_EMPTY,SHOW_EMPTY,0,0,ACTIVE,ACTIVE,PUBLIC,STANDARD,1.0,2026-08-18,Consolidate.xlsx,53
CRS-0207,CTF-0052,CARD-0207,INIT-0052,Timing Factors,DISPLAY_PUBLISHED,Simple payback = installed cost ÷ annual electricity benefit; 1 ÷ 20% = 5 years,Payback,Owned pub scale payback: years Hotel scale payback: approximately years gross,PUBLISHED_DISPLAY_VALUE,"Restaurants, QSRs, Pubs/Bars/Breweries, Hotels, Contract Caterers, Experiential Leisure",FOUR_SLOT_CARD,EMPTY_STAYS_EMPTY,SHOW_EMPTY,0,0,ACTIVE,ACTIVE,PUBLIC,STANDARD,1.0,2026-08-18,Consolidate.xlsx,53
CRS-0208,CEF-0052,CARD-0208,INIT-0052,Efficiency Factors,DISPLAY_PUBLISHED,Self-supply = self-consumed solar kWh ÷ site electricity kWh,Efficiency,Trading site self supply: % Brewery self supply: %,PUBLISHED_DISPLAY_VALUE,"Restaurants, QSRs, Pubs/Bars/Breweries, Hotels, Contract Caterers, Experiential Leisure",FOUR_SLOT_CARD,EMPTY_STAYS_EMPTY,SHOW_EMPTY,0,0,ACTIVE,ACTIVE,PUBLIC,STANDARD,1.0,2026-08-18,Consolidate.xlsx,53
CRS-0209,CCF-0053,CARD-0209,INIT-0053,Cost Factors,DISPLAY_PUBLISHED,Indicative annual saving = eligible electricity cost × verified saving rate,Cost,Screening threshold: > annual electricity spend Independent site specific cost: quote required,PUBLISHED_DISPLAY_VALUE,"Restaurants, QSRs, Pubs/Bars/Breweries, Hotels, Contract Caterers, Experiential Leisure",FOUR_SLOT_CARD,EMPTY_STAYS_EMPTY,SHOW_EMPTY,0,0,ACTIVE,ACTIVE,PUBLIC,STANDARD,1.0,2026-08-18,Consolidate.xlsx,54
CRS-0210,CPF-0053,CARD-0210,INIT-0053,Carbon Factors,DISPLAY_PUBLISHED,"Avoided tCO2e = verified post-installation kWh saving × current grid factor ÷ 1,000",Carbon abatement,Named case: tCO/year,PUBLISHED_DISPLAY_VALUE,"Restaurants, QSRs, Pubs/Bars/Breweries, Hotels, Contract Caterers, Experiential Leisure",FOUR_SLOT_CARD,EMPTY_STAYS_EMPTY,SHOW_EMPTY,0,0,ACTIVE,ACTIVE,PUBLIC,STANDARD,1.0,2026-08-18,Consolidate.xlsx,54
CRS-0211,CTF-0053,CARD-0211,INIT-0053,Timing Factors,DISPLAY_PUBLISHED,Simple payback = installed quote ÷ verified annual bill saving,Payback,Public hospitality payback: not disclosed,PUBLISHED_DISPLAY_VALUE,"Restaurants, QSRs, Pubs/Bars/Breweries, Hotels, Contract Caterers, Experiential Leisure",FOUR_SLOT_CARD,EMPTY_STAYS_EMPTY,SHOW_EMPTY,0,0,ACTIVE,ACTIVE,PUBLIC,STANDARD,1.0,2026-08-18,Consolidate.xlsx,54
CRS-0212,CEF-0053,CARD-0212,INIT-0053,Efficiency Factors,DISPLAY_PUBLISHED,Eligible-load saving = voltage-dependent kWh × measured reduction rate,Efficiency,Voltage independent load: % Planning range for efficient sites: %,PUBLISHED_DISPLAY_VALUE,"Restaurants, QSRs, Pubs/Bars/Breweries, Hotels, Contract Caterers, Experiential Leisure",FOUR_SLOT_CARD,EMPTY_STAYS_EMPTY,SHOW_EMPTY,0,0,ACTIVE,ACTIVE,PUBLIC,STANDARD,1.0,2026-08-18,Consolidate.xlsx,54
CRS-0213,CCF-0054,CARD-0213,INIT-0054,Cost Factors,DISPLAY_PUBLISHED,Annual PPA cost = contracted MWh × strike price,Cost,New generation benchmark: approximately /MWh Existing asset corporate PPA range: approximately /MWh,PUBLISHED_DISPLAY_VALUE,"Restaurants, QSRs, Pubs/Bars/Breweries, Hotels, Contract Caterers, Experiential Leisure",FOUR_SLOT_CARD,EMPTY_STAYS_EMPTY,SHOW_EMPTY,0,0,ACTIVE,ACTIVE,PUBLIC,STANDARD,1.0,2026-08-18,Consolidate.xlsx,55
CRS-0214,CPF-0054,CARD-0214,INIT-0054,Carbon Factors,DISPLAY_PUBLISHED,"Market-based reduction = contracted kWh × (previous supplier factor − qualifying contract factor) ÷ 1,000",Carbon abatement,Certificate tariff: market based Scope reduction; location based physical reduction zero,PUBLISHED_DISPLAY_VALUE,"Restaurants, QSRs, Pubs/Bars/Breweries, Hotels, Contract Caterers, Experiential Leisure",FOUR_SLOT_CARD,EMPTY_STAYS_EMPTY,SHOW_EMPTY,0,0,ACTIVE,ACTIVE,PUBLIC,STANDARD,1.0,2026-08-18,Consolidate.xlsx,55
CRS-0215,CTF-0054,CARD-0215,INIT-0054,Timing Factors,DISPLAY_PUBLISHED,Contract value = avoided spot-market cost ± contract premium over the agreement term,Payback,Certificated supply partnership: approximately years,PUBLISHED_DISPLAY_VALUE,"Restaurants, QSRs, Pubs/Bars/Breweries, Hotels, Contract Caterers, Experiential Leisure",FOUR_SLOT_CARD,EMPTY_STAYS_EMPTY,SHOW_EMPTY,0,0,ACTIVE,ACTIVE,PUBLIC,STANDARD,1.0,2026-08-18,Consolidate.xlsx,55
CRS-0216,CEF-0054,CARD-0216,INIT-0054,Efficiency Factors,DISPLAY_PUBLISHED,Route share = qualifying kWh for each route ÷ total electricity demand,Efficiency,Primary KPI: contracted renewable share by route,PUBLISHED_DISPLAY_VALUE,"Restaurants, QSRs, Pubs/Bars/Breweries, Hotels, Contract Caterers, Experiential Leisure",FOUR_SLOT_CARD,EMPTY_STAYS_EMPTY,SHOW_EMPTY,0,0,ACTIVE,ACTIVE,PUBLIC,STANDARD,1.0,2026-08-18,Consolidate.xlsx,55
CRS-0217,CCF-0055,CARD-0217,INIT-0055,Cost Factors,DISPLAY_PUBLISHED,Annual capacity revenue = contracted flexible capacity (kW) × clearing price (£/kW-year),Cost,T /: /kW year T /: /kW year Older aggregator claims: /kW year,PUBLISHED_DISPLAY_VALUE,"Restaurants, QSRs, Pubs/Bars/Breweries, Hotels, Contract Caterers, Experiential Leisure",FOUR_SLOT_CARD,EMPTY_STAYS_EMPTY,SHOW_EMPTY,0,0,ACTIVE,ACTIVE,PUBLIC,STANDARD,1.0,2026-08-18,Consolidate.xlsx,56
CRS-0218,CPF-0055,CARD-0218,INIT-0055,Carbon Factors,DISPLAY_PUBLISHED,"Net tCO2e = shifted or curtailed kWh × (event-period grid factor − rebound-period factor) ÷ 1,000",Carbon abatement,Published initiative tCOe saving: not available,PUBLISHED_DISPLAY_VALUE,"Restaurants, QSRs, Pubs/Bars/Breweries, Hotels, Contract Caterers, Experiential Leisure",FOUR_SLOT_CARD,EMPTY_STAYS_EMPTY,SHOW_EMPTY,0,0,ACTIVE,ACTIVE,PUBLIC,STANDARD,1.0,2026-08-18,Consolidate.xlsx,56
CRS-0219,CTF-0055,CARD-0219,INIT-0055,Timing Factors,DISPLAY_PUBLISHED,Revenue multiple = £27.10 ÷ £5.00 = 5.42×,Payback,T revenue rate: /kW year T revenue rate: /kW year,PUBLISHED_DISPLAY_VALUE,"Restaurants, QSRs, Pubs/Bars/Breweries, Hotels, Contract Caterers, Experiential Leisure",FOUR_SLOT_CARD,EMPTY_STAYS_EMPTY,SHOW_EMPTY,0,0,ACTIVE,ACTIVE,PUBLIC,STANDARD,1.0,2026-08-18,Consolidate.xlsx,56
CRS-0220,CEF-0055,CARD-0220,INIT-0055,Efficiency Factors,DISPLAY_PUBLISHED,Eligible flexible load = non-customer-facing kW available during response windows,Efficiency,Historic response windows: : : and : : DSR share of T / capacity: %,PUBLISHED_DISPLAY_VALUE,"Restaurants, QSRs, Pubs/Bars/Breweries, Hotels, Contract Caterers, Experiential Leisure",FOUR_SLOT_CARD,EMPTY_STAYS_EMPTY,SHOW_EMPTY,0,0,ACTIVE,ACTIVE,PUBLIC,STANDARD,1.0,2026-08-18,Consolidate.xlsx,56
CRS-0221,CCF-0056,CARD-0221,INIT-0056,Cost Factors,DISPLAY_PUBLISHED,Programme budget = annual energy spend × 1%–2%; annual saving = annual energy spend × verified saving rate,Cost,Programme investment: % of energy spend Upper bound saving: % of energy cost Prudent budgeting range: % saving,PUBLISHED_DISPLAY_VALUE,"Restaurants, QSRs, Pubs/Bars/Breweries, Hotels, Contract Caterers, Experiential Leisure",FOUR_SLOT_CARD,EMPTY_STAYS_EMPTY,SHOW_EMPTY,0,0,ACTIVE,ACTIVE,PUBLIC,STANDARD,1.0,2026-08-18,Consolidate.xlsx,57
CRS-0222,CPF-0056,CARD-0222,INIT-0056,Carbon Factors,DISPLAY_PUBLISHED,"Avoided tCO2e = (electricity kWh saved × grid factor + gas kWh saved × gas factor) ÷ 1,000",Carbon abatement,Operator disclosed tCOe saving: not available,PUBLISHED_DISPLAY_VALUE,"Restaurants, QSRs, Pubs/Bars/Breweries, Hotels, Contract Caterers, Experiential Leisure",FOUR_SLOT_CARD,EMPTY_STAYS_EMPTY,SHOW_EMPTY,0,0,ACTIVE,ACTIVE,PUBLIC,STANDARD,1.0,2026-08-18,Consolidate.xlsx,57
CRS-0223,CTF-0056,CARD-0223,INIT-0056,Timing Factors,DISPLAY_PUBLISHED,Evidence rate = 8 ÷ 48 = 16.7%; return = verified annual energy-cost saving ÷ annual programme spend,ROI,Organisations estimating savings: of ; approximately % Verified savings: none,PUBLISHED_DISPLAY_VALUE,"Restaurants, QSRs, Pubs/Bars/Breweries, Hotels, Contract Caterers, Experiential Leisure",FOUR_SLOT_CARD,EMPTY_STAYS_EMPTY,SHOW_EMPTY,0,0,ACTIVE,ACTIVE,PUBLIC,STANDARD,1.0,2026-08-18,Consolidate.xlsx,57
CRS-0224,CEF-0056,CARD-0224,INIT-0056,Efficiency Factors,DISPLAY_PUBLISHED,Night-time baseload = closed-hours electricity kWh ÷ closed hours,Efficiency,Evidence base: studies Published hospitality target: kWh/hour night time baseload,PUBLISHED_DISPLAY_VALUE,"Restaurants, QSRs, Pubs/Bars/Breweries, Hotels, Contract Caterers, Experiential Leisure",FOUR_SLOT_CARD,EMPTY_STAYS_EMPTY,SHOW_EMPTY,0,0,ACTIVE,ACTIVE,PUBLIC,STANDARD,1.0,2026-08-18,Consolidate.xlsx,57
CRS-0225,CCF-0057,CARD-0225,INIT-0057,Cost Factors,DISPLAY_PUBLISHED,Annual control saving = weather-adjusted baseline heating cost − post-retuning heating cost,Cost,Buildings audited: Annual saving identified: > New equipment required: none,PUBLISHED_DISPLAY_VALUE,"Restaurants, QSRs, Pubs/Bars/Breweries, Hotels, Contract Caterers, Experiential Leisure",FOUR_SLOT_CARD,EMPTY_STAYS_EMPTY,SHOW_EMPTY,0,0,ACTIVE,ACTIVE,PUBLIC,STANDARD,1.0,2026-08-18,Consolidate.xlsx,58
CRS-0226,CPF-0057,CARD-0226,INIT-0057,Carbon Factors,DISPLAY_PUBLISHED,"Avoided tCO2e = (degree-day-adjusted baseline kWh − actual heating kWh) × fuel factor ÷ 1,000",Carbon abatement,Published hospitality tCOe saving: not available,PUBLISHED_DISPLAY_VALUE,"Restaurants, QSRs, Pubs/Bars/Breweries, Hotels, Contract Caterers, Experiential Leisure",FOUR_SLOT_CARD,EMPTY_STAYS_EMPTY,SHOW_EMPTY,0,0,ACTIVE,ACTIVE,PUBLIC,STANDARD,1.0,2026-08-18,Consolidate.xlsx,58
CRS-0227,CTF-0057,CARD-0227,INIT-0057,Timing Factors,DISPLAY_PUBLISHED,Controls-only payback = professional service cost ÷ verified annual heating saving,Payback,Controls only payback: not publicly disclosed Combined retrofit package: years,PUBLISHED_DISPLAY_VALUE,"Restaurants, QSRs, Pubs/Bars/Breweries, Hotels, Contract Caterers, Experiential Leisure",FOUR_SLOT_CARD,EMPTY_STAYS_EMPTY,SHOW_EMPTY,0,0,ACTIVE,ACTIVE,PUBLIC,STANDARD,1.0,2026-08-18,Consolidate.xlsx,58
CRS-0228,CEF-0057,CARD-0228,INIT-0057,Efficiency Factors,DISPLAY_PUBLISHED,Programme reduction = (adjusted baseline kWh − actual kWh) ÷ adjusted baseline kWh,Efficiency,Profile analysis sample: buildings,PUBLISHED_DISPLAY_VALUE,"Restaurants, QSRs, Pubs/Bars/Breweries, Hotels, Contract Caterers, Experiential Leisure",FOUR_SLOT_CARD,EMPTY_STAYS_EMPTY,SHOW_EMPTY,0,0,ACTIVE,ACTIVE,PUBLIC,STANDARD,1.0,2026-08-18,Consolidate.xlsx,58
CRS-0229,CCF-0058,CARD-0229,INIT-0058,Cost Factors,DISPLAY_PUBLISHED,Penalty = lower of rateable value × applicable percentage and statutory cap,Cost,< months non compliance: % of rateable value; maximum ≥ months: %; maximum,PUBLISHED_DISPLAY_VALUE,"Restaurants, QSRs, Pubs/Bars/Breweries, Hotels, Contract Caterers, Experiential Leisure",FOUR_SLOT_CARD,EMPTY_STAYS_EMPTY,SHOW_EMPTY,0,0,ACTIVE,ACTIVE,PUBLIC,STANDARD,1.0,2026-08-18,Consolidate.xlsx,59
CRS-0230,CPF-0058,CARD-0230,INIT-0058,Carbon Factors,DISPLAY_PUBLISHED,Project abatement = sum of verified measure-level kWh savings × applicable emission factors,Carbon abatement,Standalone EPC abatement: zero,PUBLISHED_DISPLAY_VALUE,"Restaurants, QSRs, Pubs/Bars/Breweries, Hotels, Contract Caterers, Experiential Leisure",FOUR_SLOT_CARD,EMPTY_STAYS_EMPTY,SHOW_EMPTY,0,0,ACTIVE,ACTIVE,PUBLIC,STANDARD,1.0,2026-08-18,Consolidate.xlsx,59
CRS-0231,CTF-0058,CARD-0231,INIT-0058,Timing Factors,DISPLAY_PUBLISHED,Cost-effective upgrade = measure cost ÷ annual benefit ≤7 years,Payback,Proposed EPC B date: from Proposed size threshold: > m²,PUBLISHED_DISPLAY_VALUE,"Restaurants, QSRs, Pubs/Bars/Breweries, Hotels, Contract Caterers, Experiential Leisure",FOUR_SLOT_CARD,EMPTY_STAYS_EMPTY,SHOW_EMPTY,0,0,ACTIVE,ACTIVE,PUBLIC,STANDARD,1.0,2026-08-18,Consolidate.xlsx,59
CRS-0232,CEF-0058,CARD-0232,INIT-0058,Efficiency Factors,DISPLAY_PUBLISHED,Coverage rate = sites meeting rating threshold ÷ in-scope sites; 47 ÷ 62 = 75.8%; 4 ÷ 4 = 100%,Efficiency,Punch EPC C coverage: %; target % by end,PUBLISHED_DISPLAY_VALUE,"Restaurants, QSRs, Pubs/Bars/Breweries, Hotels, Contract Caterers, Experiential Leisure",FOUR_SLOT_CARD,EMPTY_STAYS_EMPTY,SHOW_EMPTY,0,0,ACTIVE,ACTIVE,PUBLIC,STANDARD,1.0,2026-08-18,Consolidate.xlsx,59
CRS-0233,CCF-0059,CARD-0233,INIT-0059,Cost Factors,DISPLAY_PUBLISHED,Connection economics = annual network charges + heat tariff − avoided incumbent-fuel and maintenance cost,Cost,Hospitality heat network/solar thermal cost: not publicly disclosed Recovered heat: kWh/year,PUBLISHED_DISPLAY_VALUE,"Restaurants, QSRs, Pubs/Bars/Breweries, Hotels, Contract Caterers, Experiential Leisure",FOUR_SLOT_CARD,EMPTY_STAYS_EMPTY,SHOW_EMPTY,0,0,ACTIVE,ACTIVE,PUBLIC,STANDARD,1.0,2026-08-18,Consolidate.xlsx,60
CRS-0234,CPF-0059,CARD-0234,INIT-0059,Carbon Factors,DISPLAY_PUBLISHED,Avoided tCO2e = baseline heat emissions − network or solar-thermal emissions,Carbon abatement,Required network factor: kgCOe/kWh delivered,PUBLISHED_DISPLAY_VALUE,"Restaurants, QSRs, Pubs/Bars/Breweries, Hotels, Contract Caterers, Experiential Leisure",FOUR_SLOT_CARD,EMPTY_STAYS_EMPTY,SHOW_EMPTY,0,0,ACTIVE,ACTIVE,PUBLIC,STANDARD,1.0,2026-08-18,Consolidate.xlsx,60
CRS-0235,CTF-0059,CARD-0235,INIT-0059,Timing Factors,DISPLAY_PUBLISHED,Simple payback = connection and system cost ÷ annual net heat-cost saving,Payback,Hospitality payback: not publicly disclosed,PUBLISHED_DISPLAY_VALUE,"Restaurants, QSRs, Pubs/Bars/Breweries, Hotels, Contract Caterers, Experiential Leisure",FOUR_SLOT_CARD,EMPTY_STAYS_EMPTY,SHOW_EMPTY,0,0,ACTIVE,ACTIVE,PUBLIC,STANDARD,1.0,2026-08-18,Consolidate.xlsx,60
CRS-0236,CEF-0059,CARD-0236,INIT-0059,Efficiency Factors,DISPLAY_PUBLISHED,Adoption rate = connected sites ÷ in-scope sites,Efficiency,Exposure threshold: > MWh/year heat demand,PUBLISHED_DISPLAY_VALUE,"Restaurants, QSRs, Pubs/Bars/Breweries, Hotels, Contract Caterers, Experiential Leisure",FOUR_SLOT_CARD,EMPTY_STAYS_EMPTY,SHOW_EMPTY,0,0,ACTIVE,ACTIVE,PUBLIC,STANDARD,1.0,2026-08-18,Consolidate.xlsx,60
CRS-0237,CCF-0060,CARD-0237,INIT-0060,Cost Factors,DISPLAY_PUBLISHED,Annual cost = residual gas MWh × £5–£20/MWh; cost/tCO2e = certificate price ÷ 0.18231 = £27–£110/tCO2e,Cost,Certificate price: /MWh Gas factor: tCOe/MWh Reported cost: approximately /tCOe,PUBLISHED_DISPLAY_VALUE,"Restaurants, QSRs, Pubs/Bars/Breweries, Hotels, Contract Caterers, Experiential Leisure",FOUR_SLOT_CARD,EMPTY_STAYS_EMPTY,SHOW_EMPTY,0,0,ACTIVE,ACTIVE,PUBLIC,STANDARD,1.0,2026-08-18,Consolidate.xlsx,61
CRS-0238,CPF-0060,CARD-0238,INIT-0060,Carbon Factors,DISPLAY_PUBLISHED,"Reported tonnes = 1,000 MWh × 0.18231 tCO2e/MWh = 182.31 tCO2e; cost = 1,000 × £5–£20 = £5,000–£20,000",Carbon abatement,Current SBTi recognised Scope reduction: zero,PUBLISHED_DISPLAY_VALUE,"Restaurants, QSRs, Pubs/Bars/Breweries, Hotels, Contract Caterers, Experiential Leisure",FOUR_SLOT_CARD,EMPTY_STAYS_EMPTY,SHOW_EMPTY,0,0,ACTIVE,ACTIVE,PUBLIC,STANDARD,1.0,2026-08-18,Consolidate.xlsx,61
CRS-0239,CTF-0060,CARD-0239,INIT-0060,Timing Factors,DISPLAY_PUBLISHED,Cumulative certificate cost = annual residual gas MWh × certificate price × contract years,Payback,Capital payback: not applicable Certificate validity: years,PUBLISHED_DISPLAY_VALUE,"Restaurants, QSRs, Pubs/Bars/Breweries, Hotels, Contract Caterers, Experiential Leisure",FOUR_SLOT_CARD,EMPTY_STAYS_EMPTY,SHOW_EMPTY,0,0,ACTIVE,ACTIVE,PUBLIC,STANDARD,1.0,2026-08-18,Consolidate.xlsx,61
CRS-0240,CEF-0060,CARD-0240,INIT-0060,Efficiency Factors,DISPLAY_PUBLISHED,Certified share = certified gas MWh ÷ total gas MWh; residual fossil gas = total gas MWh − certified gas MWh,Efficiency,UK certificates retired in : TWh Biomethane to grid plants:,PUBLISHED_DISPLAY_VALUE,"Restaurants, QSRs, Pubs/Bars/Breweries, Hotels, Contract Caterers, Experiential Leisure",FOUR_SLOT_CARD,EMPTY_STAYS_EMPTY,SHOW_EMPTY,0,0,ACTIVE,ACTIVE,PUBLIC,STANDARD,1.0,2026-08-18,Consolidate.xlsx,61
CRS-0241,CCF-0061,CARD-0241,INIT-0061,Cost Factors,DISPLAY_PUBLISHED,"Internal cost ≈ US$319,000 × 67%; metering cost ≈ ×9%; audit fees ≈ ×6%",Cost,Average implementation cost: US/facility Internal staff time: % External assistance: US,PUBLISHED_DISPLAY_VALUE,"Restaurants, QSRs, Pubs/Bars/Breweries, Hotels, Contract Caterers, Experiential Leisure",FOUR_SLOT_CARD,EMPTY_STAYS_EMPTY,SHOW_EMPTY,0,0,ACTIVE,ACTIVE,PUBLIC,STANDARD,1.0,2026-08-18,Consolidate.xlsx,62
CRS-0242,CPF-0061,CARD-0242,INIT-0061,Carbon Factors,DISPLAY_PUBLISHED,"Enabled tCO2e = verified energy saving by fuel × applicable emission factor ÷ 1,000",Carbon abatement,Certification only abatement: zero,PUBLISHED_DISPLAY_VALUE,"Restaurants, QSRs, Pubs/Bars/Breweries, Hotels, Contract Caterers, Experiential Leisure",FOUR_SLOT_CARD,EMPTY_STAYS_EMPTY,SHOW_EMPTY,0,0,ACTIVE,ACTIVE,PUBLIC,STANDARD,1.0,2026-08-18,Consolidate.xlsx,62
CRS-0243,CTF-0061,CARD-0243,INIT-0061,Timing Factors,DISPLAY_PUBLISHED,"Average payback = US$319,000 implementation cost ÷ approximately US$187,647 annual benefit implied by 1.7 years",Payback,Average payback: years Sample: certified facilities,PUBLISHED_DISPLAY_VALUE,"Restaurants, QSRs, Pubs/Bars/Breweries, Hotels, Contract Caterers, Experiential Leisure",FOUR_SLOT_CARD,EMPTY_STAYS_EMPTY,SHOW_EMPTY,0,0,ACTIVE,ACTIVE,PUBLIC,STANDARD,1.0,2026-08-18,Consolidate.xlsx,62
CRS-0244,CEF-0061,CARD-0244,INIT-0061,Efficiency Factors,DISPLAY_PUBLISHED,Energy saving = (baseline kWh − actual kWh) ÷ baseline kWh,Efficiency,Energy saving: % Energy cost saving: %,PUBLISHED_DISPLAY_VALUE,"Restaurants, QSRs, Pubs/Bars/Breweries, Hotels, Contract Caterers, Experiential Leisure",FOUR_SLOT_CARD,EMPTY_STAYS_EMPTY,SHOW_EMPTY,0,0,ACTIVE,ACTIVE,PUBLIC,STANDARD,1.0,2026-08-18,Consolidate.xlsx,62
CRS-0245,CCF-0062,CARD-0245,INIT-0062,Cost Factors,DISPLAY_PUBLISHED,Annual bill saving = avoided kVArh charges + avoided kVA demand charges + avoided capacity charges,Cost,Capacity/availability charge: approximately /kVA/month Published US equipment range: US US/kVAr,PUBLISHED_DISPLAY_VALUE,"Restaurants, QSRs, Pubs/Bars/Breweries, Hotels, Contract Caterers, Experiential Leisure",FOUR_SLOT_CARD,EMPTY_STAYS_EMPTY,SHOW_EMPTY,0,0,ACTIVE,ACTIVE,PUBLIC,STANDARD,1.0,2026-08-18,Consolidate.xlsx,63
CRS-0246,CPF-0062,CARD-0246,INIT-0062,Carbon Factors,DISPLAY_PUBLISHED,Avoided kgCO2e = measured reduction in member-side loss kWh × grid factor,Carbon abatement,Secondary carbon estimate: approximately kgCO/unit year,PUBLISHED_DISPLAY_VALUE,"Restaurants, QSRs, Pubs/Bars/Breweries, Hotels, Contract Caterers, Experiential Leisure",FOUR_SLOT_CARD,EMPTY_STAYS_EMPTY,SHOW_EMPTY,0,0,ACTIVE,ACTIVE,PUBLIC,STANDARD,1.0,2026-08-18,Consolidate.xlsx,63
CRS-0247,CTF-0062,CARD-0247,INIT-0062,Timing Factors,DISPLAY_PUBLISHED,"Simple payback = installed quote ÷ annual avoided reactive-energy, kVA and capacity charges",Payback,Published examples: approximately months; months; years,PUBLISHED_DISPLAY_VALUE,"Restaurants, QSRs, Pubs/Bars/Breweries, Hotels, Contract Caterers, Experiential Leisure",FOUR_SLOT_CARD,EMPTY_STAYS_EMPTY,SHOW_EMPTY,0,0,ACTIVE,ACTIVE,PUBLIC,STANDARD,1.0,2026-08-18,Consolidate.xlsx,63
CRS-0248,CEF-0062,CARD-0248,INIT-0062,Efficiency Factors,DISPLAY_PUBLISHED,Power factor = real power (kW) ÷ apparent power (kVA),Efficiency,Reference power factor: Supplier penalty thresholds:,PUBLISHED_DISPLAY_VALUE,"Restaurants, QSRs, Pubs/Bars/Breweries, Hotels, Contract Caterers, Experiential Leisure",FOUR_SLOT_CARD,EMPTY_STAYS_EMPTY,SHOW_EMPTY,0,0,ACTIVE,ACTIVE,PUBLIC,STANDARD,1.0,2026-08-18,Consolidate.xlsx,63
CRS-0249,CCF-0063,CARD-0249,INIT-0063,Cost Factors,DISPLAY_PUBLISHED,"Very Good uplift = project cost × <0.25%; £1,000,000 × 0.25% = <£2,500",Cost,Very Good: <% construction cost uplift; < per m Outstanding: approximately %,PUBLISHED_DISPLAY_VALUE,"Restaurants, QSRs, Pubs/Bars/Breweries, Hotels, Contract Caterers, Experiential Leisure",FOUR_SLOT_CARD,EMPTY_STAYS_EMPTY,SHOW_EMPTY,0,0,ACTIVE,ACTIVE,PUBLIC,STANDARD,1.0,2026-08-18,Consolidate.xlsx,64
CRS-0250,CPF-0063,CARD-0250,INIT-0063,Carbon Factors,DISPLAY_PUBLISHED,Project carbon saving = baseline design embodied tCO2e − selected design embodied tCO2e,Carbon abatement,Certification only operational abatement: zero,PUBLISHED_DISPLAY_VALUE,"Restaurants, QSRs, Pubs/Bars/Breweries, Hotels, Contract Caterers, Experiential Leisure",FOUR_SLOT_CARD,EMPTY_STAYS_EMPTY,SHOW_EMPTY,0,0,ACTIVE,ACTIVE,PUBLIC,STANDARD,1.0,2026-08-18,Consolidate.xlsx,64
CRS-0251,CTF-0063,CARD-0251,INIT-0063,Timing Factors,DISPLAY_PUBLISHED,Simple payback = incremental energy-measure cost ÷ annual operating saving,Payback,Associated energy measure payback: years,PUBLISHED_DISPLAY_VALUE,"Restaurants, QSRs, Pubs/Bars/Breweries, Hotels, Contract Caterers, Experiential Leisure",FOUR_SLOT_CARD,EMPTY_STAYS_EMPTY,SHOW_EMPTY,0,0,ACTIVE,ACTIVE,PUBLIC,STANDARD,1.0,2026-08-18,Consolidate.xlsx,64
CRS-0252,CEF-0063,CARD-0252,INIT-0063,Efficiency Factors,DISPLAY_PUBLISHED,Attainment rate = 49 ÷ 62 = 79.0%,Efficiency,Very Good or higher: of hotels; % Excellent: hotels,PUBLISHED_DISPLAY_VALUE,"Restaurants, QSRs, Pubs/Bars/Breweries, Hotels, Contract Caterers, Experiential Leisure",FOUR_SLOT_CARD,EMPTY_STAYS_EMPTY,SHOW_EMPTY,0,0,ACTIVE,ACTIVE,PUBLIC,STANDARD,1.0,2026-08-18,Consolidate.xlsx,64
CRS-0253,CCF-0064,CARD-0253,INIT-0064,Cost Factors,DISPLAY_PUBLISHED,"Annual programme cost = internal hours × loaded hourly rate + external advisory, data-system, audit and assurance fees.",Cost,Costs are primarily associated with governance reporting and Board training,PUBLISHED_DISPLAY_VALUE,All,FOUR_SLOT_CARD,EMPTY_STAYS_EMPTY,SHOW_EMPTY,0,0,ACTIVE,ACTIVE,PUBLIC,STANDARD,1.0,2026-08-18,Consolidate.xlsx,65
CRS-0254,CPF-0064,CARD-0254,INIT-0064,Carbon Factors,DISPLAY_PUBLISHED,Enabled abatement = Σ verified reductions from delivered actions triggered by the initiative; assign zero standalone tCO₂e to governance or reporting.,Carbon abatement,Indirect (Governance Enabler) High,PUBLISHED_DISPLAY_VALUE,All,FOUR_SLOT_CARD,EMPTY_STAYS_EMPTY,SHOW_EMPTY,0,0,ACTIVE,ACTIVE,PUBLIC,STANDARD,1.0,2026-08-18,Consolidate.xlsx,65
CRS-0255,CTF-0064,CARD-0255,INIT-0064,Timing Factors,DISPLAY_PUBLISHED,Simple payback (years) = upfront implementation cost ÷ verified annual net saving; lead time = go-live date − approval date.,ROI,months to assign responsibilities update governance structures and establish reporting,PUBLISHED_DISPLAY_VALUE,All,FOUR_SLOT_CARD,EMPTY_STAYS_EMPTY,SHOW_EMPTY,0,0,ACTIVE,ACTIVE,PUBLIC,STANDARD,1.0,2026-08-18,Consolidate.xlsx,65
CRS-0256,CEF-0064,CARD-0256,INIT-0064,Efficiency Factors,DISPLAY_PUBLISHED,On-time delivery % = actions completed by due date ÷ actions due × 100; track overdue actions and cycle time.,Efficiency,% of Board meetings reviewing sustainability; % of climate actions reviewed by the Board,PUBLISHED_DISPLAY_VALUE,All,FOUR_SLOT_CARD,EMPTY_STAYS_EMPTY,SHOW_EMPTY,0,0,ACTIVE,ACTIVE,PUBLIC,STANDARD,1.0,2026-08-18,Consolidate.xlsx,65
CRS-0257,CCF-0065,CARD-0257,INIT-0065,Cost Factors,DISPLAY_PUBLISHED,"Annual programme cost = internal hours × loaded hourly rate + external advisory, data-system, audit and assurance fees.",Cost,Medium cost,PUBLISHED_DISPLAY_VALUE,All,FOUR_SLOT_CARD,EMPTY_STAYS_EMPTY,SHOW_EMPTY,0,0,ACTIVE,ACTIVE,PUBLIC,STANDARD,1.0,2026-08-18,Consolidate.xlsx,66
CRS-0258,CPF-0065,CARD-0258,INIT-0065,Carbon Factors,DISPLAY_PUBLISHED,Enabled abatement = Σ verified reductions from delivered actions triggered by the initiative; assign zero standalone tCO₂e to governance or reporting.,Carbon abatement,Indirect (Organisational Enabler) High,PUBLISHED_DISPLAY_VALUE,All,FOUR_SLOT_CARD,EMPTY_STAYS_EMPTY,SHOW_EMPTY,0,0,ACTIVE,ACTIVE,PUBLIC,STANDARD,1.0,2026-08-18,Consolidate.xlsx,66
CRS-0259,CTF-0065,CARD-0259,INIT-0065,Timing Factors,DISPLAY_PUBLISHED,Simple payback (years) = upfront implementation cost ÷ verified annual net saving; lead time = go-live date − approval date.,ROI,months to appoint the role and establish responsibilities,PUBLISHED_DISPLAY_VALUE,All,FOUR_SLOT_CARD,EMPTY_STAYS_EMPTY,SHOW_EMPTY,0,0,ACTIVE,ACTIVE,PUBLIC,STANDARD,1.0,2026-08-18,Consolidate.xlsx,66
CRS-0260,CEF-0065,CARD-0260,INIT-0065,Efficiency Factors,DISPLAY_PUBLISHED,On-time delivery % = actions completed by due date ÷ actions due × 100; track overdue actions and cycle time.,Efficiency,% of sustainability actions delivered on time; number of overdue actions; progress against,PUBLISHED_DISPLAY_VALUE,All,FOUR_SLOT_CARD,EMPTY_STAYS_EMPTY,SHOW_EMPTY,0,0,ACTIVE,ACTIVE,PUBLIC,STANDARD,1.0,2026-08-18,Consolidate.xlsx,66
CRS-0261,CCF-0066,CARD-0261,INIT-0066,Cost Factors,DISPLAY_PUBLISHED,"Annual programme cost = internal hours × loaded hourly rate + external advisory, data-system, audit and assurance fees.",Cost,Low cost,PUBLISHED_DISPLAY_VALUE,All,FOUR_SLOT_CARD,EMPTY_STAYS_EMPTY,SHOW_EMPTY,0,0,ACTIVE,ACTIVE,PUBLIC,STANDARD,1.0,2026-08-18,Consolidate.xlsx,67
CRS-0262,CPF-0066,CARD-0262,INIT-0066,Carbon Factors,DISPLAY_PUBLISHED,Enabled abatement = Σ verified reductions from delivered actions triggered by the initiative; assign zero standalone tCO₂e to governance or reporting.,Carbon abatement,Indirect (Governance Enabler) High,PUBLISHED_DISPLAY_VALUE,All,FOUR_SLOT_CARD,EMPTY_STAYS_EMPTY,SHOW_EMPTY,0,0,ACTIVE,ACTIVE,PUBLIC,STANDARD,1.0,2026-08-18,Consolidate.xlsx,67
CRS-0263,CTF-0066,CARD-0263,INIT-0066,Timing Factors,DISPLAY_PUBLISHED,Simple payback (years) = upfront implementation cost ÷ verified annual net saving; lead time = go-live date − approval date.,ROI,months,PUBLISHED_DISPLAY_VALUE,All,FOUR_SLOT_CARD,EMPTY_STAYS_EMPTY,SHOW_EMPTY,0,0,ACTIVE,ACTIVE,PUBLIC,STANDARD,1.0,2026-08-18,Consolidate.xlsx,67
CRS-0264,CEF-0066,CARD-0264,INIT-0066,Efficiency Factors,DISPLAY_PUBLISHED,On-time delivery % = actions completed by due date ÷ actions due × 100; track overdue actions and cycle time.,Efficiency,Committee attendance rate; % of actions completed on time; number of sustainability risks/issues,PUBLISHED_DISPLAY_VALUE,All,FOUR_SLOT_CARD,EMPTY_STAYS_EMPTY,SHOW_EMPTY,0,0,ACTIVE,ACTIVE,PUBLIC,STANDARD,1.0,2026-08-18,Consolidate.xlsx,67
CRS-0265,CCF-0067,CARD-0265,INIT-0067,Cost Factors,DISPLAY_PUBLISHED,Annual incentive cost = eligible remuneration × sustainability-weighting % × payout %; compare with verified annual benefit.,Cost,Low cost,PUBLISHED_DISPLAY_VALUE,All,FOUR_SLOT_CARD,EMPTY_STAYS_EMPTY,SHOW_EMPTY,0,0,ACTIVE,ACTIVE,PUBLIC,STANDARD,1.0,2026-08-18,Consolidate.xlsx,68
CRS-0266,CPF-0067,CARD-0266,INIT-0067,Carbon Factors,DISPLAY_PUBLISHED,Enabled abatement = Σ verified reductions from delivered actions triggered by the initiative; assign zero standalone tCO₂e to governance or reporting.,Carbon abatement,Indirect (Leadership Enabler) High,PUBLISHED_DISPLAY_VALUE,All,FOUR_SLOT_CARD,EMPTY_STAYS_EMPTY,SHOW_EMPTY,0,0,ACTIVE,ACTIVE,PUBLIC,STANDARD,1.0,2026-08-18,Consolidate.xlsx,68
CRS-0267,CTF-0067,CARD-0267,INIT-0067,Timing Factors,DISPLAY_PUBLISHED,Simple payback (years) = upfront implementation cost ÷ verified annual net saving; lead time = go-live date − approval date.,ROI,months usually aligned with annual remuneration/performance review cycles,PUBLISHED_DISPLAY_VALUE,All,FOUR_SLOT_CARD,EMPTY_STAYS_EMPTY,SHOW_EMPTY,0,0,ACTIVE,ACTIVE,PUBLIC,STANDARD,1.0,2026-08-18,Consolidate.xlsx,68
CRS-0268,CEF-0067,CARD-0268,INIT-0067,Efficiency Factors,DISPLAY_PUBLISHED,"Coverage % = compliant or completed items ÷ eligible items × 100; track volume, quality, exceptions and cycle time.",Efficiency,% of executive remuneration linked to sustainability; % of executives with sustainability,PUBLISHED_DISPLAY_VALUE,All,FOUR_SLOT_CARD,EMPTY_STAYS_EMPTY,SHOW_EMPTY,0,0,ACTIVE,ACTIVE,PUBLIC,STANDARD,1.0,2026-08-18,Consolidate.xlsx,68
CRS-0269,CCF-0068,CARD-0269,INIT-0068,Cost Factors,DISPLAY_PUBLISHED,"Annual programme cost = internal hours × loaded hourly rate + external advisory, data-system, audit and assurance fees.",Cost,Low cost,PUBLISHED_DISPLAY_VALUE,All,FOUR_SLOT_CARD,EMPTY_STAYS_EMPTY,SHOW_EMPTY,0,0,ACTIVE,ACTIVE,PUBLIC,STANDARD,1.0,2026-08-18,Consolidate.xlsx,69
CRS-0270,CPF-0068,CARD-0270,INIT-0068,Carbon Factors,DISPLAY_PUBLISHED,Enabled abatement = Σ verified reductions from delivered actions triggered by the initiative; assign zero standalone tCO₂e to governance or reporting.,Carbon abatement,Indirect (Stakeholder Enabler) Medium High,PUBLISHED_DISPLAY_VALUE,All,FOUR_SLOT_CARD,EMPTY_STAYS_EMPTY,SHOW_EMPTY,0,0,ACTIVE,ACTIVE,PUBLIC,STANDARD,1.0,2026-08-18,Consolidate.xlsx,69
CRS-0271,CTF-0068,CARD-0271,INIT-0068,Timing Factors,DISPLAY_PUBLISHED,Simple payback (years) = upfront implementation cost ÷ verified annual net saving; lead time = go-live date − approval date.,ROI,months to establish a formal engagement approach,PUBLISHED_DISPLAY_VALUE,All,FOUR_SLOT_CARD,EMPTY_STAYS_EMPTY,SHOW_EMPTY,0,0,ACTIVE,ACTIVE,PUBLIC,STANDARD,1.0,2026-08-18,Consolidate.xlsx,69
CRS-0272,CEF-0068,CARD-0272,INIT-0068,Efficiency Factors,DISPLAY_PUBLISHED,On-time delivery % = actions completed by due date ÷ actions due × 100; track overdue actions and cycle time.,Efficiency,Number/% of key investors engaged; investor support for climate proposals; number of material,PUBLISHED_DISPLAY_VALUE,All,FOUR_SLOT_CARD,EMPTY_STAYS_EMPTY,SHOW_EMPTY,0,0,ACTIVE,ACTIVE,PUBLIC,STANDARD,1.0,2026-08-18,Consolidate.xlsx,69
CRS-0273,CCF-0069,CARD-0273,INIT-0069,Cost Factors,DISPLAY_PUBLISHED,"Annual programme cost = internal hours × loaded hourly rate + external advisory, data-system, audit and assurance fees.",Cost,Low Medium cost,PUBLISHED_DISPLAY_VALUE,All,FOUR_SLOT_CARD,EMPTY_STAYS_EMPTY,SHOW_EMPTY,0,0,ACTIVE,ACTIVE,PUBLIC,STANDARD,1.0,2026-08-18,Consolidate.xlsx,70
CRS-0274,CPF-0069,CARD-0274,INIT-0069,Carbon Factors,DISPLAY_PUBLISHED,Enabled abatement = Σ verified reductions from delivered actions triggered by the initiative; assign zero standalone tCO₂e to governance or reporting.,Carbon abatement,Indirect (Performance Enabler) High,PUBLISHED_DISPLAY_VALUE,All,FOUR_SLOT_CARD,EMPTY_STAYS_EMPTY,SHOW_EMPTY,0,0,ACTIVE,ACTIVE,PUBLIC,STANDARD,1.0,2026-08-18,Consolidate.xlsx,70
CRS-0275,CTF-0069,CARD-0275,INIT-0069,Timing Factors,DISPLAY_PUBLISHED,Simple payback (years) = upfront implementation cost ÷ verified annual net saving; lead time = go-live date − approval date.,ROI,months for an initial KPI and reporting framework,PUBLISHED_DISPLAY_VALUE,All,FOUR_SLOT_CARD,EMPTY_STAYS_EMPTY,SHOW_EMPTY,0,0,ACTIVE,ACTIVE,PUBLIC,STANDARD,1.0,2026-08-18,Consolidate.xlsx,70
CRS-0276,CEF-0069,CARD-0276,INIT-0069,Efficiency Factors,DISPLAY_PUBLISHED,On-time delivery % = actions completed by due date ÷ actions due × 100; track overdue actions and cycle time.,Efficiency,% of sustainability KPIs reported on time; data completeness/accuracy; % of targets on track,PUBLISHED_DISPLAY_VALUE,All,FOUR_SLOT_CARD,EMPTY_STAYS_EMPTY,SHOW_EMPTY,0,0,ACTIVE,ACTIVE,PUBLIC,STANDARD,1.0,2026-08-18,Consolidate.xlsx,70
CRS-0277,CCF-0070,CARD-0277,INIT-0070,Cost Factors,DISPLAY_PUBLISHED,"Annual programme cost = internal hours × loaded hourly rate + external advisory, data-system, audit and assurance fees.",Cost,Low Medium,PUBLISHED_DISPLAY_VALUE,All,FOUR_SLOT_CARD,EMPTY_STAYS_EMPTY,SHOW_EMPTY,0,0,ACTIVE,ACTIVE,PUBLIC,STANDARD,1.0,2026-08-18,Consolidate.xlsx,71
CRS-0278,CPF-0070,CARD-0278,INIT-0070,Carbon Factors,DISPLAY_PUBLISHED,Enabled abatement = Σ verified reductions from delivered actions triggered by the initiative; assign zero standalone tCO₂e to governance or reporting.,Carbon abatement,Indirect High strategic enabling potential,PUBLISHED_DISPLAY_VALUE,All,FOUR_SLOT_CARD,EMPTY_STAYS_EMPTY,SHOW_EMPTY,0,0,ACTIVE,ACTIVE,PUBLIC,STANDARD,1.0,2026-08-18,Consolidate.xlsx,71
CRS-0279,CTF-0070,CARD-0279,INIT-0070,Timing Factors,DISPLAY_PUBLISHED,Simple payback (years) = upfront implementation cost ÷ verified annual net saving; lead time = go-live date − approval date.,ROI,months for assessment strategy development and approval,PUBLISHED_DISPLAY_VALUE,All,FOUR_SLOT_CARD,EMPTY_STAYS_EMPTY,SHOW_EMPTY,0,0,ACTIVE,ACTIVE,PUBLIC,STANDARD,1.0,2026-08-18,Consolidate.xlsx,71
CRS-0280,CEF-0070,CARD-0280,INIT-0070,Efficiency Factors,DISPLAY_PUBLISHED,On-time delivery % = actions completed by due date ÷ actions due × 100; track overdue actions and cycle time.,Efficiency,% of material topics with targets/KPIs; % of sustainability actions delivered on schedule; % of,PUBLISHED_DISPLAY_VALUE,All,FOUR_SLOT_CARD,EMPTY_STAYS_EMPTY,SHOW_EMPTY,0,0,ACTIVE,ACTIVE,PUBLIC,STANDARD,1.0,2026-08-18,Consolidate.xlsx,71
CRS-0281,CCF-0071,CARD-0281,INIT-0071,Cost Factors,DISPLAY_PUBLISHED,"Annual programme cost = internal hours × loaded hourly rate + external advisory, data-system, audit and assurance fees.",Cost,Low Medium,PUBLISHED_DISPLAY_VALUE,All,FOUR_SLOT_CARD,EMPTY_STAYS_EMPTY,SHOW_EMPTY,0,0,ACTIVE,ACTIVE,PUBLIC,STANDARD,1.0,2026-08-18,Consolidate.xlsx,72
CRS-0282,CPF-0071,CARD-0282,INIT-0071,Carbon Factors,DISPLAY_PUBLISHED,Enabled abatement = Σ verified reductions from delivered actions triggered by the initiative; assign zero standalone tCO₂e to governance or reporting.,Carbon abatement,Indirect High strategic enabling potential,PUBLISHED_DISPLAY_VALUE,All,FOUR_SLOT_CARD,EMPTY_STAYS_EMPTY,SHOW_EMPTY,0,0,ACTIVE,ACTIVE,PUBLIC,STANDARD,1.0,2026-08-18,Consolidate.xlsx,72
CRS-0283,CTF-0071,CARD-0283,INIT-0071,Timing Factors,DISPLAY_PUBLISHED,Simple payback (years) = upfront implementation cost ÷ verified annual net saving; lead time = go-live date − approval date.,ROI,months depending on organisational complexity and data availability,PUBLISHED_DISPLAY_VALUE,All,FOUR_SLOT_CARD,EMPTY_STAYS_EMPTY,SHOW_EMPTY,0,0,ACTIVE,ACTIVE,PUBLIC,STANDARD,1.0,2026-08-18,Consolidate.xlsx,72
CRS-0284,CEF-0071,CARD-0284,INIT-0071,Efficiency Factors,DISPLAY_PUBLISHED,"Coverage % = compliant or completed items ÷ eligible items × 100; track volume, quality, exceptions and cycle time.",Efficiency,annual change in Scope ; and emissions; % of emissions coverage; % of activity data based,PUBLISHED_DISPLAY_VALUE,All,FOUR_SLOT_CARD,EMPTY_STAYS_EMPTY,SHOW_EMPTY,0,0,ACTIVE,ACTIVE,PUBLIC,STANDARD,1.0,2026-08-18,Consolidate.xlsx,72
CRS-0285,CCF-0072,CARD-0285,INIT-0072,Cost Factors,DISPLAY_PUBLISHED,"Annual programme cost = internal hours × loaded hourly rate + external advisory, data-system, audit and assurance fees.",Cost,Low Medium,PUBLISHED_DISPLAY_VALUE,All,FOUR_SLOT_CARD,EMPTY_STAYS_EMPTY,SHOW_EMPTY,0,0,ACTIVE,ACTIVE,PUBLIC,STANDARD,1.0,2026-08-18,Consolidate.xlsx,73
CRS-0286,CPF-0072,CARD-0286,INIT-0072,Carbon Factors,DISPLAY_PUBLISHED,Enabled abatement = Σ verified reductions from delivered actions triggered by the initiative; assign zero standalone tCO₂e to governance or reporting.,Carbon abatement,Indirect Medium High strategic enabling potential,PUBLISHED_DISPLAY_VALUE,All,FOUR_SLOT_CARD,EMPTY_STAYS_EMPTY,SHOW_EMPTY,0,0,ACTIVE,ACTIVE,PUBLIC,STANDARD,1.0,2026-08-18,Consolidate.xlsx,73
CRS-0287,CTF-0072,CARD-0287,INIT-0072,Timing Factors,DISPLAY_PUBLISHED,Simple payback (years) = upfront implementation cost ÷ verified annual net saving; lead time = go-live date − approval date.,ROI,months for an initial assessment; complex quantitative scenario analysis may take longer,PUBLISHED_DISPLAY_VALUE,All,FOUR_SLOT_CARD,EMPTY_STAYS_EMPTY,SHOW_EMPTY,0,0,ACTIVE,ACTIVE,PUBLIC,STANDARD,1.0,2026-08-18,Consolidate.xlsx,73
CRS-0288,CEF-0072,CARD-0288,INIT-0072,Efficiency Factors,DISPLAY_PUBLISHED,On-time delivery % = actions completed by due date ÷ actions due × 100; track overdue actions and cycle time.,Efficiency,% of material assets/operations assessed; number/value of material physical and transition risks,PUBLISHED_DISPLAY_VALUE,All,FOUR_SLOT_CARD,EMPTY_STAYS_EMPTY,SHOW_EMPTY,0,0,ACTIVE,ACTIVE,PUBLIC,STANDARD,1.0,2026-08-18,Consolidate.xlsx,73
CRS-0289,CCF-0073,CARD-0289,INIT-0073,Cost Factors,DISPLAY_PUBLISHED,"Annual programme cost = internal hours × loaded hourly rate + external advisory, data-system, audit and assurance fees.",Cost,Low Medium strategy development cost; potentially Medium High implementation investment,PUBLISHED_DISPLAY_VALUE,All,FOUR_SLOT_CARD,EMPTY_STAYS_EMPTY,SHOW_EMPTY,0,0,ACTIVE,ACTIVE,PUBLIC,STANDARD,1.0,2026-08-18,Consolidate.xlsx,74
CRS-0290,CPF-0073,CARD-0290,INIT-0073,Carbon Factors,DISPLAY_PUBLISHED,Enabled abatement = Σ verified reductions from delivered actions triggered by the initiative; assign zero standalone tCO₂e to governance or reporting.,Carbon abatement,Indirect strategy Very High enabling potential,PUBLISHED_DISPLAY_VALUE,All,FOUR_SLOT_CARD,EMPTY_STAYS_EMPTY,SHOW_EMPTY,0,0,ACTIVE,ACTIVE,PUBLIC,STANDARD,1.0,2026-08-18,Consolidate.xlsx,74
CRS-0291,CTF-0073,CARD-0291,INIT-0073,Timing Factors,DISPLAY_PUBLISHED,Simple payback (years) = upfront implementation cost ÷ verified annual net saving; lead time = go-live date − approval date.,ROI,months to develop and approve; implementation is multi year,PUBLISHED_DISPLAY_VALUE,All,FOUR_SLOT_CARD,EMPTY_STAYS_EMPTY,SHOW_EMPTY,0,0,ACTIVE,ACTIVE,PUBLIC,STANDARD,1.0,2026-08-18,Consolidate.xlsx,74
CRS-0292,CEF-0073,CARD-0292,INIT-0073,Efficiency Factors,DISPLAY_PUBLISHED,On-time delivery % = actions completed by due date ÷ actions due × 100; track overdue actions and cycle time.,Efficiency,% of roadmap actions completed on time; annual absolute tCO₂e reduction; % reduction against,PUBLISHED_DISPLAY_VALUE,All,FOUR_SLOT_CARD,EMPTY_STAYS_EMPTY,SHOW_EMPTY,0,0,ACTIVE,ACTIVE,PUBLIC,STANDARD,1.0,2026-08-18,Consolidate.xlsx,74
CRS-0293,CCF-0074,CARD-0293,INIT-0074,Cost Factors,DISPLAY_PUBLISHED,"Annual programme cost = internal hours × loaded hourly rate + external advisory, data-system, audit and assurance fees.",Cost,Low target setting cost; potentially Medium High delivery cost,PUBLISHED_DISPLAY_VALUE,All,FOUR_SLOT_CARD,EMPTY_STAYS_EMPTY,SHOW_EMPTY,0,0,ACTIVE,ACTIVE,PUBLIC,STANDARD,1.0,2026-08-18,Consolidate.xlsx,75
CRS-0294,CPF-0074,CARD-0294,INIT-0074,Carbon Factors,DISPLAY_PUBLISHED,Enabled abatement = Σ verified reductions from delivered actions triggered by the initiative; assign zero standalone tCO₂e to governance or reporting.,Carbon abatement,Indirect target setting High enabling potential,PUBLISHED_DISPLAY_VALUE,All,FOUR_SLOT_CARD,EMPTY_STAYS_EMPTY,SHOW_EMPTY,0,0,ACTIVE,ACTIVE,PUBLIC,STANDARD,1.0,2026-08-18,Consolidate.xlsx,75
CRS-0295,CTF-0074,CARD-0295,INIT-0074,Timing Factors,DISPLAY_PUBLISHED,Simple payback (years) = upfront implementation cost ÷ verified annual net saving; lead time = go-live date − approval date.,ROI,months to define and approve following completion of the baseline,PUBLISHED_DISPLAY_VALUE,All,FOUR_SLOT_CARD,EMPTY_STAYS_EMPTY,SHOW_EMPTY,0,0,ACTIVE,ACTIVE,PUBLIC,STANDARD,1.0,2026-08-18,Consolidate.xlsx,75
CRS-0296,CEF-0074,CARD-0296,INIT-0074,Efficiency Factors,DISPLAY_PUBLISHED,"Coverage % = compliant or completed items ÷ eligible items × 100; track volume, quality, exceptions and cycle time.",Efficiency,Scope // emissions; Annual absolute and % GHG reduction against baseline; progress against,PUBLISHED_DISPLAY_VALUE,All,FOUR_SLOT_CARD,EMPTY_STAYS_EMPTY,SHOW_EMPTY,0,0,ACTIVE,ACTIVE,PUBLIC,STANDARD,1.0,2026-08-18,Consolidate.xlsx,75
CRS-0297,CCF-0075,CARD-0297,INIT-0075,Cost Factors,DISPLAY_PUBLISHED,"Annual programme cost = internal hours × loaded hourly rate + external advisory, data-system, audit and assurance fees.",Cost,Low Medium,PUBLISHED_DISPLAY_VALUE,All,FOUR_SLOT_CARD,EMPTY_STAYS_EMPTY,SHOW_EMPTY,0,0,ACTIVE,ACTIVE,PUBLIC,STANDARD,1.0,2026-08-18,Consolidate.xlsx,76
CRS-0298,CPF-0075,CARD-0298,INIT-0075,Carbon Factors,DISPLAY_PUBLISHED,Enabled abatement = Σ verified reductions from delivered actions triggered by the initiative; assign zero standalone tCO₂e to governance or reporting.,Carbon abatement,but SBTi reports that % of surveyed companies experienced accelerated decarbonisation after,PUBLISHED_DISPLAY_VALUE,All,FOUR_SLOT_CARD,EMPTY_STAYS_EMPTY,SHOW_EMPTY,0,0,ACTIVE,ACTIVE,PUBLIC,STANDARD,1.0,2026-08-18,Consolidate.xlsx,76
CRS-0299,CTF-0075,CARD-0299,INIT-0075,Timing Factors,DISPLAY_PUBLISHED,Simple payback (years) = upfront implementation cost ÷ verified annual net saving; lead time = go-live date − approval date.,ROI,months depending on organisational readiness and validation timelines,PUBLISHED_DISPLAY_VALUE,All,FOUR_SLOT_CARD,EMPTY_STAYS_EMPTY,SHOW_EMPTY,0,0,ACTIVE,ACTIVE,PUBLIC,STANDARD,1.0,2026-08-18,Consolidate.xlsx,76
CRS-0300,CEF-0075,CARD-0300,INIT-0075,Efficiency Factors,DISPLAY_PUBLISHED,"Coverage % = compliant or completed items ÷ eligible items × 100; track volume, quality, exceptions and cycle time.",Efficiency,annual Scope // emissions; Target validation status; % reduction against validated target,PUBLISHED_DISPLAY_VALUE,All,FOUR_SLOT_CARD,EMPTY_STAYS_EMPTY,SHOW_EMPTY,0,0,ACTIVE,ACTIVE,PUBLIC,STANDARD,1.0,2026-08-18,Consolidate.xlsx,76
CRS-0301,CCF-0076,CARD-0301,INIT-0076,Cost Factors,DISPLAY_PUBLISHED,"Annual programme cost = internal hours × loaded hourly rate + external advisory, data-system, audit and assurance fees.",Cost,Mainly internal planning KPI management and reporting costs,PUBLISHED_DISPLAY_VALUE,All,FOUR_SLOT_CARD,EMPTY_STAYS_EMPTY,SHOW_EMPTY,0,0,ACTIVE,ACTIVE,PUBLIC,STANDARD,1.0,2026-08-18,Consolidate.xlsx,77
CRS-0302,CPF-0076,CARD-0302,INIT-0076,Carbon Factors,DISPLAY_PUBLISHED,Enabled abatement = Σ verified reductions from delivered actions triggered by the initiative; assign zero standalone tCO₂e to governance or reporting.,Carbon abatement,Indirect High enabling potential,PUBLISHED_DISPLAY_VALUE,All,FOUR_SLOT_CARD,EMPTY_STAYS_EMPTY,SHOW_EMPTY,0,0,ACTIVE,ACTIVE,PUBLIC,STANDARD,1.0,2026-08-18,Consolidate.xlsx,77
CRS-0303,CTF-0076,CARD-0303,INIT-0076,Timing Factors,DISPLAY_PUBLISHED,Simple payback (years) = upfront implementation cost ÷ verified annual net saving; lead time = go-live date − approval date.,ROI,months ideally aligned with the annual planning/budget cycle,PUBLISHED_DISPLAY_VALUE,All,FOUR_SLOT_CARD,EMPTY_STAYS_EMPTY,SHOW_EMPTY,0,0,ACTIVE,ACTIVE,PUBLIC,STANDARD,1.0,2026-08-18,Consolidate.xlsx,77
CRS-0304,CEF-0076,CARD-0304,INIT-0076,Efficiency Factors,DISPLAY_PUBLISHED,On-time delivery % = actions completed by due date ÷ actions due × 100; track overdue actions and cycle time.,Efficiency,% sustainability objectives incorporated into business plans; % with allocated budgets/owners; %,PUBLISHED_DISPLAY_VALUE,All,FOUR_SLOT_CARD,EMPTY_STAYS_EMPTY,SHOW_EMPTY,0,0,ACTIVE,ACTIVE,PUBLIC,STANDARD,1.0,2026-08-18,Consolidate.xlsx,77
CRS-0305,CCF-0077,CARD-0305,INIT-0077,Cost Factors,DISPLAY_PUBLISHED,Net programme cost = gross investment − external or partner funding; annual benefit = verified operating saving + resilience value.,Cost,Low Medium cost to develop; potentially High capital requirement to implement,PUBLISHED_DISPLAY_VALUE,All,FOUR_SLOT_CARD,EMPTY_STAYS_EMPTY,SHOW_EMPTY,0,0,ACTIVE,ACTIVE,PUBLIC,STANDARD,1.0,2026-08-18,Consolidate.xlsx,78
CRS-0306,CPF-0077,CARD-0306,INIT-0077,Carbon Factors,DISPLAY_PUBLISHED,Enabled abatement = Σ verified reductions from delivered actions triggered by the initiative; assign zero standalone tCO₂e to governance or reporting.,Carbon abatement,Indirect High financial enabling potential,PUBLISHED_DISPLAY_VALUE,All,FOUR_SLOT_CARD,EMPTY_STAYS_EMPTY,SHOW_EMPTY,0,0,ACTIVE,ACTIVE,PUBLIC,STANDARD,1.0,2026-08-18,Consolidate.xlsx,78
CRS-0307,CTF-0077,CARD-0307,INIT-0077,Timing Factors,DISPLAY_PUBLISHED,Simple payback (years) = upfront implementation cost ÷ verified annual net saving; lead time = go-live date − approval date.,ROI,months to develop and align with budgeting/capital planning,PUBLISHED_DISPLAY_VALUE,All,FOUR_SLOT_CARD,EMPTY_STAYS_EMPTY,SHOW_EMPTY,0,0,ACTIVE,ACTIVE,PUBLIC,STANDARD,1.0,2026-08-18,Consolidate.xlsx,78
CRS-0308,CEF-0077,CARD-0308,INIT-0077,Efficiency Factors,DISPLAY_PUBLISHED,"Coverage % = compliant or completed items ÷ eligible items × 100; track volume, quality, exceptions and cycle time.",Efficiency,allocated to decarbonisation annually; % priority projects fully funded; invested per tCO₂e,PUBLISHED_DISPLAY_VALUE,All,FOUR_SLOT_CARD,EMPTY_STAYS_EMPTY,SHOW_EMPTY,0,0,ACTIVE,ACTIVE,PUBLIC,STANDARD,1.0,2026-08-18,Consolidate.xlsx,78
CRS-0309,CCF-0078,CARD-0309,INIT-0078,Cost Factors,DISPLAY_PUBLISHED,Net programme cost = gross investment − external or partner funding; annual benefit = verified operating saving + resilience value.,Cost,Low application cost / potentially High capital saving,PUBLISHED_DISPLAY_VALUE,All,FOUR_SLOT_CARD,EMPTY_STAYS_EMPTY,SHOW_EMPTY,0,0,ACTIVE,ACTIVE,PUBLIC,STANDARD,1.0,2026-08-18,Consolidate.xlsx,79
CRS-0310,CPF-0078,CARD-0310,INIT-0078,Carbon Factors,DISPLAY_PUBLISHED,Enabled abatement = Σ verified reductions from delivered actions triggered by the initiative; assign zero standalone tCO₂e to governance or reporting.,Carbon abatement,Indirect High enabling potential,PUBLISHED_DISPLAY_VALUE,All,FOUR_SLOT_CARD,EMPTY_STAYS_EMPTY,SHOW_EMPTY,0,0,ACTIVE,ACTIVE,PUBLIC,STANDARD,1.0,2026-08-18,Consolidate.xlsx,79
CRS-0311,CTF-0078,CARD-0311,INIT-0078,Timing Factors,DISPLAY_PUBLISHED,Simple payback (years) = upfront implementation cost ÷ verified annual net saving; lead time = go-live date − approval date.,ROI,+ months depending on programme deadlines and approval processes,PUBLISHED_DISPLAY_VALUE,All,FOUR_SLOT_CARD,EMPTY_STAYS_EMPTY,SHOW_EMPTY,0,0,ACTIVE,ACTIVE,PUBLIC,STANDARD,1.0,2026-08-18,Consolidate.xlsx,79
CRS-0312,CEF-0078,CARD-0312,INIT-0078,Efficiency Factors,DISPLAY_PUBLISHED,"Coverage % = compliant or completed items ÷ eligible items × 100; track volume, quality, exceptions and cycle time.",Efficiency,external funding secured; application success rate; % project CAPEX funded externally,PUBLISHED_DISPLAY_VALUE,All,FOUR_SLOT_CARD,EMPTY_STAYS_EMPTY,SHOW_EMPTY,0,0,ACTIVE,ACTIVE,PUBLIC,STANDARD,1.0,2026-08-18,Consolidate.xlsx,79
CRS-0313,CCF-0079,CARD-0313,INIT-0079,Cost Factors,DISPLAY_PUBLISHED,"Annual programme cost = internal hours × loaded hourly rate + external advisory, data-system, audit and assurance fees.",Cost,Medium High depending on removal type and volume,PUBLISHED_DISPLAY_VALUE,All,FOUR_SLOT_CARD,EMPTY_STAYS_EMPTY,SHOW_EMPTY,0,0,ACTIVE,ACTIVE,PUBLIC,STANDARD,1.0,2026-08-18,Consolidate.xlsx,80
CRS-0314,CPF-0079,CARD-0314,INIT-0079,Carbon Factors,DISPLAY_PUBLISHED,Verified removal = monitored tonnes stored × permanence and leakage adjustments; report projected and achieved tonnes separately.,Carbon abatement,Residual emissions Medium,PUBLISHED_DISPLAY_VALUE,All,FOUR_SLOT_CARD,EMPTY_STAYS_EMPTY,SHOW_EMPTY,0,0,ACTIVE,ACTIVE,PUBLIC,STANDARD,1.0,2026-08-18,Consolidate.xlsx,80
CRS-0315,CTF-0079,CARD-0315,INIT-0079,Timing Factors,DISPLAY_PUBLISHED,Simple payback (years) = upfront implementation cost ÷ verified annual net saving; lead time = go-live date − approval date.,ROI,months to establish policy and criteria; procurement is ongoing,PUBLISHED_DISPLAY_VALUE,All,FOUR_SLOT_CARD,EMPTY_STAYS_EMPTY,SHOW_EMPTY,0,0,ACTIVE,ACTIVE,PUBLIC,STANDARD,1.0,2026-08-18,Consolidate.xlsx,80
CRS-0316,CEF-0079,CARD-0316,INIT-0079,Efficiency Factors,DISPLAY_PUBLISHED,On-time delivery % = actions completed by due date ÷ actions due × 100; track overdue actions and cycle time.,Efficiency,% gross emissions reduced before removals; residual tCO₂e; tCO₂ permanently removed; % removals,PUBLISHED_DISPLAY_VALUE,All,FOUR_SLOT_CARD,EMPTY_STAYS_EMPTY,SHOW_EMPTY,0,0,ACTIVE,ACTIVE,PUBLIC,STANDARD,1.0,2026-08-18,Consolidate.xlsx,80
CRS-0317,CCF-0080,CARD-0317,INIT-0080,Cost Factors,DISPLAY_PUBLISHED,"Annual programme cost = internal hours × loaded hourly rate + external advisory, data-system, audit and assurance fees.",Cost,Low cost / potential operating savings,PUBLISHED_DISPLAY_VALUE,All,FOUR_SLOT_CARD,EMPTY_STAYS_EMPTY,SHOW_EMPTY,0,0,ACTIVE,ACTIVE,PUBLIC,STANDARD,1.0,2026-08-18,Consolidate.xlsx,81
CRS-0318,CPF-0080,CARD-0318,INIT-0080,Carbon Factors,DISPLAY_PUBLISHED,Enabled abatement = Σ verified reductions from delivered actions triggered by the initiative; assign zero standalone tCO₂e to governance or reporting.,Carbon abatement,Reduced laundry and housekeeping can directly reduce water and energy consumption and associated,PUBLISHED_DISPLAY_VALUE,All,FOUR_SLOT_CARD,EMPTY_STAYS_EMPTY,SHOW_EMPTY,0,0,ACTIVE,ACTIVE,PUBLIC,STANDARD,1.0,2026-08-18,Consolidate.xlsx,81
CRS-0319,CTF-0080,CARD-0319,INIT-0080,Timing Factors,DISPLAY_PUBLISHED,Simple payback (years) = upfront implementation cost ÷ verified annual net saving; lead time = go-live date − approval date.,ROI,months,PUBLISHED_DISPLAY_VALUE,All,FOUR_SLOT_CARD,EMPTY_STAYS_EMPTY,SHOW_EMPTY,0,0,ACTIVE,ACTIVE,PUBLIC,STANDARD,1.0,2026-08-18,Consolidate.xlsx,81
CRS-0320,CEF-0080,CARD-0320,INIT-0080,Efficiency Factors,DISPLAY_PUBLISHED,On-time delivery % = actions completed by due date ÷ actions due × 100; track overdue actions and cycle time.,Efficiency,Guest participation rate; housekeeping opt out rate; towel/linen reuse rate; laundry kg per,PUBLISHED_DISPLAY_VALUE,All,FOUR_SLOT_CARD,EMPTY_STAYS_EMPTY,SHOW_EMPTY,0,0,ACTIVE,ACTIVE,PUBLIC,STANDARD,1.0,2026-08-18,Consolidate.xlsx,81
CRS-0321,CCF-0081,CARD-0321,INIT-0081,Cost Factors,DISPLAY_PUBLISHED,"Annual programme cost = internal hours × loaded hourly rate + external advisory, data-system, audit and assurance fees.",Cost,Low Medium,PUBLISHED_DISPLAY_VALUE,All,FOUR_SLOT_CARD,EMPTY_STAYS_EMPTY,SHOW_EMPTY,0,0,ACTIVE,ACTIVE,PUBLIC,STANDARD,1.0,2026-08-18,Consolidate.xlsx,82
CRS-0322,CPF-0081,CARD-0322,INIT-0081,Carbon Factors,DISPLAY_PUBLISHED,Enabled abatement = Σ verified reductions from delivered actions triggered by the initiative; assign zero standalone tCO₂e to governance or reporting.,Carbon abatement,Indirect High capability enabling potential,PUBLISHED_DISPLAY_VALUE,All,FOUR_SLOT_CARD,EMPTY_STAYS_EMPTY,SHOW_EMPTY,0,0,ACTIVE,ACTIVE,PUBLIC,STANDARD,1.0,2026-08-18,Consolidate.xlsx,82
CRS-0323,CTF-0081,CARD-0323,INIT-0081,Timing Factors,DISPLAY_PUBLISHED,Simple payback (years) = upfront implementation cost ÷ verified annual net saving; lead time = go-live date − approval date.,ROI,months to develop and launch an initial programme,PUBLISHED_DISPLAY_VALUE,All,FOUR_SLOT_CARD,EMPTY_STAYS_EMPTY,SHOW_EMPTY,0,0,ACTIVE,ACTIVE,PUBLIC,STANDARD,1.0,2026-08-18,Consolidate.xlsx,82
CRS-0324,CEF-0081,CARD-0324,INIT-0081,Efficiency Factors,DISPLAY_PUBLISHED,On-time delivery % = actions completed by due date ÷ actions due × 100; track overdue actions and cycle time.,Efficiency,Training completion rate; assessment/pass rate; improvement in pre /post training knowledge,PUBLISHED_DISPLAY_VALUE,All,FOUR_SLOT_CARD,EMPTY_STAYS_EMPTY,SHOW_EMPTY,0,0,ACTIVE,ACTIVE,PUBLIC,STANDARD,1.0,2026-08-18,Consolidate.xlsx,82
CRS-0325,CCF-0082,CARD-0325,INIT-0082,Cost Factors,DISPLAY_PUBLISHED,"Annual programme cost = internal hours × loaded hourly rate + external advisory, data-system, audit and assurance fees.",Cost,Low implementation cost,PUBLISHED_DISPLAY_VALUE,All,FOUR_SLOT_CARD,EMPTY_STAYS_EMPTY,SHOW_EMPTY,0,0,ACTIVE,ACTIVE,PUBLIC,STANDARD,1.0,2026-08-18,Consolidate.xlsx,83
CRS-0326,CPF-0082,CARD-0326,INIT-0082,Carbon Factors,DISPLAY_PUBLISHED,Enabled abatement = Σ verified reductions from delivered actions triggered by the initiative; assign zero standalone tCO₂e to governance or reporting.,Carbon abatement,Indirect / Financed Emissions Medium High,PUBLISHED_DISPLAY_VALUE,All,FOUR_SLOT_CARD,EMPTY_STAYS_EMPTY,SHOW_EMPTY,0,0,ACTIVE,ACTIVE,PUBLIC,STANDARD,1.0,2026-08-18,Consolidate.xlsx,83
CRS-0327,CTF-0082,CARD-0327,INIT-0082,Timing Factors,DISPLAY_PUBLISHED,Simple payback (years) = upfront implementation cost ÷ verified annual net saving; lead time = go-live date − approval date.,ROI,months depending on provider contracts governance and consultation requirements,PUBLISHED_DISPLAY_VALUE,All,FOUR_SLOT_CARD,EMPTY_STAYS_EMPTY,SHOW_EMPTY,0,0,ACTIVE,ACTIVE,PUBLIC,STANDARD,1.0,2026-08-18,Consolidate.xlsx,83
CRS-0328,CEF-0082,CARD-0328,INIT-0082,Efficiency Factors,DISPLAY_PUBLISHED,"Coverage % = compliant or completed items ÷ eligible items × 100; track volume, quality, exceptions and cycle time.",Efficiency,% employees in sustainable default; financed emissions per m invested; % reduction in pension,PUBLISHED_DISPLAY_VALUE,All,FOUR_SLOT_CARD,EMPTY_STAYS_EMPTY,SHOW_EMPTY,0,0,ACTIVE,ACTIVE,PUBLIC,STANDARD,1.0,2026-08-18,Consolidate.xlsx,83
CRS-0329,CCF-0083,CARD-0329,INIT-0083,Cost Factors,DISPLAY_PUBLISHED,"Annual programme cost = internal hours × loaded hourly rate + external advisory, data-system, audit and assurance fees.",Cost,Costs mainly involve surveys workshops internal communications and employee participation time,PUBLISHED_DISPLAY_VALUE,All,FOUR_SLOT_CARD,EMPTY_STAYS_EMPTY,SHOW_EMPTY,0,0,ACTIVE,ACTIVE,PUBLIC,STANDARD,1.0,2026-08-18,Consolidate.xlsx,84
CRS-0330,CPF-0083,CARD-0330,INIT-0083,Carbon Factors,DISPLAY_PUBLISHED,Enabled abatement = Σ verified reductions from delivered actions triggered by the initiative; assign zero standalone tCO₂e to governance or reporting.,Carbon abatement,Indirect Medium High behavioural enabling potential,PUBLISHED_DISPLAY_VALUE,All,FOUR_SLOT_CARD,EMPTY_STAYS_EMPTY,SHOW_EMPTY,0,0,ACTIVE,ACTIVE,PUBLIC,STANDARD,1.0,2026-08-18,Consolidate.xlsx,84
CRS-0331,CTF-0083,CARD-0331,INIT-0083,Timing Factors,DISPLAY_PUBLISHED,Simple payback (years) = upfront implementation cost ÷ verified annual net saving; lead time = go-live date − approval date.,ROI,months to establish the initial programme; engagement should continue throughout the year,PUBLISHED_DISPLAY_VALUE,All,FOUR_SLOT_CARD,EMPTY_STAYS_EMPTY,SHOW_EMPTY,0,0,ACTIVE,ACTIVE,PUBLIC,STANDARD,1.0,2026-08-18,Consolidate.xlsx,84
CRS-0332,CEF-0083,CARD-0332,INIT-0083,Efficiency Factors,DISPLAY_PUBLISHED,Waste reduction % = (baseline waste − current waste) ÷ baseline waste × 100; track waste per cover and avoided cost.,Efficiency,Employee sustainability engagement score; survey participation; % employees participating in,PUBLISHED_DISPLAY_VALUE,All,FOUR_SLOT_CARD,EMPTY_STAYS_EMPTY,SHOW_EMPTY,0,0,ACTIVE,ACTIVE,PUBLIC,STANDARD,1.0,2026-08-18,Consolidate.xlsx,84
CRS-0333,CCF-0084,CARD-0333,INIT-0084,Cost Factors,DISPLAY_PUBLISHED,"Annual programme cost = internal hours × loaded hourly rate + external advisory, data-system, audit and assurance fees.",Cost,Primarily HR and management time required to review job descriptions objectives and,PUBLISHED_DISPLAY_VALUE,All,FOUR_SLOT_CARD,EMPTY_STAYS_EMPTY,SHOW_EMPTY,0,0,ACTIVE,ACTIVE,PUBLIC,STANDARD,1.0,2026-08-18,Consolidate.xlsx,85
CRS-0334,CPF-0084,CARD-0334,INIT-0084,Carbon Factors,DISPLAY_PUBLISHED,Enabled abatement = Σ verified reductions from delivered actions triggered by the initiative; assign zero standalone tCO₂e to governance or reporting.,Carbon abatement,Indirect High behavioural/implementation enabling potential,PUBLISHED_DISPLAY_VALUE,All,FOUR_SLOT_CARD,EMPTY_STAYS_EMPTY,SHOW_EMPTY,0,0,ACTIVE,ACTIVE,PUBLIC,STANDARD,1.0,2026-08-18,Consolidate.xlsx,85
CRS-0335,CTF-0084,CARD-0335,INIT-0084,Timing Factors,DISPLAY_PUBLISHED,Simple payback (years) = upfront implementation cost ÷ verified annual net saving; lead time = go-live date − approval date.,ROI,months ideally aligned with HR objective setting or appraisal cycles,PUBLISHED_DISPLAY_VALUE,All,FOUR_SLOT_CARD,EMPTY_STAYS_EMPTY,SHOW_EMPTY,0,0,ACTIVE,ACTIVE,PUBLIC,STANDARD,1.0,2026-08-18,Consolidate.xlsx,85
CRS-0336,CEF-0084,CARD-0336,INIT-0084,Efficiency Factors,DISPLAY_PUBLISHED,On-time delivery % = actions completed by due date ÷ actions due × 100; track overdue actions and cycle time.,Efficiency,% relevant job descriptions containing sustainability responsibilities; % relevant employees,PUBLISHED_DISPLAY_VALUE,All,FOUR_SLOT_CARD,EMPTY_STAYS_EMPTY,SHOW_EMPTY,0,0,ACTIVE,ACTIVE,PUBLIC,STANDARD,1.0,2026-08-18,Consolidate.xlsx,85
CRS-0337,CCF-0085,CARD-0337,INIT-0085,Cost Factors,DISPLAY_PUBLISHED,"Annual programme cost = internal hours × loaded hourly rate + external advisory, data-system, audit and assurance fees.",Cost,Low Medium,PUBLISHED_DISPLAY_VALUE,All,FOUR_SLOT_CARD,EMPTY_STAYS_EMPTY,SHOW_EMPTY,0,0,ACTIVE,ACTIVE,PUBLIC,STANDARD,1.0,2026-08-18,Consolidate.xlsx,86
CRS-0338,CPF-0085,CARD-0338,INIT-0085,Carbon Factors,DISPLAY_PUBLISHED,Enabled abatement = Σ verified reductions from delivered actions triggered by the initiative; assign zero standalone tCO₂e to governance or reporting.,Carbon abatement,Indirect Medium High behavioural enabling potential,PUBLISHED_DISPLAY_VALUE,All,FOUR_SLOT_CARD,EMPTY_STAYS_EMPTY,SHOW_EMPTY,0,0,ACTIVE,ACTIVE,PUBLIC,STANDARD,1.0,2026-08-18,Consolidate.xlsx,86
CRS-0339,CTF-0085,CARD-0339,INIT-0085,Timing Factors,DISPLAY_PUBLISHED,Simple payback (years) = upfront implementation cost ÷ verified annual net saving; lead time = go-live date − approval date.,ROI,months to design criteria and integrate into existing recognition systems,PUBLISHED_DISPLAY_VALUE,All,FOUR_SLOT_CARD,EMPTY_STAYS_EMPTY,SHOW_EMPTY,0,0,ACTIVE,ACTIVE,PUBLIC,STANDARD,1.0,2026-08-18,Consolidate.xlsx,86
CRS-0340,CEF-0085,CARD-0340,INIT-0085,Efficiency Factors,DISPLAY_PUBLISHED,Waste reduction % = (baseline waste − current waste) ÷ baseline waste × 100; track waste per cover and avoided cost.,Efficiency,Number of sustainability nominations/awards; % workforce participating; quantified,PUBLISHED_DISPLAY_VALUE,All,FOUR_SLOT_CARD,EMPTY_STAYS_EMPTY,SHOW_EMPTY,0,0,ACTIVE,ACTIVE,PUBLIC,STANDARD,1.0,2026-08-18,Consolidate.xlsx,86
CRS-0341,CCF-0086,CARD-0341,INIT-0086,Cost Factors,DISPLAY_PUBLISHED,"Annual programme cost = internal hours × loaded hourly rate + external advisory, data-system, audit and assurance fees.",Cost,Low Medium planning cost; potentially Medium High implementation investment,PUBLISHED_DISPLAY_VALUE,All,FOUR_SLOT_CARD,EMPTY_STAYS_EMPTY,SHOW_EMPTY,0,0,ACTIVE,ACTIVE,PUBLIC,STANDARD,1.0,2026-08-18,Consolidate.xlsx,87
CRS-0342,CPF-0086,CARD-0342,INIT-0086,Carbon Factors,DISPLAY_PUBLISHED,Enabled abatement = Σ verified reductions from delivered actions triggered by the initiative; assign zero standalone tCO₂e to governance or reporting.,Carbon abatement,However,PUBLISHED_DISPLAY_VALUE,All,FOUR_SLOT_CARD,EMPTY_STAYS_EMPTY,SHOW_EMPTY,0,0,ACTIVE,ACTIVE,PUBLIC,STANDARD,1.0,2026-08-18,Consolidate.xlsx,87
CRS-0343,CTF-0086,CARD-0343,INIT-0086,Timing Factors,DISPLAY_PUBLISHED,Simple payback (years) = upfront implementation cost ÷ verified annual net saving; lead time = go-live date − approval date.,ROI,months to develop an initial plan depending on organisational complexity and data maturity,PUBLISHED_DISPLAY_VALUE,All,FOUR_SLOT_CARD,EMPTY_STAYS_EMPTY,SHOW_EMPTY,0,0,ACTIVE,ACTIVE,PUBLIC,STANDARD,1.0,2026-08-18,Consolidate.xlsx,87
CRS-0344,CEF-0086,CARD-0344,INIT-0086,Efficiency Factors,DISPLAY_PUBLISHED,On-time delivery % = actions completed by due date ÷ actions due × 100; track overdue actions and cycle time.,Efficiency,annual Scope ; and tCO₂e reduction against baseline; % transition plan actions completed on,PUBLISHED_DISPLAY_VALUE,All,FOUR_SLOT_CARD,EMPTY_STAYS_EMPTY,SHOW_EMPTY,0,0,ACTIVE,ACTIVE,PUBLIC,STANDARD,1.0,2026-08-18,Consolidate.xlsx,87
CRS-0345,CCF-0087,CARD-0345,INIT-0087,Cost Factors,DISPLAY_PUBLISHED,"Annual disclosure cost = internal hours × loaded hourly rate + advisory, data-system and assurance fees.",Cost,% required disclosure coverage,PUBLISHED_DISPLAY_VALUE,All,FOUR_SLOT_CARD,EMPTY_STAYS_EMPTY,SHOW_EMPTY,0,0,ACTIVE,ACTIVE,PUBLIC,STANDARD,1.0,2026-08-18,Consolidate.xlsx,88
CRS-0346,CPF-0087,CARD-0346,INIT-0087,Carbon Factors,DISPLAY_PUBLISHED,Enabled abatement = Σ verified reductions from actions disclosed and governed through the framework; credit zero abatement to disclosure alone.,Carbon abatement,standalone tCO₂e,PUBLISHED_DISPLAY_VALUE,All,FOUR_SLOT_CARD,EMPTY_STAYS_EMPTY,SHOW_EMPTY,0,0,ACTIVE,ACTIVE,PUBLIC,STANDARD,1.0,2026-08-18,Consolidate.xlsx,88
CRS-0347,CTF-0087,CARD-0347,INIT-0087,Timing Factors,DISPLAY_PUBLISHED,"Simple payback = implementation cost ÷ annual avoided reporting, assurance and remediation cost; lead time = first compliant report date − project start date.",ROI,annual reporting cycle,PUBLISHED_DISPLAY_VALUE,All,FOUR_SLOT_CARD,EMPTY_STAYS_EMPTY,SHOW_EMPTY,0,0,ACTIVE,ACTIVE,PUBLIC,STANDARD,1.0,2026-08-18,Consolidate.xlsx,88
CRS-0348,CEF-0087,CARD-0348,INIT-0087,Efficiency Factors,DISPLAY_PUBLISHED,Disclosure coverage % = completed required disclosures ÷ applicable disclosures × 100; unresolved-gap rate = open material gaps ÷ identified material gaps × 100.,Efficiency,% required disclosures covered,PUBLISHED_DISPLAY_VALUE,All,FOUR_SLOT_CARD,EMPTY_STAYS_EMPTY,SHOW_EMPTY,0,0,ACTIVE,ACTIVE,PUBLIC,STANDARD,1.0,2026-08-18,Consolidate.xlsx,88
CRS-0349,CCF-0088,CARD-0349,INIT-0088,Cost Factors,DISPLAY_PUBLISHED,Annual compliance cost = internal hours × loaded rate + legal/audit fees + remediation cost; avoided cost = baseline penalties and incidents − post-control cost.,Cost,% applicable obligations captured,PUBLISHED_DISPLAY_VALUE,All,FOUR_SLOT_CARD,EMPTY_STAYS_EMPTY,SHOW_EMPTY,0,0,ACTIVE,ACTIVE,PUBLIC,STANDARD,1.0,2026-08-18,Consolidate.xlsx,89
CRS-0350,CPF-0088,CARD-0350,INIT-0088,Carbon Factors,DISPLAY_PUBLISHED,Verified abatement = Σ measured reductions from corrective actions; assign zero carbon benefit to the register itself.,Carbon abatement,standalone tCO₂e,PUBLISHED_DISPLAY_VALUE,All,FOUR_SLOT_CARD,EMPTY_STAYS_EMPTY,SHOW_EMPTY,0,0,ACTIVE,ACTIVE,PUBLIC,STANDARD,1.0,2026-08-18,Consolidate.xlsx,89
CRS-0351,CTF-0088,CARD-0351,INIT-0088,Timing Factors,DISPLAY_PUBLISHED,ROI = (avoided penalties + avoided delay cost + avoided remediation cost − annual control cost) ÷ implementation cost.,ROI,annual review cycle,PUBLISHED_DISPLAY_VALUE,All,FOUR_SLOT_CARD,EMPTY_STAYS_EMPTY,SHOW_EMPTY,0,0,ACTIVE,ACTIVE,PUBLIC,STANDARD,1.0,2026-08-18,Consolidate.xlsx,89
CRS-0352,CEF-0088,CARD-0352,INIT-0088,Efficiency Factors,DISPLAY_PUBLISHED,Coverage % = obligations with owner and evidence ÷ applicable obligations × 100; overdue rate = overdue actions ÷ actions due × 100.,Efficiency,% obligations assigned,PUBLISHED_DISPLAY_VALUE,All,FOUR_SLOT_CARD,EMPTY_STAYS_EMPTY,SHOW_EMPTY,0,0,ACTIVE,ACTIVE,PUBLIC,STANDARD,1.0,2026-08-18,Consolidate.xlsx,89
CRS-0353,CCF-0089,CARD-0353,INIT-0089,Cost Factors,DISPLAY_PUBLISHED,"Annual EMS cost = internal hours × loaded rate + audit, certification, training and system fees.",Cost,% material impacts in the EMS,PUBLISHED_DISPLAY_VALUE,All,FOUR_SLOT_CARD,EMPTY_STAYS_EMPTY,SHOW_EMPTY,0,0,ACTIVE,ACTIVE,PUBLIC,STANDARD,1.0,2026-08-18,Consolidate.xlsx,90
CRS-0354,CPF-0089,CARD-0354,INIT-0089,Carbon Factors,DISPLAY_PUBLISHED,Enabled abatement = Σ verified reductions from EMS objectives and action plans; credit zero abatement to certification alone.,Carbon abatement,standalone tCO₂e,PUBLISHED_DISPLAY_VALUE,All,FOUR_SLOT_CARD,EMPTY_STAYS_EMPTY,SHOW_EMPTY,0,0,ACTIVE,ACTIVE,PUBLIC,STANDARD,1.0,2026-08-18,Consolidate.xlsx,90
CRS-0355,CTF-0089,CARD-0355,INIT-0089,Timing Factors,DISPLAY_PUBLISHED,"Simple payback = implementation and certification cost ÷ verified annual resource, incident and audit-rework savings.",ROI,implementation programme,PUBLISHED_DISPLAY_VALUE,All,FOUR_SLOT_CARD,EMPTY_STAYS_EMPTY,SHOW_EMPTY,0,0,ACTIVE,ACTIVE,PUBLIC,STANDARD,1.0,2026-08-18,Consolidate.xlsx,90
CRS-0356,CEF-0089,CARD-0356,INIT-0089,Efficiency Factors,DISPLAY_PUBLISHED,Impact coverage % = controlled material impacts ÷ identified material impacts × 100; closure rate = actions closed by due date ÷ actions due × 100.,Efficiency,% material impacts controlled,PUBLISHED_DISPLAY_VALUE,All,FOUR_SLOT_CARD,EMPTY_STAYS_EMPTY,SHOW_EMPTY,0,0,ACTIVE,ACTIVE,PUBLIC,STANDARD,1.0,2026-08-18,Consolidate.xlsx,90
CRS-0357,CCF-0090,CARD-0357,INIT-0090,Cost Factors,DISPLAY_PUBLISHED,Annual certification cost = application + audit + licence + remediation + internal administration cost across certified sites.,Cost,year Green Key certificate validity,PUBLISHED_DISPLAY_VALUE,All,FOUR_SLOT_CARD,EMPTY_STAYS_EMPTY,SHOW_EMPTY,0,0,ACTIVE,ACTIVE,PUBLIC,STANDARD,1.0,2026-08-18,Consolidate.xlsx,91
CRS-0358,CPF-0090,CARD-0358,INIT-0090,Carbon Factors,DISPLAY_PUBLISHED,Verified abatement = Σ measured reductions from certified-site actions; assign zero abatement to the certificate itself.,Carbon abatement,standalone tCO₂e,PUBLISHED_DISPLAY_VALUE,All,FOUR_SLOT_CARD,EMPTY_STAYS_EMPTY,SHOW_EMPTY,0,0,ACTIVE,ACTIVE,PUBLIC,STANDARD,1.0,2026-08-18,Consolidate.xlsx,91
CRS-0359,CTF-0090,CARD-0359,INIT-0090,Timing Factors,DISPLAY_PUBLISHED,ROI = (incremental contribution + verified operating savings − annual certification cost) ÷ initial certification cost.,ROI,audit/certification cycle,PUBLISHED_DISPLAY_VALUE,All,FOUR_SLOT_CARD,EMPTY_STAYS_EMPTY,SHOW_EMPTY,0,0,ACTIVE,ACTIVE,PUBLIC,STANDARD,1.0,2026-08-18,Consolidate.xlsx,91
CRS-0360,CEF-0090,CARD-0360,INIT-0090,Efficiency Factors,DISPLAY_PUBLISHED,Certification coverage % = certified priority sites ÷ priority sites × 100; closure rate = non-conformities closed by due date ÷ non-conformities due × 100.,Efficiency,% priority sites certified,PUBLISHED_DISPLAY_VALUE,All,FOUR_SLOT_CARD,EMPTY_STAYS_EMPTY,SHOW_EMPTY,0,0,ACTIVE,ACTIVE,PUBLIC,STANDARD,1.0,2026-08-18,Consolidate.xlsx,91
CRS-0361,CCF-0091,CARD-0361,INIT-0091,Cost Factors,DISPLAY_PUBLISHED,Annual MIS cost = 12 × monthly preparation and review hours × loaded hourly rate + platform and assurance fees.,Cost,monthly reporting cycles/year,PUBLISHED_DISPLAY_VALUE,All,FOUR_SLOT_CARD,EMPTY_STAYS_EMPTY,SHOW_EMPTY,0,0,ACTIVE,ACTIVE,PUBLIC,STANDARD,1.0,2026-08-18,Consolidate.xlsx,92
CRS-0362,CPF-0091,CARD-0362,INIT-0091,Carbon Factors,DISPLAY_PUBLISHED,Enabled abatement = Σ verified corrective-action reductions; assign zero abatement to reporting alone and track monthly actual tCO₂e versus plan.,Carbon abatement,standalone tCO₂e,PUBLISHED_DISPLAY_VALUE,All,FOUR_SLOT_CARD,EMPTY_STAYS_EMPTY,SHOW_EMPTY,0,0,ACTIVE,ACTIVE,PUBLIC,STANDARD,1.0,2026-08-18,Consolidate.xlsx,92
CRS-0363,CTF-0091,CARD-0363,INIT-0091,Timing Factors,DISPLAY_PUBLISHED,ROI = (avoided energy/resource cost + avoided year-end remediation cost − annual MIS cost) ÷ MIS implementation cost.,ROI,review cycles/year,PUBLISHED_DISPLAY_VALUE,All,FOUR_SLOT_CARD,EMPTY_STAYS_EMPTY,SHOW_EMPTY,0,0,ACTIVE,ACTIVE,PUBLIC,STANDARD,1.0,2026-08-18,Consolidate.xlsx,92
CRS-0364,CEF-0091,CARD-0364,INIT-0091,Efficiency Factors,DISPLAY_PUBLISHED,On-time reporting % = reports issued by deadline ÷ 12 × 100; ownership % = KPIs with named owners ÷ total KPIs × 100; variance closure rate = closed material variances ÷ identified variances × 100.,Efficiency,cycles/year,PUBLISHED_DISPLAY_VALUE,All,FOUR_SLOT_CARD,EMPTY_STAYS_EMPTY,SHOW_EMPTY,0,0,ACTIVE,ACTIVE,PUBLIC,STANDARD,1.0,2026-08-18,Consolidate.xlsx,92
CRS-0365,CCF-0092,CARD-0365,INIT-0092,Cost Factors,DISPLAY_PUBLISHED,Annual net saving = annual units or tonnes changed × (baseline unit cost − new unit cost) − implementation and compliance cost.,Cost,Confirmed base fees are /t for glass; /t for paper/card; /t for steel,PUBLISHED_DISPLAY_VALUE,All,FOUR_SLOT_CARD,EMPTY_STAYS_EMPTY,SHOW_EMPTY,0,0,ACTIVE,ACTIVE,PUBLIC,STANDARD,1.0,2026-08-18,Consolidate.xlsx,93
CRS-0366,CPF-0092,CARD-0366,INIT-0092,Carbon Factors,DISPLAY_PUBLISHED,"Avoided tCO₂e = (baseline material or activity × baseline factor − new activity × new factor) ÷ 1,000.",Carbon abatement,Nestlé reported that reducing total packaging weight by tonnes; contributed to a,PUBLISHED_DISPLAY_VALUE,All,FOUR_SLOT_CARD,EMPTY_STAYS_EMPTY,SHOW_EMPTY,0,0,ACTIVE,ACTIVE,PUBLIC,STANDARD,1.0,2026-08-18,Consolidate.xlsx,93
CRS-0367,CTF-0092,CARD-0367,INIT-0092,Timing Factors,DISPLAY_PUBLISHED,Simple payback (years) = upfront implementation cost ÷ verified annual net saving; lead time = go-live date − approval date.,ROI,WRAP reports that UK Plastics Pact members phased out tonnes of hard to recycle packaging,PUBLISHED_DISPLAY_VALUE,All,FOUR_SLOT_CARD,EMPTY_STAYS_EMPTY,SHOW_EMPTY,0,0,ACTIVE,ACTIVE,PUBLIC,STANDARD,1.0,2026-08-18,Consolidate.xlsx,93
CRS-0368,CEF-0092,CARD-0368,INIT-0092,Efficiency Factors,DISPLAY_PUBLISHED,"Coverage % = compliant or completed items ÷ eligible items × 100; track volume, quality, exceptions and cycle time.",Efficiency,WRAP reports that the UK Plastics Pact achieved a % reduction in greenhouse gas emissions from,PUBLISHED_DISPLAY_VALUE,All,FOUR_SLOT_CARD,EMPTY_STAYS_EMPTY,SHOW_EMPTY,0,0,ACTIVE,ACTIVE,PUBLIC,STANDARD,1.0,2026-08-18,Consolidate.xlsx,93
CRS-0369,CCF-0093,CARD-0369,INIT-0093,Cost Factors,DISPLAY_PUBLISHED,Annual net saving = annual units or tonnes changed × (baseline unit cost − new unit cost) − implementation and compliance cost.,Cost,alongside more than tonnes of waste reduction,PUBLISHED_DISPLAY_VALUE,All,FOUR_SLOT_CARD,EMPTY_STAYS_EMPTY,SHOW_EMPTY,0,0,ACTIVE,ACTIVE,PUBLIC,STANDARD,1.0,2026-08-18,Consolidate.xlsx,94
CRS-0370,CPF-0093,CARD-0370,INIT-0093,Carbon Factors,DISPLAY_PUBLISHED,"Avoided tCO₂e = (baseline material or activity × baseline factor − new activity × new factor) ÷ 1,000.",Carbon abatement,As an industry benchmark,PUBLISHED_DISPLAY_VALUE,All,FOUR_SLOT_CARD,EMPTY_STAYS_EMPTY,SHOW_EMPTY,0,0,ACTIVE,ACTIVE,PUBLIC,STANDARD,1.0,2026-08-18,Consolidate.xlsx,94
CRS-0371,CTF-0093,CARD-0371,INIT-0093,Timing Factors,DISPLAY_PUBLISHED,Simple payback (years) = upfront implementation cost ÷ verified annual net saving; lead time = go-live date − approval date.,Payback,Timing: typically medium term as changes may require supplier engagement trials specification,PUBLISHED_DISPLAY_VALUE,All,FOUR_SLOT_CARD,EMPTY_STAYS_EMPTY,SHOW_EMPTY,0,0,ACTIVE,ACTIVE,PUBLIC,STANDARD,1.0,2026-08-18,Consolidate.xlsx,94
CRS-0372,CEF-0093,CARD-0372,INIT-0093,Efficiency Factors,DISPLAY_PUBLISHED,Supplier coverage % = compliant suppliers or spend ÷ priority suppliers or addressable spend × 100; track response and action closure.,Efficiency,Tesco provides a useful benchmark: its supplier focused packaging programme removed more than,PUBLISHED_DISPLAY_VALUE,All,FOUR_SLOT_CARD,EMPTY_STAYS_EMPTY,SHOW_EMPTY,0,0,ACTIVE,ACTIVE,PUBLIC,STANDARD,1.0,2026-08-18,Consolidate.xlsx,94
CRS-0373,CCF-0094,CARD-0373,INIT-0094,Cost Factors,DISPLAY_PUBLISHED,Annual net saving = annual units or tonnes changed × (baseline unit cost − new unit cost) − implementation and compliance cost.,Cost,EcoPure Waters reports that at bottles/day its on site refill system costs approximately,PUBLISHED_DISPLAY_VALUE,"All – particularly relevant for hotels, pubs, bars, restaurants, contract caterers and event venues",FOUR_SLOT_CARD,EMPTY_STAYS_EMPTY,SHOW_EMPTY,0,0,ACTIVE,ACTIVE,PUBLIC,STANDARD,1.0,2026-08-18,Consolidate.xlsx,95
CRS-0374,CPF-0094,CARD-0374,INIT-0094,Carbon Factors,DISPLAY_PUBLISHED,"Avoided tCO₂e = (baseline material or activity × baseline factor − new activity × new factor) ÷ 1,000.",Carbon abatement,Approximately tCO₂e/year avoided versus single use plastic; or tCO₂e/year,PUBLISHED_DISPLAY_VALUE,"All – particularly relevant for hotels, pubs, bars, restaurants, contract caterers and event venues",FOUR_SLOT_CARD,EMPTY_STAYS_EMPTY,SHOW_EMPTY,0,0,ACTIVE,ACTIVE,PUBLIC,STANDARD,1.0,2026-08-18,Consolidate.xlsx,95
CRS-0375,CTF-0094,CARD-0375,INIT-0094,Timing Factors,DISPLAY_PUBLISHED,Simple payback (years) = upfront implementation cost ÷ verified annual net saving; lead time = go-live date − approval date.,Payback,Typical payback: under months and often under months at higher volumes,PUBLISHED_DISPLAY_VALUE,"All – particularly relevant for hotels, pubs, bars, restaurants, contract caterers and event venues",FOUR_SLOT_CARD,EMPTY_STAYS_EMPTY,SHOW_EMPTY,0,0,ACTIVE,ACTIVE,PUBLIC,STANDARD,1.0,2026-08-18,Consolidate.xlsx,95
CRS-0376,CEF-0094,CARD-0376,INIT-0094,Efficiency Factors,DISPLAY_PUBLISHED,"Coverage % = compliant or completed items ÷ eligible items × 100; track volume, quality, exceptions and cycle time.",Efficiency,EcoPure reports that a site dispensing bottles/day could avoid approximately,PUBLISHED_DISPLAY_VALUE,"All – particularly relevant for hotels, pubs, bars, restaurants, contract caterers and event venues",FOUR_SLOT_CARD,EMPTY_STAYS_EMPTY,SHOW_EMPTY,0,0,ACTIVE,ACTIVE,PUBLIC,STANDARD,1.0,2026-08-18,Consolidate.xlsx,95
CRS-0377,CCF-0095,CARD-0377,INIT-0095,Cost Factors,DISPLAY_PUBLISHED,Annual net saving = annual units or tonnes changed × (baseline unit cost − new unit cost) − implementation and compliance cost.,Cost,packaging optimisation reduced total packaging costs by % compared with the previous design,PUBLISHED_DISPLAY_VALUE,All,FOUR_SLOT_CARD,EMPTY_STAYS_EMPTY,SHOW_EMPTY,0,0,ACTIVE,ACTIVE,PUBLIC,STANDARD,1.0,2026-08-18,Consolidate.xlsx,96
CRS-0378,CPF-0095,CARD-0378,INIT-0095,Carbon Factors,DISPLAY_PUBLISHED,"Avoided tCO₂e = (baseline material or activity × baseline factor − new activity × new factor) ÷ 1,000.",Carbon abatement,the redesigned packaging achieved a % reduction in CO₂ emissions compared with the previous,PUBLISHED_DISPLAY_VALUE,All,FOUR_SLOT_CARD,EMPTY_STAYS_EMPTY,SHOW_EMPTY,0,0,ACTIVE,ACTIVE,PUBLIC,STANDARD,1.0,2026-08-18,Consolidate.xlsx,96
CRS-0379,CTF-0095,CARD-0379,INIT-0095,Timing Factors,DISPLAY_PUBLISHED,Simple payback (years) = upfront implementation cost ÷ verified annual net saving; lead time = go-live date − approval date.,Payback,but the source does not provide implementation cost or payback period; therefore; a specific ROI,PUBLISHED_DISPLAY_VALUE,All,FOUR_SLOT_CARD,EMPTY_STAYS_EMPTY,SHOW_EMPTY,0,0,ACTIVE,ACTIVE,PUBLIC,STANDARD,1.0,2026-08-18,Consolidate.xlsx,96
CRS-0380,CEF-0095,CARD-0380,INIT-0095,Efficiency Factors,DISPLAY_PUBLISHED,"Coverage % = compliant or completed items ÷ eligible items × 100; track volume, quality, exceptions and cycle time.",Efficiency,redesigned packaging reduced assessed environmental impacts by approximately % on average; In,PUBLISHED_DISPLAY_VALUE,All,FOUR_SLOT_CARD,EMPTY_STAYS_EMPTY,SHOW_EMPTY,0,0,ACTIVE,ACTIVE,PUBLIC,STANDARD,1.0,2026-08-18,Consolidate.xlsx,96
CRS-0381,CCF-0096,CARD-0381,INIT-0096,Cost Factors,DISPLAY_PUBLISHED,Annual net saving = annual units or tonnes changed × (baseline unit cost − new unit cost) − implementation and compliance cost.,Cost,reducing annual programme costs from to a saving of per year,PUBLISHED_DISPLAY_VALUE,All – guest amenities particularly relevant for hotels and other accommodation providers,FOUR_SLOT_CARD,EMPTY_STAYS_EMPTY,SHOW_EMPTY,0,0,ACTIVE,ACTIVE,PUBLIC,STANDARD,1.0,2026-08-18,Consolidate.xlsx,97
CRS-0382,CPF-0096,CARD-0382,INIT-0096,Carbon Factors,DISPLAY_PUBLISHED,"Avoided tCO₂e = (baseline material or activity × baseline factor − new activity × new factor) ÷ 1,000.",Carbon abatement,Reusable takeaway packaging scenarios produced reductions ranging from % to % depending on,PUBLISHED_DISPLAY_VALUE,All – guest amenities particularly relevant for hotels and other accommodation providers,FOUR_SLOT_CARD,EMPTY_STAYS_EMPTY,SHOW_EMPTY,0,0,ACTIVE,ACTIVE,PUBLIC,STANDARD,1.0,2026-08-18,Consolidate.xlsx,97
CRS-0383,CTF-0096,CARD-0383,INIT-0096,Timing Factors,DISPLAY_PUBLISHED,Simple payback (years) = upfront implementation cost ÷ verified annual net saving; lead time = go-live date − approval date.,ROI,The Boston Harbor Hotel example achieved recurring annual savings of (%) after,PUBLISHED_DISPLAY_VALUE,All – guest amenities particularly relevant for hotels and other accommodation providers,FOUR_SLOT_CARD,EMPTY_STAYS_EMPTY,SHOW_EMPTY,0,0,ACTIVE,ACTIVE,PUBLIC,STANDARD,1.0,2026-08-18,Consolidate.xlsx,97
CRS-0384,CEF-0096,CARD-0384,INIT-0096,Efficiency Factors,DISPLAY_PUBLISHED,Waste reduction % = (baseline waste − current waste) ÷ baseline waste × 100; track waste per cover and avoided cost.,Efficiency,IHG's programme provides a useful scale benchmark of approximately million bathroom,PUBLISHED_DISPLAY_VALUE,All – guest amenities particularly relevant for hotels and other accommodation providers,FOUR_SLOT_CARD,EMPTY_STAYS_EMPTY,SHOW_EMPTY,0,0,ACTIVE,ACTIVE,PUBLIC,STANDARD,1.0,2026-08-18,Consolidate.xlsx,97
CRS-0385,CCF-0097,CARD-0385,INIT-0097,Cost Factors,DISPLAY_PUBLISHED,Annual net saving = annual units or tonnes changed × (baseline unit cost − new unit cost) − implementation and compliance cost.,Cost,moving tonnes of qualifying plastic packaging from below % to at least % recycled content,PUBLISHED_DISPLAY_VALUE,"All – particularly relevant for breweries, pubs/bars and businesses using high volumes of packaged products",FOUR_SLOT_CARD,EMPTY_STAYS_EMPTY,SHOW_EMPTY,0,0,ACTIVE,ACTIVE,PUBLIC,STANDARD,1.0,2026-08-18,Consolidate.xlsx,98
CRS-0386,CPF-0097,CARD-0386,INIT-0097,Carbon Factors,DISPLAY_PUBLISHED,"Avoided tCO₂e = (baseline material or activity × baseline factor − new activity × new factor) ÷ 1,000.",Carbon abatement,Therefore increasing recycled content from % to % could reduce packaging lifecycle emissions,PUBLISHED_DISPLAY_VALUE,"All – particularly relevant for breweries, pubs/bars and businesses using high volumes of packaged products",FOUR_SLOT_CARD,EMPTY_STAYS_EMPTY,SHOW_EMPTY,0,0,ACTIVE,ACTIVE,PUBLIC,STANDARD,1.0,2026-08-18,Consolidate.xlsx,98
CRS-0387,CTF-0097,CARD-0387,INIT-0097,Timing Factors,DISPLAY_PUBLISHED,Simple payback (years) = upfront implementation cost ÷ verified annual net saving; lead time = go-live date − approval date.,Payback,subject to any difference in packaging procurement cost,PUBLISHED_DISPLAY_VALUE,"All – particularly relevant for breweries, pubs/bars and businesses using high volumes of packaged products",FOUR_SLOT_CARD,EMPTY_STAYS_EMPTY,SHOW_EMPTY,0,0,ACTIVE,ACTIVE,PUBLIC,STANDARD,1.0,2026-08-18,Consolidate.xlsx,98
CRS-0388,CEF-0097,CARD-0388,INIT-0097,Efficiency Factors,DISPLAY_PUBLISHED,On-time delivery % = actions completed by due date ÷ actions due × 100; track overdue actions and cycle time.,Efficiency,UK Plastics Pact members reached % average recycled content across plastic packaging in,PUBLISHED_DISPLAY_VALUE,"All – particularly relevant for breweries, pubs/bars and businesses using high volumes of packaged products",FOUR_SLOT_CARD,EMPTY_STAYS_EMPTY,SHOW_EMPTY,0,0,ACTIVE,ACTIVE,PUBLIC,STANDARD,1.0,2026-08-18,Consolidate.xlsx,98
CRS-0389,CCF-0098,CARD-0389,INIT-0098,Cost Factors,DISPLAY_PUBLISHED,Lifecycle saving = baseline purchase + energy + maintenance + consumables + disposal cost − alternative lifecycle cost.,Cost,could reduce energy consumption by more than %; saving the UK catering sector over,PUBLISHED_DISPLAY_VALUE,"All – particularly relevant for hotels, contract caterers, restaurants and other equipment-intensive operations",FOUR_SLOT_CARD,EMPTY_STAYS_EMPTY,SHOW_EMPTY,0,0,ACTIVE,ACTIVE,PUBLIC,STANDARD,1.0,2026-08-18,Consolidate.xlsx,99
CRS-0390,CPF-0098,CARD-0390,INIT-0098,Carbon Factors,DISPLAY_PUBLISHED,"Avoided tCO₂e = Σ[(baseline energy/material use − post-change use) × lifecycle factor] ÷ 1,000.",Carbon abatement,Potentially significant for energy intensive equipment,PUBLISHED_DISPLAY_VALUE,"All – particularly relevant for hotels, contract caterers, restaurants and other equipment-intensive operations",FOUR_SLOT_CARD,EMPTY_STAYS_EMPTY,SHOW_EMPTY,0,0,ACTIVE,ACTIVE,PUBLIC,STANDARD,1.0,2026-08-18,Consolidate.xlsx,99
CRS-0391,CTF-0098,CARD-0391,INIT-0098,Timing Factors,DISPLAY_PUBLISHED,Simple payback (years) = upfront implementation cost ÷ verified annual net saving; lead time = go-live date − approval date.,Payback,Equipment specific,PUBLISHED_DISPLAY_VALUE,"All – particularly relevant for hotels, contract caterers, restaurants and other equipment-intensive operations",FOUR_SLOT_CARD,EMPTY_STAYS_EMPTY,SHOW_EMPTY,0,0,ACTIVE,ACTIVE,PUBLIC,STANDARD,1.0,2026-08-18,Consolidate.xlsx,99
CRS-0392,CEF-0098,CARD-0392,INIT-0098,Efficiency Factors,DISPLAY_PUBLISHED,"Coverage % = compliant or completed items ÷ eligible items × 100; track volume, quality, exceptions and cycle time.",Efficiency,Reference,PUBLISHED_DISPLAY_VALUE,"All – particularly relevant for hotels, contract caterers, restaurants and other equipment-intensive operations",FOUR_SLOT_CARD,EMPTY_STAYS_EMPTY,SHOW_EMPTY,0,0,ACTIVE,ACTIVE,PUBLIC,STANDARD,1.0,2026-08-18,Consolidate.xlsx,99
CRS-0393,CCF-0099,CARD-0393,INIT-0099,Cost Factors,DISPLAY_PUBLISHED,Lifecycle saving = baseline purchase + energy + maintenance + consumables + disposal cost − alternative lifecycle cost.,Cost,Potential benefit: avoided upfront capital expenditure plus energy and maintenance savings,PUBLISHED_DISPLAY_VALUE,"All – particularly relevant for equipment-intensive operations such as hotels, contract caterers and breweries",FOUR_SLOT_CARD,EMPTY_STAYS_EMPTY,SHOW_EMPTY,0,0,ACTIVE,ACTIVE,PUBLIC,STANDARD,1.0,2026-08-18,Consolidate.xlsx,100
CRS-0394,CPF-0099,CARD-0394,INIT-0099,Carbon Factors,DISPLAY_PUBLISHED,"Avoided tCO₂e = Σ[(baseline energy/material use − post-change use) × lifecycle factor] ÷ 1,000.",Carbon abatement,the LED system installed through Light as a Service reduced electricity consumption by %,PUBLISHED_DISPLAY_VALUE,"All – particularly relevant for equipment-intensive operations such as hotels, contract caterers and breweries",FOUR_SLOT_CARD,EMPTY_STAYS_EMPTY,SHOW_EMPTY,0,0,ACTIVE,ACTIVE,PUBLIC,STANDARD,1.0,2026-08-18,Consolidate.xlsx,100
CRS-0395,CTF-0099,CARD-0395,INIT-0099,Timing Factors,DISPLAY_PUBLISHED,Simple payback (years) = upfront implementation cost ÷ verified annual net saving; lead time = go-live date − approval date.,Payback,Potential financial benefit from the start of the contract where the model avoids upfront,PUBLISHED_DISPLAY_VALUE,"All – particularly relevant for equipment-intensive operations such as hotels, contract caterers and breweries",FOUR_SLOT_CARD,EMPTY_STAYS_EMPTY,SHOW_EMPTY,0,0,ACTIVE,ACTIVE,PUBLIC,STANDARD,1.0,2026-08-18,Consolidate.xlsx,100
CRS-0396,CEF-0099,CARD-0396,INIT-0099,Efficiency Factors,DISPLAY_PUBLISHED,"Coverage % = compliant or completed items ÷ eligible items × 100; track volume, quality, exceptions and cycle time.",Efficiency,the redesigned lighting fixtures were expected to last % longer than conventional fixtures; At,PUBLISHED_DISPLAY_VALUE,"All – particularly relevant for equipment-intensive operations such as hotels, contract caterers and breweries",FOUR_SLOT_CARD,EMPTY_STAYS_EMPTY,SHOW_EMPTY,0,0,ACTIVE,ACTIVE,PUBLIC,STANDARD,1.0,2026-08-18,Consolidate.xlsx,100
CRS-0397,CCF-0100,CARD-0397,INIT-0100,Cost Factors,DISPLAY_PUBLISHED,Lifecycle saving = baseline purchase + energy + maintenance + consumables + disposal cost − alternative lifecycle cost.,Cost,Potential saving: approximately % versus equivalent new furniture,PUBLISHED_DISPLAY_VALUE,"All – particularly relevant for hotels, restaurants, pubs/bars and other businesses undertaking refurbishments or fit-outs",FOUR_SLOT_CARD,EMPTY_STAYS_EMPTY,SHOW_EMPTY,0,0,ACTIVE,ACTIVE,PUBLIC,STANDARD,1.0,2026-08-18,Consolidate.xlsx,101
CRS-0398,CPF-0100,CARD-0398,INIT-0100,Carbon Factors,DISPLAY_PUBLISHED,"Avoided tCO₂e = Σ[(baseline energy/material use − post-change use) × lifecycle factor] ÷ 1,000.",Carbon abatement,More than tCO₂e was avoided through the reuse/refurbishment of more than furniture,PUBLISHED_DISPLAY_VALUE,"All – particularly relevant for hotels, restaurants, pubs/bars and other businesses undertaking refurbishments or fit-outs",FOUR_SLOT_CARD,EMPTY_STAYS_EMPTY,SHOW_EMPTY,0,0,ACTIVE,ACTIVE,PUBLIC,STANDARD,1.0,2026-08-18,Consolidate.xlsx,101
CRS-0399,CTF-0100,CARD-0399,INIT-0100,Timing Factors,DISPLAY_PUBLISHED,Simple payback (years) = upfront implementation cost ÷ verified annual net saving; lead time = go-live date − approval date.,ROI,because Crown Workspace reports refurbished/remanufactured items typically cost % less than,PUBLISHED_DISPLAY_VALUE,"All – particularly relevant for hotels, restaurants, pubs/bars and other businesses undertaking refurbishments or fit-outs",FOUR_SLOT_CARD,EMPTY_STAYS_EMPTY,SHOW_EMPTY,0,0,ACTIVE,ACTIVE,PUBLIC,STANDARD,1.0,2026-08-18,Consolidate.xlsx,101
CRS-0400,CEF-0100,CARD-0400,INIT-0100,Efficiency Factors,DISPLAY_PUBLISHED,Waste reduction % = (baseline waste − current waste) ÷ baseline waste × 100; track waste per cover and avoided cost.,Efficiency,Crown Workspace has refurbished/remanufactured more than items and diverted over,PUBLISHED_DISPLAY_VALUE,"All – particularly relevant for hotels, restaurants, pubs/bars and other businesses undertaking refurbishments or fit-outs",FOUR_SLOT_CARD,EMPTY_STAYS_EMPTY,SHOW_EMPTY,0,0,ACTIVE,ACTIVE,PUBLIC,STANDARD,1.0,2026-08-18,Consolidate.xlsx,101
CRS-0401,CCF-0101,CARD-0401,INIT-0101,Cost Factors,DISPLAY_PUBLISHED,Lifecycle saving = baseline purchase + energy + maintenance + consumables + disposal cost − alternative lifecycle cost.,Cost,Up to % lower purchase cost for refurbished/remanufactured ICT devices compared with new,PUBLISHED_DISPLAY_VALUE,"All – particularly relevant for equipment-intensive operations such as hotels, contract caterers, breweries and restaurants",FOUR_SLOT_CARD,EMPTY_STAYS_EMPTY,SHOW_EMPTY,0,0,ACTIVE,ACTIVE,PUBLIC,STANDARD,1.0,2026-08-18,Consolidate.xlsx,102
CRS-0402,CPF-0101,CARD-0402,INIT-0101,Carbon Factors,DISPLAY_PUBLISHED,"Avoided tCO₂e = Σ[(baseline energy/material use − post-change use) × lifecycle factor] ÷ 1,000.",Carbon abatement,Approximately % lower carbon emissions for refurbished/remanufactured ICT devices compared,PUBLISHED_DISPLAY_VALUE,"All – particularly relevant for equipment-intensive operations such as hotels, contract caterers, breweries and restaurants",FOUR_SLOT_CARD,EMPTY_STAYS_EMPTY,SHOW_EMPTY,0,0,ACTIVE,ACTIVE,PUBLIC,STANDARD,1.0,2026-08-18,Consolidate.xlsx,102
CRS-0403,CTF-0101,CARD-0403,INIT-0101,Timing Factors,DISPLAY_PUBLISHED,Simple payback (years) = upfront implementation cost ÷ verified annual net saving; lead time = go-live date − approval date.,ROI,Defra reports savings of up to % compared with new ICT devices meaning a financial benefit,PUBLISHED_DISPLAY_VALUE,"All – particularly relevant for equipment-intensive operations such as hotels, contract caterers, breweries and restaurants",FOUR_SLOT_CARD,EMPTY_STAYS_EMPTY,SHOW_EMPTY,0,0,ACTIVE,ACTIVE,PUBLIC,STANDARD,1.0,2026-08-18,Consolidate.xlsx,102
CRS-0404,CEF-0101,CARD-0404,INIT-0101,Efficiency Factors,DISPLAY_PUBLISHED,Waste reduction % = (baseline waste − current waste) ÷ baseline waste × 100; track waste per cover and avoided cost.,Efficiency,Environment Agency guidance prioritises reuse of whole appliances followed by reuse of,PUBLISHED_DISPLAY_VALUE,"All – particularly relevant for equipment-intensive operations such as hotels, contract caterers, breweries and restaurants",FOUR_SLOT_CARD,EMPTY_STAYS_EMPTY,SHOW_EMPTY,0,0,ACTIVE,ACTIVE,PUBLIC,STANDARD,1.0,2026-08-18,Consolidate.xlsx,102
CRS-0405,CCF-0102,CARD-0405,INIT-0102,Cost Factors,DISPLAY_PUBLISHED,Annual net saving = annual units or tonnes changed × (baseline unit cost − new unit cost) − implementation and compliance cost.,Cost,For ; Red rated packaging is subject to a × modulation factor relative to the Amber,PUBLISHED_DISPLAY_VALUE,All,FOUR_SLOT_CARD,EMPTY_STAYS_EMPTY,SHOW_EMPTY,0,0,ACTIVE,ACTIVE,PUBLIC,STANDARD,1.0,2026-08-18,Consolidate.xlsx,103
CRS-0406,CPF-0102,CARD-0406,INIT-0102,Carbon Factors,DISPLAY_PUBLISHED,"Avoided tCO₂e = (baseline material or activity × baseline factor − new activity × new factor) ÷ 1,000.",Carbon abatement,Packaging specific; no single carbon abatement factor should be applied,PUBLISHED_DISPLAY_VALUE,All,FOUR_SLOT_CARD,EMPTY_STAYS_EMPTY,SHOW_EMPTY,0,0,ACTIVE,ACTIVE,PUBLIC,STANDARD,1.0,2026-08-18,Consolidate.xlsx,103
CRS-0407,CTF-0102,CARD-0407,INIT-0102,Timing Factors,DISPLAY_PUBLISHED,Simple payback (years) = upfront implementation cost ÷ verified annual net saving; lead time = go-live date − approval date.,Payback,improved recyclability can increasingly provide a financial benefit: modulation begins in,PUBLISHED_DISPLAY_VALUE,All,FOUR_SLOT_CARD,EMPTY_STAYS_EMPTY,SHOW_EMPTY,0,0,ACTIVE,ACTIVE,PUBLIC,STANDARD,1.0,2026-08-18,Consolidate.xlsx,103
CRS-0408,CEF-0102,CARD-0408,INIT-0102,Efficiency Factors,DISPLAY_PUBLISHED,Supplier coverage % = compliant suppliers or spend ÷ priority suppliers or addressable spend × 100; track response and action closure.,Efficiency,Track % of relevant paper/card packaging that is FSC certified or from recycled sources,PUBLISHED_DISPLAY_VALUE,All,FOUR_SLOT_CARD,EMPTY_STAYS_EMPTY,SHOW_EMPTY,0,0,ACTIVE,ACTIVE,PUBLIC,STANDARD,1.0,2026-08-18,Consolidate.xlsx,103
CRS-0409,CCF-0103,CARD-0409,INIT-0103,Cost Factors,DISPLAY_PUBLISHED,Annual net saving = annual units or tonnes changed × (baseline unit cost − new unit cost) − implementation and compliance cost.,Cost,Product specific; no robust universal procurement saving should be assumed,PUBLISHED_DISPLAY_VALUE,"All – particularly relevant for hotels, restaurants, pubs/bars and contract caterers with high volumes of uniforms, linen and towels",FOUR_SLOT_CARD,EMPTY_STAYS_EMPTY,SHOW_EMPTY,0,0,ACTIVE,ACTIVE,PUBLIC,STANDARD,1.0,2026-08-18,Consolidate.xlsx,104
CRS-0410,CPF-0103,CARD-0410,INIT-0103,Carbon Factors,DISPLAY_PUBLISHED,"Avoided tCO₂e = (baseline material or activity × baseline factor − new activity × new factor) ÷ 1,000.",Carbon abatement,alongside more than % lower energy use.; In the Hilton London Metropole example,PUBLISHED_DISPLAY_VALUE,"All – particularly relevant for hotels, restaurants, pubs/bars and contract caterers with high volumes of uniforms, linen and towels",FOUR_SLOT_CARD,EMPTY_STAYS_EMPTY,SHOW_EMPTY,0,0,ACTIVE,ACTIVE,PUBLIC,STANDARD,1.0,2026-08-18,Consolidate.xlsx,104
CRS-0411,CTF-0103,CARD-0411,INIT-0103,Timing Factors,DISPLAY_PUBLISHED,Simple payback (years) = upfront implementation cost ÷ verified annual net saving; lead time = go-live date − approval date.,Payback,Product specific,PUBLISHED_DISPLAY_VALUE,"All – particularly relevant for hotels, restaurants, pubs/bars and contract caterers with high volumes of uniforms, linen and towels",FOUR_SLOT_CARD,EMPTY_STAYS_EMPTY,SHOW_EMPTY,0,0,ACTIVE,ACTIVE,PUBLIC,STANDARD,1.0,2026-08-18,Consolidate.xlsx,104
CRS-0412,CEF-0103,CARD-0412,INIT-0103,Efficiency Factors,DISPLAY_PUBLISHED,Waste reduction % = (baseline waste − current waste) ÷ baseline waste × 100; track waste per cover and avoided cost.,Efficiency,a British Cycling/StuffLife project rebranded just under kg of existing garments; As a,PUBLISHED_DISPLAY_VALUE,"All – particularly relevant for hotels, restaurants, pubs/bars and contract caterers with high volumes of uniforms, linen and towels",FOUR_SLOT_CARD,EMPTY_STAYS_EMPTY,SHOW_EMPTY,0,0,ACTIVE,ACTIVE,PUBLIC,STANDARD,1.0,2026-08-18,Consolidate.xlsx,104
CRS-0413,CCF-0104,CARD-0413,INIT-0104,Cost Factors,DISPLAY_PUBLISHED,Annual net saving = baseline operating cost − post-change cost − implementation cost.,Cost,Product and system specific,PUBLISHED_DISPLAY_VALUE,"All – particularly relevant for hotels, restaurants, pubs/bars, contract caterers and other operations with high cleaning-product use",FOUR_SLOT_CARD,EMPTY_STAYS_EMPTY,SHOW_EMPTY,0,0,ACTIVE,ACTIVE,PUBLIC,STANDARD,1.0,2026-08-18,Consolidate.xlsx,105
CRS-0414,CPF-0104,CARD-0414,INIT-0104,Carbon Factors,DISPLAY_PUBLISHED,"Enabled abatement = Σ verified supplier or sourcing reductions delivered; assign zero standalone tCO₂e to measurement, policy or certification alone.",Carbon abatement,Product specific; no robust universal carbon abatement factor should be applied,PUBLISHED_DISPLAY_VALUE,"All – particularly relevant for hotels, restaurants, pubs/bars, contract caterers and other operations with high cleaning-product use",FOUR_SLOT_CARD,EMPTY_STAYS_EMPTY,SHOW_EMPTY,0,0,ACTIVE,ACTIVE,PUBLIC,STANDARD,1.0,2026-08-18,Consolidate.xlsx,105
CRS-0415,CTF-0104,CARD-0415,INIT-0104,Timing Factors,DISPLAY_PUBLISHED,Simple payback (years) = upfront implementation cost ÷ verified annual net saving; lead time = go-live date − approval date.,Payback,Calculate simple payback as dosing/refill equipment and implementation cost ÷ annual chemical,PUBLISHED_DISPLAY_VALUE,"All – particularly relevant for hotels, restaurants, pubs/bars, contract caterers and other operations with high cleaning-product use",FOUR_SLOT_CARD,EMPTY_STAYS_EMPTY,SHOW_EMPTY,0,0,ACTIVE,ACTIVE,PUBLIC,STANDARD,1.0,2026-08-18,Consolidate.xlsx,105
CRS-0416,CEF-0104,CARD-0416,INIT-0104,Efficiency Factors,DISPLAY_PUBLISHED,On-time delivery % = actions completed by due date ÷ actions due × 100; track overdue actions and cycle time.,Efficiency,Track chemical consumption per room/cover/m² cleaned packaging avoided dilution accuracy and,PUBLISHED_DISPLAY_VALUE,"All – particularly relevant for hotels, restaurants, pubs/bars, contract caterers and other operations with high cleaning-product use",FOUR_SLOT_CARD,EMPTY_STAYS_EMPTY,SHOW_EMPTY,0,0,ACTIVE,ACTIVE,PUBLIC,STANDARD,1.0,2026-08-18,Consolidate.xlsx,105
CRS-0417,CCF-0105,CARD-0417,INIT-0105,Cost Factors,DISPLAY_PUBLISHED,Annual net saving = annual units or tonnes changed × (baseline unit cost − new unit cost) − implementation and compliance cost.,Cost,in paper related financial savings in the Leeds City Council case study alongside,PUBLISHED_DISPLAY_VALUE,All,FOUR_SLOT_CARD,EMPTY_STAYS_EMPTY,SHOW_EMPTY,0,0,ACTIVE,ACTIVE,PUBLIC,STANDARD,1.0,2026-08-18,Consolidate.xlsx,106
CRS-0418,CPF-0105,CARD-0418,INIT-0105,Carbon Factors,DISPLAY_PUBLISHED,"Avoided tCO₂e = (baseline material or activity × baseline factor − new activity × new factor) ÷ 1,000.",Carbon abatement,Site specific,PUBLISHED_DISPLAY_VALUE,All,FOUR_SLOT_CARD,EMPTY_STAYS_EMPTY,SHOW_EMPTY,0,0,ACTIVE,ACTIVE,PUBLIC,STANDARD,1.0,2026-08-18,Consolidate.xlsx,106
CRS-0419,CTF-0105,CARD-0419,INIT-0105,Timing Factors,DISPLAY_PUBLISHED,Simple payback (years) = upfront implementation cost ÷ verified annual net saving; lead time = go-live date − approval date.,ROI,default double sided printing contributed to a % reduction in paper use at the Department for,PUBLISHED_DISPLAY_VALUE,All,FOUR_SLOT_CARD,EMPTY_STAYS_EMPTY,SHOW_EMPTY,0,0,ACTIVE,ACTIVE,PUBLIC,STANDARD,1.0,2026-08-18,Consolidate.xlsx,106
CRS-0420,CEF-0105,CARD-0420,INIT-0105,Efficiency Factors,DISPLAY_PUBLISHED,Waste reduction % = (baseline waste − current waste) ÷ baseline waste × 100; track waste per cover and avoided cost.,Efficiency,Leeds City Council reduced its printer fleet by % and print volume by % in the first year,PUBLISHED_DISPLAY_VALUE,All,FOUR_SLOT_CARD,EMPTY_STAYS_EMPTY,SHOW_EMPTY,0,0,ACTIVE,ACTIVE,PUBLIC,STANDARD,1.0,2026-08-18,Consolidate.xlsx,106
CRS-0421,CCF-0106,CARD-0421,INIT-0106,Cost Factors,DISPLAY_PUBLISHED,Annual net saving = annual units or tonnes changed × (baseline unit cost − new unit cost) − implementation and compliance cost.,Cost,Enabling initiative no universal direct cost saving,PUBLISHED_DISPLAY_VALUE,All,FOUR_SLOT_CARD,EMPTY_STAYS_EMPTY,SHOW_EMPTY,0,0,ACTIVE,ACTIVE,PUBLIC,STANDARD,1.0,2026-08-18,Consolidate.xlsx,107
CRS-0422,CPF-0106,CARD-0422,INIT-0106,Carbon Factors,DISPLAY_PUBLISHED,"Avoided tCO₂e = (baseline material or activity × baseline factor − new activity × new factor) ÷ 1,000.",Carbon abatement,Enabling initiative carbon reduction depends on actions taken after identifying procurement,PUBLISHED_DISPLAY_VALUE,All,FOUR_SLOT_CARD,EMPTY_STAYS_EMPTY,SHOW_EMPTY,0,0,ACTIVE,ACTIVE,PUBLIC,STANDARD,1.0,2026-08-18,Consolidate.xlsx,107
CRS-0423,CTF-0106,CARD-0423,INIT-0106,Timing Factors,DISPLAY_PUBLISHED,Simple payback (years) = upfront implementation cost ÷ verified annual net saving; lead time = go-live date − approval date.,Payback,Typically medium term and organisation specific,PUBLISHED_DISPLAY_VALUE,All,FOUR_SLOT_CARD,EMPTY_STAYS_EMPTY,SHOW_EMPTY,0,0,ACTIVE,ACTIVE,PUBLIC,STANDARD,1.0,2026-08-18,Consolidate.xlsx,107
CRS-0424,CEF-0106,CARD-0424,INIT-0106,Efficiency Factors,DISPLAY_PUBLISHED,Supplier coverage % = compliant suppliers or spend ÷ priority suppliers or addressable spend × 100; track response and action closure.,Efficiency,The GHG Protocol's Scope guidance provides methods for progressively improving the quality of,PUBLISHED_DISPLAY_VALUE,All,FOUR_SLOT_CARD,EMPTY_STAYS_EMPTY,SHOW_EMPTY,0,0,ACTIVE,ACTIVE,PUBLIC,STANDARD,1.0,2026-08-18,Consolidate.xlsx,107
CRS-0425,CCF-0107,CARD-0425,INIT-0107,Cost Factors,DISPLAY_PUBLISHED,Annual margin impact = annual servings or volume switched × (new contribution/unit − baseline contribution/unit) − implementation cost.,Cost,Variable,PUBLISHED_DISPLAY_VALUE,All,FOUR_SLOT_CARD,EMPTY_STAYS_EMPTY,SHOW_EMPTY,0,0,ACTIVE,ACTIVE,PUBLIC,STANDARD,1.0,2026-08-18,Consolidate.xlsx,108
CRS-0426,CPF-0107,CARD-0426,INIT-0107,Carbon Factors,DISPLAY_PUBLISHED,"Enabled abatement = Σ verified supplier or sourcing reductions delivered; assign zero standalone tCO₂e to measurement, policy or certification alone.",Carbon abatement,Not directly quantifiable as a generic tCOe saving,PUBLISHED_DISPLAY_VALUE,All,FOUR_SLOT_CARD,EMPTY_STAYS_EMPTY,SHOW_EMPTY,0,0,ACTIVE,ACTIVE,PUBLIC,STANDARD,1.0,2026-08-18,Consolidate.xlsx,108
CRS-0427,CTF-0107,CARD-0427,INIT-0107,Timing Factors,DISPLAY_PUBLISHED,Simple payback (years) = upfront implementation cost ÷ verified annual net saving; lead time = go-live date − approval date.,Payback,Typically months rather than years for initial certification depending on existing traceability,PUBLISHED_DISPLAY_VALUE,All,FOUR_SLOT_CARD,EMPTY_STAYS_EMPTY,SHOW_EMPTY,0,0,ACTIVE,ACTIVE,PUBLIC,STANDARD,1.0,2026-08-18,Consolidate.xlsx,108
CRS-0428,CEF-0107,CARD-0428,INIT-0107,Efficiency Factors,DISPLAY_PUBLISHED,Supplier coverage % = compliant suppliers or spend ÷ priority suppliers or addressable spend × 100; track response and action closure.,Efficiency,% of priority category spend certified; certified product/volume share; number of categories,PUBLISHED_DISPLAY_VALUE,All,FOUR_SLOT_CARD,EMPTY_STAYS_EMPTY,SHOW_EMPTY,0,0,ACTIVE,ACTIVE,PUBLIC,STANDARD,1.0,2026-08-18,Consolidate.xlsx,108
CRS-0429,CCF-0108,CARD-0429,INIT-0108,Cost Factors,DISPLAY_PUBLISHED,Annual margin impact = annual servings or volume switched × (new contribution/unit − baseline contribution/unit) − implementation cost.,Cost,No verified aggregate saving publicly disclosed,PUBLISHED_DISPLAY_VALUE,All,FOUR_SLOT_CARD,EMPTY_STAYS_EMPTY,SHOW_EMPTY,0,0,ACTIVE,ACTIVE,PUBLIC,STANDARD,1.0,2026-08-18,Consolidate.xlsx,109
CRS-0430,CPF-0108,CARD-0430,INIT-0108,Carbon Factors,DISPLAY_PUBLISHED,"Enabled abatement = Σ verified supplier or sourcing reductions delivered; assign zero standalone tCO₂e to measurement, policy or certification alone.",Carbon abatement,Potentially positive especially when air freight is avoided,PUBLISHED_DISPLAY_VALUE,All,FOUR_SLOT_CARD,EMPTY_STAYS_EMPTY,SHOW_EMPTY,0,0,ACTIVE,ACTIVE,PUBLIC,STANDARD,1.0,2026-08-18,Consolidate.xlsx,109
CRS-0431,CTF-0108,CARD-0431,INIT-0108,Timing Factors,DISPLAY_PUBLISHED,Simple payback (years) = upfront implementation cost ÷ verified annual net saving; lead time = go-live date − approval date.,Payback,Menu/supplier changes can potentially be implemented within one or several menu cycles,PUBLISHED_DISPLAY_VALUE,All,FOUR_SLOT_CARD,EMPTY_STAYS_EMPTY,SHOW_EMPTY,0,0,ACTIVE,ACTIVE,PUBLIC,STANDARD,1.0,2026-08-18,Consolidate.xlsx,109
CRS-0432,CEF-0108,CARD-0432,INIT-0108,Efficiency Factors,DISPLAY_PUBLISHED,"Coverage % = compliant or completed items ÷ eligible items × 100; track volume, quality, exceptions and cycle time.",Efficiency,% relevant spend/volume seasonal or regional; % fresh produce transported by air; food miles,PUBLISHED_DISPLAY_VALUE,All,FOUR_SLOT_CARD,EMPTY_STAYS_EMPTY,SHOW_EMPTY,0,0,ACTIVE,ACTIVE,PUBLIC,STANDARD,1.0,2026-08-18,Consolidate.xlsx,109
CRS-0433,CCF-0109,CARD-0433,INIT-0109,Cost Factors,DISPLAY_PUBLISHED,Annual margin impact = annual servings or volume switched × (new contribution/unit − baseline contribution/unit) − implementation cost.,Cost,Pilot dependent,PUBLISHED_DISPLAY_VALUE,All,FOUR_SLOT_CARD,EMPTY_STAYS_EMPTY,SHOW_EMPTY,0,0,ACTIVE,ACTIVE,PUBLIC,STANDARD,1.0,2026-08-18,Consolidate.xlsx,110
CRS-0434,CPF-0109,CARD-0434,INIT-0109,Carbon Factors,DISPLAY_PUBLISHED,"Enabled abatement = Σ verified supplier or sourcing reductions delivered; assign zero standalone tCO₂e to measurement, policy or certification alone.",Carbon abatement,Not inherently a carbon abatement initiative,PUBLISHED_DISPLAY_VALUE,All,FOUR_SLOT_CARD,EMPTY_STAYS_EMPTY,SHOW_EMPTY,0,0,ACTIVE,ACTIVE,PUBLIC,STANDARD,1.0,2026-08-18,Consolidate.xlsx,110
CRS-0435,CTF-0109,CARD-0435,INIT-0109,Timing Factors,DISPLAY_PUBLISHED,Simple payback (years) = upfront implementation cost ÷ verified annual net saving; lead time = go-live date − approval date.,Payback,A pilot could normally be assessed over one or more procurement/menu cycles,PUBLISHED_DISPLAY_VALUE,All,FOUR_SLOT_CARD,EMPTY_STAYS_EMPTY,SHOW_EMPTY,0,0,ACTIVE,ACTIVE,PUBLIC,STANDARD,1.0,2026-08-18,Consolidate.xlsx,110
CRS-0436,CEF-0109,CARD-0436,INIT-0109,Efficiency Factors,DISPLAY_PUBLISHED,Supplier coverage % = compliant suppliers or spend ÷ priority suppliers or addressable spend × 100; track response and action closure.,Efficiency,# pilots completed; % converted to long term contracts; spend with SMEs/innovative suppliers,PUBLISHED_DISPLAY_VALUE,All,FOUR_SLOT_CARD,EMPTY_STAYS_EMPTY,SHOW_EMPTY,0,0,ACTIVE,ACTIVE,PUBLIC,STANDARD,1.0,2026-08-18,Consolidate.xlsx,110
CRS-0437,CCF-0110,CARD-0437,INIT-0110,Cost Factors,DISPLAY_PUBLISHED,Annual margin impact = annual servings or volume switched × (new contribution/unit − baseline contribution/unit) − implementation cost.,Cost,Potential cost saving but recipe specific,PUBLISHED_DISPLAY_VALUE,All,FOUR_SLOT_CARD,EMPTY_STAYS_EMPTY,SHOW_EMPTY,0,0,ACTIVE,ACTIVE,PUBLIC,STANDARD,1.0,2026-08-18,Consolidate.xlsx,111
CRS-0438,CPF-0110,CARD-0438,INIT-0110,Carbon Factors,DISPLAY_PUBLISHED,"Avoided tCO₂e = annual servings or volume switched × (baseline kgCO₂e/unit − new kgCO₂e/unit) ÷ 1,000.",Carbon abatement,High potential where plant rich dishes displace emissions intensive animal proteins,PUBLISHED_DISPLAY_VALUE,All,FOUR_SLOT_CARD,EMPTY_STAYS_EMPTY,SHOW_EMPTY,0,0,ACTIVE,ACTIVE,PUBLIC,STANDARD,1.0,2026-08-18,Consolidate.xlsx,111
CRS-0439,CTF-0110,CARD-0439,INIT-0110,Timing Factors,DISPLAY_PUBLISHED,Simple payback (years) = upfront implementation cost ÷ verified annual net saving; lead time = go-live date − approval date.,Payback,Menu changes can be introduced within normal menu development cycles,PUBLISHED_DISPLAY_VALUE,All,FOUR_SLOT_CARD,EMPTY_STAYS_EMPTY,SHOW_EMPTY,0,0,ACTIVE,ACTIVE,PUBLIC,STANDARD,1.0,2026-08-18,Consolidate.xlsx,111
CRS-0440,CEF-0110,CARD-0440,INIT-0110,Efficiency Factors,DISPLAY_PUBLISHED,"Uplift % = (post-change share − baseline share) ÷ baseline share × 100; track margin, acceptance and carbon per serving.",Efficiency,% menu items plant based; plant based sales share; kgCO₂e/meal; plant based procurement volume,PUBLISHED_DISPLAY_VALUE,All,FOUR_SLOT_CARD,EMPTY_STAYS_EMPTY,SHOW_EMPTY,0,0,ACTIVE,ACTIVE,PUBLIC,STANDARD,1.0,2026-08-18,Consolidate.xlsx,111
CRS-0441,CCF-0111,CARD-0441,INIT-0111,Cost Factors,DISPLAY_PUBLISHED,Annual margin impact = annual servings or volume switched × (new contribution/unit − baseline contribution/unit) − implementation cost.,Cost,No price premium or cost saving publicly disclosed by Shake Shack,PUBLISHED_DISPLAY_VALUE,All,FOUR_SLOT_CARD,EMPTY_STAYS_EMPTY,SHOW_EMPTY,0,0,ACTIVE,ACTIVE,PUBLIC,STANDARD,1.0,2026-08-18,Consolidate.xlsx,112
CRS-0442,CPF-0111,CARD-0442,INIT-0111,Carbon Factors,DISPLAY_PUBLISHED,"Avoided tCO₂e = annual servings or volume switched × (baseline kgCO₂e/unit − new kgCO₂e/unit) ÷ 1,000.",Carbon abatement,The company does not publish a verified tCOe saving for the bun sourcing change,PUBLISHED_DISPLAY_VALUE,All,FOUR_SLOT_CARD,EMPTY_STAYS_EMPTY,SHOW_EMPTY,0,0,ACTIVE,ACTIVE,PUBLIC,STANDARD,1.0,2026-08-18,Consolidate.xlsx,112
CRS-0443,CTF-0111,CARD-0443,INIT-0111,Timing Factors,DISPLAY_PUBLISHED,Simple payback (years) = upfront implementation cost ÷ verified annual net saving; lead time = go-live date − approval date.,Payback,Procurement substitution could be implemented within a supplier contract or menu cycle subject,PUBLISHED_DISPLAY_VALUE,All,FOUR_SLOT_CARD,EMPTY_STAYS_EMPTY,SHOW_EMPTY,0,0,ACTIVE,ACTIVE,PUBLIC,STANDARD,1.0,2026-08-18,Consolidate.xlsx,112
CRS-0444,CEF-0111,CARD-0444,INIT-0111,Efficiency Factors,DISPLAY_PUBLISHED,Supplier coverage % = compliant suppliers or spend ÷ priority suppliers or addressable spend × 100; track response and action closure.,Efficiency,% relevant spend/volume regenerative; tonnes sourced; % recipes/products converted; supplier,PUBLISHED_DISPLAY_VALUE,All,FOUR_SLOT_CARD,EMPTY_STAYS_EMPTY,SHOW_EMPTY,0,0,ACTIVE,ACTIVE,PUBLIC,STANDARD,1.0,2026-08-18,Consolidate.xlsx,112
CRS-0445,CCF-0112,CARD-0445,INIT-0112,Cost Factors,DISPLAY_PUBLISHED,Annual margin impact = annual servings or volume switched × (new contribution/unit − baseline contribution/unit) − implementation cost.,Cost,Very low implementation cost where changes are limited to digital menus naming positioning or,PUBLISHED_DISPLAY_VALUE,All,FOUR_SLOT_CARD,EMPTY_STAYS_EMPTY,SHOW_EMPTY,0,0,ACTIVE,ACTIVE,PUBLIC,STANDARD,1.0,2026-08-18,Consolidate.xlsx,113
CRS-0446,CPF-0112,CARD-0446,INIT-0112,Carbon Factors,DISPLAY_PUBLISHED,"Avoided tCO₂e = annual servings or volume switched × (baseline kgCO₂e/unit − new kgCO₂e/unit) ÷ 1,000.",Carbon abatement,Indirect but potentially material,PUBLISHED_DISPLAY_VALUE,All,FOUR_SLOT_CARD,EMPTY_STAYS_EMPTY,SHOW_EMPTY,0,0,ACTIVE,ACTIVE,PUBLIC,STANDARD,1.0,2026-08-18,Consolidate.xlsx,113
CRS-0447,CTF-0112,CARD-0447,INIT-0112,Timing Factors,DISPLAY_PUBLISHED,Simple payback (years) = upfront implementation cost ÷ verified annual net saving; lead time = go-live date − approval date.,Payback,Can be tested within weeks or one menu cycle,PUBLISHED_DISPLAY_VALUE,All,FOUR_SLOT_CARD,EMPTY_STAYS_EMPTY,SHOW_EMPTY,0,0,ACTIVE,ACTIVE,PUBLIC,STANDARD,1.0,2026-08-18,Consolidate.xlsx,113
CRS-0448,CEF-0112,CARD-0448,INIT-0112,Efficiency Factors,DISPLAY_PUBLISHED,"Uplift % = (post-change share − baseline share) ÷ baseline share × 100; track margin, acceptance and carbon per serving.",Efficiency,Change in lower carbon dish sales share; conversion/uplift vs baseline; kgCO₂e per,PUBLISHED_DISPLAY_VALUE,All,FOUR_SLOT_CARD,EMPTY_STAYS_EMPTY,SHOW_EMPTY,0,0,ACTIVE,ACTIVE,PUBLIC,STANDARD,1.0,2026-08-18,Consolidate.xlsx,113
CRS-0449,CCF-0113,CARD-0449,INIT-0113,Cost Factors,DISPLAY_PUBLISHED,Annual margin impact = annual servings or volume switched × (new contribution/unit − baseline contribution/unit) − implementation cost.,Cost,Recipe specific,PUBLISHED_DISPLAY_VALUE,All,FOUR_SLOT_CARD,EMPTY_STAYS_EMPTY,SHOW_EMPTY,0,0,ACTIVE,ACTIVE,PUBLIC,STANDARD,1.0,2026-08-18,Consolidate.xlsx,114
CRS-0450,CPF-0113,CARD-0450,INIT-0113,Carbon Factors,DISPLAY_PUBLISHED,"Avoided tCO₂e = annual servings or volume switched × (baseline kgCO₂e/unit − new kgCO₂e/unit) ÷ 1,000.",Carbon abatement,Levy reports % lower COe per serving for the plant based panna cotta,PUBLISHED_DISPLAY_VALUE,All,FOUR_SLOT_CARD,EMPTY_STAYS_EMPTY,SHOW_EMPTY,0,0,ACTIVE,ACTIVE,PUBLIC,STANDARD,1.0,2026-08-18,Consolidate.xlsx,114
CRS-0451,CTF-0113,CARD-0451,INIT-0113,Timing Factors,DISPLAY_PUBLISHED,Simple payback (years) = upfront implementation cost ÷ verified annual net saving; lead time = go-live date − approval date.,Payback,Recipe trials can generally be completed over weeks/months and a menu cycle,PUBLISHED_DISPLAY_VALUE,All,FOUR_SLOT_CARD,EMPTY_STAYS_EMPTY,SHOW_EMPTY,0,0,ACTIVE,ACTIVE,PUBLIC,STANDARD,1.0,2026-08-18,Consolidate.xlsx,114
CRS-0452,CEF-0113,CARD-0452,INIT-0113,Efficiency Factors,DISPLAY_PUBLISHED,"Uplift % = (post-change share − baseline share) ÷ baseline share × 100; track margin, acceptance and carbon per serving.",Efficiency,% priority recipes reformulated; kgCO₂e/portion before vs after; % carbon reduction/recipe,PUBLISHED_DISPLAY_VALUE,All,FOUR_SLOT_CARD,EMPTY_STAYS_EMPTY,SHOW_EMPTY,0,0,ACTIVE,ACTIVE,PUBLIC,STANDARD,1.0,2026-08-18,Consolidate.xlsx,114
CRS-0453,CCF-0114,CARD-0453,INIT-0114,Cost Factors,DISPLAY_PUBLISHED,Annual margin impact = annual servings or volume switched × (new contribution/unit − baseline contribution/unit) − implementation cost.,Cost,Potential food cost saving through higher utilisation of purchased proteins,PUBLISHED_DISPLAY_VALUE,All,FOUR_SLOT_CARD,EMPTY_STAYS_EMPTY,SHOW_EMPTY,0,0,ACTIVE,ACTIVE,PUBLIC,STANDARD,1.0,2026-08-18,Consolidate.xlsx,115
CRS-0454,CPF-0114,CARD-0454,INIT-0114,Carbon Factors,DISPLAY_PUBLISHED,"Avoided tCO₂e = annual servings or volume switched × (baseline kgCO₂e/unit − new kgCO₂e/unit) ÷ 1,000.",Carbon abatement,Carbon benefit comes from avoiding wasted high impact proteins and reducing replacement,PUBLISHED_DISPLAY_VALUE,All,FOUR_SLOT_CARD,EMPTY_STAYS_EMPTY,SHOW_EMPTY,0,0,ACTIVE,ACTIVE,PUBLIC,STANDARD,1.0,2026-08-18,Consolidate.xlsx,115
CRS-0455,CTF-0114,CARD-0455,INIT-0114,Timing Factors,DISPLAY_PUBLISHED,Simple payback (years) = upfront implementation cost ÷ verified annual net saving; lead time = go-live date − approval date.,Payback,Operational changes can potentially be introduced over weeks to months after measurement recipe,PUBLISHED_DISPLAY_VALUE,All,FOUR_SLOT_CARD,EMPTY_STAYS_EMPTY,SHOW_EMPTY,0,0,ACTIVE,ACTIVE,PUBLIC,STANDARD,1.0,2026-08-18,Consolidate.xlsx,115
CRS-0456,CEF-0114,CARD-0456,INIT-0114,Efficiency Factors,DISPLAY_PUBLISHED,Waste reduction % = (baseline waste − current waste) ÷ baseline waste × 100; track waste per cover and avoided cost.,Efficiency,kg animal protein waste / kg purchased; edible yield/utilisation %; trimming waste reduction %,PUBLISHED_DISPLAY_VALUE,All,FOUR_SLOT_CARD,EMPTY_STAYS_EMPTY,SHOW_EMPTY,0,0,ACTIVE,ACTIVE,PUBLIC,STANDARD,1.0,2026-08-18,Consolidate.xlsx,115
CRS-0457,CCF-0115,CARD-0457,INIT-0115,Cost Factors,DISPLAY_PUBLISHED,Annual margin impact = annual servings or volume switched × (new contribution/unit − baseline contribution/unit) − implementation cost.,Cost,annualised food cost saving in the Lisbon Marriott case,PUBLISHED_DISPLAY_VALUE,All,FOUR_SLOT_CARD,EMPTY_STAYS_EMPTY,SHOW_EMPTY,0,0,ACTIVE,ACTIVE,PUBLIC,STANDARD,1.0,2026-08-18,Consolidate.xlsx,116
CRS-0458,CPF-0115,CARD-0458,INIT-0115,Carbon Factors,DISPLAY_PUBLISHED,"Avoided tCO₂e = annual servings or volume switched × (baseline kgCO₂e/unit − new kgCO₂e/unit) ÷ 1,000.",Carbon abatement,tCOe avoided annually in the Lisbon Marriott case,PUBLISHED_DISPLAY_VALUE,All,FOUR_SLOT_CARD,EMPTY_STAYS_EMPTY,SHOW_EMPTY,0,0,ACTIVE,ACTIVE,PUBLIC,STANDARD,1.0,2026-08-18,Consolidate.xlsx,116
CRS-0459,CTF-0115,CARD-0459,INIT-0115,Timing Factors,DISPLAY_PUBLISHED,Simple payback (years) = upfront implementation cost ÷ verified annual net saving; lead time = go-live date − approval date.,ROI,Lisbon Marriott achieved its % reduction within nine months,PUBLISHED_DISPLAY_VALUE,All,FOUR_SLOT_CARD,EMPTY_STAYS_EMPTY,SHOW_EMPTY,0,0,ACTIVE,ACTIVE,PUBLIC,STANDARD,1.0,2026-08-18,Consolidate.xlsx,116
CRS-0460,CEF-0115,CARD-0460,INIT-0115,Efficiency Factors,DISPLAY_PUBLISHED,Waste reduction % = (baseline waste − current waste) ÷ baseline waste × 100; track waste per cover and avoided cost.,Efficiency,Food waste g/cover; food waste as % sales; kg food avoided; / food cost avoided; meals saved,PUBLISHED_DISPLAY_VALUE,All,FOUR_SLOT_CARD,EMPTY_STAYS_EMPTY,SHOW_EMPTY,0,0,ACTIVE,ACTIVE,PUBLIC,STANDARD,1.0,2026-08-18,Consolidate.xlsx,116
CRS-0461,CCF-0116,CARD-0461,INIT-0116,Cost Factors,DISPLAY_PUBLISHED,"Annual saving = avoided kg food waste × verified food cost/kg − monitoring, training and implementation cost.",Cost,Primarily staff/consultancy and data system cost,PUBLISHED_DISPLAY_VALUE,All,FOUR_SLOT_CARD,EMPTY_STAYS_EMPTY,SHOW_EMPTY,0,0,ACTIVE,ACTIVE,PUBLIC,STANDARD,1.0,2026-08-18,Consolidate.xlsx,117
CRS-0462,CPF-0116,CARD-0462,INIT-0116,Carbon Factors,DISPLAY_PUBLISHED,"Avoided tCO₂e = avoided kg food waste × lifecycle kgCO₂e/kg ÷ 1,000.",Carbon abatement,It enables subsequent Scope reductions by identifying material hotspots and priority suppliers,PUBLISHED_DISPLAY_VALUE,All,FOUR_SLOT_CARD,EMPTY_STAYS_EMPTY,SHOW_EMPTY,0,0,ACTIVE,ACTIVE,PUBLIC,STANDARD,1.0,2026-08-18,Consolidate.xlsx,117
CRS-0463,CTF-0116,CARD-0463,INIT-0116,Timing Factors,DISPLAY_PUBLISHED,Simple payback (years) = upfront implementation cost ÷ verified annual net saving; lead time = go-live date − approval date.,Payback,Initial baseline commonly requires several months depending on data maturity; then refreshed,PUBLISHED_DISPLAY_VALUE,All,FOUR_SLOT_CARD,EMPTY_STAYS_EMPTY,SHOW_EMPTY,0,0,ACTIVE,ACTIVE,PUBLIC,STANDARD,1.0,2026-08-18,Consolidate.xlsx,117
CRS-0464,CEF-0116,CARD-0464,INIT-0116,Efficiency Factors,DISPLAY_PUBLISHED,Supplier coverage % = compliant suppliers or spend ÷ priority suppliers or addressable spend × 100; track response and action closure.,Efficiency,% Scope emissions screened; % spend mapped; % supplier specific data coverage; number/value of,PUBLISHED_DISPLAY_VALUE,All,FOUR_SLOT_CARD,EMPTY_STAYS_EMPTY,SHOW_EMPTY,0,0,ACTIVE,ACTIVE,PUBLIC,STANDARD,1.0,2026-08-18,Consolidate.xlsx,117
CRS-0465,CCF-0117,CARD-0465,INIT-0117,Cost Factors,DISPLAY_PUBLISHED,"Annual procurement cost = addressable volume × unit-price delta + audit, traceability, system and administration cost.",Cost,No universal ROI,PUBLISHED_DISPLAY_VALUE,All,FOUR_SLOT_CARD,EMPTY_STAYS_EMPTY,SHOW_EMPTY,0,0,ACTIVE,ACTIVE,PUBLIC,STANDARD,1.0,2026-08-18,Consolidate.xlsx,118
CRS-0466,CPF-0117,CARD-0466,INIT-0117,Carbon Factors,DISPLAY_PUBLISHED,"Enabled abatement = Σ verified supplier or sourcing reductions delivered; assign zero standalone tCO₂e to measurement, policy or certification alone.",Carbon abatement,Potentially high over the target period but the target itself does not reduce emissions,PUBLISHED_DISPLAY_VALUE,All,FOUR_SLOT_CARD,EMPTY_STAYS_EMPTY,SHOW_EMPTY,0,0,ACTIVE,ACTIVE,PUBLIC,STANDARD,1.0,2026-08-18,Consolidate.xlsx,118
CRS-0467,CTF-0117,CARD-0467,INIT-0117,Timing Factors,DISPLAY_PUBLISHED,Simple payback (years) = upfront implementation cost ÷ verified annual net saving; lead time = go-live date − approval date.,ROI,Target design can be completed over several months once a credible baseline exists,PUBLISHED_DISPLAY_VALUE,All,FOUR_SLOT_CARD,EMPTY_STAYS_EMPTY,SHOW_EMPTY,0,0,ACTIVE,ACTIVE,PUBLIC,STANDARD,1.0,2026-08-18,Consolidate.xlsx,118
CRS-0468,CEF-0117,CARD-0468,INIT-0117,Efficiency Factors,DISPLAY_PUBLISHED,"Coverage % = compliant or completed items ÷ eligible items × 100; track volume, quality, exceptions and cycle time.",Efficiency,% Scope covered by target; annual % reduction vs baseline; tCOe reduced; % target trajectory,PUBLISHED_DISPLAY_VALUE,All,FOUR_SLOT_CARD,EMPTY_STAYS_EMPTY,SHOW_EMPTY,0,0,ACTIVE,ACTIVE,PUBLIC,STANDARD,1.0,2026-08-18,Consolidate.xlsx,118
CRS-0469,CCF-0118,CARD-0469,INIT-0118,Cost Factors,DISPLAY_PUBLISHED,"Annual procurement cost = addressable volume × unit-price delta + audit, traceability, system and administration cost.",Cost,Low direct capex; primarily policy development legal/procurement staff time and implementation,PUBLISHED_DISPLAY_VALUE,All,FOUR_SLOT_CARD,EMPTY_STAYS_EMPTY,SHOW_EMPTY,0,0,ACTIVE,ACTIVE,PUBLIC,STANDARD,1.0,2026-08-18,Consolidate.xlsx,119
CRS-0470,CPF-0118,CARD-0470,INIT-0118,Carbon Factors,DISPLAY_PUBLISHED,"Enabled abatement = Σ verified supplier or sourcing reductions delivered; assign zero standalone tCO₂e to measurement, policy or certification alone.",Carbon abatement,Indirect,PUBLISHED_DISPLAY_VALUE,All,FOUR_SLOT_CARD,EMPTY_STAYS_EMPTY,SHOW_EMPTY,0,0,ACTIVE,ACTIVE,PUBLIC,STANDARD,1.0,2026-08-18,Consolidate.xlsx,119
CRS-0471,CTF-0118,CARD-0471,INIT-0118,Timing Factors,DISPLAY_PUBLISHED,Simple payback (years) = upfront implementation cost ÷ verified annual net saving; lead time = go-live date − approval date.,Payback,Policy development and approval can typically be completed within months; full application,PUBLISHED_DISPLAY_VALUE,All,FOUR_SLOT_CARD,EMPTY_STAYS_EMPTY,SHOW_EMPTY,0,0,ACTIVE,ACTIVE,PUBLIC,STANDARD,1.0,2026-08-18,Consolidate.xlsx,119
CRS-0472,CEF-0118,CARD-0472,INIT-0118,Efficiency Factors,DISPLAY_PUBLISHED,Supplier coverage % = compliant suppliers or spend ÷ priority suppliers or addressable spend × 100; track response and action closure.,Efficiency,% addressable spend covered; % tenders/contracts applying policy; supplier compliance rate,PUBLISHED_DISPLAY_VALUE,All,FOUR_SLOT_CARD,EMPTY_STAYS_EMPTY,SHOW_EMPTY,0,0,ACTIVE,ACTIVE,PUBLIC,STANDARD,1.0,2026-08-18,Consolidate.xlsx,119
CRS-0473,CCF-0119,CARD-0473,INIT-0119,Cost Factors,DISPLAY_PUBLISHED,"Annual procurement cost = addressable volume × unit-price delta + audit, traceability, system and administration cost.",Cost,Very low direct cost; mainly staff time and dashboard/reporting effort,PUBLISHED_DISPLAY_VALUE,All,FOUR_SLOT_CARD,EMPTY_STAYS_EMPTY,SHOW_EMPTY,0,0,ACTIVE,ACTIVE,PUBLIC,STANDARD,1.0,2026-08-18,Consolidate.xlsx,120
CRS-0474,CPF-0119,CARD-0474,INIT-0119,Carbon Factors,DISPLAY_PUBLISHED,"Enabled abatement = Σ verified supplier or sourcing reductions delivered; assign zero standalone tCO₂e to measurement, policy or certification alone.",Carbon abatement,No defensible generic tCOe saving can be assigned to meetings themselves; impact comes from,PUBLISHED_DISPLAY_VALUE,All,FOUR_SLOT_CARD,EMPTY_STAYS_EMPTY,SHOW_EMPTY,0,0,ACTIVE,ACTIVE,PUBLIC,STANDARD,1.0,2026-08-18,Consolidate.xlsx,120
CRS-0475,CTF-0119,CARD-0475,INIT-0119,Timing Factors,DISPLAY_PUBLISHED,Simple payback (years) = upfront implementation cost ÷ verified annual net saving; lead time = go-live date − approval date.,Payback,Can be established within weeks,PUBLISHED_DISPLAY_VALUE,All,FOUR_SLOT_CARD,EMPTY_STAYS_EMPTY,SHOW_EMPTY,0,0,ACTIVE,ACTIVE,PUBLIC,STANDARD,1.0,2026-08-18,Consolidate.xlsx,120
CRS-0476,CEF-0119,CARD-0476,INIT-0119,Efficiency Factors,DISPLAY_PUBLISHED,On-time delivery % = actions completed by due date ÷ actions due × 100; track overdue actions and cycle time.,Efficiency,% meetings held; % actions closed on time; number of escalated issues resolved; tCOe/value,PUBLISHED_DISPLAY_VALUE,All,FOUR_SLOT_CARD,EMPTY_STAYS_EMPTY,SHOW_EMPTY,0,0,ACTIVE,ACTIVE,PUBLIC,STANDARD,1.0,2026-08-18,Consolidate.xlsx,120
CRS-0477,CCF-0120,CARD-0477,INIT-0120,Cost Factors,DISPLAY_PUBLISHED,"Annual procurement cost = addressable volume × unit-price delta + audit, traceability, system and administration cost.",Cost,Low to moderate cost depending on whether training is developed internally or externally,PUBLISHED_DISPLAY_VALUE,All,FOUR_SLOT_CARD,EMPTY_STAYS_EMPTY,SHOW_EMPTY,0,0,ACTIVE,ACTIVE,PUBLIC,STANDARD,1.0,2026-08-18,Consolidate.xlsx,121
CRS-0478,CPF-0120,CARD-0478,INIT-0120,Carbon Factors,DISPLAY_PUBLISHED,"Enabled abatement = Σ verified supplier or sourcing reductions delivered; assign zero standalone tCO₂e to measurement, policy or certification alone.",Carbon abatement,Indirect,PUBLISHED_DISPLAY_VALUE,All,FOUR_SLOT_CARD,EMPTY_STAYS_EMPTY,SHOW_EMPTY,0,0,ACTIVE,ACTIVE,PUBLIC,STANDARD,1.0,2026-08-18,Consolidate.xlsx,121
CRS-0479,CTF-0120,CARD-0479,INIT-0120,Timing Factors,DISPLAY_PUBLISHED,Simple payback (years) = upfront implementation cost ÷ verified annual net saving; lead time = go-live date − approval date.,Payback,Initial training can be designed and rolled out within months then repeated annually/onboarding,PUBLISHED_DISPLAY_VALUE,All,FOUR_SLOT_CARD,EMPTY_STAYS_EMPTY,SHOW_EMPTY,0,0,ACTIVE,ACTIVE,PUBLIC,STANDARD,1.0,2026-08-18,Consolidate.xlsx,121
CRS-0480,CEF-0120,CARD-0480,INIT-0120,Efficiency Factors,DISPLAY_PUBLISHED,Supplier coverage % = compliant suppliers or spend ÷ priority suppliers or addressable spend × 100; track response and action closure.,Efficiency,% staff trained; assessment/pass rate; % sourcing events applying sustainability criteria,PUBLISHED_DISPLAY_VALUE,All,FOUR_SLOT_CARD,EMPTY_STAYS_EMPTY,SHOW_EMPTY,0,0,ACTIVE,ACTIVE,PUBLIC,STANDARD,1.0,2026-08-18,Consolidate.xlsx,121
CRS-0481,CCF-0121,CARD-0481,INIT-0121,Cost Factors,DISPLAY_PUBLISHED,"Annual procurement cost = addressable volume × unit-price delta + audit, traceability, system and administration cost.",Cost,Variable,PUBLISHED_DISPLAY_VALUE,All,FOUR_SLOT_CARD,EMPTY_STAYS_EMPTY,SHOW_EMPTY,0,0,ACTIVE,ACTIVE,PUBLIC,STANDARD,1.0,2026-08-18,Consolidate.xlsx,122
CRS-0482,CPF-0121,CARD-0482,INIT-0121,Carbon Factors,DISPLAY_PUBLISHED,"Enabled abatement = Σ verified supplier or sourcing reductions delivered; assign zero standalone tCO₂e to measurement, policy or certification alone.",Carbon abatement,Indirect initially but essential for identifying and verifying supplier reductions,PUBLISHED_DISPLAY_VALUE,All,FOUR_SLOT_CARD,EMPTY_STAYS_EMPTY,SHOW_EMPTY,0,0,ACTIVE,ACTIVE,PUBLIC,STANDARD,1.0,2026-08-18,Consolidate.xlsx,122
CRS-0483,CTF-0121,CARD-0483,INIT-0121,Timing Factors,DISPLAY_PUBLISHED,Simple payback (years) = upfront implementation cost ÷ verified annual net saving; lead time = go-live date − approval date.,Payback,Basic collection can begin within months; achieving high quality supplier specific coverage is,PUBLISHED_DISPLAY_VALUE,All,FOUR_SLOT_CARD,EMPTY_STAYS_EMPTY,SHOW_EMPTY,0,0,ACTIVE,ACTIVE,PUBLIC,STANDARD,1.0,2026-08-18,Consolidate.xlsx,122
CRS-0484,CEF-0121,CARD-0484,INIT-0121,Efficiency Factors,DISPLAY_PUBLISHED,Supplier coverage % = compliant suppliers or spend ÷ priority suppliers or addressable spend × 100; track response and action closure.,Efficiency,% priority suppliers responding; % supplier spend/emissions covered by primary data; % data,PUBLISHED_DISPLAY_VALUE,All,FOUR_SLOT_CARD,EMPTY_STAYS_EMPTY,SHOW_EMPTY,0,0,ACTIVE,ACTIVE,PUBLIC,STANDARD,1.0,2026-08-18,Consolidate.xlsx,122
CRS-0485,CCF-0122,CARD-0485,INIT-0122,Cost Factors,DISPLAY_PUBLISHED,"Annual procurement cost = addressable volume × unit-price delta + audit, traceability, system and administration cost.",Cost,Moderate to high analytical cost where bespoke LCAs are commissioned; lower where credible,PUBLISHED_DISPLAY_VALUE,All,FOUR_SLOT_CARD,EMPTY_STAYS_EMPTY,SHOW_EMPTY,0,0,ACTIVE,ACTIVE,PUBLIC,STANDARD,1.0,2026-08-18,Consolidate.xlsx,123
CRS-0486,CPF-0122,CARD-0486,INIT-0122,Carbon Factors,DISPLAY_PUBLISHED,"Enabled abatement = Σ verified supplier or sourcing reductions delivered; assign zero standalone tCO₂e to measurement, policy or certification alone.",Carbon abatement,No direct abatement from measurement,PUBLISHED_DISPLAY_VALUE,All,FOUR_SLOT_CARD,EMPTY_STAYS_EMPTY,SHOW_EMPTY,0,0,ACTIVE,ACTIVE,PUBLIC,STANDARD,1.0,2026-08-18,Consolidate.xlsx,123
CRS-0487,CTF-0122,CARD-0487,INIT-0122,Timing Factors,DISPLAY_PUBLISHED,Simple payback (years) = upfront implementation cost ÷ verified annual net saving; lead time = go-live date − approval date.,Payback,Individual studies can take weeks to months; portfolio coverage is usually phased,PUBLISHED_DISPLAY_VALUE,All,FOUR_SLOT_CARD,EMPTY_STAYS_EMPTY,SHOW_EMPTY,0,0,ACTIVE,ACTIVE,PUBLIC,STANDARD,1.0,2026-08-18,Consolidate.xlsx,123
CRS-0488,CEF-0122,CARD-0488,INIT-0122,Efficiency Factors,DISPLAY_PUBLISHED,"Uplift % = (post-change share − baseline share) ÷ baseline share × 100; track margin, acceptance and carbon per serving.",Efficiency,% priority commodities with quality assured PCFs/LCA; % spend/emissions covered; kgCOe/kg or,PUBLISHED_DISPLAY_VALUE,All,FOUR_SLOT_CARD,EMPTY_STAYS_EMPTY,SHOW_EMPTY,0,0,ACTIVE,ACTIVE,PUBLIC,STANDARD,1.0,2026-08-18,Consolidate.xlsx,123
CRS-0489,CCF-0123,CARD-0489,INIT-0123,Cost Factors,DISPLAY_PUBLISHED,"Annual procurement cost = addressable volume × unit-price delta + audit, traceability, system and administration cost.",Cost,Low to moderate implementation cost mainly legal/procurement time supplier communication and,PUBLISHED_DISPLAY_VALUE,All,FOUR_SLOT_CARD,EMPTY_STAYS_EMPTY,SHOW_EMPTY,0,0,ACTIVE,ACTIVE,PUBLIC,STANDARD,1.0,2026-08-18,Consolidate.xlsx,124
CRS-0490,CPF-0123,CARD-0490,INIT-0123,Carbon Factors,DISPLAY_PUBLISHED,"Enabled abatement = Σ verified supplier or sourcing reductions delivered; assign zero standalone tCO₂e to measurement, policy or certification alone.",Carbon abatement,Indirect but potentially high across material suppliers,PUBLISHED_DISPLAY_VALUE,All,FOUR_SLOT_CARD,EMPTY_STAYS_EMPTY,SHOW_EMPTY,0,0,ACTIVE,ACTIVE,PUBLIC,STANDARD,1.0,2026-08-18,Consolidate.xlsx,124
CRS-0491,CTF-0123,CARD-0491,INIT-0123,Timing Factors,DISPLAY_PUBLISHED,Simple payback (years) = upfront implementation cost ÷ verified annual net saving; lead time = go-live date − approval date.,Payback,Can be introduced in new tenders immediately and rolled through existing contracts over renewal,PUBLISHED_DISPLAY_VALUE,All,FOUR_SLOT_CARD,EMPTY_STAYS_EMPTY,SHOW_EMPTY,0,0,ACTIVE,ACTIVE,PUBLIC,STANDARD,1.0,2026-08-18,Consolidate.xlsx,124
CRS-0492,CEF-0123,CARD-0492,INIT-0123,Efficiency Factors,DISPLAY_PUBLISHED,Supplier coverage % = compliant suppliers or spend ÷ priority suppliers or addressable spend × 100; track response and action closure.,Efficiency,tCOe reduced.; % spend under requirements; % suppliers acknowledging code/targets; % suppliers,PUBLISHED_DISPLAY_VALUE,All,FOUR_SLOT_CARD,EMPTY_STAYS_EMPTY,SHOW_EMPTY,0,0,ACTIVE,ACTIVE,PUBLIC,STANDARD,1.0,2026-08-18,Consolidate.xlsx,124
CRS-0493,CCF-0124,CARD-0493,INIT-0124,Cost Factors,DISPLAY_PUBLISHED,"Annual procurement cost = addressable volume × unit-price delta + audit, traceability, system and administration cost.",Cost,Low to moderate if built into existing procurement systems; higher if a third party,PUBLISHED_DISPLAY_VALUE,All,FOUR_SLOT_CARD,EMPTY_STAYS_EMPTY,SHOW_EMPTY,0,0,ACTIVE,ACTIVE,PUBLIC,STANDARD,1.0,2026-08-18,Consolidate.xlsx,125
CRS-0494,CPF-0124,CARD-0494,INIT-0124,Carbon Factors,DISPLAY_PUBLISHED,"Enabled abatement = Σ verified supplier or sourcing reductions delivered; assign zero standalone tCO₂e to measurement, policy or certification alone.",Carbon abatement,Indirect,PUBLISHED_DISPLAY_VALUE,All,FOUR_SLOT_CARD,EMPTY_STAYS_EMPTY,SHOW_EMPTY,0,0,ACTIVE,ACTIVE,PUBLIC,STANDARD,1.0,2026-08-18,Consolidate.xlsx,125
CRS-0495,CTF-0124,CARD-0495,INIT-0124,Timing Factors,DISPLAY_PUBLISHED,Simple payback (years) = upfront implementation cost ÷ verified annual net saving; lead time = go-live date − approval date.,Payback,Can be designed and piloted within months; mature scorecard programmes develop over annual,PUBLISHED_DISPLAY_VALUE,All,FOUR_SLOT_CARD,EMPTY_STAYS_EMPTY,SHOW_EMPTY,0,0,ACTIVE,ACTIVE,PUBLIC,STANDARD,1.0,2026-08-18,Consolidate.xlsx,125
CRS-0496,CEF-0124,CARD-0496,INIT-0124,Efficiency Factors,DISPLAY_PUBLISHED,Supplier coverage % = compliant suppliers or spend ÷ priority suppliers or addressable spend × 100; track response and action closure.,Efficiency,% priority suppliers scored; average/median score; % with improvement plans; % actions,PUBLISHED_DISPLAY_VALUE,All,FOUR_SLOT_CARD,EMPTY_STAYS_EMPTY,SHOW_EMPTY,0,0,ACTIVE,ACTIVE,PUBLIC,STANDARD,1.0,2026-08-18,Consolidate.xlsx,125
CRS-0497,CCF-0125,CARD-0497,INIT-0125,Cost Factors,DISPLAY_PUBLISHED,"Annual procurement cost = addressable volume × unit-price delta + audit, traceability, system and administration cost.",Cost,Low to moderate programme cost; primarily staff time supplier workshops data tools and support,PUBLISHED_DISPLAY_VALUE,All,FOUR_SLOT_CARD,EMPTY_STAYS_EMPTY,SHOW_EMPTY,0,0,ACTIVE,ACTIVE,PUBLIC,STANDARD,1.0,2026-08-18,Consolidate.xlsx,126
CRS-0498,CPF-0125,CARD-0498,INIT-0125,Carbon Factors,DISPLAY_PUBLISHED,"Enabled abatement = Σ verified supplier or sourcing reductions delivered; assign zero standalone tCO₂e to measurement, policy or certification alone.",Carbon abatement,Potentially high where engagement is concentrated on suppliers responsible for a large share of,PUBLISHED_DISPLAY_VALUE,All,FOUR_SLOT_CARD,EMPTY_STAYS_EMPTY,SHOW_EMPTY,0,0,ACTIVE,ACTIVE,PUBLIC,STANDARD,1.0,2026-08-18,Consolidate.xlsx,126
CRS-0499,CTF-0125,CARD-0499,INIT-0125,Timing Factors,DISPLAY_PUBLISHED,Simple payback (years) = upfront implementation cost ÷ verified annual net saving; lead time = go-live date − approval date.,Payback,Segmentation can be completed in months; supplier improvement is typically multi year,PUBLISHED_DISPLAY_VALUE,All,FOUR_SLOT_CARD,EMPTY_STAYS_EMPTY,SHOW_EMPTY,0,0,ACTIVE,ACTIVE,PUBLIC,STANDARD,1.0,2026-08-18,Consolidate.xlsx,126
CRS-0500,CEF-0125,CARD-0500,INIT-0125,Efficiency Factors,DISPLAY_PUBLISHED,Supplier coverage % = compliant suppliers or spend ÷ priority suppliers or addressable spend × 100; track response and action closure.,Efficiency,% priority suppliers with engagement plans; % actions completed; % supplier emissions covered; %,PUBLISHED_DISPLAY_VALUE,All,FOUR_SLOT_CARD,EMPTY_STAYS_EMPTY,SHOW_EMPTY,0,0,ACTIVE,ACTIVE,PUBLIC,STANDARD,1.0,2026-08-18,Consolidate.xlsx,126
CRS-0501,CCF-0126,CARD-0501,INIT-0126,Cost Factors,DISPLAY_PUBLISHED,"Annual procurement cost = addressable volume × unit-price delta + audit, traceability, system and administration cost.",Cost,Variable,PUBLISHED_DISPLAY_VALUE,All,FOUR_SLOT_CARD,EMPTY_STAYS_EMPTY,SHOW_EMPTY,0,0,ACTIVE,ACTIVE,PUBLIC,STANDARD,1.0,2026-08-18,Consolidate.xlsx,127
CRS-0502,CPF-0126,CARD-0502,INIT-0126,Carbon Factors,DISPLAY_PUBLISHED,"Enabled abatement = Σ verified supplier or sourcing reductions delivered; assign zero standalone tCO₂e to measurement, policy or certification alone.",Carbon abatement,Potentially material if incentives drive supplier target setting and operational reductions but,PUBLISHED_DISPLAY_VALUE,All,FOUR_SLOT_CARD,EMPTY_STAYS_EMPTY,SHOW_EMPTY,0,0,ACTIVE,ACTIVE,PUBLIC,STANDARD,1.0,2026-08-18,Consolidate.xlsx,127
CRS-0503,CTF-0126,CARD-0503,INIT-0126,Timing Factors,DISPLAY_PUBLISHED,Simple payback (years) = upfront implementation cost ÷ verified annual net saving; lead time = go-live date − approval date.,Payback,Can be incorporated into supplier reviews/tenders within months; measurable supplier performance,PUBLISHED_DISPLAY_VALUE,All,FOUR_SLOT_CARD,EMPTY_STAYS_EMPTY,SHOW_EMPTY,0,0,ACTIVE,ACTIVE,PUBLIC,STANDARD,1.0,2026-08-18,Consolidate.xlsx,127
CRS-0504,CEF-0126,CARD-0504,INIT-0126,Efficiency Factors,DISPLAY_PUBLISHED,Supplier coverage % = compliant suppliers or spend ÷ priority suppliers or addressable spend × 100; track response and action closure.,Efficiency,verified tCOe reductions following incentives.; % eligible suppliers improving; % spend with,PUBLISHED_DISPLAY_VALUE,All,FOUR_SLOT_CARD,EMPTY_STAYS_EMPTY,SHOW_EMPTY,0,0,ACTIVE,ACTIVE,PUBLIC,STANDARD,1.0,2026-08-18,Consolidate.xlsx,127
CRS-0505,CCF-0127,CARD-0505,INIT-0127,Cost Factors,DISPLAY_PUBLISHED,Net project cost = gross investment − partner funding; cost per verified tCO₂e = net project cost ÷ verified reductions or removals.,Cost,Peer example: USm joint project funding,PUBLISHED_DISPLAY_VALUE,All,FOUR_SLOT_CARD,EMPTY_STAYS_EMPTY,SHOW_EMPTY,0,0,ACTIVE,ACTIVE,PUBLIC,STANDARD,1.0,2026-08-18,Consolidate.xlsx,128
CRS-0506,CPF-0127,CARD-0506,INIT-0127,Carbon Factors,DISPLAY_PUBLISHED,"Verified removal or reduction = measured project tonnes after baseline, leakage, permanence and assurance adjustments.",Carbon abatement,McDonald's case cited an estimated metric tonnes of carbon sequestration potential,PUBLISHED_DISPLAY_VALUE,All,FOUR_SLOT_CARD,EMPTY_STAYS_EMPTY,SHOW_EMPTY,0,0,ACTIVE,ACTIVE,PUBLIC,STANDARD,1.0,2026-08-18,Consolidate.xlsx,128
CRS-0507,CTF-0127,CARD-0507,INIT-0127,Timing Factors,DISPLAY_PUBLISHED,Simple payback (years) = upfront implementation cost ÷ verified annual net saving; lead time = go-live date − approval date.,Payback,Financial ROI may be indirect through resilience/productivity while carbon ROI should be,PUBLISHED_DISPLAY_VALUE,All,FOUR_SLOT_CARD,EMPTY_STAYS_EMPTY,SHOW_EMPTY,0,0,ACTIVE,ACTIVE,PUBLIC,STANDARD,1.0,2026-08-18,Consolidate.xlsx,128
CRS-0508,CEF-0127,CARD-0508,INIT-0127,Efficiency Factors,DISPLAY_PUBLISHED,Supplier coverage % = compliant suppliers or spend ÷ priority suppliers or addressable spend × 100; track response and action closure.,Efficiency,/ invested; acres/hectares covered; suppliers/farms participating; verified tCOe,PUBLISHED_DISPLAY_VALUE,All,FOUR_SLOT_CARD,EMPTY_STAYS_EMPTY,SHOW_EMPTY,0,0,ACTIVE,ACTIVE,PUBLIC,STANDARD,1.0,2026-08-18,Consolidate.xlsx,128
CRS-0509,CCF-0128,CARD-0509,INIT-0128,Cost Factors,DISPLAY_PUBLISHED,"Annual procurement cost = addressable volume × unit-price delta + audit, traceability, system and administration cost.",Cost,Moderate to high depending on supply chain complexity supplier cooperation traceability,PUBLISHED_DISPLAY_VALUE,All,FOUR_SLOT_CARD,EMPTY_STAYS_EMPTY,SHOW_EMPTY,0,0,ACTIVE,ACTIVE,PUBLIC,STANDARD,1.0,2026-08-18,Consolidate.xlsx,129
CRS-0510,CPF-0128,CARD-0510,INIT-0128,Carbon Factors,DISPLAY_PUBLISHED,"Enabled abatement = Σ verified supplier or sourcing reductions delivered; assign zero standalone tCO₂e to measurement, policy or certification alone.",Carbon abatement,Indirect,PUBLISHED_DISPLAY_VALUE,All,FOUR_SLOT_CARD,EMPTY_STAYS_EMPTY,SHOW_EMPTY,0,0,ACTIVE,ACTIVE,PUBLIC,STANDARD,1.0,2026-08-18,Consolidate.xlsx,129
CRS-0511,CTF-0128,CARD-0511,INIT-0128,Timing Factors,DISPLAY_PUBLISHED,Simple payback (years) = upfront implementation cost ÷ verified annual net saving; lead time = go-live date − approval date.,Payback,Simple commodity maps can be developed in months; deep farm/origin traceability can take,PUBLISHED_DISPLAY_VALUE,All,FOUR_SLOT_CARD,EMPTY_STAYS_EMPTY,SHOW_EMPTY,0,0,ACTIVE,ACTIVE,PUBLIC,STANDARD,1.0,2026-08-18,Consolidate.xlsx,129
CRS-0512,CEF-0128,CARD-0512,INIT-0128,Efficiency Factors,DISPLAY_PUBLISHED,Supplier coverage % = compliant suppliers or spend ÷ priority suppliers or addressable spend × 100; track response and action closure.,Efficiency,% volume/spend traceable to Tier //origin; number of high risk gaps; % gaps under remediation,PUBLISHED_DISPLAY_VALUE,All,FOUR_SLOT_CARD,EMPTY_STAYS_EMPTY,SHOW_EMPTY,0,0,ACTIVE,ACTIVE,PUBLIC,STANDARD,1.0,2026-08-18,Consolidate.xlsx,129
CRS-0513,CCF-0129,CARD-0513,INIT-0129,Cost Factors,DISPLAY_PUBLISHED,"Annual procurement cost = addressable volume × unit-price delta + audit, traceability, system and administration cost.",Cost,Low to moderate for an initial desk based screen; higher where specialist traceability datasets,PUBLISHED_DISPLAY_VALUE,All,FOUR_SLOT_CARD,EMPTY_STAYS_EMPTY,SHOW_EMPTY,0,0,ACTIVE,ACTIVE,PUBLIC,STANDARD,1.0,2026-08-18,Consolidate.xlsx,130
CRS-0514,CPF-0129,CARD-0514,INIT-0129,Carbon Factors,DISPLAY_PUBLISHED,"Enabled abatement = Σ verified supplier or sourcing reductions delivered; assign zero standalone tCO₂e to measurement, policy or certification alone.",Carbon abatement,No direct abatement from risk mapping,PUBLISHED_DISPLAY_VALUE,All,FOUR_SLOT_CARD,EMPTY_STAYS_EMPTY,SHOW_EMPTY,0,0,ACTIVE,ACTIVE,PUBLIC,STANDARD,1.0,2026-08-18,Consolidate.xlsx,130
CRS-0515,CTF-0129,CARD-0515,INIT-0129,Timing Factors,DISPLAY_PUBLISHED,Simple payback (years) = upfront implementation cost ÷ verified annual net saving; lead time = go-live date − approval date.,Payback,Initial screening can be completed within months; detailed origin level mapping may take longer,PUBLISHED_DISPLAY_VALUE,All,FOUR_SLOT_CARD,EMPTY_STAYS_EMPTY,SHOW_EMPTY,0,0,ACTIVE,ACTIVE,PUBLIC,STANDARD,1.0,2026-08-18,Consolidate.xlsx,130
CRS-0516,CEF-0129,CARD-0516,INIT-0129,Efficiency Factors,DISPLAY_PUBLISHED,On-time delivery % = actions completed by due date ÷ actions due × 100; track overdue actions and cycle time.,Efficiency,% forest risk spend/volume screened; % with known origin; number/value of high risk,PUBLISHED_DISPLAY_VALUE,All,FOUR_SLOT_CARD,EMPTY_STAYS_EMPTY,SHOW_EMPTY,0,0,ACTIVE,ACTIVE,PUBLIC,STANDARD,1.0,2026-08-18,Consolidate.xlsx,130
CRS-0517,CCF-0130,CARD-0517,INIT-0130,Cost Factors,DISPLAY_PUBLISHED,"Annual procurement cost = addressable volume × unit-price delta + audit, traceability, system and administration cost.",Cost,Low direct policy cost but potentially material sourcing traceability and assurance costs,PUBLISHED_DISPLAY_VALUE,All,FOUR_SLOT_CARD,EMPTY_STAYS_EMPTY,SHOW_EMPTY,0,0,ACTIVE,ACTIVE,PUBLIC,STANDARD,1.0,2026-08-18,Consolidate.xlsx,131
CRS-0518,CPF-0130,CARD-0518,INIT-0130,Carbon Factors,DISPLAY_PUBLISHED,"Enabled abatement = Σ verified supplier or sourcing reductions delivered; assign zero standalone tCO₂e to measurement, policy or certification alone.",Carbon abatement,Potentially high for land use intensive commodities but no generic tCOe saving should be,PUBLISHED_DISPLAY_VALUE,All,FOUR_SLOT_CARD,EMPTY_STAYS_EMPTY,SHOW_EMPTY,0,0,ACTIVE,ACTIVE,PUBLIC,STANDARD,1.0,2026-08-18,Consolidate.xlsx,131
CRS-0519,CTF-0130,CARD-0519,INIT-0130,Timing Factors,DISPLAY_PUBLISHED,Simple payback (years) = upfront implementation cost ÷ verified annual net saving; lead time = go-live date − approval date.,Payback,Policy can be established within months; achieving verified origin level compliance across,PUBLISHED_DISPLAY_VALUE,All,FOUR_SLOT_CARD,EMPTY_STAYS_EMPTY,SHOW_EMPTY,0,0,ACTIVE,ACTIVE,PUBLIC,STANDARD,1.0,2026-08-18,Consolidate.xlsx,131
CRS-0520,CEF-0130,CARD-0520,INIT-0130,Efficiency Factors,DISPLAY_PUBLISHED,"Coverage % = compliant or completed items ÷ eligible items × 100; track volume, quality, exceptions and cycle time.",Efficiency,% commodity volume covered; % traceable to origin/control point; % verified deforestation free,PUBLISHED_DISPLAY_VALUE,All,FOUR_SLOT_CARD,EMPTY_STAYS_EMPTY,SHOW_EMPTY,0,0,ACTIVE,ACTIVE,PUBLIC,STANDARD,1.0,2026-08-18,Consolidate.xlsx,131
CRS-0521,CCF-0131,CARD-0521,INIT-0131,Cost Factors,DISPLAY_PUBLISHED,"Annual procurement cost = addressable volume × unit-price delta + audit, traceability, system and administration cost.",Cost,Certification may involve supplier premiums audit/chain of custody fees and administration,PUBLISHED_DISPLAY_VALUE,All,FOUR_SLOT_CARD,EMPTY_STAYS_EMPTY,SHOW_EMPTY,0,0,ACTIVE,ACTIVE,PUBLIC,STANDARD,1.0,2026-08-18,Consolidate.xlsx,132
CRS-0522,CPF-0131,CARD-0522,INIT-0131,Carbon Factors,DISPLAY_PUBLISHED,"Enabled abatement = Σ verified supplier or sourcing reductions delivered; assign zero standalone tCO₂e to measurement, policy or certification alone.",Carbon abatement,Certification is not a generic carbon abatement factor,PUBLISHED_DISPLAY_VALUE,All,FOUR_SLOT_CARD,EMPTY_STAYS_EMPTY,SHOW_EMPTY,0,0,ACTIVE,ACTIVE,PUBLIC,STANDARD,1.0,2026-08-18,Consolidate.xlsx,132
CRS-0523,CTF-0131,CARD-0523,INIT-0131,Timing Factors,DISPLAY_PUBLISHED,Simple payback (years) = upfront implementation cost ÷ verified annual net saving; lead time = go-live date − approval date.,Payback,Can be phased through procurement and contract cycles over months to several years,PUBLISHED_DISPLAY_VALUE,All,FOUR_SLOT_CARD,EMPTY_STAYS_EMPTY,SHOW_EMPTY,0,0,ACTIVE,ACTIVE,PUBLIC,STANDARD,1.0,2026-08-18,Consolidate.xlsx,132
CRS-0524,CEF-0131,CARD-0524,INIT-0131,Efficiency Factors,DISPLAY_PUBLISHED,"Coverage % = compliant or completed items ÷ eligible items × 100; track volume, quality, exceptions and cycle time.",Efficiency,% commodity volume/spend certified; % chain of custody verified; number of priority commodities,PUBLISHED_DISPLAY_VALUE,All,FOUR_SLOT_CARD,EMPTY_STAYS_EMPTY,SHOW_EMPTY,0,0,ACTIVE,ACTIVE,PUBLIC,STANDARD,1.0,2026-08-18,Consolidate.xlsx,132
CRS-0525,CCF-0132,CARD-0525,INIT-0132,Cost Factors,DISPLAY_PUBLISHED,Annual programme cost = internal design and review hours × loaded hourly rate + booking-system and communication cost.,Cost,Low cost policy design; booking controls approval rules and staff communications,PUBLISHED_DISPLAY_VALUE,all,FOUR_SLOT_CARD,EMPTY_STAYS_EMPTY,SHOW_EMPTY,0,0,ACTIVE,ACTIVE,PUBLIC,STANDARD,1.0,2026-08-18,Consolidate.xlsx,133
CRS-0526,CPF-0132,CARD-0526,INIT-0132,Carbon Factors,DISPLAY_PUBLISHED,"Avoided tCO₂e = Σ[baseline journeys × baseline mode factor − actual journeys × actual mode factor] ÷ 1,000.",Carbon abatement,standalone tCO₂e; avoided trips and mode shift activity by journey type,PUBLISHED_DISPLAY_VALUE,all,FOUR_SLOT_CARD,EMPTY_STAYS_EMPTY,SHOW_EMPTY,0,0,ACTIVE,ACTIVE,PUBLIC,STANDARD,1.0,2026-08-18,Consolidate.xlsx,133
CRS-0527,CTF-0132,CARD-0527,INIT-0132,Timing Factors,DISPLAY_PUBLISHED,Simple payback = policy implementation cost ÷ annual avoided travel cost; lead time = policy approval date − project start date.,Payback,months to implement the policy; full behaviour change takes longer,PUBLISHED_DISPLAY_VALUE,all,FOUR_SLOT_CARD,EMPTY_STAYS_EMPTY,SHOW_EMPTY,0,0,ACTIVE,ACTIVE,PUBLIC,STANDARD,1.0,2026-08-18,Consolidate.xlsx,133
CRS-0528,CEF-0132,CARD-0528,INIT-0132,Efficiency Factors,DISPLAY_PUBLISHED,Compliance % = compliant bookings ÷ eligible bookings × 100; substitution % = shifted short-haul trips ÷ eligible short-haul trips × 100.,Efficiency,Travel hierarchy compliance; tCO₂e per employee; rail/virtual substitution rate,PUBLISHED_DISPLAY_VALUE,all,FOUR_SLOT_CARD,EMPTY_STAYS_EMPTY,SHOW_EMPTY,0,0,ACTIVE,ACTIVE,PUBLIC,STANDARD,1.0,2026-08-18,Consolidate.xlsx,133
CRS-0529,CCF-0133,CARD-0529,INIT-0133,Cost Factors,DISPLAY_PUBLISHED,"Annual net benefit = charging-session revenue + incremental guest contribution − electricity, platform, maintenance and incentive cost.",Cost,chargers: × kW and × kW; < month payback; + annual revenue,PUBLISHED_DISPLAY_VALUE,all,FOUR_SLOT_CARD,EMPTY_STAYS_EMPTY,SHOW_EMPTY,0,0,ACTIVE,ACTIVE,PUBLIC,STANDARD,1.0,2026-08-18,Consolidate.xlsx,134
CRS-0530,CPF-0133,CARD-0530,INIT-0133,Carbon Factors,DISPLAY_PUBLISHED,"Avoided tCO₂e = charging kWh × (counterfactual vehicle kgCO₂e/kWh-equivalent − EV electricity kgCO₂e/kWh) ÷ 1,000.",Carbon abatement,chargers; sites; sessions; MWh; kg CO₂ avoided,PUBLISHED_DISPLAY_VALUE,all,FOUR_SLOT_CARD,EMPTY_STAYS_EMPTY,SHOW_EMPTY,0,0,ACTIVE,ACTIVE,PUBLIC,STANDARD,1.0,2026-08-18,Consolidate.xlsx,134
CRS-0531,CTF-0133,CARD-0531,INIT-0133,Timing Factors,DISPLAY_PUBLISHED,Simple payback = installed infrastructure cost ÷ annual charging and incremental guest net benefit; lead time = commissioning date − approval date.,ROI,Weeks for signage/incentives; months for standard charging; + months for complex upgrades,PUBLISHED_DISPLAY_VALUE,all,FOUR_SLOT_CARD,EMPTY_STAYS_EMPTY,SHOW_EMPTY,0,0,ACTIVE,ACTIVE,PUBLIC,STANDARD,1.0,2026-08-18,Consolidate.xlsx,134
CRS-0532,CEF-0133,CARD-0532,INIT-0133,Efficiency Factors,DISPLAY_PUBLISHED,Utilisation % = occupied charging hours ÷ available charging hours × 100; low-carbon arrival share = qualifying guests ÷ surveyed guests × 100.,Efficiency,Sessions per charger; utilisation %; annual kWh; lower carbon guest arrival share; charging revenue,PUBLISHED_DISPLAY_VALUE,all,FOUR_SLOT_CARD,EMPTY_STAYS_EMPTY,SHOW_EMPTY,0,0,ACTIVE,ACTIVE,PUBLIC,STANDARD,1.0,2026-08-18,Consolidate.xlsx,134
CRS-0533,CCF-0134,CARD-0533,INIT-0134,Cost Factors,DISPLAY_PUBLISHED,"Annual programme cost = internal hours × loaded hourly rate + specialist, audit, data-system and assurance fees.",Cost,transferable benchmark; client capex operating cost activity volume and avoided cost data required,PUBLISHED_DISPLAY_VALUE,"Restaurant, QSR, Pubs/Bars, Contract Caterers, Hotels, Brewries, Experiential Leisure",FOUR_SLOT_CARD,EMPTY_STAYS_EMPTY,SHOW_EMPTY,0,0,ACTIVE,ACTIVE,PUBLIC,UNLINKED,1.0,2026-08-18,Consolidate.xlsx,135
CRS-0534,CPF-0134,CARD-0534,INIT-0134,Carbon Factors,DISPLAY_PUBLISHED,"Enabled abatement = Σ verified reductions from actions triggered by the initiative; assign 0 standalone tCO₂e to policy, assessment or measurement alone.",Carbon abatement,standalone tCO₂e; verified downstream reductions only,PUBLISHED_DISPLAY_VALUE,"Restaurant, QSR, Pubs/Bars, Contract Caterers, Hotels, Brewries, Experiential Leisure",FOUR_SLOT_CARD,EMPTY_STAYS_EMPTY,SHOW_EMPTY,0,0,ACTIVE,ACTIVE,PUBLIC,UNLINKED,1.0,2026-08-18,Consolidate.xlsx,135
CRS-0535,CTF-0134,CARD-0535,INIT-0134,Timing Factors,DISPLAY_PUBLISHED,Simple payback (years) = upfront implementation cost ÷ verified annual net saving; lead time = go-live date − approval date.,Payback,universal payback benchmark; client capex and annual net saving required,PUBLISHED_DISPLAY_VALUE,"Restaurant, QSR, Pubs/Bars, Contract Caterers, Hotels, Brewries, Experiential Leisure",FOUR_SLOT_CARD,EMPTY_STAYS_EMPTY,SHOW_EMPTY,0,0,ACTIVE,ACTIVE,PUBLIC,UNLINKED,1.0,2026-08-18,Consolidate.xlsx,135
CRS-0536,CEF-0134,CARD-0536,INIT-0134,Efficiency Factors,DISPLAY_PUBLISHED,"Coverage % = completed or compliant scope ÷ eligible scope × 100; track exceptions, action closure and review cadence.",Efficiency,Top commodities assessed by a named specialist,PUBLISHED_DISPLAY_VALUE,"Restaurant, QSR, Pubs/Bars, Contract Caterers, Hotels, Brewries, Experiential Leisure",FOUR_SLOT_CARD,EMPTY_STAYS_EMPTY,SHOW_EMPTY,0,0,ACTIVE,ACTIVE,PUBLIC,UNLINKED,1.0,2026-08-18,Consolidate.xlsx,135
CRS-0537,CCF-0135,CARD-0537,INIT-0135,Cost Factors,DISPLAY_PUBLISHED,"Annual programme cost = internal hours × loaded hourly rate + specialist, audit, data-system and assurance fees.",Cost,transferable benchmark; client capex operating cost activity volume and avoided cost data required,PUBLISHED_DISPLAY_VALUE,"Restaurant, QSR, Pubs/Bars, Contract Caterers, Hotels, Brewries, Experiential Leisure",FOUR_SLOT_CARD,EMPTY_STAYS_EMPTY,SHOW_EMPTY,0,0,ACTIVE,ACTIVE,PUBLIC,UNLINKED,1.0,2026-08-18,Consolidate.xlsx,136
CRS-0538,CPF-0135,CARD-0538,INIT-0135,Carbon Factors,DISPLAY_PUBLISHED,"Enabled abatement = Σ verified reductions from actions triggered by the initiative; assign 0 standalone tCO₂e to policy, assessment or measurement alone.",Carbon abatement,standalone tCO₂e; verified downstream reductions only,PUBLISHED_DISPLAY_VALUE,"Restaurant, QSR, Pubs/Bars, Contract Caterers, Hotels, Brewries, Experiential Leisure",FOUR_SLOT_CARD,EMPTY_STAYS_EMPTY,SHOW_EMPTY,0,0,ACTIVE,ACTIVE,PUBLIC,UNLINKED,1.0,2026-08-18,Consolidate.xlsx,136
CRS-0539,CTF-0135,CARD-0539,INIT-0135,Timing Factors,DISPLAY_PUBLISHED,Simple payback (years) = upfront implementation cost ÷ verified annual net saving; lead time = go-live date − approval date.,Payback,universal payback benchmark; client capex and annual net saving required,PUBLISHED_DISPLAY_VALUE,"Restaurant, QSR, Pubs/Bars, Contract Caterers, Hotels, Brewries, Experiential Leisure",FOUR_SLOT_CARD,EMPTY_STAYS_EMPTY,SHOW_EMPTY,0,0,ACTIVE,ACTIVE,PUBLIC,UNLINKED,1.0,2026-08-18,Consolidate.xlsx,136
CRS-0540,CEF-0135,CARD-0540,INIT-0135,Efficiency Factors,DISPLAY_PUBLISHED,"Coverage % = completed or compliant scope ÷ eligible scope × 100; track exceptions, action closure and review cadence.",Efficiency,Policy published named owner and annual review completed,PUBLISHED_DISPLAY_VALUE,"Restaurant, QSR, Pubs/Bars, Contract Caterers, Hotels, Brewries, Experiential Leisure",FOUR_SLOT_CARD,EMPTY_STAYS_EMPTY,SHOW_EMPTY,0,0,ACTIVE,ACTIVE,PUBLIC,UNLINKED,1.0,2026-08-18,Consolidate.xlsx,136
CRS-0541,CCF-0136,CARD-0541,INIT-0136,Cost Factors,DISPLAY_PUBLISHED,"Annual programme cost = internal hours × loaded hourly rate + specialist, audit, data-system and assurance fees.",Cost,transferable benchmark; client capex operating cost activity volume and avoided cost data required,PUBLISHED_DISPLAY_VALUE,"Restaurant, QSR, Pubs/Bars, Contract Caterers, Hotels, Brewries, Experiential Leisure",FOUR_SLOT_CARD,EMPTY_STAYS_EMPTY,SHOW_EMPTY,0,0,ACTIVE,ACTIVE,PUBLIC,UNLINKED,1.0,2026-08-18,Consolidate.xlsx,137
CRS-0542,CPF-0136,CARD-0542,INIT-0136,Carbon Factors,DISPLAY_PUBLISHED,"Enabled abatement = Σ verified reductions from actions triggered by the initiative; assign 0 standalone tCO₂e to policy, assessment or measurement alone.",Carbon abatement,standalone tCO₂e; verified downstream reductions only,PUBLISHED_DISPLAY_VALUE,"Restaurant, QSR, Pubs/Bars, Contract Caterers, Hotels, Brewries, Experiential Leisure",FOUR_SLOT_CARD,EMPTY_STAYS_EMPTY,SHOW_EMPTY,0,0,ACTIVE,ACTIVE,PUBLIC,UNLINKED,1.0,2026-08-18,Consolidate.xlsx,137
CRS-0543,CTF-0136,CARD-0543,INIT-0136,Timing Factors,DISPLAY_PUBLISHED,Simple payback (years) = upfront implementation cost ÷ verified annual net saving; lead time = go-live date − approval date.,Payback,universal payback benchmark; client capex and annual net saving required,PUBLISHED_DISPLAY_VALUE,"Restaurant, QSR, Pubs/Bars, Contract Caterers, Hotels, Brewries, Experiential Leisure",FOUR_SLOT_CARD,EMPTY_STAYS_EMPTY,SHOW_EMPTY,0,0,ACTIVE,ACTIVE,PUBLIC,UNLINKED,1.0,2026-08-18,Consolidate.xlsx,137
CRS-0544,CEF-0136,CARD-0544,INIT-0136,Efficiency Factors,DISPLAY_PUBLISHED,"Coverage % = completed or compliant scope ÷ eligible scope × 100; track exceptions, action closure and review cadence.",Efficiency,Biodiversity units gained per qualifying development project,PUBLISHED_DISPLAY_VALUE,"Restaurant, QSR, Pubs/Bars, Contract Caterers, Hotels, Brewries, Experiential Leisure",FOUR_SLOT_CARD,EMPTY_STAYS_EMPTY,SHOW_EMPTY,0,0,ACTIVE,ACTIVE,PUBLIC,UNLINKED,1.0,2026-08-18,Consolidate.xlsx,137
CRS-0545,CCF-0137,CARD-0545,INIT-0137,Cost Factors,DISPLAY_PUBLISHED,"Annual programme cost = internal hours × loaded hourly rate + specialist, audit, data-system and assurance fees.",Cost,transferable benchmark; client capex operating cost activity volume and avoided cost data required,PUBLISHED_DISPLAY_VALUE,"Restaurant, QSR, Pubs/Bars, Contract Caterers, Hotels, Brewries, Experiential Leisure",FOUR_SLOT_CARD,EMPTY_STAYS_EMPTY,SHOW_EMPTY,0,0,ACTIVE,ACTIVE,PUBLIC,UNLINKED,1.0,2026-08-18,Consolidate.xlsx,138
CRS-0546,CPF-0137,CARD-0546,INIT-0137,Carbon Factors,DISPLAY_PUBLISHED,"Enabled abatement = Σ verified reductions from actions triggered by the initiative; assign 0 standalone tCO₂e to policy, assessment or measurement alone.",Carbon abatement,standalone tCO₂e; verified downstream reductions only,PUBLISHED_DISPLAY_VALUE,"Restaurant, QSR, Pubs/Bars, Contract Caterers, Hotels, Brewries, Experiential Leisure",FOUR_SLOT_CARD,EMPTY_STAYS_EMPTY,SHOW_EMPTY,0,0,ACTIVE,ACTIVE,PUBLIC,UNLINKED,1.0,2026-08-18,Consolidate.xlsx,138
CRS-0547,CTF-0137,CARD-0547,INIT-0137,Timing Factors,DISPLAY_PUBLISHED,Simple payback (years) = upfront implementation cost ÷ verified annual net saving; lead time = go-live date − approval date.,Payback,days,PUBLISHED_DISPLAY_VALUE,"Restaurant, QSR, Pubs/Bars, Contract Caterers, Hotels, Brewries, Experiential Leisure",FOUR_SLOT_CARD,EMPTY_STAYS_EMPTY,SHOW_EMPTY,0,0,ACTIVE,ACTIVE,PUBLIC,UNLINKED,1.0,2026-08-18,Consolidate.xlsx,138
CRS-0548,CEF-0137,CARD-0548,INIT-0137,Efficiency Factors,DISPLAY_PUBLISHED,"Coverage % = completed or compliant scope ÷ eligible scope × 100; track exceptions, action closure and review cadence.",Efficiency,% suppliers by spend briefed and % formal responses received,PUBLISHED_DISPLAY_VALUE,"Restaurant, QSR, Pubs/Bars, Contract Caterers, Hotels, Brewries, Experiential Leisure",FOUR_SLOT_CARD,EMPTY_STAYS_EMPTY,SHOW_EMPTY,0,0,ACTIVE,ACTIVE,PUBLIC,UNLINKED,1.0,2026-08-18,Consolidate.xlsx,138
CRS-0549,CCF-0138,CARD-0549,INIT-0138,Cost Factors,DISPLAY_PUBLISHED,"Annual programme cost = internal hours × loaded hourly rate + specialist, audit, data-system and assurance fees.",Cost,transferable benchmark; client capex operating cost activity volume and avoided cost data required,PUBLISHED_DISPLAY_VALUE,"Restaurant, QSR, Pubs/Bars, Contract Caterers, Hotels, Brewries, Experiential Leisure",FOUR_SLOT_CARD,EMPTY_STAYS_EMPTY,SHOW_EMPTY,0,0,ACTIVE,ACTIVE,PUBLIC,UNLINKED,1.0,2026-08-18,Consolidate.xlsx,139
CRS-0550,CPF-0138,CARD-0550,INIT-0138,Carbon Factors,DISPLAY_PUBLISHED,"Enabled abatement = Σ verified reductions from actions triggered by the initiative; assign 0 standalone tCO₂e to policy, assessment or measurement alone.",Carbon abatement,standalone tCO₂e; verified downstream reductions only,PUBLISHED_DISPLAY_VALUE,"Restaurant, QSR, Pubs/Bars, Contract Caterers, Hotels, Brewries, Experiential Leisure",FOUR_SLOT_CARD,EMPTY_STAYS_EMPTY,SHOW_EMPTY,0,0,ACTIVE,ACTIVE,PUBLIC,UNLINKED,1.0,2026-08-18,Consolidate.xlsx,139
CRS-0551,CTF-0138,CARD-0551,INIT-0138,Timing Factors,DISPLAY_PUBLISHED,Simple payback (years) = upfront implementation cost ÷ verified annual net saving; lead time = go-live date − approval date.,Payback,universal payback benchmark; client capex and annual net saving required,PUBLISHED_DISPLAY_VALUE,"Restaurant, QSR, Pubs/Bars, Contract Caterers, Hotels, Brewries, Experiential Leisure",FOUR_SLOT_CARD,EMPTY_STAYS_EMPTY,SHOW_EMPTY,0,0,ACTIVE,ACTIVE,PUBLIC,UNLINKED,1.0,2026-08-18,Consolidate.xlsx,139
CRS-0552,CEF-0138,CARD-0552,INIT-0138,Efficiency Factors,DISPLAY_PUBLISHED,"Coverage % = completed or compliant scope ÷ eligible scope × 100; track exceptions, action closure and review cadence.",Efficiency,pillar TNFD assessment completed and published,PUBLISHED_DISPLAY_VALUE,"Restaurant, QSR, Pubs/Bars, Contract Caterers, Hotels, Brewries, Experiential Leisure",FOUR_SLOT_CARD,EMPTY_STAYS_EMPTY,SHOW_EMPTY,0,0,ACTIVE,ACTIVE,PUBLIC,UNLINKED,1.0,2026-08-18,Consolidate.xlsx,139
CRS-0553,CCF-0139,CARD-0553,INIT-0139,Cost Factors,DISPLAY_PUBLISHED,"Annual programme cost = internal hours × loaded hourly rate + specialist, audit, data-system and assurance fees.",Cost,transferable benchmark; client capex operating cost activity volume and avoided cost data required,PUBLISHED_DISPLAY_VALUE,"Restaurant, QSR, Pubs/Bars, Contract Caterers, Hotels, Brewries, Experiential Leisure",FOUR_SLOT_CARD,EMPTY_STAYS_EMPTY,SHOW_EMPTY,0,0,ACTIVE,ACTIVE,PUBLIC,UNLINKED,1.0,2026-08-18,Consolidate.xlsx,140
CRS-0554,CPF-0139,CARD-0554,INIT-0139,Carbon Factors,DISPLAY_PUBLISHED,"Enabled abatement = Σ verified reductions from actions triggered by the initiative; assign 0 standalone tCO₂e to policy, assessment or measurement alone.",Carbon abatement,standalone tCO₂e; verified downstream reductions only,PUBLISHED_DISPLAY_VALUE,"Restaurant, QSR, Pubs/Bars, Contract Caterers, Hotels, Brewries, Experiential Leisure",FOUR_SLOT_CARD,EMPTY_STAYS_EMPTY,SHOW_EMPTY,0,0,ACTIVE,ACTIVE,PUBLIC,UNLINKED,1.0,2026-08-18,Consolidate.xlsx,140
CRS-0555,CTF-0139,CARD-0555,INIT-0139,Timing Factors,DISPLAY_PUBLISHED,Simple payback (years) = upfront implementation cost ÷ verified annual net saving; lead time = go-live date − approval date.,Payback,universal payback benchmark; client capex and annual net saving required,PUBLISHED_DISPLAY_VALUE,"Restaurant, QSR, Pubs/Bars, Contract Caterers, Hotels, Brewries, Experiential Leisure",FOUR_SLOT_CARD,EMPTY_STAYS_EMPTY,SHOW_EMPTY,0,0,ACTIVE,ACTIVE,PUBLIC,UNLINKED,1.0,2026-08-18,Consolidate.xlsx,140
CRS-0556,CEF-0139,CARD-0556,INIT-0139,Efficiency Factors,DISPLAY_PUBLISHED,"Coverage % = completed or compliant scope ÷ eligible scope × 100; track exceptions, action closure and review cadence.",Efficiency,invested per year and hectares protected or restored,PUBLISHED_DISPLAY_VALUE,"Restaurant, QSR, Pubs/Bars, Contract Caterers, Hotels, Brewries, Experiential Leisure",FOUR_SLOT_CARD,EMPTY_STAYS_EMPTY,SHOW_EMPTY,0,0,ACTIVE,ACTIVE,PUBLIC,UNLINKED,1.0,2026-08-18,Consolidate.xlsx,140
CRS-0557,CCF-0140,CARD-0557,INIT-0140,Cost Factors,DISPLAY_PUBLISHED,Annual net saving = avoided water m³ × water/sewer tariff + avoided kWh × energy tariff − maintenance and treatment cost.,Cost,transferable benchmark; client capex operating cost activity volume and avoided cost data required,PUBLISHED_DISPLAY_VALUE,"Restaurant, QSR, Pubs/Bars, Contract Caterers, Hotels, Brewries, Experiential Leisure",FOUR_SLOT_CARD,EMPTY_STAYS_EMPTY,SHOW_EMPTY,0,0,ACTIVE,ACTIVE,PUBLIC,UNLINKED,1.0,2026-08-18,Consolidate.xlsx,141
CRS-0558,CPF-0140,CARD-0558,INIT-0140,Carbon Factors,DISPLAY_PUBLISHED,"Avoided tCO₂e = avoided water-treatment and heating kWh × reporting-year energy factor ÷ 1,000.",Carbon abatement,Baseline and post change water flow heat and energy intensity from the KPI,PUBLISHED_DISPLAY_VALUE,"Restaurant, QSR, Pubs/Bars, Contract Caterers, Hotels, Brewries, Experiential Leisure",FOUR_SLOT_CARD,EMPTY_STAYS_EMPTY,SHOW_EMPTY,0,0,ACTIVE,ACTIVE,PUBLIC,UNLINKED,1.0,2026-08-18,Consolidate.xlsx,141
CRS-0559,CTF-0140,CARD-0559,INIT-0140,Timing Factors,DISPLAY_PUBLISHED,Simple payback (years) = upfront implementation cost ÷ verified annual net saving; lead time = go-live date − approval date.,Payback,months,PUBLISHED_DISPLAY_VALUE,"Restaurant, QSR, Pubs/Bars, Contract Caterers, Hotels, Brewries, Experiential Leisure",FOUR_SLOT_CARD,EMPTY_STAYS_EMPTY,SHOW_EMPTY,0,0,ACTIVE,ACTIVE,PUBLIC,UNLINKED,1.0,2026-08-18,Consolidate.xlsx,141
CRS-0560,CEF-0140,CARD-0560,INIT-0140,Efficiency Factors,DISPLAY_PUBLISHED,"Efficiency improvement % = (baseline intensity − current intensity) ÷ baseline intensity × 100; normalise for covers, rooms or production volume.",Efficiency,% water reduction per cover or site after implementation,PUBLISHED_DISPLAY_VALUE,"Restaurant, QSR, Pubs/Bars, Contract Caterers, Hotels, Brewries, Experiential Leisure",FOUR_SLOT_CARD,EMPTY_STAYS_EMPTY,SHOW_EMPTY,0,0,ACTIVE,ACTIVE,PUBLIC,UNLINKED,1.0,2026-08-18,Consolidate.xlsx,141
CRS-0561,CCF-0141,CARD-0561,INIT-0141,Cost Factors,DISPLAY_PUBLISHED,"Annual programme cost = internal hours × loaded hourly rate + specialist, audit, data-system and assurance fees.",Cost,transferable benchmark; client capex operating cost activity volume and avoided cost data required,PUBLISHED_DISPLAY_VALUE,"Restaurant, QSR, Pubs/Bars, Contract Caterers, Hotels, Brewries, Experiential Leisure",FOUR_SLOT_CARD,EMPTY_STAYS_EMPTY,SHOW_EMPTY,0,0,ACTIVE,ACTIVE,PUBLIC,UNLINKED,1.0,2026-08-18,Consolidate.xlsx,142
CRS-0562,CPF-0141,CARD-0562,INIT-0141,Carbon Factors,DISPLAY_PUBLISHED,"Enabled abatement = Σ verified reductions from actions triggered by the initiative; assign 0 standalone tCO₂e to policy, assessment or measurement alone.",Carbon abatement,standalone tCO₂e; verified downstream reductions only,PUBLISHED_DISPLAY_VALUE,"Restaurant, QSR, Pubs/Bars, Contract Caterers, Hotels, Brewries, Experiential Leisure",FOUR_SLOT_CARD,EMPTY_STAYS_EMPTY,SHOW_EMPTY,0,0,ACTIVE,ACTIVE,PUBLIC,UNLINKED,1.0,2026-08-18,Consolidate.xlsx,142
CRS-0563,CTF-0141,CARD-0563,INIT-0141,Timing Factors,DISPLAY_PUBLISHED,Simple payback (years) = upfront implementation cost ÷ verified annual net saving; lead time = go-live date − approval date.,Payback,universal payback benchmark; client capex and annual net saving required,PUBLISHED_DISPLAY_VALUE,"Restaurant, QSR, Pubs/Bars, Contract Caterers, Hotels, Brewries, Experiential Leisure",FOUR_SLOT_CARD,EMPTY_STAYS_EMPTY,SHOW_EMPTY,0,0,ACTIVE,ACTIVE,PUBLIC,UNLINKED,1.0,2026-08-18,Consolidate.xlsx,142
CRS-0564,CEF-0141,CARD-0564,INIT-0141,Efficiency Factors,DISPLAY_PUBLISHED,"Efficiency improvement % = (baseline intensity − current intensity) ÷ baseline intensity × 100; normalise for covers, rooms or production volume.",Efficiency,% identified water risks with mitigation plan and named owner,PUBLISHED_DISPLAY_VALUE,"Restaurant, QSR, Pubs/Bars, Contract Caterers, Hotels, Brewries, Experiential Leisure",FOUR_SLOT_CARD,EMPTY_STAYS_EMPTY,SHOW_EMPTY,0,0,ACTIVE,ACTIVE,PUBLIC,UNLINKED,1.0,2026-08-18,Consolidate.xlsx,142
CRS-0565,CCF-0142,CARD-0565,INIT-0142,Cost Factors,DISPLAY_PUBLISHED,Annual net saving = avoided water m³ × water/sewer tariff + avoided kWh × energy tariff − maintenance and treatment cost.,Cost,transferable benchmark; client capex operating cost activity volume and avoided cost data required,PUBLISHED_DISPLAY_VALUE,"Restaurant, QSR, Pubs/Bars, Contract Caterers, Hotels, Brewries, Experiential Leisure",FOUR_SLOT_CARD,EMPTY_STAYS_EMPTY,SHOW_EMPTY,0,0,ACTIVE,ACTIVE,PUBLIC,UNLINKED,1.0,2026-08-18,Consolidate.xlsx,143
CRS-0566,CPF-0142,CARD-0566,INIT-0142,Carbon Factors,DISPLAY_PUBLISHED,"Avoided tCO₂e = avoided water-treatment and heating kWh × reporting-year energy factor ÷ 1,000.",Carbon abatement,Baseline and post change water flow heat and energy intensity from the KPI,PUBLISHED_DISPLAY_VALUE,"Restaurant, QSR, Pubs/Bars, Contract Caterers, Hotels, Brewries, Experiential Leisure",FOUR_SLOT_CARD,EMPTY_STAYS_EMPTY,SHOW_EMPTY,0,0,ACTIVE,ACTIVE,PUBLIC,UNLINKED,1.0,2026-08-18,Consolidate.xlsx,143
CRS-0567,CTF-0142,CARD-0567,INIT-0142,Timing Factors,DISPLAY_PUBLISHED,Simple payback (years) = upfront implementation cost ÷ verified annual net saving; lead time = go-live date − approval date.,Payback,universal payback benchmark; client capex and annual net saving required,PUBLISHED_DISPLAY_VALUE,"Restaurant, QSR, Pubs/Bars, Contract Caterers, Hotels, Brewries, Experiential Leisure",FOUR_SLOT_CARD,EMPTY_STAYS_EMPTY,SHOW_EMPTY,0,0,ACTIVE,ACTIVE,PUBLIC,UNLINKED,1.0,2026-08-18,Consolidate.xlsx,143
CRS-0568,CEF-0142,CARD-0568,INIT-0142,Efficiency Factors,DISPLAY_PUBLISHED,"Efficiency improvement % = (baseline intensity − current intensity) ÷ baseline intensity × 100; normalise for covers, rooms or production volume.",Efficiency,m³ water reused per year and % of site water demand,PUBLISHED_DISPLAY_VALUE,"Restaurant, QSR, Pubs/Bars, Contract Caterers, Hotels, Brewries, Experiential Leisure",FOUR_SLOT_CARD,EMPTY_STAYS_EMPTY,SHOW_EMPTY,0,0,ACTIVE,ACTIVE,PUBLIC,UNLINKED,1.0,2026-08-18,Consolidate.xlsx,143
CRS-0569,CCF-0143,CARD-0569,INIT-0143,Cost Factors,DISPLAY_PUBLISHED,"Annual programme cost = internal hours × loaded hourly rate + specialist, audit, data-system and assurance fees.",Cost,transferable benchmark; client capex operating cost activity volume and avoided cost data required,PUBLISHED_DISPLAY_VALUE,"Restaurant, QSR, Pubs/Bars, Contract Caterers, Hotels, Brewries, Experiential Leisure",FOUR_SLOT_CARD,EMPTY_STAYS_EMPTY,SHOW_EMPTY,0,0,ACTIVE,ACTIVE,PUBLIC,UNLINKED,1.0,2026-08-18,Consolidate.xlsx,144
CRS-0570,CPF-0143,CARD-0570,INIT-0143,Carbon Factors,DISPLAY_PUBLISHED,"Enabled abatement = Σ verified reductions from actions triggered by the initiative; assign 0 standalone tCO₂e to policy, assessment or measurement alone.",Carbon abatement,standalone tCO₂e; verified downstream reductions only,PUBLISHED_DISPLAY_VALUE,"Restaurant, QSR, Pubs/Bars, Contract Caterers, Hotels, Brewries, Experiential Leisure",FOUR_SLOT_CARD,EMPTY_STAYS_EMPTY,SHOW_EMPTY,0,0,ACTIVE,ACTIVE,PUBLIC,UNLINKED,1.0,2026-08-18,Consolidate.xlsx,144
CRS-0571,CTF-0143,CARD-0571,INIT-0143,Timing Factors,DISPLAY_PUBLISHED,Simple payback (years) = upfront implementation cost ÷ verified annual net saving; lead time = go-live date − approval date.,Payback,universal payback benchmark; client capex and annual net saving required,PUBLISHED_DISPLAY_VALUE,"Restaurant, QSR, Pubs/Bars, Contract Caterers, Hotels, Brewries, Experiential Leisure",FOUR_SLOT_CARD,EMPTY_STAYS_EMPTY,SHOW_EMPTY,0,0,ACTIVE,ACTIVE,PUBLIC,UNLINKED,1.0,2026-08-18,Consolidate.xlsx,144
CRS-0572,CEF-0143,CARD-0572,INIT-0143,Efficiency Factors,DISPLAY_PUBLISHED,"Coverage % = completed or compliant scope ÷ eligible scope × 100; track exceptions, action closure and review cadence.",Efficiency,Wholesale contract in place unit cost reduction and data quality improvement,PUBLISHED_DISPLAY_VALUE,"Restaurant, QSR, Pubs/Bars, Contract Caterers, Hotels, Brewries, Experiential Leisure",FOUR_SLOT_CARD,EMPTY_STAYS_EMPTY,SHOW_EMPTY,0,0,ACTIVE,ACTIVE,PUBLIC,UNLINKED,1.0,2026-08-18,Consolidate.xlsx,144
CRS-0573,CCF-0144,CARD-0573,INIT-0144,Cost Factors,DISPLAY_PUBLISHED,"Annual programme cost = internal hours × loaded hourly rate + specialist, audit, data-system and assurance fees.",Cost,transferable benchmark; client capex operating cost activity volume and avoided cost data required,PUBLISHED_DISPLAY_VALUE,"Restaurant, QSR, Pubs/Bars, Contract Caterers, Hotels, Brewries, Experiential Leisure",FOUR_SLOT_CARD,EMPTY_STAYS_EMPTY,SHOW_EMPTY,0,0,ACTIVE,ACTIVE,PUBLIC,UNLINKED,1.0,2026-08-18,Consolidate.xlsx,145
CRS-0574,CPF-0144,CARD-0574,INIT-0144,Carbon Factors,DISPLAY_PUBLISHED,"Enabled abatement = Σ verified reductions from actions triggered by the initiative; assign 0 standalone tCO₂e to policy, assessment or measurement alone.",Carbon abatement,standalone tCO₂e; verified downstream reductions only,PUBLISHED_DISPLAY_VALUE,"Restaurant, QSR, Pubs/Bars, Contract Caterers, Hotels, Brewries, Experiential Leisure",FOUR_SLOT_CARD,EMPTY_STAYS_EMPTY,SHOW_EMPTY,0,0,ACTIVE,ACTIVE,PUBLIC,UNLINKED,1.0,2026-08-18,Consolidate.xlsx,145
CRS-0575,CTF-0144,CARD-0575,INIT-0144,Timing Factors,DISPLAY_PUBLISHED,Simple payback (years) = upfront implementation cost ÷ verified annual net saving; lead time = go-live date − approval date.,Payback,universal payback benchmark; client capex and annual net saving required,PUBLISHED_DISPLAY_VALUE,"Restaurant, QSR, Pubs/Bars, Contract Caterers, Hotels, Brewries, Experiential Leisure",FOUR_SLOT_CARD,EMPTY_STAYS_EMPTY,SHOW_EMPTY,0,0,ACTIVE,ACTIVE,PUBLIC,UNLINKED,1.0,2026-08-18,Consolidate.xlsx,145
CRS-0576,CEF-0144,CARD-0576,INIT-0144,Efficiency Factors,DISPLAY_PUBLISHED,"Efficiency improvement % = (baseline intensity − current intensity) ÷ baseline intensity × 100; normalise for covers, rooms or production volume.",Efficiency,% food and ingredient spend mapped for water intensity,PUBLISHED_DISPLAY_VALUE,"Restaurant, QSR, Pubs/Bars, Contract Caterers, Hotels, Brewries, Experiential Leisure",FOUR_SLOT_CARD,EMPTY_STAYS_EMPTY,SHOW_EMPTY,0,0,ACTIVE,ACTIVE,PUBLIC,UNLINKED,1.0,2026-08-18,Consolidate.xlsx,145
CRS-0577,CCF-0145,CARD-0577,INIT-0145,Cost Factors,DISPLAY_PUBLISHED,Annual net saving = avoided water m³ × water/sewer tariff + avoided kWh × energy tariff − maintenance and treatment cost.,Cost,transferable benchmark; client capex operating cost activity volume and avoided cost data required,PUBLISHED_DISPLAY_VALUE,"Restaurant, QSR, Pubs/Bars, Contract Caterers, Hotels, Brewries, Experiential Leisure",FOUR_SLOT_CARD,EMPTY_STAYS_EMPTY,SHOW_EMPTY,0,0,ACTIVE,ACTIVE,PUBLIC,UNLINKED,1.0,2026-08-18,Consolidate.xlsx,146
CRS-0578,CPF-0145,CARD-0578,INIT-0145,Carbon Factors,DISPLAY_PUBLISHED,"Avoided tCO₂e = avoided water-treatment and heating kWh × reporting-year energy factor ÷ 1,000.",Carbon abatement,Baseline and post change water flow heat and energy intensity from the KPI,PUBLISHED_DISPLAY_VALUE,"Restaurant, QSR, Pubs/Bars, Contract Caterers, Hotels, Brewries, Experiential Leisure",FOUR_SLOT_CARD,EMPTY_STAYS_EMPTY,SHOW_EMPTY,0,0,ACTIVE,ACTIVE,PUBLIC,UNLINKED,1.0,2026-08-18,Consolidate.xlsx,146
CRS-0579,CTF-0145,CARD-0579,INIT-0145,Timing Factors,DISPLAY_PUBLISHED,Simple payback (years) = upfront implementation cost ÷ verified annual net saving; lead time = go-live date − approval date.,Payback,universal payback benchmark; client capex and annual net saving required,PUBLISHED_DISPLAY_VALUE,"Restaurant, QSR, Pubs/Bars, Contract Caterers, Hotels, Brewries, Experiential Leisure",FOUR_SLOT_CARD,EMPTY_STAYS_EMPTY,SHOW_EMPTY,0,0,ACTIVE,ACTIVE,PUBLIC,UNLINKED,1.0,2026-08-18,Consolidate.xlsx,146
CRS-0580,CEF-0145,CARD-0580,INIT-0145,Efficiency Factors,DISPLAY_PUBLISHED,"Efficiency improvement % = (baseline intensity − current intensity) ÷ baseline intensity × 100; normalise for covers, rooms or production volume.",Efficiency,% fixtures upgraded and % flow rate reduction,PUBLISHED_DISPLAY_VALUE,"Restaurant, QSR, Pubs/Bars, Contract Caterers, Hotels, Brewries, Experiential Leisure",FOUR_SLOT_CARD,EMPTY_STAYS_EMPTY,SHOW_EMPTY,0,0,ACTIVE,ACTIVE,PUBLIC,UNLINKED,1.0,2026-08-18,Consolidate.xlsx,146
CRS-0581,CCF-0146,CARD-0581,INIT-0146,Cost Factors,DISPLAY_PUBLISHED,Annual net saving = avoided water m³ × water/sewer tariff + avoided kWh × energy tariff − maintenance and treatment cost.,Cost,transferable benchmark; client capex operating cost activity volume and avoided cost data required,PUBLISHED_DISPLAY_VALUE,"Brewries, Pubs/Bars (partial)",FOUR_SLOT_CARD,EMPTY_STAYS_EMPTY,SHOW_EMPTY,0,0,ACTIVE,ACTIVE,PUBLIC,UNLINKED,1.0,2026-08-18,Consolidate.xlsx,147
CRS-0582,CPF-0146,CARD-0582,INIT-0146,Carbon Factors,DISPLAY_PUBLISHED,"Avoided tCO₂e = avoided water-treatment and heating kWh × reporting-year energy factor ÷ 1,000.",Carbon abatement,Baseline and post change water flow heat and energy intensity from the KPI,PUBLISHED_DISPLAY_VALUE,"Brewries, Pubs/Bars (partial)",FOUR_SLOT_CARD,EMPTY_STAYS_EMPTY,SHOW_EMPTY,0,0,ACTIVE,ACTIVE,PUBLIC,UNLINKED,1.0,2026-08-18,Consolidate.xlsx,147
CRS-0583,CTF-0146,CARD-0583,INIT-0146,Timing Factors,DISPLAY_PUBLISHED,Simple payback (years) = upfront implementation cost ÷ verified annual net saving; lead time = go-live date − approval date.,Payback,universal payback benchmark; client capex and annual net saving required,PUBLISHED_DISPLAY_VALUE,"Brewries, Pubs/Bars (partial)",FOUR_SLOT_CARD,EMPTY_STAYS_EMPTY,SHOW_EMPTY,0,0,ACTIVE,ACTIVE,PUBLIC,UNLINKED,1.0,2026-08-18,Consolidate.xlsx,147
CRS-0584,CEF-0146,CARD-0584,INIT-0146,Efficiency Factors,DISPLAY_PUBLISHED,"Efficiency improvement % = (baseline intensity − current intensity) ÷ baseline intensity × 100; normalise for covers, rooms or production volume.",Efficiency,Litres of hot liquor per hectolitre of beer,PUBLISHED_DISPLAY_VALUE,"Brewries, Pubs/Bars (partial)",FOUR_SLOT_CARD,EMPTY_STAYS_EMPTY,SHOW_EMPTY,0,0,ACTIVE,ACTIVE,PUBLIC,UNLINKED,1.0,2026-08-18,Consolidate.xlsx,147
CRS-0585,CCF-0147,CARD-0585,INIT-0147,Cost Factors,DISPLAY_PUBLISHED,Annual net saving = avoided water m³ × water/sewer tariff + avoided kWh × energy tariff − maintenance and treatment cost.,Cost,transferable benchmark; client capex operating cost activity volume and avoided cost data required,PUBLISHED_DISPLAY_VALUE,"Brewries, Pubs/Bars (partial)",FOUR_SLOT_CARD,EMPTY_STAYS_EMPTY,SHOW_EMPTY,0,0,ACTIVE,ACTIVE,PUBLIC,UNLINKED,1.0,2026-08-18,Consolidate.xlsx,148
CRS-0586,CPF-0147,CARD-0586,INIT-0147,Carbon Factors,DISPLAY_PUBLISHED,"Avoided tCO₂e = avoided water-treatment and heating kWh × reporting-year energy factor ÷ 1,000.",Carbon abatement,Baseline and post change water flow heat and energy intensity from the KPI,PUBLISHED_DISPLAY_VALUE,"Brewries, Pubs/Bars (partial)",FOUR_SLOT_CARD,EMPTY_STAYS_EMPTY,SHOW_EMPTY,0,0,ACTIVE,ACTIVE,PUBLIC,UNLINKED,1.0,2026-08-18,Consolidate.xlsx,148
CRS-0587,CTF-0147,CARD-0587,INIT-0147,Timing Factors,DISPLAY_PUBLISHED,Simple payback (years) = upfront implementation cost ÷ verified annual net saving; lead time = go-live date − approval date.,Payback,universal payback benchmark; client capex and annual net saving required,PUBLISHED_DISPLAY_VALUE,"Brewries, Pubs/Bars (partial)",FOUR_SLOT_CARD,EMPTY_STAYS_EMPTY,SHOW_EMPTY,0,0,ACTIVE,ACTIVE,PUBLIC,UNLINKED,1.0,2026-08-18,Consolidate.xlsx,148
CRS-0588,CEF-0147,CARD-0588,INIT-0147,Efficiency Factors,DISPLAY_PUBLISHED,"Efficiency improvement % = (baseline intensity − current intensity) ÷ baseline intensity × 100; normalise for covers, rooms or production volume.",Efficiency,CIP temperature °C kWh per cycle and water volume per cycle,PUBLISHED_DISPLAY_VALUE,"Brewries, Pubs/Bars (partial)",FOUR_SLOT_CARD,EMPTY_STAYS_EMPTY,SHOW_EMPTY,0,0,ACTIVE,ACTIVE,PUBLIC,UNLINKED,1.0,2026-08-18,Consolidate.xlsx,148
CRS-0589,CCF-0148,CARD-0589,INIT-0148,Cost Factors,DISPLAY_PUBLISHED,Annual net saving = avoided water m³ × water/sewer tariff + avoided kWh × energy tariff − maintenance and treatment cost.,Cost,transferable benchmark; client capex operating cost activity volume and avoided cost data required,PUBLISHED_DISPLAY_VALUE,"Hotels, Pubs/Bars (partial), Experiential Leisure (partial)",FOUR_SLOT_CARD,EMPTY_STAYS_EMPTY,SHOW_EMPTY,0,0,ACTIVE,ACTIVE,PUBLIC,UNLINKED,1.0,2026-08-18,Consolidate.xlsx,149
CRS-0590,CPF-0148,CARD-0590,INIT-0148,Carbon Factors,DISPLAY_PUBLISHED,"Avoided tCO₂e = avoided water-treatment and heating kWh × reporting-year energy factor ÷ 1,000.",Carbon abatement,Baseline and post change water flow heat and energy intensity from the KPI,PUBLISHED_DISPLAY_VALUE,"Hotels, Pubs/Bars (partial), Experiential Leisure (partial)",FOUR_SLOT_CARD,EMPTY_STAYS_EMPTY,SHOW_EMPTY,0,0,ACTIVE,ACTIVE,PUBLIC,UNLINKED,1.0,2026-08-18,Consolidate.xlsx,149
CRS-0591,CTF-0148,CARD-0591,INIT-0148,Timing Factors,DISPLAY_PUBLISHED,Simple payback (years) = upfront implementation cost ÷ verified annual net saving; lead time = go-live date − approval date.,Payback,universal payback benchmark; client capex and annual net saving required,PUBLISHED_DISPLAY_VALUE,"Hotels, Pubs/Bars (partial), Experiential Leisure (partial)",FOUR_SLOT_CARD,EMPTY_STAYS_EMPTY,SHOW_EMPTY,0,0,ACTIVE,ACTIVE,PUBLIC,UNLINKED,1.0,2026-08-18,Consolidate.xlsx,149
CRS-0592,CEF-0148,CARD-0592,INIT-0148,Efficiency Factors,DISPLAY_PUBLISHED,"Efficiency improvement % = (baseline intensity − current intensity) ÷ baseline intensity × 100; normalise for covers, rooms or production volume.",Efficiency,Wash temperature % eligible loads line dried and kWh per kg laundry,PUBLISHED_DISPLAY_VALUE,"Hotels, Pubs/Bars (partial), Experiential Leisure (partial)",FOUR_SLOT_CARD,EMPTY_STAYS_EMPTY,SHOW_EMPTY,0,0,ACTIVE,ACTIVE,PUBLIC,UNLINKED,1.0,2026-08-18,Consolidate.xlsx,149
CRS-0593,CCF-0149,CARD-0593,INIT-0149,Cost Factors,DISPLAY_PUBLISHED,"Annual programme cost = internal hours × loaded hourly rate + specialist, audit, data-system and assurance fees.",Cost,transferable benchmark; client capex operating cost activity volume and avoided cost data required,PUBLISHED_DISPLAY_VALUE,"Restaurant, QSR, Pubs/Bars, Contract Caterers, Hotels, Brewries, Experiential Leisure",FOUR_SLOT_CARD,EMPTY_STAYS_EMPTY,SHOW_EMPTY,0,0,ACTIVE,ACTIVE,PUBLIC,UNLINKED,1.0,2026-08-18,Consolidate.xlsx,150
CRS-0594,CPF-0149,CARD-0594,INIT-0149,Carbon Factors,DISPLAY_PUBLISHED,"Enabled abatement = Σ verified reductions from actions triggered by the initiative; assign 0 standalone tCO₂e to policy, assessment or measurement alone.",Carbon abatement,standalone tCO₂e; verified downstream reductions only,PUBLISHED_DISPLAY_VALUE,"Restaurant, QSR, Pubs/Bars, Contract Caterers, Hotels, Brewries, Experiential Leisure",FOUR_SLOT_CARD,EMPTY_STAYS_EMPTY,SHOW_EMPTY,0,0,ACTIVE,ACTIVE,PUBLIC,UNLINKED,1.0,2026-08-18,Consolidate.xlsx,150
CRS-0595,CTF-0149,CARD-0595,INIT-0149,Timing Factors,DISPLAY_PUBLISHED,Simple payback (years) = upfront implementation cost ÷ verified annual net saving; lead time = go-live date − approval date.,Payback,universal payback benchmark; client capex and annual net saving required,PUBLISHED_DISPLAY_VALUE,"Restaurant, QSR, Pubs/Bars, Contract Caterers, Hotels, Brewries, Experiential Leisure",FOUR_SLOT_CARD,EMPTY_STAYS_EMPTY,SHOW_EMPTY,0,0,ACTIVE,ACTIVE,PUBLIC,UNLINKED,1.0,2026-08-18,Consolidate.xlsx,150
CRS-0596,CEF-0149,CARD-0596,INIT-0149,Efficiency Factors,DISPLAY_PUBLISHED,Waste improvement % = (baseline waste intensity − current waste intensity) ÷ baseline waste intensity × 100; track volume and avoided cost.,Efficiency,Assessment completed with waste volume split by stream,PUBLISHED_DISPLAY_VALUE,"Restaurant, QSR, Pubs/Bars, Contract Caterers, Hotels, Brewries, Experiential Leisure",FOUR_SLOT_CARD,EMPTY_STAYS_EMPTY,SHOW_EMPTY,0,0,ACTIVE,ACTIVE,PUBLIC,UNLINKED,1.0,2026-08-18,Consolidate.xlsx,150
CRS-0597,CCF-0150,CARD-0597,INIT-0150,Cost Factors,DISPLAY_PUBLISHED,"Annual programme cost = internal hours × loaded hourly rate + specialist, audit, data-system and assurance fees.",Cost,transferable benchmark; client capex operating cost activity volume and avoided cost data required,PUBLISHED_DISPLAY_VALUE,"Restaurant, QSR, Pubs/Bars, Contract Caterers, Hotels, Brewries, Experiential Leisure",FOUR_SLOT_CARD,EMPTY_STAYS_EMPTY,SHOW_EMPTY,0,0,ACTIVE,ACTIVE,PUBLIC,UNLINKED,1.0,2026-08-18,Consolidate.xlsx,151
CRS-0598,CPF-0150,CARD-0598,INIT-0150,Carbon Factors,DISPLAY_PUBLISHED,"Enabled abatement = Σ verified reductions from actions triggered by the initiative; assign 0 standalone tCO₂e to policy, assessment or measurement alone.",Carbon abatement,standalone tCO₂e; verified downstream reductions only,PUBLISHED_DISPLAY_VALUE,"Restaurant, QSR, Pubs/Bars, Contract Caterers, Hotels, Brewries, Experiential Leisure",FOUR_SLOT_CARD,EMPTY_STAYS_EMPTY,SHOW_EMPTY,0,0,ACTIVE,ACTIVE,PUBLIC,UNLINKED,1.0,2026-08-18,Consolidate.xlsx,151
CRS-0599,CTF-0150,CARD-0599,INIT-0150,Timing Factors,DISPLAY_PUBLISHED,Simple payback (years) = upfront implementation cost ÷ verified annual net saving; lead time = go-live date − approval date.,Payback,universal payback benchmark; client capex and annual net saving required,PUBLISHED_DISPLAY_VALUE,"Restaurant, QSR, Pubs/Bars, Contract Caterers, Hotels, Brewries, Experiential Leisure",FOUR_SLOT_CARD,EMPTY_STAYS_EMPTY,SHOW_EMPTY,0,0,ACTIVE,ACTIVE,PUBLIC,UNLINKED,1.0,2026-08-18,Consolidate.xlsx,151
CRS-0600,CEF-0150,CARD-0600,INIT-0150,Efficiency Factors,DISPLAY_PUBLISHED,Waste improvement % = (baseline waste intensity − current waste intensity) ÷ baseline waste intensity × 100; track volume and avoided cost.,Efficiency,Food waste kg per cover or per revenue versus baseline,PUBLISHED_DISPLAY_VALUE,"Restaurant, QSR, Pubs/Bars, Contract Caterers, Hotels, Brewries, Experiential Leisure",FOUR_SLOT_CARD,EMPTY_STAYS_EMPTY,SHOW_EMPTY,0,0,ACTIVE,ACTIVE,PUBLIC,UNLINKED,1.0,2026-08-18,Consolidate.xlsx,151
CRS-0601,CCF-0151,CARD-0601,INIT-0151,Cost Factors,DISPLAY_PUBLISHED,Annual net saving = avoided material or food kg × verified unit cost + avoided disposal cost − operating and maintenance cost.,Cost,transferable benchmark; client capex operating cost activity volume and avoided cost data required,PUBLISHED_DISPLAY_VALUE,"Restaurant, QSR, Pubs/Bars, Contract Caterers, Hotels, Brewries, Experiential Leisure",FOUR_SLOT_CARD,EMPTY_STAYS_EMPTY,SHOW_EMPTY,0,0,ACTIVE,ACTIVE,PUBLIC,UNLINKED,1.0,2026-08-18,Consolidate.xlsx,152
CRS-0602,CPF-0151,CARD-0602,INIT-0151,Carbon Factors,DISPLAY_PUBLISHED,"Avoided tCO₂e = avoided or diverted kg × verified lifecycle or disposal-route kgCO₂e/kg ÷ 1,000.",Carbon abatement,Baseline and post change material or waste volume plus verified lifecycle factor,PUBLISHED_DISPLAY_VALUE,"Restaurant, QSR, Pubs/Bars, Contract Caterers, Hotels, Brewries, Experiential Leisure",FOUR_SLOT_CARD,EMPTY_STAYS_EMPTY,SHOW_EMPTY,0,0,ACTIVE,ACTIVE,PUBLIC,UNLINKED,1.0,2026-08-18,Consolidate.xlsx,152
CRS-0603,CTF-0151,CARD-0603,INIT-0151,Timing Factors,DISPLAY_PUBLISHED,Simple payback (years) = upfront implementation cost ÷ verified annual net saving; lead time = go-live date − approval date.,Payback,universal payback benchmark; client capex and annual net saving required,PUBLISHED_DISPLAY_VALUE,"Restaurant, QSR, Pubs/Bars, Contract Caterers, Hotels, Brewries, Experiential Leisure",FOUR_SLOT_CARD,EMPTY_STAYS_EMPTY,SHOW_EMPTY,0,0,ACTIVE,ACTIVE,PUBLIC,UNLINKED,1.0,2026-08-18,Consolidate.xlsx,152
CRS-0604,CEF-0151,CARD-0604,INIT-0151,Efficiency Factors,DISPLAY_PUBLISHED,Waste improvement % = (baseline waste intensity − current waste intensity) ÷ baseline waste intensity × 100; track volume and avoided cost.,Efficiency,% food waste diverted to composting or anaerobic digestion,PUBLISHED_DISPLAY_VALUE,"Restaurant, QSR, Pubs/Bars, Contract Caterers, Hotels, Brewries, Experiential Leisure",FOUR_SLOT_CARD,EMPTY_STAYS_EMPTY,SHOW_EMPTY,0,0,ACTIVE,ACTIVE,PUBLIC,UNLINKED,1.0,2026-08-18,Consolidate.xlsx,152
CRS-0605,CCF-0152,CARD-0605,INIT-0152,Cost Factors,DISPLAY_PUBLISHED,Annual net saving = avoided material or food kg × verified unit cost + avoided disposal cost − operating and maintenance cost.,Cost,transferable benchmark; client capex operating cost activity volume and avoided cost data required,PUBLISHED_DISPLAY_VALUE,"Restaurant, QSR, Pubs/Bars, Contract Caterers, Hotels, Brewries, Experiential Leisure",FOUR_SLOT_CARD,EMPTY_STAYS_EMPTY,SHOW_EMPTY,0,0,ACTIVE,ACTIVE,PUBLIC,UNLINKED,1.0,2026-08-18,Consolidate.xlsx,153
CRS-0606,CPF-0152,CARD-0606,INIT-0152,Carbon Factors,DISPLAY_PUBLISHED,"Avoided tCO₂e = avoided or diverted kg × verified lifecycle or disposal-route kgCO₂e/kg ÷ 1,000.",Carbon abatement,Baseline and post change material or waste volume plus verified lifecycle factor,PUBLISHED_DISPLAY_VALUE,"Restaurant, QSR, Pubs/Bars, Contract Caterers, Hotels, Brewries, Experiential Leisure",FOUR_SLOT_CARD,EMPTY_STAYS_EMPTY,SHOW_EMPTY,0,0,ACTIVE,ACTIVE,PUBLIC,UNLINKED,1.0,2026-08-18,Consolidate.xlsx,153
CRS-0607,CTF-0152,CARD-0607,INIT-0152,Timing Factors,DISPLAY_PUBLISHED,Simple payback (years) = upfront implementation cost ÷ verified annual net saving; lead time = go-live date − approval date.,Payback,universal payback benchmark; client capex and annual net saving required,PUBLISHED_DISPLAY_VALUE,"Restaurant, QSR, Pubs/Bars, Contract Caterers, Hotels, Brewries, Experiential Leisure",FOUR_SLOT_CARD,EMPTY_STAYS_EMPTY,SHOW_EMPTY,0,0,ACTIVE,ACTIVE,PUBLIC,UNLINKED,1.0,2026-08-18,Consolidate.xlsx,153
CRS-0608,CEF-0152,CARD-0608,INIT-0152,Efficiency Factors,DISPLAY_PUBLISHED,Waste improvement % = (baseline waste intensity − current waste intensity) ÷ baseline waste intensity × 100; track volume and avoided cost.,Efficiency,kg surplus redistributed per month and estimated meals provided,PUBLISHED_DISPLAY_VALUE,"Restaurant, QSR, Pubs/Bars, Contract Caterers, Hotels, Brewries, Experiential Leisure",FOUR_SLOT_CARD,EMPTY_STAYS_EMPTY,SHOW_EMPTY,0,0,ACTIVE,ACTIVE,PUBLIC,UNLINKED,1.0,2026-08-18,Consolidate.xlsx,153
CRS-0609,CCF-0153,CARD-0609,INIT-0153,Cost Factors,DISPLAY_PUBLISHED,"Annual programme cost = internal hours × loaded hourly rate + specialist, audit, data-system and assurance fees.",Cost,transferable benchmark; client capex operating cost activity volume and avoided cost data required,PUBLISHED_DISPLAY_VALUE,"Restaurant, QSR, Pubs/Bars, Contract Caterers, Hotels, Brewries, Experiential Leisure",FOUR_SLOT_CARD,EMPTY_STAYS_EMPTY,SHOW_EMPTY,0,0,ACTIVE,ACTIVE,PUBLIC,UNLINKED,1.0,2026-08-18,Consolidate.xlsx,154
CRS-0610,CPF-0153,CARD-0610,INIT-0153,Carbon Factors,DISPLAY_PUBLISHED,"Enabled abatement = Σ verified reductions from actions triggered by the initiative; assign 0 standalone tCO₂e to policy, assessment or measurement alone.",Carbon abatement,standalone tCO₂e; verified downstream reductions only,PUBLISHED_DISPLAY_VALUE,"Restaurant, QSR, Pubs/Bars, Contract Caterers, Hotels, Brewries, Experiential Leisure",FOUR_SLOT_CARD,EMPTY_STAYS_EMPTY,SHOW_EMPTY,0,0,ACTIVE,ACTIVE,PUBLIC,UNLINKED,1.0,2026-08-18,Consolidate.xlsx,154
CRS-0611,CTF-0153,CARD-0611,INIT-0153,Timing Factors,DISPLAY_PUBLISHED,Simple payback (years) = upfront implementation cost ÷ verified annual net saving; lead time = go-live date − approval date.,Payback,days; months,PUBLISHED_DISPLAY_VALUE,"Restaurant, QSR, Pubs/Bars, Contract Caterers, Hotels, Brewries, Experiential Leisure",FOUR_SLOT_CARD,EMPTY_STAYS_EMPTY,SHOW_EMPTY,0,0,ACTIVE,ACTIVE,PUBLIC,UNLINKED,1.0,2026-08-18,Consolidate.xlsx,154
CRS-0612,CEF-0153,CARD-0612,INIT-0153,Efficiency Factors,DISPLAY_PUBLISHED,Waste improvement % = (baseline waste intensity − current waste intensity) ÷ baseline waste intensity × 100; track volume and avoided cost.,Efficiency,waste streams audited; options identified and implemented,PUBLISHED_DISPLAY_VALUE,"Restaurant, QSR, Pubs/Bars, Contract Caterers, Hotels, Brewries, Experiential Leisure",FOUR_SLOT_CARD,EMPTY_STAYS_EMPTY,SHOW_EMPTY,0,0,ACTIVE,ACTIVE,PUBLIC,UNLINKED,1.0,2026-08-18,Consolidate.xlsx,154
CRS-0613,CCF-0154,CARD-0613,INIT-0154,Cost Factors,DISPLAY_PUBLISHED,"Annual programme cost = internal hours × loaded hourly rate + specialist, audit, data-system and assurance fees.",Cost,transferable benchmark; client capex operating cost activity volume and avoided cost data required,PUBLISHED_DISPLAY_VALUE,"Restaurant, QSR, Pubs/Bars, Contract Caterers, Hotels, Brewries, Experiential Leisure",FOUR_SLOT_CARD,EMPTY_STAYS_EMPTY,SHOW_EMPTY,0,0,ACTIVE,ACTIVE,PUBLIC,UNLINKED,1.0,2026-08-18,Consolidate.xlsx,155
CRS-0614,CPF-0154,CARD-0614,INIT-0154,Carbon Factors,DISPLAY_PUBLISHED,"Enabled abatement = Σ verified reductions from actions triggered by the initiative; assign 0 standalone tCO₂e to policy, assessment or measurement alone.",Carbon abatement,standalone tCO₂e; verified downstream reductions only,PUBLISHED_DISPLAY_VALUE,"Restaurant, QSR, Pubs/Bars, Contract Caterers, Hotels, Brewries, Experiential Leisure",FOUR_SLOT_CARD,EMPTY_STAYS_EMPTY,SHOW_EMPTY,0,0,ACTIVE,ACTIVE,PUBLIC,UNLINKED,1.0,2026-08-18,Consolidate.xlsx,155
CRS-0615,CTF-0154,CARD-0615,INIT-0154,Timing Factors,DISPLAY_PUBLISHED,Simple payback (years) = upfront implementation cost ÷ verified annual net saving; lead time = go-live date − approval date.,Payback,universal payback benchmark; client capex and annual net saving required,PUBLISHED_DISPLAY_VALUE,"Restaurant, QSR, Pubs/Bars, Contract Caterers, Hotels, Brewries, Experiential Leisure",FOUR_SLOT_CARD,EMPTY_STAYS_EMPTY,SHOW_EMPTY,0,0,ACTIVE,ACTIVE,PUBLIC,UNLINKED,1.0,2026-08-18,Consolidate.xlsx,155
CRS-0616,CEF-0154,CARD-0616,INIT-0154,Efficiency Factors,DISPLAY_PUBLISHED,Waste improvement % = (baseline waste intensity − current waste intensity) ÷ baseline waste intensity × 100; track volume and avoided cost.,Efficiency,% operational staff trained and pre/post waste per cover,PUBLISHED_DISPLAY_VALUE,"Restaurant, QSR, Pubs/Bars, Contract Caterers, Hotels, Brewries, Experiential Leisure",FOUR_SLOT_CARD,EMPTY_STAYS_EMPTY,SHOW_EMPTY,0,0,ACTIVE,ACTIVE,PUBLIC,UNLINKED,1.0,2026-08-18,Consolidate.xlsx,155
CRS-0617,CCF-0155,CARD-0617,INIT-0155,Cost Factors,DISPLAY_PUBLISHED,"Annual programme cost = internal hours × loaded hourly rate + specialist, audit, data-system and assurance fees.",Cost,transferable benchmark; client capex operating cost activity volume and avoided cost data required,PUBLISHED_DISPLAY_VALUE,"Restaurant, QSR, Pubs/Bars, Contract Caterers, Hotels, Brewries, Experiential Leisure",FOUR_SLOT_CARD,EMPTY_STAYS_EMPTY,SHOW_EMPTY,0,0,ACTIVE,ACTIVE,PUBLIC,UNLINKED,1.0,2026-08-18,Consolidate.xlsx,156
CRS-0618,CPF-0155,CARD-0618,INIT-0155,Carbon Factors,DISPLAY_PUBLISHED,"Enabled abatement = Σ verified reductions from actions triggered by the initiative; assign 0 standalone tCO₂e to policy, assessment or measurement alone.",Carbon abatement,standalone tCO₂e; verified downstream reductions only,PUBLISHED_DISPLAY_VALUE,"Restaurant, QSR, Pubs/Bars, Contract Caterers, Hotels, Brewries, Experiential Leisure",FOUR_SLOT_CARD,EMPTY_STAYS_EMPTY,SHOW_EMPTY,0,0,ACTIVE,ACTIVE,PUBLIC,UNLINKED,1.0,2026-08-18,Consolidate.xlsx,156
CRS-0619,CTF-0155,CARD-0619,INIT-0155,Timing Factors,DISPLAY_PUBLISHED,Simple payback (years) = upfront implementation cost ÷ verified annual net saving; lead time = go-live date − approval date.,Payback,universal payback benchmark; client capex and annual net saving required,PUBLISHED_DISPLAY_VALUE,"Restaurant, QSR, Pubs/Bars, Contract Caterers, Hotels, Brewries, Experiential Leisure",FOUR_SLOT_CARD,EMPTY_STAYS_EMPTY,SHOW_EMPTY,0,0,ACTIVE,ACTIVE,PUBLIC,UNLINKED,1.0,2026-08-18,Consolidate.xlsx,156
CRS-0620,CEF-0155,CARD-0620,INIT-0155,Efficiency Factors,DISPLAY_PUBLISHED,Waste improvement % = (baseline waste intensity − current waste intensity) ÷ baseline waste intensity × 100; track volume and avoided cost.,Efficiency,kg food waste per week per site split by pre and post consumer,PUBLISHED_DISPLAY_VALUE,"Restaurant, QSR, Pubs/Bars, Contract Caterers, Hotels, Brewries, Experiential Leisure",FOUR_SLOT_CARD,EMPTY_STAYS_EMPTY,SHOW_EMPTY,0,0,ACTIVE,ACTIVE,PUBLIC,UNLINKED,1.0,2026-08-18,Consolidate.xlsx,156
CRS-0621,CCF-0156,CARD-0621,INIT-0156,Cost Factors,DISPLAY_PUBLISHED,Annual net saving = avoided material or food kg × verified unit cost + avoided disposal cost − operating and maintenance cost.,Cost,transferable benchmark; client capex operating cost activity volume and avoided cost data required,PUBLISHED_DISPLAY_VALUE,"Restaurant, QSR, Pubs/Bars, Contract Caterers, Hotels, Brewries, Experiential Leisure",FOUR_SLOT_CARD,EMPTY_STAYS_EMPTY,SHOW_EMPTY,0,0,ACTIVE,ACTIVE,PUBLIC,UNLINKED,1.0,2026-08-18,Consolidate.xlsx,157
CRS-0622,CPF-0156,CARD-0622,INIT-0156,Carbon Factors,DISPLAY_PUBLISHED,"Avoided tCO₂e = avoided or diverted kg × verified lifecycle or disposal-route kgCO₂e/kg ÷ 1,000.",Carbon abatement,Baseline and post change material or waste volume plus verified lifecycle factor,PUBLISHED_DISPLAY_VALUE,"Restaurant, QSR, Pubs/Bars, Contract Caterers, Hotels, Brewries, Experiential Leisure",FOUR_SLOT_CARD,EMPTY_STAYS_EMPTY,SHOW_EMPTY,0,0,ACTIVE,ACTIVE,PUBLIC,UNLINKED,1.0,2026-08-18,Consolidate.xlsx,157
CRS-0623,CTF-0156,CARD-0623,INIT-0156,Timing Factors,DISPLAY_PUBLISHED,Simple payback (years) = upfront implementation cost ÷ verified annual net saving; lead time = go-live date − approval date.,Payback,universal payback benchmark; client capex and annual net saving required,PUBLISHED_DISPLAY_VALUE,"Restaurant, QSR, Pubs/Bars, Contract Caterers, Hotels, Brewries, Experiential Leisure",FOUR_SLOT_CARD,EMPTY_STAYS_EMPTY,SHOW_EMPTY,0,0,ACTIVE,ACTIVE,PUBLIC,UNLINKED,1.0,2026-08-18,Consolidate.xlsx,157
CRS-0624,CEF-0156,CARD-0624,INIT-0156,Efficiency Factors,DISPLAY_PUBLISHED,"Efficiency improvement % = (baseline intensity − current intensity) ÷ baseline intensity × 100; normalise for covers, rooms or production volume.",Efficiency,Frying cycles per oil charge and litres per fried food revenue,PUBLISHED_DISPLAY_VALUE,"Restaurant, QSR, Pubs/Bars, Contract Caterers, Hotels, Brewries, Experiential Leisure",FOUR_SLOT_CARD,EMPTY_STAYS_EMPTY,SHOW_EMPTY,0,0,ACTIVE,ACTIVE,PUBLIC,UNLINKED,1.0,2026-08-18,Consolidate.xlsx,157
CRS-0625,CCF-0157,CARD-0625,INIT-0157,Cost Factors,DISPLAY_PUBLISHED,Annual net saving = avoided material or food kg × verified unit cost + avoided disposal cost − operating and maintenance cost.,Cost,transferable benchmark; client capex operating cost activity volume and avoided cost data required,PUBLISHED_DISPLAY_VALUE,"Restaurant, QSR, Pubs/Bars, Contract Caterers, Hotels, Brewries, Experiential Leisure",FOUR_SLOT_CARD,EMPTY_STAYS_EMPTY,SHOW_EMPTY,0,0,ACTIVE,ACTIVE,PUBLIC,UNLINKED,1.0,2026-08-18,Consolidate.xlsx,158
CRS-0626,CPF-0157,CARD-0626,INIT-0157,Carbon Factors,DISPLAY_PUBLISHED,"Avoided tCO₂e = avoided or diverted kg × verified lifecycle or disposal-route kgCO₂e/kg ÷ 1,000.",Carbon abatement,Baseline and post change material or waste volume plus verified lifecycle factor,PUBLISHED_DISPLAY_VALUE,"Restaurant, QSR, Pubs/Bars, Contract Caterers, Hotels, Brewries, Experiential Leisure",FOUR_SLOT_CARD,EMPTY_STAYS_EMPTY,SHOW_EMPTY,0,0,ACTIVE,ACTIVE,PUBLIC,UNLINKED,1.0,2026-08-18,Consolidate.xlsx,158
CRS-0627,CTF-0157,CARD-0627,INIT-0157,Timing Factors,DISPLAY_PUBLISHED,Simple payback (years) = upfront implementation cost ÷ verified annual net saving; lead time = go-live date − approval date.,Payback,universal payback benchmark; client capex and annual net saving required,PUBLISHED_DISPLAY_VALUE,"Restaurant, QSR, Pubs/Bars, Contract Caterers, Hotels, Brewries, Experiential Leisure",FOUR_SLOT_CARD,EMPTY_STAYS_EMPTY,SHOW_EMPTY,0,0,ACTIVE,ACTIVE,PUBLIC,UNLINKED,1.0,2026-08-18,Consolidate.xlsx,158
CRS-0628,CEF-0157,CARD-0628,INIT-0157,Efficiency Factors,DISPLAY_PUBLISHED,Waste improvement % = (baseline waste intensity − current waste intensity) ÷ baseline waste intensity × 100; track volume and avoided cost.,Efficiency,% used cooking oil collected by a licensed collector,PUBLISHED_DISPLAY_VALUE,"Restaurant, QSR, Pubs/Bars, Contract Caterers, Hotels, Brewries, Experiential Leisure",FOUR_SLOT_CARD,EMPTY_STAYS_EMPTY,SHOW_EMPTY,0,0,ACTIVE,ACTIVE,PUBLIC,UNLINKED,1.0,2026-08-18,Consolidate.xlsx,158
CRS-0629,CCF-0158,CARD-0629,INIT-0158,Cost Factors,DISPLAY_PUBLISHED,Annual net saving = avoided material or food kg × verified unit cost + avoided disposal cost − operating and maintenance cost.,Cost,transferable benchmark; client capex operating cost activity volume and avoided cost data required,PUBLISHED_DISPLAY_VALUE,"Restaurant, QSR, Pubs/Bars, Contract Caterers, Hotels, Brewries, Experiential Leisure",FOUR_SLOT_CARD,EMPTY_STAYS_EMPTY,SHOW_EMPTY,0,0,ACTIVE,ACTIVE,PUBLIC,UNLINKED,1.0,2026-08-18,Consolidate.xlsx,159
CRS-0630,CPF-0158,CARD-0630,INIT-0158,Carbon Factors,DISPLAY_PUBLISHED,"Avoided tCO₂e = avoided or diverted kg × verified lifecycle or disposal-route kgCO₂e/kg ÷ 1,000.",Carbon abatement,Baseline and post change material or waste volume plus verified lifecycle factor,PUBLISHED_DISPLAY_VALUE,"Restaurant, QSR, Pubs/Bars, Contract Caterers, Hotels, Brewries, Experiential Leisure",FOUR_SLOT_CARD,EMPTY_STAYS_EMPTY,SHOW_EMPTY,0,0,ACTIVE,ACTIVE,PUBLIC,UNLINKED,1.0,2026-08-18,Consolidate.xlsx,159
CRS-0631,CTF-0158,CARD-0631,INIT-0158,Timing Factors,DISPLAY_PUBLISHED,Simple payback (years) = upfront implementation cost ÷ verified annual net saving; lead time = go-live date − approval date.,Payback,universal payback benchmark; client capex and annual net saving required,PUBLISHED_DISPLAY_VALUE,"Restaurant, QSR, Pubs/Bars, Contract Caterers, Hotels, Brewries, Experiential Leisure",FOUR_SLOT_CARD,EMPTY_STAYS_EMPTY,SHOW_EMPTY,0,0,ACTIVE,ACTIVE,PUBLIC,UNLINKED,1.0,2026-08-18,Consolidate.xlsx,159
CRS-0632,CEF-0158,CARD-0632,INIT-0158,Efficiency Factors,DISPLAY_PUBLISHED,Waste improvement % = (baseline waste intensity − current waste intensity) ÷ baseline waste intensity × 100; track volume and avoided cost.,Efficiency,% food waste processed on site and useful output per tonne,PUBLISHED_DISPLAY_VALUE,"Restaurant, QSR, Pubs/Bars, Contract Caterers, Hotels, Brewries, Experiential Leisure",FOUR_SLOT_CARD,EMPTY_STAYS_EMPTY,SHOW_EMPTY,0,0,ACTIVE,ACTIVE,PUBLIC,UNLINKED,1.0,2026-08-18,Consolidate.xlsx,159
CRS-0633,CCF-0159,CARD-0633,INIT-0159,Cost Factors,DISPLAY_PUBLISHED,Annual net saving = baseline operating cost − post-change operating cost − annual implementation and maintenance cost.,Cost,transferable benchmark; client capex operating cost activity volume and avoided cost data required,PUBLISHED_DISPLAY_VALUE,"Restaurant, QSR, Pubs/Bars, Contract Caterers, Hotels, Brewries, Experiential Leisure",FOUR_SLOT_CARD,EMPTY_STAYS_EMPTY,SHOW_EMPTY,0,0,ACTIVE,ACTIVE,PUBLIC,UNLINKED,1.0,2026-08-18,Consolidate.xlsx,160
CRS-0634,CPF-0159,CARD-0634,INIT-0159,Carbon Factors,DISPLAY_PUBLISHED,"Avoided tCO₂e = baseline activity × baseline factor − post-change activity × post-change factor, divided by 1,000.",Carbon abatement,Baseline and post change material or waste volume plus verified lifecycle factor,PUBLISHED_DISPLAY_VALUE,"Restaurant, QSR, Pubs/Bars, Contract Caterers, Hotels, Brewries, Experiential Leisure",FOUR_SLOT_CARD,EMPTY_STAYS_EMPTY,SHOW_EMPTY,0,0,ACTIVE,ACTIVE,PUBLIC,UNLINKED,1.0,2026-08-18,Consolidate.xlsx,160
CRS-0635,CTF-0159,CARD-0635,INIT-0159,Timing Factors,DISPLAY_PUBLISHED,Simple payback (years) = upfront implementation cost ÷ verified annual net saving; lead time = go-live date − approval date.,Payback,universal payback benchmark; client capex and annual net saving required,PUBLISHED_DISPLAY_VALUE,"Restaurant, QSR, Pubs/Bars, Contract Caterers, Hotels, Brewries, Experiential Leisure",FOUR_SLOT_CARD,EMPTY_STAYS_EMPTY,SHOW_EMPTY,0,0,ACTIVE,ACTIVE,PUBLIC,UNLINKED,1.0,2026-08-18,Consolidate.xlsx,160
CRS-0636,CEF-0159,CARD-0636,INIT-0159,Efficiency Factors,DISPLAY_PUBLISHED,"Coverage % = completed or compliant scope ÷ eligible scope × 100; track exceptions, action closure and review cadence.",Efficiency,% decommissioned uniforms recovered by weight,PUBLISHED_DISPLAY_VALUE,"Restaurant, QSR, Pubs/Bars, Contract Caterers, Hotels, Brewries, Experiential Leisure",FOUR_SLOT_CARD,EMPTY_STAYS_EMPTY,SHOW_EMPTY,0,0,ACTIVE,ACTIVE,PUBLIC,UNLINKED,1.0,2026-08-18,Consolidate.xlsx,160
CRS-0637,CCF-0160,CARD-0637,INIT-0160,Cost Factors,DISPLAY_PUBLISHED,Annual net saving = avoided material or food kg × verified unit cost + avoided disposal cost − operating and maintenance cost.,Cost,transferable benchmark; client capex operating cost activity volume and avoided cost data required,PUBLISHED_DISPLAY_VALUE,"Restaurant, QSR, Pubs/Bars, Contract Caterers, Hotels, Brewries, Experiential Leisure",FOUR_SLOT_CARD,EMPTY_STAYS_EMPTY,SHOW_EMPTY,0,0,ACTIVE,ACTIVE,PUBLIC,UNLINKED,1.0,2026-08-18,Consolidate.xlsx,161
CRS-0638,CPF-0160,CARD-0638,INIT-0160,Carbon Factors,DISPLAY_PUBLISHED,"Avoided tCO₂e = avoided or diverted kg × verified lifecycle or disposal-route kgCO₂e/kg ÷ 1,000.",Carbon abatement,Baseline and post change material or waste volume plus verified lifecycle factor,PUBLISHED_DISPLAY_VALUE,"Restaurant, QSR, Pubs/Bars, Contract Caterers, Hotels, Brewries, Experiential Leisure",FOUR_SLOT_CARD,EMPTY_STAYS_EMPTY,SHOW_EMPTY,0,0,ACTIVE,ACTIVE,PUBLIC,UNLINKED,1.0,2026-08-18,Consolidate.xlsx,161
CRS-0639,CTF-0160,CARD-0639,INIT-0160,Timing Factors,DISPLAY_PUBLISHED,Simple payback (years) = upfront implementation cost ÷ verified annual net saving; lead time = go-live date − approval date.,Payback,universal payback benchmark; client capex and annual net saving required,PUBLISHED_DISPLAY_VALUE,"Restaurant, QSR, Pubs/Bars, Contract Caterers, Hotels, Brewries, Experiential Leisure",FOUR_SLOT_CARD,EMPTY_STAYS_EMPTY,SHOW_EMPTY,0,0,ACTIVE,ACTIVE,PUBLIC,UNLINKED,1.0,2026-08-18,Consolidate.xlsx,161
CRS-0640,CEF-0160,CARD-0640,INIT-0160,Efficiency Factors,DISPLAY_PUBLISHED,Waste improvement % = (baseline waste intensity − current waste intensity) ÷ baseline waste intensity × 100; track volume and avoided cost.,Efficiency,% takeaway packaging meeting the standard and % virgin plastic reduction,PUBLISHED_DISPLAY_VALUE,"Restaurant, QSR, Pubs/Bars, Contract Caterers, Hotels, Brewries, Experiential Leisure",FOUR_SLOT_CARD,EMPTY_STAYS_EMPTY,SHOW_EMPTY,0,0,ACTIVE,ACTIVE,PUBLIC,UNLINKED,1.0,2026-08-18,Consolidate.xlsx,161
CRS-0641,CCF-0161,CARD-0641,INIT-0161,Cost Factors,UNSPECIFIED,,Cost,,PUBLISHED_DISPLAY_VALUE,all,FOUR_SLOT_CARD,EMPTY_STAYS_EMPTY,SHOW_EMPTY,0,0,ACTIVE,ACTIVE,PUBLIC,GAP,1.0,2026-08-18,Consolidate.xlsx,162
CRS-0642,CPF-0161,CARD-0642,INIT-0161,Carbon Factors,UNSPECIFIED,,Carbon abatement,,PUBLISHED_DISPLAY_VALUE,all,FOUR_SLOT_CARD,EMPTY_STAYS_EMPTY,SHOW_EMPTY,0,0,ACTIVE,ACTIVE,PUBLIC,GAP,1.0,2026-08-18,Consolidate.xlsx,162
CRS-0643,CTF-0161,CARD-0643,INIT-0161,Timing Factors,UNSPECIFIED,,ROI,,PUBLISHED_DISPLAY_VALUE,all,FOUR_SLOT_CARD,EMPTY_STAYS_EMPTY,SHOW_EMPTY,0,0,ACTIVE,ACTIVE,PUBLIC,GAP,1.0,2026-08-18,Consolidate.xlsx,162
CRS-0644,CEF-0161,CARD-0644,INIT-0161,Efficiency Factors,UNSPECIFIED,,Efficiency,,PUBLISHED_DISPLAY_VALUE,all,FOUR_SLOT_CARD,EMPTY_STAYS_EMPTY,SHOW_EMPTY,0,0,ACTIVE,ACTIVE,PUBLIC,GAP,1.0,2026-08-18,Consolidate.xlsx,162
CRS-0645,CCF-0162,CARD-0645,INIT-0162,Cost Factors,UNSPECIFIED,,Cost,,PUBLISHED_DISPLAY_VALUE,all,FOUR_SLOT_CARD,EMPTY_STAYS_EMPTY,SHOW_EMPTY,0,0,ACTIVE,ACTIVE,PUBLIC,GAP,1.0,2026-08-18,Consolidate.xlsx,163
CRS-0646,CPF-0162,CARD-0646,INIT-0162,Carbon Factors,UNSPECIFIED,,Carbon abatement,,PUBLISHED_DISPLAY_VALUE,all,FOUR_SLOT_CARD,EMPTY_STAYS_EMPTY,SHOW_EMPTY,0,0,ACTIVE,ACTIVE,PUBLIC,GAP,1.0,2026-08-18,Consolidate.xlsx,163
CRS-0647,CTF-0162,CARD-0647,INIT-0162,Timing Factors,UNSPECIFIED,,ROI,,PUBLISHED_DISPLAY_VALUE,all,FOUR_SLOT_CARD,EMPTY_STAYS_EMPTY,SHOW_EMPTY,0,0,ACTIVE,ACTIVE,PUBLIC,GAP,1.0,2026-08-18,Consolidate.xlsx,163
CRS-0648,CEF-0162,CARD-0648,INIT-0162,Efficiency Factors,UNSPECIFIED,,Efficiency,,PUBLISHED_DISPLAY_VALUE,all,FOUR_SLOT_CARD,EMPTY_STAYS_EMPTY,SHOW_EMPTY,0,0,ACTIVE,ACTIVE,PUBLIC,GAP,1.0,2026-08-18,Consolidate.xlsx,163
CRS-0649,CCF-0163,CARD-0649,INIT-0163,Cost Factors,UNSPECIFIED,,Cost,,PUBLISHED_DISPLAY_VALUE,,FOUR_SLOT_CARD,EMPTY_STAYS_EMPTY,SHOW_EMPTY,0,0,ACTIVE,ACTIVE,PUBLIC,GAP,1.0,2026-08-18,Consolidate.xlsx,164
CRS-0650,CPF-0163,CARD-0650,INIT-0163,Carbon Factors,UNSPECIFIED,,Carbon abatement,,PUBLISHED_DISPLAY_VALUE,,FOUR_SLOT_CARD,EMPTY_STAYS_EMPTY,SHOW_EMPTY,0,0,ACTIVE,ACTIVE,PUBLIC,GAP,1.0,2026-08-18,Consolidate.xlsx,164
CRS-0651,CTF-0163,CARD-0651,INIT-0163,Timing Factors,UNSPECIFIED,,ROI,,PUBLISHED_DISPLAY_VALUE,,FOUR_SLOT_CARD,EMPTY_STAYS_EMPTY,SHOW_EMPTY,0,0,ACTIVE,ACTIVE,PUBLIC,GAP,1.0,2026-08-18,Consolidate.xlsx,164
CRS-0652,CEF-0163,CARD-0652,INIT-0163,Efficiency Factors,UNSPECIFIED,,Efficiency,,PUBLISHED_DISPLAY_VALUE,,FOUR_SLOT_CARD,EMPTY_STAYS_EMPTY,SHOW_EMPTY,0,0,ACTIVE,ACTIVE,PUBLIC,GAP,1.0,2026-08-18,Consolidate.xlsx,164
CRS-0653,CCF-0164,CARD-0653,INIT-0164,Cost Factors,UNSPECIFIED,,Cost,,PUBLISHED_DISPLAY_VALUE,,FOUR_SLOT_CARD,EMPTY_STAYS_EMPTY,SHOW_EMPTY,0,0,ACTIVE,ACTIVE,PUBLIC,GAP,1.0,2026-08-18,Consolidate.xlsx,165
CRS-0654,CPF-0164,CARD-0654,INIT-0164,Carbon Factors,UNSPECIFIED,,Carbon abatement,,PUBLISHED_DISPLAY_VALUE,,FOUR_SLOT_CARD,EMPTY_STAYS_EMPTY,SHOW_EMPTY,0,0,ACTIVE,ACTIVE,PUBLIC,GAP,1.0,2026-08-18,Consolidate.xlsx,165
CRS-0655,CTF-0164,CARD-0655,INIT-0164,Timing Factors,UNSPECIFIED,,ROI,,PUBLISHED_DISPLAY_VALUE,,FOUR_SLOT_CARD,EMPTY_STAYS_EMPTY,SHOW_EMPTY,0,0,ACTIVE,ACTIVE,PUBLIC,GAP,1.0,2026-08-18,Consolidate.xlsx,165
CRS-0656,CEF-0164,CARD-0656,INIT-0164,Efficiency Factors,UNSPECIFIED,,Efficiency,,PUBLISHED_DISPLAY_VALUE,,FOUR_SLOT_CARD,EMPTY_STAYS_EMPTY,SHOW_EMPTY,0,0,ACTIVE,ACTIVE,PUBLIC,GAP,1.0,2026-08-18,Consolidate.xlsx,165
CRS-0657,CCF-0165,CARD-0657,INIT-0165,Cost Factors,UNSPECIFIED,,Cost,,PUBLISHED_DISPLAY_VALUE,,FOUR_SLOT_CARD,EMPTY_STAYS_EMPTY,SHOW_EMPTY,0,0,ACTIVE,ACTIVE,PUBLIC,GAP,1.0,2026-08-18,Consolidate.xlsx,166
CRS-0658,CPF-0165,CARD-0658,INIT-0165,Carbon Factors,UNSPECIFIED,,Carbon abatement,,PUBLISHED_DISPLAY_VALUE,,FOUR_SLOT_CARD,EMPTY_STAYS_EMPTY,SHOW_EMPTY,0,0,ACTIVE,ACTIVE,PUBLIC,GAP,1.0,2026-08-18,Consolidate.xlsx,166
CRS-0659,CTF-0165,CARD-0659,INIT-0165,Timing Factors,UNSPECIFIED,,ROI,,PUBLISHED_DISPLAY_VALUE,,FOUR_SLOT_CARD,EMPTY_STAYS_EMPTY,SHOW_EMPTY,0,0,ACTIVE,ACTIVE,PUBLIC,GAP,1.0,2026-08-18,Consolidate.xlsx,166
CRS-0660,CEF-0165,CARD-0660,INIT-0165,Efficiency Factors,UNSPECIFIED,,Efficiency,,PUBLISHED_DISPLAY_VALUE,,FOUR_SLOT_CARD,EMPTY_STAYS_EMPTY,SHOW_EMPTY,0,0,ACTIVE,ACTIVE,PUBLIC,GAP,1.0,2026-08-18,Consolidate.xlsx,166
CRS-0661,CCF-0166,CARD-0661,INIT-0166,Cost Factors,UNSPECIFIED,,Cost,,PUBLISHED_DISPLAY_VALUE,,FOUR_SLOT_CARD,EMPTY_STAYS_EMPTY,SHOW_EMPTY,0,0,ACTIVE,ACTIVE,PUBLIC,GAP,1.0,2026-08-18,Consolidate.xlsx,167
CRS-0662,CPF-0166,CARD-0662,INIT-0166,Carbon Factors,UNSPECIFIED,,Carbon abatement,,PUBLISHED_DISPLAY_VALUE,,FOUR_SLOT_CARD,EMPTY_STAYS_EMPTY,SHOW_EMPTY,0,0,ACTIVE,ACTIVE,PUBLIC,GAP,1.0,2026-08-18,Consolidate.xlsx,167
CRS-0663,CTF-0166,CARD-0663,INIT-0166,Timing Factors,UNSPECIFIED,,ROI,,PUBLISHED_DISPLAY_VALUE,,FOUR_SLOT_CARD,EMPTY_STAYS_EMPTY,SHOW_EMPTY,0,0,ACTIVE,ACTIVE,PUBLIC,GAP,1.0,2026-08-18,Consolidate.xlsx,167
CRS-0664,CEF-0166,CARD-0664,INIT-0166,Efficiency Factors,UNSPECIFIED,,Efficiency,,PUBLISHED_DISPLAY_VALUE,,FOUR_SLOT_CARD,EMPTY_STAYS_EMPTY,SHOW_EMPTY,0,0,ACTIVE,ACTIVE,PUBLIC,GAP,1.0,2026-08-18,Consolidate.xlsx,167
CRS-0665,CCF-0167,CARD-0665,INIT-0167,Cost Factors,UNSPECIFIED,,Cost,,PUBLISHED_DISPLAY_VALUE,,FOUR_SLOT_CARD,EMPTY_STAYS_EMPTY,SHOW_EMPTY,0,0,ACTIVE,ACTIVE,PUBLIC,GAP,1.0,2026-08-18,Consolidate.xlsx,168
CRS-0666,CPF-0167,CARD-0666,INIT-0167,Carbon Factors,UNSPECIFIED,,Carbon abatement,,PUBLISHED_DISPLAY_VALUE,,FOUR_SLOT_CARD,EMPTY_STAYS_EMPTY,SHOW_EMPTY,0,0,ACTIVE,ACTIVE,PUBLIC,GAP,1.0,2026-08-18,Consolidate.xlsx,168
CRS-0667,CTF-0167,CARD-0667,INIT-0167,Timing Factors,UNSPECIFIED,,ROI,,PUBLISHED_DISPLAY_VALUE,,FOUR_SLOT_CARD,EMPTY_STAYS_EMPTY,SHOW_EMPTY,0,0,ACTIVE,ACTIVE,PUBLIC,GAP,1.0,2026-08-18,Consolidate.xlsx,168
CRS-0668,CEF-0167,CARD-0668,INIT-0167,Efficiency Factors,UNSPECIFIED,,Efficiency,,PUBLISHED_DISPLAY_VALUE,,FOUR_SLOT_CARD,EMPTY_STAYS_EMPTY,SHOW_EMPTY,0,0,ACTIVE,ACTIVE,PUBLIC,GAP,1.0,2026-08-18,Consolidate.xlsx,168
CRS-0669,CCF-0168,CARD-0669,INIT-0168,Cost Factors,UNSPECIFIED,,Cost,,PUBLISHED_DISPLAY_VALUE,"Restaurant, QSR, Pubs/Bars, Contract Caterers, Hotels, Brewries, Experiential Leisure",FOUR_SLOT_CARD,EMPTY_STAYS_EMPTY,SHOW_EMPTY,0,0,ACTIVE,ACTIVE,PUBLIC,GAP,1.0,2026-08-18,Consolidate.xlsx,169
CRS-0670,CPF-0168,CARD-0670,INIT-0168,Carbon Factors,UNSPECIFIED,,Carbon abatement,,PUBLISHED_DISPLAY_VALUE,"Restaurant, QSR, Pubs/Bars, Contract Caterers, Hotels, Brewries, Experiential Leisure",FOUR_SLOT_CARD,EMPTY_STAYS_EMPTY,SHOW_EMPTY,0,0,ACTIVE,ACTIVE,PUBLIC,GAP,1.0,2026-08-18,Consolidate.xlsx,169
CRS-0671,CTF-0168,CARD-0671,INIT-0168,Timing Factors,UNSPECIFIED,,ROI,,PUBLISHED_DISPLAY_VALUE,"Restaurant, QSR, Pubs/Bars, Contract Caterers, Hotels, Brewries, Experiential Leisure",FOUR_SLOT_CARD,EMPTY_STAYS_EMPTY,SHOW_EMPTY,0,0,ACTIVE,ACTIVE,PUBLIC,GAP,1.0,2026-08-18,Consolidate.xlsx,169
CRS-0672,CEF-0168,CARD-0672,INIT-0168,Efficiency Factors,UNSPECIFIED,,Efficiency,,PUBLISHED_DISPLAY_VALUE,"Restaurant, QSR, Pubs/Bars, Contract Caterers, Hotels, Brewries, Experiential Leisure",FOUR_SLOT_CARD,EMPTY_STAYS_EMPTY,SHOW_EMPTY,0,0,ACTIVE,ACTIVE,PUBLIC,GAP,1.0,2026-08-18,Consolidate.xlsx,169
CRS-0673,CCF-0169,CARD-0673,INIT-0169,Cost Factors,UNSPECIFIED,,Cost,,PUBLISHED_DISPLAY_VALUE,"Restaurant, QSR, Pubs/Bars, Contract Caterers, Hotels, Brewries, Experiential Leisure",FOUR_SLOT_CARD,EMPTY_STAYS_EMPTY,SHOW_EMPTY,0,0,ACTIVE,ACTIVE,PUBLIC,GAP,1.0,2026-08-18,Consolidate.xlsx,170
CRS-0674,CPF-0169,CARD-0674,INIT-0169,Carbon Factors,UNSPECIFIED,,Carbon abatement,,PUBLISHED_DISPLAY_VALUE,"Restaurant, QSR, Pubs/Bars, Contract Caterers, Hotels, Brewries, Experiential Leisure",FOUR_SLOT_CARD,EMPTY_STAYS_EMPTY,SHOW_EMPTY,0,0,ACTIVE,ACTIVE,PUBLIC,GAP,1.0,2026-08-18,Consolidate.xlsx,170
CRS-0675,CTF-0169,CARD-0675,INIT-0169,Timing Factors,UNSPECIFIED,,ROI,,PUBLISHED_DISPLAY_VALUE,"Restaurant, QSR, Pubs/Bars, Contract Caterers, Hotels, Brewries, Experiential Leisure",FOUR_SLOT_CARD,EMPTY_STAYS_EMPTY,SHOW_EMPTY,0,0,ACTIVE,ACTIVE,PUBLIC,GAP,1.0,2026-08-18,Consolidate.xlsx,170
CRS-0676,CEF-0169,CARD-0676,INIT-0169,Efficiency Factors,UNSPECIFIED,,Efficiency,,PUBLISHED_DISPLAY_VALUE,"Restaurant, QSR, Pubs/Bars, Contract Caterers, Hotels, Brewries, Experiential Leisure",FOUR_SLOT_CARD,EMPTY_STAYS_EMPTY,SHOW_EMPTY,0,0,ACTIVE,ACTIVE,PUBLIC,GAP,1.0,2026-08-18,Consolidate.xlsx,170
CRS-0677,CCF-0170,CARD-0677,INIT-0170,Cost Factors,UNSPECIFIED,,Cost,,PUBLISHED_DISPLAY_VALUE,"Restaurant, QSR, Pubs/Bars, Contract Caterers, Hotels, Brewries, Experiential Leisure",FOUR_SLOT_CARD,EMPTY_STAYS_EMPTY,SHOW_EMPTY,0,0,ACTIVE,ACTIVE,PUBLIC,GAP,1.0,2026-08-18,Consolidate.xlsx,171
CRS-0678,CPF-0170,CARD-0678,INIT-0170,Carbon Factors,UNSPECIFIED,,Carbon abatement,,PUBLISHED_DISPLAY_VALUE,"Restaurant, QSR, Pubs/Bars, Contract Caterers, Hotels, Brewries, Experiential Leisure",FOUR_SLOT_CARD,EMPTY_STAYS_EMPTY,SHOW_EMPTY,0,0,ACTIVE,ACTIVE,PUBLIC,GAP,1.0,2026-08-18,Consolidate.xlsx,171
CRS-0679,CTF-0170,CARD-0679,INIT-0170,Timing Factors,UNSPECIFIED,,ROI,,PUBLISHED_DISPLAY_VALUE,"Restaurant, QSR, Pubs/Bars, Contract Caterers, Hotels, Brewries, Experiential Leisure",FOUR_SLOT_CARD,EMPTY_STAYS_EMPTY,SHOW_EMPTY,0,0,ACTIVE,ACTIVE,PUBLIC,GAP,1.0,2026-08-18,Consolidate.xlsx,171
CRS-0680,CEF-0170,CARD-0680,INIT-0170,Efficiency Factors,UNSPECIFIED,,Efficiency,,PUBLISHED_DISPLAY_VALUE,"Restaurant, QSR, Pubs/Bars, Contract Caterers, Hotels, Brewries, Experiential Leisure",FOUR_SLOT_CARD,EMPTY_STAYS_EMPTY,SHOW_EMPTY,0,0,ACTIVE,ACTIVE,PUBLIC,GAP,1.0,2026-08-18,Consolidate.xlsx,171
CRS-0681,CCF-0171,CARD-0681,INIT-0171,Cost Factors,UNSPECIFIED,,Cost,,PUBLISHED_DISPLAY_VALUE,"Restaurant, QSR, Pubs/Bars, Contract Caterers, Hotels, Brewries, Experiential Leisure",FOUR_SLOT_CARD,EMPTY_STAYS_EMPTY,SHOW_EMPTY,0,0,ACTIVE,ACTIVE,PUBLIC,GAP,1.0,2026-08-18,Consolidate.xlsx,172
CRS-0682,CPF-0171,CARD-0682,INIT-0171,Carbon Factors,UNSPECIFIED,,Carbon abatement,,PUBLISHED_DISPLAY_VALUE,"Restaurant, QSR, Pubs/Bars, Contract Caterers, Hotels, Brewries, Experiential Leisure",FOUR_SLOT_CARD,EMPTY_STAYS_EMPTY,SHOW_EMPTY,0,0,ACTIVE,ACTIVE,PUBLIC,GAP,1.0,2026-08-18,Consolidate.xlsx,172
CRS-0683,CTF-0171,CARD-0683,INIT-0171,Timing Factors,UNSPECIFIED,,ROI,,PUBLISHED_DISPLAY_VALUE,"Restaurant, QSR, Pubs/Bars, Contract Caterers, Hotels, Brewries, Experiential Leisure",FOUR_SLOT_CARD,EMPTY_STAYS_EMPTY,SHOW_EMPTY,0,0,ACTIVE,ACTIVE,PUBLIC,GAP,1.0,2026-08-18,Consolidate.xlsx,172
CRS-0684,CEF-0171,CARD-0684,INIT-0171,Efficiency Factors,UNSPECIFIED,,Efficiency,,PUBLISHED_DISPLAY_VALUE,"Restaurant, QSR, Pubs/Bars, Contract Caterers, Hotels, Brewries, Experiential Leisure",FOUR_SLOT_CARD,EMPTY_STAYS_EMPTY,SHOW_EMPTY,0,0,ACTIVE,ACTIVE,PUBLIC,GAP,1.0,2026-08-18,Consolidate.xlsx,172
CRS-0685,CCF-0172,CARD-0685,INIT-0172,Cost Factors,UNSPECIFIED,,Cost,,PUBLISHED_DISPLAY_VALUE,"Restaurant, QSR, Pubs/Bars, Contract Caterers, Hotels, Brewries, Experiential Leisure",FOUR_SLOT_CARD,EMPTY_STAYS_EMPTY,SHOW_EMPTY,0,0,ACTIVE,ACTIVE,PUBLIC,GAP,1.0,2026-08-18,Consolidate.xlsx,173
CRS-0686,CPF-0172,CARD-0686,INIT-0172,Carbon Factors,UNSPECIFIED,,Carbon abatement,,PUBLISHED_DISPLAY_VALUE,"Restaurant, QSR, Pubs/Bars, Contract Caterers, Hotels, Brewries, Experiential Leisure",FOUR_SLOT_CARD,EMPTY_STAYS_EMPTY,SHOW_EMPTY,0,0,ACTIVE,ACTIVE,PUBLIC,GAP,1.0,2026-08-18,Consolidate.xlsx,173
CRS-0687,CTF-0172,CARD-0687,INIT-0172,Timing Factors,UNSPECIFIED,,ROI,,PUBLISHED_DISPLAY_VALUE,"Restaurant, QSR, Pubs/Bars, Contract Caterers, Hotels, Brewries, Experiential Leisure",FOUR_SLOT_CARD,EMPTY_STAYS_EMPTY,SHOW_EMPTY,0,0,ACTIVE,ACTIVE,PUBLIC,GAP,1.0,2026-08-18,Consolidate.xlsx,173
CRS-0688,CEF-0172,CARD-0688,INIT-0172,Efficiency Factors,UNSPECIFIED,,Efficiency,,PUBLISHED_DISPLAY_VALUE,"Restaurant, QSR, Pubs/Bars, Contract Caterers, Hotels, Brewries, Experiential Leisure",FOUR_SLOT_CARD,EMPTY_STAYS_EMPTY,SHOW_EMPTY,0,0,ACTIVE,ACTIVE,PUBLIC,GAP,1.0,2026-08-18,Consolidate.xlsx,173
CRS-0689,CCF-0173,CARD-0689,INIT-0173,Cost Factors,UNSPECIFIED,,Cost,,PUBLISHED_DISPLAY_VALUE,"Restaurant, QSR, Pubs/Bars, Contract Caterers, Hotels, Brewries, Experiential Leisure",FOUR_SLOT_CARD,EMPTY_STAYS_EMPTY,SHOW_EMPTY,0,0,ACTIVE,ACTIVE,PUBLIC,GAP,1.0,2026-08-18,Consolidate.xlsx,174
CRS-0690,CPF-0173,CARD-0690,INIT-0173,Carbon Factors,UNSPECIFIED,,Carbon abatement,,PUBLISHED_DISPLAY_VALUE,"Restaurant, QSR, Pubs/Bars, Contract Caterers, Hotels, Brewries, Experiential Leisure",FOUR_SLOT_CARD,EMPTY_STAYS_EMPTY,SHOW_EMPTY,0,0,ACTIVE,ACTIVE,PUBLIC,GAP,1.0,2026-08-18,Consolidate.xlsx,174
CRS-0691,CTF-0173,CARD-0691,INIT-0173,Timing Factors,UNSPECIFIED,,ROI,,PUBLISHED_DISPLAY_VALUE,"Restaurant, QSR, Pubs/Bars, Contract Caterers, Hotels, Brewries, Experiential Leisure",FOUR_SLOT_CARD,EMPTY_STAYS_EMPTY,SHOW_EMPTY,0,0,ACTIVE,ACTIVE,PUBLIC,GAP,1.0,2026-08-18,Consolidate.xlsx,174
CRS-0692,CEF-0173,CARD-0692,INIT-0173,Efficiency Factors,UNSPECIFIED,,Efficiency,,PUBLISHED_DISPLAY_VALUE,"Restaurant, QSR, Pubs/Bars, Contract Caterers, Hotels, Brewries, Experiential Leisure",FOUR_SLOT_CARD,EMPTY_STAYS_EMPTY,SHOW_EMPTY,0,0,ACTIVE,ACTIVE,PUBLIC,GAP,1.0,2026-08-18,Consolidate.xlsx,174
CRS-0693,CCF-0174,CARD-0693,INIT-0174,Cost Factors,UNSPECIFIED,,Cost,,PUBLISHED_DISPLAY_VALUE,"Restaurant, QSR, Pubs/Bars, Contract Caterers, Hotels, Brewries, Experiential Leisure",FOUR_SLOT_CARD,EMPTY_STAYS_EMPTY,SHOW_EMPTY,0,0,ACTIVE,ACTIVE,PUBLIC,GAP,1.0,2026-08-18,Consolidate.xlsx,175
CRS-0694,CPF-0174,CARD-0694,INIT-0174,Carbon Factors,UNSPECIFIED,,Carbon abatement,,PUBLISHED_DISPLAY_VALUE,"Restaurant, QSR, Pubs/Bars, Contract Caterers, Hotels, Brewries, Experiential Leisure",FOUR_SLOT_CARD,EMPTY_STAYS_EMPTY,SHOW_EMPTY,0,0,ACTIVE,ACTIVE,PUBLIC,GAP,1.0,2026-08-18,Consolidate.xlsx,175
CRS-0695,CTF-0174,CARD-0695,INIT-0174,Timing Factors,UNSPECIFIED,,ROI,,PUBLISHED_DISPLAY_VALUE,"Restaurant, QSR, Pubs/Bars, Contract Caterers, Hotels, Brewries, Experiential Leisure",FOUR_SLOT_CARD,EMPTY_STAYS_EMPTY,SHOW_EMPTY,0,0,ACTIVE,ACTIVE,PUBLIC,GAP,1.0,2026-08-18,Consolidate.xlsx,175
CRS-0696,CEF-0174,CARD-0696,INIT-0174,Efficiency Factors,UNSPECIFIED,,Efficiency,,PUBLISHED_DISPLAY_VALUE,"Restaurant, QSR, Pubs/Bars, Contract Caterers, Hotels, Brewries, Experiential Leisure",FOUR_SLOT_CARD,EMPTY_STAYS_EMPTY,SHOW_EMPTY,0,0,ACTIVE,ACTIVE,PUBLIC,GAP,1.0,2026-08-18,Consolidate.xlsx,175
CRS-0697,CCF-0175,CARD-0697,INIT-0175,Cost Factors,UNSPECIFIED,,Cost,,PUBLISHED_DISPLAY_VALUE,"Restaurant, QSR, Pubs/Bars, Contract Caterers, Hotels, Brewries, Experiential Leisure",FOUR_SLOT_CARD,EMPTY_STAYS_EMPTY,SHOW_EMPTY,0,0,ACTIVE,ACTIVE,PUBLIC,GAP,1.0,2026-08-18,Consolidate.xlsx,176
CRS-0698,CPF-0175,CARD-0698,INIT-0175,Carbon Factors,UNSPECIFIED,,Carbon abatement,,PUBLISHED_DISPLAY_VALUE,"Restaurant, QSR, Pubs/Bars, Contract Caterers, Hotels, Brewries, Experiential Leisure",FOUR_SLOT_CARD,EMPTY_STAYS_EMPTY,SHOW_EMPTY,0,0,ACTIVE,ACTIVE,PUBLIC,GAP,1.0,2026-08-18,Consolidate.xlsx,176
CRS-0699,CTF-0175,CARD-0699,INIT-0175,Timing Factors,UNSPECIFIED,,ROI,,PUBLISHED_DISPLAY_VALUE,"Restaurant, QSR, Pubs/Bars, Contract Caterers, Hotels, Brewries, Experiential Leisure",FOUR_SLOT_CARD,EMPTY_STAYS_EMPTY,SHOW_EMPTY,0,0,ACTIVE,ACTIVE,PUBLIC,GAP,1.0,2026-08-18,Consolidate.xlsx,176
CRS-0700,CEF-0175,CARD-0700,INIT-0175,Efficiency Factors,UNSPECIFIED,,Efficiency,,PUBLISHED_DISPLAY_VALUE,"Restaurant, QSR, Pubs/Bars, Contract Caterers, Hotels, Brewries, Experiential Leisure",FOUR_SLOT_CARD,EMPTY_STAYS_EMPTY,SHOW_EMPTY,0,0,ACTIVE,ACTIVE,PUBLIC,GAP,1.0,2026-08-18,Consolidate.xlsx,176
CRS-0701,CCF-0176,CARD-0701,INIT-0176,Cost Factors,UNSPECIFIED,,Cost,,PUBLISHED_DISPLAY_VALUE,"Restaurant, QSR, Pubs/Bars, Contract Caterers, Hotels, Brewries, Experiential Leisure",FOUR_SLOT_CARD,EMPTY_STAYS_EMPTY,SHOW_EMPTY,0,0,ACTIVE,ACTIVE,PUBLIC,GAP,1.0,2026-08-18,Consolidate.xlsx,177
CRS-0702,CPF-0176,CARD-0702,INIT-0176,Carbon Factors,UNSPECIFIED,,Carbon abatement,,PUBLISHED_DISPLAY_VALUE,"Restaurant, QSR, Pubs/Bars, Contract Caterers, Hotels, Brewries, Experiential Leisure",FOUR_SLOT_CARD,EMPTY_STAYS_EMPTY,SHOW_EMPTY,0,0,ACTIVE,ACTIVE,PUBLIC,GAP,1.0,2026-08-18,Consolidate.xlsx,177
CRS-0703,CTF-0176,CARD-0703,INIT-0176,Timing Factors,UNSPECIFIED,,ROI,,PUBLISHED_DISPLAY_VALUE,"Restaurant, QSR, Pubs/Bars, Contract Caterers, Hotels, Brewries, Experiential Leisure",FOUR_SLOT_CARD,EMPTY_STAYS_EMPTY,SHOW_EMPTY,0,0,ACTIVE,ACTIVE,PUBLIC,GAP,1.0,2026-08-18,Consolidate.xlsx,177
CRS-0704,CEF-0176,CARD-0704,INIT-0176,Efficiency Factors,UNSPECIFIED,,Efficiency,,PUBLISHED_DISPLAY_VALUE,"Restaurant, QSR, Pubs/Bars, Contract Caterers, Hotels, Brewries, Experiential Leisure",FOUR_SLOT_CARD,EMPTY_STAYS_EMPTY,SHOW_EMPTY,0,0,ACTIVE,ACTIVE,PUBLIC,GAP,1.0,2026-08-18,Consolidate.xlsx,177
CRS-0705,CCF-0177,CARD-0705,INIT-0177,Cost Factors,UNSPECIFIED,,Cost,,PUBLISHED_DISPLAY_VALUE,"Restaurant, QSR, Pubs/Bars, Contract Caterers, Hotels, Brewries, Experiential Leisure",FOUR_SLOT_CARD,EMPTY_STAYS_EMPTY,SHOW_EMPTY,0,0,ACTIVE,ACTIVE,PUBLIC,GAP,1.0,2026-08-18,Consolidate.xlsx,178
CRS-0706,CPF-0177,CARD-0706,INIT-0177,Carbon Factors,UNSPECIFIED,,Carbon abatement,,PUBLISHED_DISPLAY_VALUE,"Restaurant, QSR, Pubs/Bars, Contract Caterers, Hotels, Brewries, Experiential Leisure",FOUR_SLOT_CARD,EMPTY_STAYS_EMPTY,SHOW_EMPTY,0,0,ACTIVE,ACTIVE,PUBLIC,GAP,1.0,2026-08-18,Consolidate.xlsx,178
CRS-0707,CTF-0177,CARD-0707,INIT-0177,Timing Factors,UNSPECIFIED,,ROI,,PUBLISHED_DISPLAY_VALUE,"Restaurant, QSR, Pubs/Bars, Contract Caterers, Hotels, Brewries, Experiential Leisure",FOUR_SLOT_CARD,EMPTY_STAYS_EMPTY,SHOW_EMPTY,0,0,ACTIVE,ACTIVE,PUBLIC,GAP,1.0,2026-08-18,Consolidate.xlsx,178
CRS-0708,CEF-0177,CARD-0708,INIT-0177,Efficiency Factors,UNSPECIFIED,,Efficiency,,PUBLISHED_DISPLAY_VALUE,"Restaurant, QSR, Pubs/Bars, Contract Caterers, Hotels, Brewries, Experiential Leisure",FOUR_SLOT_CARD,EMPTY_STAYS_EMPTY,SHOW_EMPTY,0,0,ACTIVE,ACTIVE,PUBLIC,GAP,1.0,2026-08-18,Consolidate.xlsx,178
CRS-0709,CCF-0178,CARD-0709,INIT-0178,Cost Factors,UNSPECIFIED,,Cost,,PUBLISHED_DISPLAY_VALUE,"Brewries, Pubs/Bars (partial)",FOUR_SLOT_CARD,EMPTY_STAYS_EMPTY,SHOW_EMPTY,0,0,ACTIVE,ACTIVE,PUBLIC,GAP,1.0,2026-08-18,Consolidate.xlsx,179
CRS-0710,CPF-0178,CARD-0710,INIT-0178,Carbon Factors,UNSPECIFIED,,Carbon abatement,,PUBLISHED_DISPLAY_VALUE,"Brewries, Pubs/Bars (partial)",FOUR_SLOT_CARD,EMPTY_STAYS_EMPTY,SHOW_EMPTY,0,0,ACTIVE,ACTIVE,PUBLIC,GAP,1.0,2026-08-18,Consolidate.xlsx,179
CRS-0711,CTF-0178,CARD-0711,INIT-0178,Timing Factors,UNSPECIFIED,,ROI,,PUBLISHED_DISPLAY_VALUE,"Brewries, Pubs/Bars (partial)",FOUR_SLOT_CARD,EMPTY_STAYS_EMPTY,SHOW_EMPTY,0,0,ACTIVE,ACTIVE,PUBLIC,GAP,1.0,2026-08-18,Consolidate.xlsx,179
CRS-0712,CEF-0178,CARD-0712,INIT-0178,Efficiency Factors,UNSPECIFIED,,Efficiency,,PUBLISHED_DISPLAY_VALUE,"Brewries, Pubs/Bars (partial)",FOUR_SLOT_CARD,EMPTY_STAYS_EMPTY,SHOW_EMPTY,0,0,ACTIVE,ACTIVE,PUBLIC,GAP,1.0,2026-08-18,Consolidate.xlsx,179
CRS-0713,CCF-0179,CARD-0713,INIT-0179,Cost Factors,UNSPECIFIED,,Cost,,PUBLISHED_DISPLAY_VALUE,"Brewries, Pubs/Bars (partial)",FOUR_SLOT_CARD,EMPTY_STAYS_EMPTY,SHOW_EMPTY,0,0,ACTIVE,ACTIVE,PUBLIC,GAP,1.0,2026-08-18,Consolidate.xlsx,180
CRS-0714,CPF-0179,CARD-0714,INIT-0179,Carbon Factors,UNSPECIFIED,,Carbon abatement,,PUBLISHED_DISPLAY_VALUE,"Brewries, Pubs/Bars (partial)",FOUR_SLOT_CARD,EMPTY_STAYS_EMPTY,SHOW_EMPTY,0,0,ACTIVE,ACTIVE,PUBLIC,GAP,1.0,2026-08-18,Consolidate.xlsx,180
CRS-0715,CTF-0179,CARD-0715,INIT-0179,Timing Factors,UNSPECIFIED,,ROI,,PUBLISHED_DISPLAY_VALUE,"Brewries, Pubs/Bars (partial)",FOUR_SLOT_CARD,EMPTY_STAYS_EMPTY,SHOW_EMPTY,0,0,ACTIVE,ACTIVE,PUBLIC,GAP,1.0,2026-08-18,Consolidate.xlsx,180
CRS-0716,CEF-0179,CARD-0716,INIT-0179,Efficiency Factors,UNSPECIFIED,,Efficiency,,PUBLISHED_DISPLAY_VALUE,"Brewries, Pubs/Bars (partial)",FOUR_SLOT_CARD,EMPTY_STAYS_EMPTY,SHOW_EMPTY,0,0,ACTIVE,ACTIVE,PUBLIC,GAP,1.0,2026-08-18,Consolidate.xlsx,180
