Topic,Sub-Topic,Initiative,Old Initiative,Sector Included,Sector not included,Description,WHY/BENEFIT,How (Implementation Steps),KPI,Cost - Interface Language,Cost - Factor Value,Cost - Evidence Logic,Cost  - Evidence Link / Exact Location (URL + page/sheet + before/after cells),Carbon Abatement - Interface Language,Carbon Abatement Potential - Factor Value,Carbon Abatement Potential - Evidence Logic,Carbon Abatement Potential - Evidence Link / Exact Location (URL + page/sheet + before/after cells),ROI / Timing - Interface Language,ROI / Timing - Factor Value,ROI / Timing - Evidence Logic,ROI / Timing - Evidence Link / Exact Location (URL + page/sheet + before/after cells),Efficiency / Other Impact - Interface Language,Efficiency / Other Impact - Factor Value,Efficiency / Other Impact - Evidence Logic,Efficiency / Other Impact - Evidence Link / Exact Location (URL + page/sheet + before/after cells),Case Studies & Benchmarks,Case Study Source Links
Energy & Buildings,Buildings & Refrigerants & Fugitive Emissions,Adopt a net-zero buildings plan,Adopt a net-zero buildings plan,"Restaurants, QSRs, Pubs/Bars/Breweries, Hotels, Experiential Leisure; Contract Caterers only where delegated asset/capital control is documented","Exclude sites where the operator does not control the relevant asset, utility, specification or capital decision.","Set the portfolio baseline, target pathway, technology sequence, governance, budget envelope and review cadence for buildings. This is a portfolio plan, not a substitute for individual measures.","Hospitality estates are energy-intensive, operate long hours and renew assets in recurring cycles. A costed portfolio plan sequences measures around refurbishments and replacements, reduces stranded capex and gives operators a credible path for investors, clients and customers.","1) Define ownership/lease boundary. 2) Baseline energy, refrigerants and capex cycles. 3) Model measure bundles and dependencies. 4) Approve annual portfolio roadmap. 5) Refresh with measured performance.","% of controlled floor area covered by an approved, costed decarbonisation pathway; % of planned milestones delivered","Developing a net-zero building plan requires specialist assessment, staff time and programme management; budget per portfolio, site or project.",,,,Projects approved through the net-zero building plan are measured in verified downstream tCO₂e per site per year.,,,,Calculate payback for a net-zero building plan as quoted implementation cost ÷ verified annual utility and maintenance savings.,,,,"Developing a net-zero building plan improves capital sequencing and accountability through a portfolio baseline, costed pathway and milestone tracking.",,,,"Hotels & Restaurants: Portfolio net-zero plan – Whitbread
Rolling out low-carbon rooms across the estate delivered 2,300 low-carbon rooms and a 63% reduction in Scope 1 and 2 emissions intensity versus 2016/17. [1]

QSR: Net-zero restaurant blueprint – McDonald’s Market Drayton
McDonald’s replaced conventional man-made insulation with British sheep wool, used 250 m² of cladding made from recycled IT and white goods, and installed more than 1,000 kerbs made from 182 recycled plastic bottles each instead of conventional concrete kerbs. Two wind turbines and 92 m² of solar panels generate 60,000 kWh per year, while each recycled kerb has a 25 kgCO₂ lower footprint than a concrete equivalent. [2]","Whitbread ESG Report — https://www.whitbread.co.uk/esg-report/ [1]
McDonald’s UK Net-Zero Restaurant — https://www.mcdonalds.com/gb/en-gb/newsroom/article/uk_net_zero_carbon.html [2]"
Energy & Buildings,Buildings & Refrigerants & Fugitive Emissions,Measure and verify building energy performance,No,"Restaurants, QSRs, Pubs/Bars/Breweries, Hotels, Contract Caterers, Experiential Leisure",Exclude sites without sufficient interval or billing data until a baseline can be established.,"Establish adjusted baselines and compare post-implementation energy, cost and carbon performance with forecast outcomes. Meter installation and BEMS control remain separate initiatives.","Thin margins and changing occupancy, trading hours and weather can make projected savings difficult to trust. Normalised measurement verifies which projects actually reduce bills and carbon, strengthens future investment cases and protects supplier performance guarantees.",Define baseline period and adjustment variables; record meter boundaries; verify installation; compare like-for-like post-period data; investigate variance; lock the approved result and evidence trail.,% of completed measures with an approved baseline and 12-month verified saving; variance between forecast and realised saving,Measuring and verifying building energy performance costs 1.5%–3.0% of annual guaranteed project savings.,1.5%–3.0% of annual guaranteed project cost savings,Annual M&V cost = annual guaranteed project cost savings × 1.5%–3.0%,"1.5% and 3.0%: https://www.energy.gov/sites/default/files/2024-10/mv_guide_5_0.pdf | Section 5.2.2, printed p.43","Each verified electricity kWh saved through M&V represents 0.13096 kgCO₂e, while each verified gas kWh saved represents 0.18231 kgCO₂e.",0.13096 kgCO2e per verified electricity kWh saved; 0.18231 kgCO2e per verified gas kWh saved,"Verified annual tCO2e saving = (verified electricity kWh saved × 0.13096 + verified gas kWh saved × 0.18231) ÷ 1,000","0.13096: https://www.gov.uk/government/publications/greenhouse-gas-reporting-conversion-factors-2026 | 2026 full-set workbook, “UK electricity”!E25; cross-check: official methodology report, Table 1.6, printed p.28. 0.18231: same GOV.UK page | 2026 full-set workbook, “Fuels”!D42","Allow 9–12 months of performance data for the first annual M&V result, followed by annual reporting.",Option C whole-facility M&V: at least 9 months (preferably 12 months) of performance data for the first annual savings result; annual M&V reporting thereafter,First annual savings result = annualised from at least 9 months (preferably 12 months) of performance data; reporting interval = each performance year,"9 and 12 months: https://www.energy.gov/sites/default/files/2024-10/mv_guide_5_0.pdf | Section 4.4, printed p.25 (Option C); annual M&V report for each performance year: same source | Section 2.2.7, printed p.12",Measuring and verifying performance identified an additional cost-saving opportunity equal to 2.9% of annual reported savings.,2.9% additional cost-saving opportunity identified versus annual reported savings,£13.1275m ÷ £447.6676m = 2.9%,"£13.1275m and £447.6676m = source raw values (millions) 16.322699 and 556.629944 converted at 1.2434 source-currency units per £1. Source figures: https://www.energy.gov/sites/default/files/2024-12/2023_savings-espcs.pdf | Section 3.4, printed p.14; conversion divisor 1.2434: https://www.bankofengland.co.uk/boeapps/database/fromshowcolumns.asp?SeriesCodes=XUAAUSS | 2023 annual average","Hotels: Integrated HVAC, BEMS and CHP optimisation – Radisson Blu
The 218-room hotel had individually commissioned HVAC, BEMS, absorption-chiller and 285 kW bio-oil CHP systems that were not operating as one coordinated system. Existing submeters were connected to the Trend BEMS, half-hourly data established the baseline, analytics identified anomalies, and the CHP, boilers and electric and absorption chillers were then retuned and continuously recommissioned, reducing total energy by 30%, electricity by 17% and gas by 41% with payback under 12 months. [1]

Leased Buildings: Owner-occupier energy management – York House
The landlord and occupier formed an Environmental Management Group, installed automatic 15-minute energy monitoring, separated landlord-controlled common-area and HVAC loads from occupier-controlled loads, and agreed an annual Environmental Action Plan with named responsibilities. Annual energy fell by 1.1 million kWh, saving £63,000 and 416 tCO₂; landlord-controlled energy fell 32% and occupier-controlled energy fell 9%. [2]","Optimised Radisson Blu Case Study — https://www.optimised.net/services/case-studies/radisson-blu [1]
Better Buildings Partnership York House Case — https://www.betterbuildingspartnership.co.uk/sites/default/files/media/attachment/BBP%20Green%20Building%20Managment%20Toolkit.pdf [2]"
Energy & Buildings,Buildings & Refrigerants & Fugitive Emissions,Optimise and upgrade HVAC systems and controls,Install energy efficient HVAC systems,"Restaurants, QSRs, Pubs/Bars/Breweries, Hotels, Experiential Leisure; Contract Caterers only where delegated asset/capital control is documented","Exclude sites where the operator does not control the relevant asset, utility, specification or capital decision.","Follow a repair-before-replace pathway: recommission sensors, valves, actuators, setpoints and sequencing to restore intended HVAC performance; replace chillers, air-handling units or packaged plant only where equipment is end-of-life, unreliable, incorrectly sized or materially less efficient than suitable modern alternatives.","A staged HVAC approach protects guest comfort and operational continuity while avoiding premature capital replacement. Recommissioning removes control-related waste at relatively low cost, while planned replacement of inefficient or unreliable plant can reduce energy exposure, emergency capex and service disruption.","Survey plant, controls, loads and fault history; correct sensor, valve and sequencing faults first; compare continued repair, recommissioning and replacement; right-size and procure efficient plant where justified; commission and verify comfort, ventilation and energy performance.",% of eligible HVAC systems recommissioned or replaced; seasonal efficiency of upgraded plant; adjusted annual heating/cooling electricity and gas kWh and tCO2e saved,"Recommissioning HVAC sensors and controls costs £1.24–£4.68/m², with a £2.20/m² median; replacement benchmarks are £180/kW for air-cooled chillers and £4,300–£16,000 per m³/s for AHUs.","Recommissioning: £1.24–£4.68/m²; median £2.20/m² (2017 prices)
Air-cooled chiller: £180/kW total; £20/kW high-efficiency premium (2019 prices)
AHU: £16,000/m³/s at 1 m³/s or £4,300/m³/s at 13 m³/s; high-efficiency premiums £1,500 and £400/m³/s respectively (2019 prices)
Packaged AHU: £181,000 for 10.8 m³/s (2023 estimate)","Recommissioning: £1.24/m² = US$1.60 ÷ 1.2888; £2.20/m² = US$2.84 ÷ 1.2888; £4.68/m² = US$6.03 ÷ 1.2888
Chiller premium = £180−£160=£20/kW
1 m³/s AHU premium = £16,000−£14,500=£1,500/m³/s
13 m³/s AHU premium = £4,300−£3,900=£400/m³/s
Packaged AHU total = (10.8×£12,000)+£10,000+£41,880=£181,480≈£181,000","Recommissioning cost and 985-project sample: https://eta-publications.lbl.gov/sites/default/files/crowe_-_building_commissioning_costs_and_savings_.pdf | Table 8, printed p.14; 2017 prices: same report | printed p.5; GBP conversion divisor 1.2888: https://www.bankofengland.co.uk/boeapps/database/fromshowcolumns.asp?SeriesCodes=XUAAUSS | 2017 annual average
Chiller and AHU benchmarks: https://assets.publishing.service.gov.uk/media/6006d75cd3bf7f0bf2e84d71/201209_Future_Buildings_Standard_consultation_IA.pdf | Tables B.1 and B.3, printed pp.62–63
Packaged AHU estimate: https://www.broxbourne.gov.uk/downloads/file/4588/the-spotlight-decarbonisation-study-1-0 | Table 28, printed p.41","Recommissioning HVAC controls can reduce whole-building energy use by 3.4%–12.4%, with a 6.4% median; benchmark chiller and AHU upgrades can reduce component electricity by 18.2% and 11.5% respectively.","Recommissioning: 3.4%–12.4% whole-building source-energy saving; median 6.4%
Chiller: theoretical 18.2% lower input electricity at equal cooling output; 0.02381 kgCO2e avoided per baseline electricity kWh
AHU: theoretical 11.5% lower fan electricity at equal airflow and runtime; 0.01511 kgCO2e avoided per baseline electricity kWh
Packaged HVAC: site-specific electricity and carbon reduction based on verified seasonal efficiency improvement","Recommissioning energy saving = baseline source energy × 3.4%–12.4% (median 6.4%); annual tCO2e saving = (verified electricity kWh saved × 0.13096 + verified gas kWh saved × 0.18231) ÷ 1,000
Chiller at equal cooling output: 1−(3.6÷4.4)=18.2%; 18.2%×0.13096=0.02381 kgCO2e/kWh
AHU at equal airflow and runtime: (2.6−2.3)÷2.6=11.5%; 11.5%×0.13096=0.01511 kgCO2e/kWh","Recommissioning savings and 446-project sample: https://eta-publications.lbl.gov/sites/default/files/crowe_-_building_commissioning_costs_and_savings_.pdf | Table 8, printed p.14; HVAC-related measures: same source | printed p.10
Chiller SSEER 3.6 and 4.4 and AHU SFP 2.6 and 2.3 W/(l/s): https://assets.publishing.service.gov.uk/media/6006d75cd3bf7f0bf2e84d71/201209_Future_Buildings_Standard_consultation_IA.pdf | Table 5, printed p.28 and Table B.3, printed p.63
2026 factors 0.13096 kgCO2e/kWh electricity and 0.18231 kgCO2e/kWh natural gas: https://www.gov.uk/government/publications/greenhouse-gas-reporting-conversion-factors-2026 | full-set workbook “UK electricity”!E25 and “Fuels”!D42","HVAC recommissioning has a cited simple payback of 0.8–3.5 years, with a 1.7-year median; a 400 kW high-efficiency chiller premium has a 2.2-year energy-only payback benchmark.","Recommissioning: 0.8–3.5 years; median simple payback 1.7 years
High-efficiency chiller incremental premium: 2.2-year energy-only simple payback for a 400 kW benchmark","Recommissioning simple payback = project cost ÷ first-year energy cost saving; 25th percentile 0.8 years, median 1.7 years, 75th percentile 3.5 years; sample 656 projects
Chiller premium payback = £10,000 incremental capital cost ÷ £4,600 annual energy saving = 2.17 years ≈ 2.2 years","Recommissioning payback and 656-project sample: https://eta-publications.lbl.gov/sites/default/files/crowe_-_building_commissioning_costs_and_savings_.pdf | Table 8, printed p.14
Chiller benchmark £10,000 incremental cost, £4,600/year saving, 400 kW and 2,000 operating hours/year: https://assets.publishing.service.gov.uk/media/65dc4e4e964ca8001cc6e8b8/TIL_-_Industrial_Refrigeration_-_April_2020.pdf | printed p.12; £4,600 and 41,800 kWh/year also shown at https://etl.energysecurity.gov.uk/products/refrigeration-equipment/industrial-refrigeration-equipment. Process-cooling benchmark; validate with a site-specific supplier quote.",Recommissioning restores intended control performance before capital replacement; benchmark upgrades raise chiller SSEER from 3.6 to 4.4 and reduce AHU SFP from 2.6 to 2.3 W/(l/s).,"Recommissioning: median 6.4% whole-building source-energy saving
Chiller specification benchmark: SSEER 3.6 → 4.4 (+22.2%); theoretical input-energy reduction 18.2% at equal cooling output
AHU specification benchmark: SFP 2.6 → 2.3 W/(l/s) (−11.5%) at equal airflow and runtime","Chiller SSEER uplift = (4.4−3.6)÷3.6=22.2%; theoretical input-energy reduction = 1−(3.6÷4.4)=18.2%
AHU SFP reduction = (2.6−2.3)÷2.6=11.5%; actual site performance depends on load, controls, ductwork and operating hours
Recommissioning median 6.4% reflects whole-building source-energy savings across the cited project sample and is not additive to the equipment-specific benchmarks","Recommissioning 6.4% median: https://eta-publications.lbl.gov/sites/default/files/crowe_-_building_commissioning_costs_and_savings_.pdf | Table 8, printed p.14
Chiller SSEER 3.6 vs 4.4: https://assets.publishing.service.gov.uk/media/6006d75cd3bf7f0bf2e84d71/201209_Future_Buildings_Standard_consultation_IA.pdf | Table 5, printed p.28
AHU SFP 2.6 vs 2.3 W/(l/s): same source | Table B.3, printed p.63","Pubs / Community Hospitality: Heating-control recommissioning – Coplow Centre
The venue’s hall, meeting rooms, bar and commercial kitchen previously relied on costly heating with long warm-up times and limited control. A HeatingSave control system was installed to coordinate the boiler, radiant heater and solar system, link operating schedules to room bookings and occupancy sensors, and use self-learning optimum-start control, reducing the gas bill by 51% and warm-up time by 90%. [1]

Hotels: Whole-building HVAC and BEMS recommissioning – Radisson Blu
Rather than replacing the plant, the hotel used existing submeters and half-hourly BEMS data to diagnose poor interaction between HVAC, a 285 kW bio-oil CHP, boilers, an absorption chiller and electric chillers. Coordinating and continuously retuning these systems reduced total energy by 30%, electricity by 17% and gas by 41%, with payback under 12 months. [2]

Hotels / Resorts: Air-cooled to water-cooled chiller replacement – Commercial Resort, Bogor
The five-floor resort and convention centre has 7,738 m² of conditioned space covering its lobby, ballrooms, meeting rooms, restaurants and guestrooms. Three fixed-speed McQuay air-cooled screw chillers installed in 1999, each rated at 155 TR (545.11 kW), COP 5.71 and IPLV 3.82, were replaced in 2020 by two fixed-speed TICA water-cooled screw chillers, each rated at 185 TR (650.62 kW), COP 6.07 and IPLV 5.59. Modelled and measured post-installation performance showed 17.5% lower energy consumption, 2,860 tCO₂e lower annual emissions and 13.4% lower life-cycle cost while maintaining indoor comfort. [3]

QSR: Rooftop HVAC and kitchen-hood redesign – Wendy’s
At two rebuilt restaurants in Mobile, Alabama, the control site used two high-efficiency rooftop units plus a dedicated make-up-air unit, while the upgraded site paired new lower-airflow kitchen hoods with two Trane Voyager rooftop units using eFlex variable-speed compressors. Over the first 8 months, total energy fell 24% at the upgraded site versus 13% at the control; a later Columbus retrofit cut rooftop-unit energy by more than 60% and total restaurant energy by more than 10%. [4]","Energy Technology List Coplow Centre Case — https://etl.energysecurity.gov.uk/news-events/news/evidence-efficiency-case-studies-real-world-impact-etl-listed-products [1]
Optimised Radisson Blu Case Study — https://www.optimised.net/services/case-studies/radisson-blu [2]
Soewono et al. (2023), Engineering and Applied Science Research — https://ph01.tci-thaijo.org/index.php/easr/article/view/252559 [3]
Trane Wendy’s HVAC Case Study — https://www.trane.com/commercial/north-america/us/en/about-us/newsroom/case-studies/retail/Wendys.html [4]"
Energy & Buildings,Energy Management,Install smart draught beverage dispense systems,Implement Smart Dispense Systems,"Pubs, bars and breweries; restaurants, hotels, experiential leisure and contract caterers operating draught beer or cider","Sites without draught beer or cider service, including most QSR; concession sites without control of dispense equipment","Replace standard draught lines with a closed, continuously cooled keg-to-tap system combining insulated product lines, secondary gas control, foam management, efficient cooling and scheduled professional cleaning. The system maintains consistent beer and cider temperature, reduces fobbing and extends line-cleaning intervals from weekly to every 6–12 weeks.","Beer, water, dispense gas and cleaning chemicals are lost during line cleaning, while temperature hot spots increase foam, waste and inconsistent serves. Smart dispense systems reduce these losses, release staff time, improve saleable yield and protect drink quality and repeat sales.","Measure draught volume, taps, cleaning frequency, wastage and cellar energy; select a cellar-, bar- or underbar system; survey line routes and cooling; install insulated cooled lines, controls and compatible dispense equipment; train staff on keg changes, hygiene and perfect-pour routines; move to supplier-managed 6- or 12-week cleaning; track yield, water, energy, quality and sales.",Draught yield and fobbing rate; pints and litres lost per line clean; line-clean frequency; staff cleaning hours; cellar and remote-cooler kWh; sales per tap; drink-quality complaints,"HEINEKEN’s published 2025 service fees are £30 per tap per month for its own and partner brands and £50 for third-party brands, while current cellar and remote energy controls cost £31 and £16 per month.","SmartDispense CellarPro, BarPro CF or CellarPro CF: £30/tap/month ex VAT for HEINEKEN and partner brands; £50/tap/month for third-party brands. Underbar: £35/£55 per tap/month. Cellar Manager: £31/month. Remote Manager: £16/month. Ten partner-brand taps plus both energy controls: £4,164/year ex VAT.","The 2025 terms provide the per-tap monthly service fees. The 10-tap benchmark is (10 × £30 + £31 + £16) × 12 = £4,164 ex VAT. HEINEKEN retains ownership of installed SmartDispense equipment, so the published equipment values are replacement values rather than customer purchase prices.","HEINEKEN SmartDispense Terms and Conditions 2025, Schedule 1 fees and Schedule 2 equipment values: https://smartdispense.heineken.co.uk/wp-content/uploads/2025/05/SmartDispenseTermsAndConditions-2025-1.pdf
HEINEKEN Cellar Manager, £31/month: https://smartdispense.heineken.co.uk/technology/cellar-systems/cellar-manager/
HEINEKEN Remote Manager, £16/month: https://smartdispense.heineken.co.uk/technology/cellar-systems/remote-manager/","Adding Cellar Manager and Remote Manager can avoid 6,971 kWh and 1.43 tCO2e per venue each year.","Cellar Manager: 5,221 kWh and 1.11 tCO2e/year; Remote Manager: 1,750 kWh and 0.32 tCO2e/year; combined: 6,971 kWh and 1.43 tCO2e/year","The combined benchmark adds the two HEINEKEN control examples: 5,221 + 1,750 = 6,971 kWh/year and 1.11 + 0.32 = 1.43 tCO2e/year. This covers cooling-control electricity only; avoided beer, water, dispense gas and cleaning chemicals are additional but are not converted to carbon because the cited sources do not provide product-specific factors.","HEINEKEN Cellar Manager, published annual energy and carbon savings: https://smartdispense.heineken.co.uk/technology/cellar-systems/cellar-manager/
HEINEKEN Remote Manager, published annual energy and carbon savings: https://smartdispense.heineken.co.uk/technology/cellar-systems/remote-manager/","Adding Cellar Manager and Remote Manager costs £564 a year and produces £1,478 net annual benefit in HEINEKEN’s published examples, equivalent to 262% annual ROI.","Annual service fees: £564 ex VAT; gross annual energy-cost saving: £2,042; net annual benefit: £1,478; annual ROI: 262%; assumed electricity price: £0.2929/kWh","Annual fees = (£31 + £16) × 12 = £564. Gross annual saving = £1,529 + £513 = £2,042. Net annual benefit = £2,042 − £564 = £1,478. Annual ROI = £1,478 ÷ £564 = 262%. This combines two supplier worked examples at £0.2929/kWh and excludes wider product, water, chemical, labour and sales benefits.","HEINEKEN Cellar Manager, £31/month and £1,157 net annual benefit: https://smartdispense.heineken.co.uk/technology/cellar-systems/cellar-manager/
HEINEKEN Remote Manager, £16/month and £321 net annual benefit: https://smartdispense.heineken.co.uk/technology/cellar-systems/remote-manager/","Extending line cleaning from weekly to every 6–12 weeks saves around 18,000 pints of beer, water, gas and chemicals and 156 staff hours a year, while consistent quality and training are associated with a 4% sales increase.","18,000 pints/year combined beer, water, gas and chemicals; 156 staff hours/year; 85% reduction in beer, water, CO2 and cleaning-material waste from weekly to six-weekly cleaning; average 8,000 pints of water/year; 4% annual sales increase","The 18,000-pint figure is HEINEKEN’s current CellarPro average for 10 taps, weekly baseline cleaning and at least three kegs per tap per week. The 156 hours assumes three staff hours per week avoided. The 85% figure compares weekly with six-weekly cleaning. The 4% sales result comprises 3% attributed to improved quality and 1% to staff training in Vianet Beer Insights 2019/20. These outcomes overlap and should not be added together.","HEINEKEN SmartDispense overview, current savings and sales benchmarks: https://www.eazle.co.uk/huk/en/SmartDispense
HEINEKEN Save with SmartDispense, cleaning cycles and water savings: https://smartdispense.heineken.co.uk/save-with-smartdispense/
HEINEKEN SmartDispense User Guide 2023, 85% waste reduction and 156 hours: https://smartdispense.heineken.co.uk/wp-content/uploads/2023/04/1694-Heineken-SmartDispense-User-Guide-2023-v3.pdf","Pubs / Hotels – Six-Week SmartDispense Rollout – Lisini Pub Co [1]
Lisini installed HEINEKEN SmartDispense across its venues after engaging its maintenance team, supplier and independent trade advisers. The system replaced frequent manual line cleaning with a supplier-managed six-week cycle, reduced beer, water and chemical losses, simplified keg changes and added a 54-point technical check at each service. Lisini’s procurement manager estimates annual savings above £40,000 across the group, with further savings from lower cellar-cooling energy.

Pubs – SmartDispense Across 200 Star Pubs [2]
Star Pubs analysed 200 installations where SmartDispense was the only reported operational change. Published results showed an 8% sales uplift, around 4,500 litres of water and 33 litres of cleaning chemical saved per pub each year, 3% more beer reaching the glass and 3% less entering drip trays. Across the estate, Star reported £5 million of additional annual value.

Hotels / Leisure – Reduced Line-Cleaning Waste – Bluestone National Park Resort [3]
Bluestone moved routine line cleaning to the SmartDispense service and reported average savings of 45 pints and 3 staff hours per bar each week after two years. This equates to approximately 2,340 pints and 156 staff hours per bar annually while maintaining clean lines and consistent beer quality.

Experiential Leisure – Enclosed Keg-to-Glass Dispense – Crucible Corner, Sheffield [4]
The theatre venue installed Carlsberg’s enclosed, continuously chilled Quality Dispense System. During its first three months, the team cleaned the lines only three times while reporting consistently crisp product quality. The wider system extends cleaning from weekly to four-weekly, while CQDS Plus can reach ten weeks; Carlsberg reports average venue water savings of 4,000 litres and at least 30% lower cooler energy costs.

Hotels / Leisure – Fobbing Reduction – Nailcote Hall Hotel, Golf & Country Club [5]
Nailcote Hall replaced its standard dispense setup with Carlsberg’s continuously chilled system. The food and beverage manager reported that fobbing was almost eliminated, wastage was near zero and four-weekly cleaning substantially reduced beer sent to drain while maintaining product quality.","[1] Lisini Pub Co SmartDispense case, Scottish Licensed Trade News: https://sltn.co.uk/2026/06/03/heineken-smartdispense-is-making-a-difference-at-lisini/

[2] Star Pubs and Bars SmartDispense case, Morning Advertiser: https://www.morningadvertiser.co.uk/Article/2015/05/28/Star-Pubs-and-Bars-sales-up-8-thanks-to-Smart-Dispense/

[3] Bluestone National Park Resort SmartDispense case: https://www.clubcricket.org.uk/news/heineken-celebrating-sustainable-operators-in-the-on-trade-copy

[4] Crucible Corner Carlsberg Quality Dispense System case: https://carlsbergid.co.uk/cqds

[5] Nailcote Hall Hotel Carlsberg Quality Dispense System case: https://carlsbergid.co.uk/cqds"
Energy & Buildings,Buildings & Refrigerants & Fugitive Emissions,Install timer controls across eligible equipment,no,"Restaurants; QSR; pubs, bars and breweries; contract caterers with control of site equipment; hotels; experiential leisure","Life-safety, security and IT systems; food-storage refrigeration compressors without validated smart controls; 24/7 guest-critical loads; equipment without a safe shutdown sequence or asset-control rights","Use plug-in timers, fused-spur timers, run-back timers, time clocks or BMS schedules to match equipment operation to trading hours and real demand. Suitable applications include domestic hot water, space heating, kitchen extraction, cellar remote coolers, pool and whirlpool blowers or pumps, exterior and back-of-house lighting, dishwashers, glasswashers, cutlery polishers, coffee machines, vending and other ancillary plug loads. Controls should retain required pre-heat, post-run and manual-boost periods.","A low-cost control measure that removes out-of-hours energy use without replacing serviceable equipment. It can reduce utility bills and emissions quickly, standardise opening and closing routines across sites, and provide a scalable first step before higher-capex equipment upgrades.","Inventory equipment and operating hours; identify avoidable out-of-hours runtime; classify critical and timer-eligible loads; select controls with the correct load rating and switching arrangement; pilot schedules against service needs; retain pre-heat, post-run and manual override; verify food temperatures, hot-water hygiene, ventilation and guest comfort; monitor overrides and roll out successful settings across the estate.","Percentage of eligible equipment under automatic time control; out-of-hours operating hours and kWh by equipment category; annual £ saving and tCO2e avoided; timer override rate; service, safety or temperature exceptions","A basic 7-day timer costs £11.98, a fused-spur timer costs £37.00, a two-channel heating and hot-water programmer costs £96.70, and a robust commercial controller costs £196 ex VAT.","Plug-in 7-day timer: £11.98 inc VAT, 10 A and up to 2.4 kW; fused-spur 7-day timer: £37.00 inc VAT and suitable for loads up to 3 kW; two-channel heating and hot-water programmer: £96.70 inc VAT; commercial 7-day 13 A controller: £196 ex VAT","Direct UK supplier prices for timer hardware. Plug-in units suit appropriate socket loads; fused-spur units suit fixed low-load equipment; heating programmers control separate heating and hot-water schedules; commercial controllers suit more robust applications. Hardwired, high-load and three-phase equipment may require an electrician, enclosure, relay or contactor, so installed cost should be quoted site by site.","Masterplug TES7, Screwfix, accessed 13 Aug 2026: https://www.screwfix.com/p/masterplug-tes7-digital-plug-in-plug-through-programmable-timer/50676
Timeguard FST77N, LEDBulbs, accessed 13 Aug 2026: https://www.ledbulbs.co.uk/products/timeguard-7-day-fused-spur-timeswitch-fst77n-1
CentaurPlus two-channel programmer, Worcester Electrical, accessed 13 Aug 2026: https://www.worcesterelectrical.co.uk/hvac/thermostats-%26-time-clocks/centaurplus-two-channel-7-day-programmer
BN Thermic PROTIM7, accessed 13 Aug 2026: https://www.bnthermic.co.uk/products/controls/timers/programmable-timer/","Switching off an unnecessary 1 kW load for 8 hours a day avoids 2,920 kWh and 0.382 tCO2e a year for electricity, or 0.532 tCO2e a year for natural gas.","Normalised electric load: 1 kW switched off for 8 hours/day = 2,920 kWh/year and 0.382 tCO2e/year; normalised gas input: 2,920 kWh/year = 0.532 tCO2e/year; The Folly hot-water timer benchmark: 683 kWh and approximately 0.125 tCO2e/year; hotel whirlpool-blower benchmark: 11,000 kWh and approximately 1.441 tCO2e/year","Electricity: 1 kW × 8 hours/day × 365 days = 2,920 kWh/year; 2,920 × 0.13096 kgCO2e/kWh ÷ 1,000 = 0.382 tCO2e/year. Natural gas: 2,920 × 0.18231 kgCO2e/kWh ÷ 1,000 = 0.532 tCO2e/year. The Folly and hotel figures use their reported annual energy reductions; converted carbon values use the same UK factors. Actual savings depend on measured load, duty cycle and avoidable runtime.","UK Government, Greenhouse gas reporting conversion factors 2026, Full set workbook, UK electricity!E25 and Fuels!D42: https://www.gov.uk/government/publications/greenhouse-gas-reporting-conversion-factors-2026
The Folly Energy Saving Recommendations Report: https://oxfutures.org/wp-content/uploads/2020/12/The-Folly-Energy-Saving-Recommendations-Report-FINAL.pdf
Best Practices Guide for Hotels: https://www.bhahotels.com/wp-content/uploads/2009/06/best-practices-guide.pdf",Hospitality examples show timer investments paying back in under one month for a hotel whirlpool blower and 3.8 years for a restaurant hot-water boiler.,"Hotel whirlpool-blower run-back timer: payback under 1 month; The Folly hot-water timer audit summary: £68 cost, £18 annual saving and 3.8-year payback","Simple payback = installed cost ÷ annual energy-cost saving. The Folly audit summary reports £68 ÷ £18/year = 3.8 years. The hotel guide reports a sub-one-month payback for a 15-minute wind-up timer. These benchmarks should not be applied to other loads without confirming installed cost, tariff, load and avoidable runtime.","The Folly Energy Saving Recommendations Report: https://oxfutures.org/wp-content/uploads/2020/12/The-Folly-Energy-Saving-Recommendations-Report-FINAL.pdf
Best Practices Guide for Hotels: https://www.bhahotels.com/wp-content/uploads/2009/06/best-practices-guide.pdf","Removing eight unnecessary operating hours from a 24-hour schedule reduces runtime by 33.3%, while hospitality cases achieved 25% lower remote-cooler energy use and 75% lower whirlpool-blower runtime.","Normalised constant load: 8 ÷ 24 = 33.3% runtime reduction; Stonegate Smart Python Timers: further 25% remote-cooler energy reduction; hotel 15-minute run-back timer: 4,380 hours/year or 75% blower-runtime reduction and 11,000 kWh/year; Hospitality Sector Council guidance: up to 40% kitchen-energy reduction when cooking equipment operates only when required; QSR supplier case: up to 27% walk-in, 43% HVAC and 8% lighting energy reduction",Runtime reduction is a direct proxy only for constant loads. Cycling loads require before-and-after metering because energy does not always fall one-for-one with operating hours. The Stonegate and hotel results are equipment-specific direct benchmarks; the kitchen figure is sector guidance; the QSR figures are supplier-reported results from a three-site six-week test and should be treated as indicative rather than additive.,"Stonegate Pub Company and Technik2 Energy Solutions: https://www.stonegategroup.co.uk/press/stonegate-pub-company-in-partnership-with-technik2-energy-solutions/
Best Practices Guide for Hotels: https://www.bhahotels.com/wp-content/uploads/2009/06/best-practices-guide.pdf
Hospitality Sector Council Energy Saving Guidance: https://hospitalitysectorcouncil.org/media/kjxbw0id/hospitality-sector-councilenergy-savingguidance.pdf
National Hamburger QSR case, eViewIoT: https://eviewiot.com/hamburger-qsr/","Restaurant / Bar – Scheduling a 9.5 kW Hot-Water Boiler – The Folly, Oxford [1]
A 9.5 kW domestic hot-water boiler was found operating 24 hours a day. The audit recommended a 7-day timer that starts the boiler 30 minutes before demand and switches it off from midnight to 9am. The audit summary estimated £68 implementation cost, 683 kWh and £18 annual saving, approximately 0.13 tCO2e avoided and a 3.8-year payback.

Restaurant – Staggered Kitchen Fire-Up and Shutdown – UK Restaurant [2]
An energy specialist fixed a broken kitchen-extraction timer, delayed extract start until 10am, switched the glasswasher on later, turned the cutlery polisher off between uses, shut equipment down during quiet service and introduced a gradual close-down routine. The combined scheduling and behavioural package saved £18,000 and 28 tCO2 annually; the result is a bundled operational saving rather than a timer-only claim.

Pub – Smart Cellar Cooler Timers – Stonegate Pub Company [3]
Following a successful trial, Stonegate rolled cellar controls out to 550 sites. Cellar Manager controls reduced main cellar-cooler energy by up to 30%, while Smart Python Timers were programmed to each pub's opening hours and switched remote coolers off overnight, delivering a further 25% energy reduction while maintaining product quality.

Hotel / Leisure – 15-Minute Whirlpool-Blower Run-Back Timer – Hotel Case [4]
A 3 kW whirlpool blower drawing approximately 2.5 kW was operating from 8am to midnight. A 15-minute wind-up timer was estimated to reduce annual runtime by 4,380 hours, or 75%, save 11,000 kWh a year and achieve payback in under one month.

QSR – Automated Scheduling for Walk-Ins, HVAC and Lighting – National Hamburger Chain [5]
A national hamburger QSR tested adaptive walk-in controls, smart thermostat schedules and lighting controls at three locations over six weeks. The supplier-reported results showed energy reductions of up to 27% for walk-ins, 43% for HVAC and 8% for lighting, demonstrating the broader opportunity to automate equipment schedules beyond boilers.","[1] The Folly Energy Saving Recommendations Report: https://oxfutures.org/wp-content/uploads/2020/12/The-Folly-Energy-Saving-Recommendations-Report-FINAL.pdf

[2] Hospitality Sector Council Energy Saving Guidance: https://hospitalitysectorcouncil.org/media/kjxbw0id/hospitality-sector-councilenergy-savingguidance.pdf

[3] Stonegate Pub Company and Technik2 Energy Solutions: https://www.stonegategroup.co.uk/press/stonegate-pub-company-in-partnership-with-technik2-energy-solutions/

[4] Best Practices Guide for Hotels: https://www.bhahotels.com/wp-content/uploads/2009/06/best-practices-guide.pdf

[5] National Hamburger QSR case, eViewIoT: https://eviewiot.com/hamburger-qsr/"
Energy & Buildings,Buildings & Refrigerants & Fugitive Emissions,"Optimise fans and pumps with variable-speed drives, efficient motors and demand controls",Use intelligent kitchen extract systems,"Restaurants, QSRs, Pubs/Bars/Breweries, Hotels, Contract Caterers, Experiential Leisure; kitchen demand controls apply only where commercial kitchens and relevant asset/control rights exist","Fixed-speed or process-critical loads where compatibility, duty profile or run hours do not support variable control; sites without commercial kitchens for DCKV; sites where the operator cannot modify ventilation or motor controls.","Fit high-efficiency motors and variable-speed drives to eligible fans and pumps, and add temperature, optical, air-quality or flow sensing where commercial kitchen extract and make-up air should follow cooking demand. This is a component and controls measure, not whole-HVAC replacement.","Fans, pumps and kitchen extract often run at peak output despite variable hospitality demand. Matching motor and ventilation output to actual load reduces electricity, mechanical wear, noise and conditioned-air losses without compromising ventilation, circulation, food safety or customer comfort.","Profile fan and pump load and run hours; identify throttle/damper control and kitchen demand patterns; verify motor, hood and fire-safety compatibility; install VSDs, efficient motors and sensors; balance extract/make-up air and tune minimum speeds; commission across operating modes; verify kWh and service performance.","% of eligible variable-load fan and pump motor load fitted with VSD/high-efficiency motors; % of eligible commercial kitchens with demand-controlled ventilation; annual fan, pump and extract/supply kWh saved","Installing VSDs and efficient motors costs £1,200 per installed 2.2 kW inverter, ~£2,500 per pump point or £1,300 per 11 kW IE4 motor; full demand-controlled kitchen ventilation costs approximately £17,000/site.","VSD: £1,200 per installed 2.2 kW inverter; approximately £2,500 per pump point including controls, design and making good (4-unit project average)
High-efficiency motor: £1,300 per 11 kW IE4 motor; £118/kW purchase-only (2018 example)
Demand-controlled kitchen ventilation: approximately £17,000/site, inferred from the cited pub saving and payback","Inverters: £4,800 ÷ 4 = £1,200/unit
All-in VSD project: (£4,800 + £3,000 + £2,340) = £10,140 ≈ £10,000; £10,000 ÷ 4 = £2,500/pump point
High-efficiency motor: £1,300 ÷ 11 kW = £118.18/kW ≈ £118/kW
DCKV implied investment: £9,041/year × 1.88 years = £16,997.08 ≈ £17,000/site","VSD: £1,200/unit, four 2.2 kW inverters, £3,000 control integration, £2,340 design/making good and £10,000 rounded total: https://www.broxbourne.gov.uk/downloads/file/4588/the-spotlight-decarbonisation-study-1-0 | Table 29, PDF p.42. SPON-based project estimate.
High-efficiency motor: £1,300 purchase cost for an 11 kW IE4 motor: https://www.carbontrust.com/sites/default/files/documents/resource/public/Motors-and-drives-guide.pdf | printed p.23, life-cycle costing example. Published May 2018; purchase cost only.
DCKV: £9,041 annual saving and 1.88-year payback: https://etl.energysecurity.gov.uk/case-studies/quintex-helps-slash-energy-consumption-wetherspoons-pub | “The result: Significant savings on energy and costs”. The approximately £17,000 investment is inferred because the source does not state capex directly; installed October 2013 and not a current supplier quote.",Installing VSDs avoided 5.176 tCO₂e/year in the pump case; demand-controlled kitchen ventilation avoided 4.736 tCO₂e/site-year at the 2026 UK electricity factor; high-efficiency motors avoid 0.00262–0.00655 kgCO₂e per baseline motor kWh.,"VSD building-pump case: 5.176 tCO2e/year at the 2026 UK grid factor
DCKV pub case: 4.736 tCO2e/site-year at the 2026 UK grid factor
High-efficiency motor: 0.00262–0.00655 kgCO2e avoided per baseline motor kWh","VSD case: 39,523 kWh/year × 0.13096 ÷ 1,000 = 5.176 tCO2e/year
DCKV case: 36,167 kWh/year × 0.13096 ÷ 1,000 = 4.736 tCO2e/year
High-efficiency motor: 2%–5% × 0.13096 = 0.00262–0.00655 kgCO2e/baseline kWh","VSD saving of 39,523 kWh/year: https://www.abdn.ac.uk/about/documents/SSR-CaseStudy-CHP-VSD.pdf | p.1. Higher-efficiency motors use 2%–5% less energy: https://www.carbontrust.com/sites/default/files/documents/resource/public/Motors-and-drives-guide.pdf | PDF p.17. DCKV saving of 36,167 kWh/year: https://etl.energysecurity.gov.uk/case-studies/quintex-helps-slash-energy-consumption-wetherspoons-pub | “The result: Significant savings on energy and costs”. 0.13096 kgCO2e/kWh: https://www.gov.uk/government/publications/greenhouse-gas-reporting-conversion-factors-2026 | full-set workbook “UK electricity”!E25; methodology Table 1.6, printed p.28. The DCKV case-reported 8.1 tCO2 uses a different or unspecified factor and is not used in the calculated interface value.","The cited VSD building-pump retrofit paid back in 0.81 years, while the demand-controlled kitchen ventilation pub case paid back in 1.88 years.","VSD building-pump retrofit: 0.81-year simple payback (approximately 9.8 months)
Demand-controlled kitchen ventilation pub case: 1.88-year simple payback","VSD: £2,900 implementation cost ÷ £3,560 annual electricity saving = 0.815 years = 9.8 months
DCKV: £16,997 implied investment ÷ £9,041 annual saving = 1.88 years","VSD: £2,900 cost, £3,560/year saving and payback reduced to under 10 months: https://www.abdn.ac.uk/about/documents/SSR-CaseStudy-CHP-VSD.pdf | pp.1–2. Building heating-pump case; site results depend on duty cycle and tariff.
DCKV: 1.88-year payback and £9,041/year saving: https://etl.energysecurity.gov.uk/case-studies/quintex-helps-slash-energy-consumption-wetherspoons-pub | “The result: Significant savings on energy and costs”. Direct pub case; actual payback depends on kitchen duty profile, fan configuration, project scope and tariff.",Reducing pump speed by 16% with a VSD cut measured power demand by 41.8%; high-efficiency motors use 2%–5% less energy; demand-controlled kitchen ventilation cut fan electricity by 69% in the pub case.,"VSD building-pump case: 16% speed reduction → 41.8% measured power-demand reduction
High-efficiency motors: 2%–5% lower energy use
Demand-controlled kitchen ventilation: 69% fan-energy reduction in the Jack Fairman pub case; 50%–60% supplier-stated typical reduction","The VSD result is measured; ideal variable-torque cross-check = 1−0.84³ = 40.7%, versus 41.8% measured. The high-efficiency-motor range is guidance and depends on existing/replacement efficiency, loading and operating hours. For DCKV, implied baseline fan electricity = 36,167 kWh ÷ 69% = 52,416 kWh/year and implied post-installation use = 16,249 kWh/year; the 50%–60% range is supplier-reported, not guaranteed.","VSD 16% speed reduction and 41.8% power-demand reduction: https://www.abdn.ac.uk/about/documents/SSR-CaseStudy-CHP-VSD.pdf | p.1. Variable-torque power varies with speed³ and higher-efficiency motors use 2%–5% less energy: https://www.carbontrust.com/sites/default/files/documents/resource/public/Motors-and-drives-guide.pdf | PDF pp.8 and 17. DCKV 36,167 kWh/year, 69% case reduction and 50%–60% supplier-stated typical reduction: https://etl.energysecurity.gov.uk/case-studies/quintex-helps-slash-energy-consumption-wetherspoons-pub | case results and Quintex quotation. DCKV results apply to extract and supply fan energy, not total kitchen energy.","Pubs: Demand-controlled kitchen ventilation – Wetherspoon Jack Fairman, Horley
The pub integrated the ETL-listed Quintex CHEETAH demand-control system with its HVAC controls. Temperature, optical and flow sensors detect heat, steam and smoke and adjust extract and supply fan speed so ventilation only runs at the level required by cooking demand. Fan energy fell by 69%, saving 36,167 kWh, £9,041 and 8.1 tCO₂ per year with 1.88-year payback; a 654-site rollout reportedly saved more than 7 million kWh and £1.47 million annually. [1]

QSR: Variable-speed rooftop HVAC – Wendy’s
Wendy’s combined lower-airflow kitchen hoods with Trane Voyager rooftop units using eFlex variable-speed compressors, allowing cooling and fan output to follow actual load instead of operating at fixed capacity. A Columbus retrofit used more than 60% less rooftop-unit energy in the first 2 months and reduced total restaurant energy by more than 10%; the design became a standard option for new company and franchise sites. [2]

Leisure: Variable-speed pool circulation – Leicester
Five variable-speed drives were fitted to swimming-pool circulation plant so pump speed could be reduced when full flow was not required, replacing fixed-speed operation. The installation saved 240,000 kWh per year, equal to 48,000 kWh per VSD, with 1.11-year payback and no measurable decline in water quality. [3]","Energy Technology List Wetherspoon Case — https://etl.energysecurity.gov.uk/case-studies/quintex-helps-slash-energy-consumption-wetherspoons-pub [1]
Trane Wendy’s HVAC Case Study — https://www.trane.com/commercial/north-america/us/en/about-us/newsroom/case-studies/retail/Wendys.html [2]
Leicester City Council Pool VSD Case — https://www.leicester.gov.uk/media/e3dnjnr3/4f-leicester-vsd-0223.pdf [3]"
Energy & Buildings,Buildings & Refrigerants & Fugitive Emissions,"Recover and reuse waste heat from refrigeration, cooking or wastewater",Recover and reuse commercial heat,"Restaurants, QSRs, Pubs/Bars/Breweries, Hotels, Contract Caterers, Experiential Leisure","Sites without a stable heat source and coincident heat demand, or without asset/pipework control.","Capture useful heat from process refrigeration, cooking or wastewater and transfer it to a coincident hot-water or space-heating load. Ventilation heat recovery is excluded.","Hospitality sites frequently reject heat from refrigeration, cooking or wastewater while simultaneously buying energy for hot water or space heating. Recovering this heat lowers boiler or electric demand, reduces plant stress and improves the value of existing equipment.",Map heat sources and temperature; map coincident heat sinks; model seasonal match; design heat exchanger/storage; protect hygiene; meter heat delivered and displaced fuel.,Recovered heat delivered (kWhth/yr); displaced gas/electricity kWh; utilisation rate,"Recovering heat from refrigeration, cooking extract and wastewater requires refrigeration system >£64,000 per 250 kWth (>£256/kWth); cooking-extract and wastewater systems require site quotes.","Refrigeration-condenser heat recovery: >£64,000 per 250 kWth system; >£256/kWth; >£67.9 per annual MWhth recovered (2021 case)
Cooking-extract and wastewater heat recovery: supplier quote required",">£64,000 ÷ 250 kWth = >£256/kWth
>£64,000 ÷ 943 MWhth/year = >£67.9 per annual MWhth recovered","Capital cost >£64,000, 250 kW heat-reclaim exchanger and 943 MWh/year recovered heat: https://assets.publishing.service.gov.uk/media/611b863e8fa8f53dc88ae8b7/ihrs-case-study-yeo-valley.pdf | PDF pp.2–3. Food-production refrigeration case; cost includes heat exchanger and supply/return pipework. No defensible universal cost was identified for cooking-extract or wastewater systems.",Recovering useful heat can avoid 0.2145 kgCO₂e per recovered kWhth and 202.3 tCO₂e/year in the 943 MWhth refrigeration case.,0.2145 kgCO2e avoided per useful recovered kWhth displacing an 85%-efficient gas boiler; 202.3 tCO2e/year for the 943 MWhth refrigeration case at the 2026 UK gas factor,"Displaced gas = useful recovered heat ÷ boiler efficiency
Case = 943,000 kWhth ÷ 85% = 1,109,412 kWh gas; 1,109,412 × 0.18231 ÷ 1,000 = 202.3 tCO2e/year",943 MWh/year and 85% boiler efficiency: https://assets.publishing.service.gov.uk/media/611b863e8fa8f53dc88ae8b7/ihrs-case-study-yeo-valley.pdf | PDF p.2. 0.18231 kgCO2e/kWh natural gas: https://www.gov.uk/government/publications/greenhouse-gas-reporting-conversion-factors-2026 | full-set workbook “Fuels”!D42. Estimate excludes parasitic electricity; the case-reported 175 tCO2e/year uses its original project assumptions.,Recovering refrigeration heat had a gross payback above 2.9 years and a 2-year payback after a 30% grant.,Refrigeration heat recovery: >2.9-year gross simple payback from rounded case figures; 2-year reported payback after a 30% grant; general guidance 3–5 years,"Gross: >£64,000 ÷ <£22,000/year = >2.9 years
After 30% grant: >£64,000 × 70% ÷ <£22,000/year = >2.0 years; the source reports a two-year payback using unrounded project figures","Capital cost >£64,000, annual saving almost £22,000, 30% grant and reported two-year payback: https://assets.publishing.service.gov.uk/media/611b863e8fa8f53dc88ae8b7/ihrs-case-study-yeo-valley.pdf | PDF pp.2–3. General 3–5-year payback guidance: https://www.carbontrust.com/sites/default/files/documents/resource/public/Refrigeration-guide.pdf | printed p.13, Potential Savings.","Recovering refrigeration heat produced 943 MWhth/year from a 250 kWth exchanger, while cooking-extract recovery was modelled at 80 MWh/year.","Refrigeration case: 943 MWhth/year recovered from a 250 kWth exchanger
Cooking-extract heat recovery: 80 MWh/year simulated per restaurant, not yet verified
Wastewater heat recovery: ETL Heat Recovery Score ≥0.30 horizontal; ≥0.50 vertical/plant-room","Refrigeration case equivalent utilisation = 943,000 kWh ÷ 250 kW = 3,772 full-load hours/year. Cooking-extract value is a Hospitality Sector Council simulation; the field-trial result and payback were not published. Wastewater score combines tested heat-recovery efficiency and an installation utilisation factor.","Refrigeration 250 kW and 943 MWh/year: https://assets.publishing.service.gov.uk/media/611b863e8fa8f53dc88ae8b7/ihrs-case-study-yeo-valley.pdf | PDF p.2. Cooking-extract 80,000 kWh/year simulation and trial status: https://hospitalitysectorcouncil.org/news/enjay-and-burger-king-innovation-case-study/ | case-study body. Wastewater thresholds and score definition: https://etl.energysecurity.gov.uk/products/wastewater-heat-recovery-systems/wastewater-heat-recovery-systems-instantaneous | §§1.3.2 and 1.4.2, Table 1.1.","Food Production: Refrigeration heat recovery – Yeo Valley
The dairy’s refrigeration system rejected condenser heat to air while cleaning water was heated by steam from an 85%-efficient natural-gas boiler. Yeo Valley installed a CO₂ refrigeration plant with an integral 250 kW plate heat exchanger, controls, protection and insulated storage linked to the existing hot-water ring main, raising water from 10°C to 65°C and recovering 943 MWh per year; the system cost more than £64,000 before a 30% grant, offsets nearly £22,000 of gas cost and avoids 175 tCO₂e annually with about 2-year payback. [1]

QSR: Kitchen-exhaust heat recovery pilot – Burger King Welwyn Garden City
Burger King installed Enjay exhaust heat recovery on a new restaurant where roughly 1 m³/s of hot, moist and contaminated kitchen exhaust would otherwise be discharged outdoors. The pilot used site simulation, measured performance and comparison with similar restaurants to test the business case; the pre-installation model estimated around 80,000 kWh of recoverable heat per restaurant per year, with actual performance to be validated through monitoring. [2]","UK Government Yeo Valley Heat Recovery Case — https://assets.publishing.service.gov.uk/media/611b863e8fa8f53dc88ae8b7/ihrs-case-study-yeo-valley.pdf [1]
Hospitality Sector Council Burger King Innovation Case — https://hospitalitysectorcouncil.org/news/enjay-and-burger-king-innovation-case-study/ [2]"
Energy & Buildings,Buildings & Refrigerants & Fugitive Emissions,Upgrade boiler burner controls and balance heat-distribution systems,Use gas boiler additives,"Restaurants, QSRs, Pubs/Bars/Breweries, Hotels, Experiential Leisure; Contract Caterers only where delegated asset/capital control is documented","Exclude sites where the operator does not control the relevant asset, utility, specification or capital decision.","Improve retained boiler performance through burner/combustion controls, turndown, hydraulic balancing, pipe insulation and maintenance. Excludes boiler replacement and generic HVAC scheduling.",Retained gas boilers commonly cycle and operate inefficiently at part load. Better burner control and balanced distribution reduce fuel waste and breakdown risk while extracting more value from assets that are not yet due for replacement.,Complete combustion and distribution survey; measure excess air/cycling; balance circuits; upgrade compatible controls; insulate exposed distribution; recommission and verify gas use.,Combustion efficiency; boiler cycling; adjusted gas kWh and tCO2e saved,"Upgrading boiler burner controls and balancing heat distribution requires a supplier quote; the cited cases reported annual savings of £9,605 and £60,000.","£9,605/year fuel-cost saving (NHS); £60,000/year energy saving (Leadenhall)","NHS implied pre-control annual fuel cost: £9,605 ÷ 7.03% = £136,629","https://etl.energysecurity.gov.uk/case-studies/autoflame-burner-controllers-save-energy-londons-leadenhall-building-and-nhs | “The result”: NHS 7.03% / £9,605; Leadenhall £60,000/year",Upgrading boiler burner controls and balancing heat distribution reduced emissions by 180 tCO2/year in the Leadenhall case.,180 tCO2/year reduction (Leadenhall case),Reported annual reduction = 180 tCO2/year,https://etl.energysecurity.gov.uk/case-studies/autoflame-burner-controllers-save-energy-londons-leadenhall-building-and-nhs | “The result”: Leadenhall 180 tCO2/year,Upgrading boiler burner controls and balancing heat distribution had a 2-year payback.,2 years,Reported ROI = 2 years,https://etl.energysecurity.gov.uk/case-studies/autoflame-burner-controllers-save-energy-londons-leadenhall-building-and-nhs | “The result”: Leadenhall ROI,"Upgrading burner controls improved gross efficiency by 0.84%, reduced fuel cost by 7.03%, emissions by 15.14% and NOx by 59.26%.",NHS: 0.84% gross efficiency improvement; 7.03% fuel-cost reduction; 15.14% emissions reduction; 59.26% NOx reduction,Published before/after reductions = 0.84% / 7.03% / 15.14% / 59.26%,https://etl.energysecurity.gov.uk/case-studies/autoflame-burner-controllers-save-energy-londons-leadenhall-building-and-nhs | “The result”: NHS case,"Commercial Buildings: Boiler burner controls – Leadenhall Building
The building upgraded ageing boiler-burner controls with Autoflame Mini Mk8 MM micro-modulating controllers, which continuously adjust the fuel-air ratio instead of relying on less precise conventional burner control. The upgrade saved £60,000 and 180 tCO₂ per year with a 2-year ROI. [1]

Healthcare: Boiler burner controls – NHS site
An NHS site applied the same micro-modulating burner-control technology to ageing and unreliable boiler plant, improving combustion control and reducing fuel cost by 7.03%, carbon emissions by 15.14% and NOx by more than 59%. [2]","Energy Technology List Leadenhall Autoflame Case — https://etl.energysecurity.gov.uk/case-studies/autoflame-burner-controllers-save-energy-londons-leadenhall-building-and-nhs [1]
Energy Technology List NHS Autoflame Case — https://etl.energysecurity.gov.uk/case-studies/autoflame-burner-controllers-save-energy-londons-leadenhall-building-and-nhs [2]"
Energy & Buildings,Buildings & Refrigerants & Fugitive Emissions,"Upgrade domestic hot-water generation, storage and circulation controls",No,"Restaurants, QSRs, Pubs/Bars/Breweries, Hotels, Experiential Leisure; Contract Caterers only where delegated asset/capital control is documented","Exclude sites where the operator does not control the relevant asset, utility, specification or capital decision.","Reduce hot-water energy through efficient generation, insulated storage/pipework, demand-based circulation and appropriate temperature control. Space heating and cooking are excluded.","Hotels, leisure venues and catering operations use large volumes of hot water and can lose energy through storage and continuous circulation. Better generation and circulation control reduce fuel and pump costs while protecting hygiene and hot-water availability.",Meter or estimate hot-water load; inspect storage and distribution; address leaks/insulation; optimise circulation; select efficient replacement plant; verify hygiene temperatures and energy.,Hot-water energy intensity per guest/cover; distribution loss; annual kWh saved,"Installing demand-based hot-water circulation controls requires dHW recirculation demand control £1,453–£1,998 per hotel system; generation and distribution upgrades require site quotes.","DHW recirculation demand control: £1,453–£1,998 per hotel system (2018 converted)
Generation, storage, insulation and distribution upgrades: supplier quote required","£1,453 = 1,940 ÷ 1.3356
£1,739 = 2,323 ÷ 1.3356
£1,998 = 2,668 ÷ 1.3356","Three hotel total installed costs converted to GBP: https://www.mncee.org/sites/default/files/report-files/522971.pdf | Table 22, PDF p.67. Source values 1,940, 2,323 and 2,668 converted at 1.3356 source-currency units per £1. 2018 annual exchange rate: https://www.ons.gov.uk/economy/nationalaccounts/balanceofpayments/timeseries/auss/diop | 2018 = 1.3356. Costs use existing recirculation pumps and exclude extra troubleshooting/commissioning visits.",Installing demand-based hot-water circulation controls is quantified using 5.61–7.05 tCO2e/hotel-year for the two fully measured hotel cases at 2026 UK factors.,5.61–7.05 tCO2e/hotel-year for the two fully measured hotel cases at 2026 UK factors,"Hotel 1: (986 therm × 29.3071 kWh/therm × 0.18231 + 2,575 kWh × 0.13096) ÷ 1,000 = 5.61 tCO2e/year
Hotel 2: (1,304 therm × 29.3071 × 0.18231 + 627 kWh × 0.13096) ÷ 1,000 = 7.05 tCO2e/year","Hotel savings of 986/1,304 therm and 2,575/627 kWh: https://www.mncee.org/sites/default/files/report-files/522971.pdf | Table 1, PDF p.10. 1 therm = 100,000 Btu and 1 kWh = 3,412 Btu: https://www.eia.gov/energyexplained/units-and-calculators/. UK factors: https://www.gov.uk/government/publications/greenhouse-gas-reporting-conversion-factors-2026 | full-set workbook “Fuels”!D42 and “UK electricity”!E25.",Installing demand-based hot-water circulation controls had a 1.8–2.1-year payback in two measured hotel cases.,1.8–2.1-year simple payback in two fully measured hotel cases; 1.0 year estimated for a third hotel,"Measured hotel 1: £1,998 ÷ £952/year = 2.10 years
Measured hotel 2: £1,739 ÷ £988/year = 1.76 years ≈ 1.8 years
Third hotel: £1,453 ÷ £1,478/year = 0.98 years ≈ 1.0 year; annual saving was estimated, not measured","Hotel total costs, annual savings and paybacks: https://www.mncee.org/sites/default/files/report-files/522971.pdf | Table 22, PDF p.67. The report states hotels using >1,500 gallons/day generally achieved payback around two years; all sites required additional commissioning visits. GBP conversion uses the 2018 annual rate of 1.3356.",Controlling hot-water circulation reduced DHW thermal energy by 9.9%–15.9% and pump electricity by 70%–93%.,Measured hotel cases: 9.9%–15.9% lower DHW thermal energy; 70%–93% lower recirculation-pump electricity; no reduction in hot-water use,"Hotel 1: 986 ÷ 9,965 = 9.9% thermal; 2,575 ÷ 3,679 = 70.0% pump electricity
Hotel 2: 1,304 ÷ 8,211 = 15.9% thermal; 627 ÷ 675 = 92.9% pump electricity
Daily hot-water use remained 3,210 and 1,822 gallons respectively.","Baseline, controlled use and savings: https://www.mncee.org/sites/default/files/report-files/522971.pdf | Table 1, PDF p.10. Three hotels were included and alternating baseline/control testing ran for at least 10 months: PDF p.9. The report warns that the field sample was too small for broad sector conclusions and that correct commissioning was essential: PDF pp.68–69.","Hotels: Demand-based hot-water recirculation – Three-hotel field study
Demand-based circulation controls reduced water-heating energy by 9.9%–15.9% and pump electricity by 70%–93% in the two fully measured hotels, with 1.8–2.1-year payback. [1]

Hotels: DHW monitoring and rapid fault response – Hampton Inn & Suites Boston
Continuous temperature monitoring identified an overnight water-heater trip; resetting the burner restored normal hot-water service within 1 hour before guests were affected. [2]","Minnesota Hotel DHW Recirculation Study — https://www.mncee.org/sites/default/files/report-files/522971.pdf [1]
Symmons Hampton Inn DHW System Failure Case — https://discover.symmons.com/wp-content/uploads/2020/03/evolution-system-failure-case-study-03.02.20.pdf [2]"
Energy & Buildings,Buildings & Refrigerants & Fugitive Emissions,"Automate shutdown of non-HVAC, non-lighting equipment outside operating hours",Install equipment timers,"Restaurants, QSRs, Pubs/Bars/Breweries, Hotels, Contract Caterers, Experiential Leisure","Safety-critical, food-safety, refrigeration, life-safety or continuously required loads.","Use timers, smart relays or programmable controls to switch eligible small-power and operational equipment off when not needed. Lighting and HVAC controls are excluded.","Kitchen, bar, office and guest-service equipment is often left running after trading. Automated shutdown reduces persistent baseload across many low-cost control points, improves site margins and makes closing procedures more consistent.",Profile half-hourly baseload; identify safe controllable loads; define schedules and overrides; install controls; train staff; verify out-of-hours demand reduction.,Out-of-hours baseload kW; annual plug/equipment kWh saved,Installing timers and automated shutdown controls costs £22.82 per plug-in timer; £150–£300 per hardwired time-clock point.,£22.82 per plug-in timer; £150–£300 per hardwired time-clock point,1 × £22.82 = £22.82; published installed range = £150–£300,"RS PRO Digital Plug In Timer, stock 178-5368: £19.02 ex VAT / £22.82 inc VAT; Type G, 230V; stated for commercial settings. https://uk.rs-online.com/web/p/plug-in-timers/1785368 | Manchester Compliance, ‘Teleswitch Replacement Costs’, 13 July 2026: £150–£300 including time clock, installation, programming, testing and certification; housing-sector installed-cost proxy. https://www.manchestercompliance.co.uk/news/teleswitch-replacement-costs-housing-associations/",The measured carbon result from automated shutdown controls is 0.06286 kgCO2e per baseline kWh controlled.,0.06286 kgCO2e per baseline kWh controlled,48% × 0.13096 = 0.06286 kgCO2e/baseline kWh,"48%: https://www.gsa.gov/system/files/GPG003-Advanced%20Power%20Strips-Findings-508R.pdf | p.3; 0.13096: https://www.gov.uk/government/publications/greenhouse-gas-reporting-conversion-factors-2026 | full-set workbook, ‘UK electricity’!E25",Installing timers and automated shutdown controls has a cited payback of 0.7 years for kitchens; 4.1 years for miscellaneous devices.,0.7 years for kitchens; 4.1 years for miscellaneous devices,Published simple-payback results for schedule-timer advanced power strips,"https://www.gsa.gov/system/files/GPG003-Advanced%20Power%20Strips-Findings-508R.pdf | p.3, Cost-Effectiveness","Installing timers and automated shutdown controls reduced plug loads by 48% on average, including 26% at workstations and nearly 50% in kitchens and printer rooms.",48% average plug-load reduction; 26% at workstations; nearly 50% in kitchens/printer rooms,Measured schedule-timer savings across eight GSA office buildings,"https://www.gsa.gov/system/files/GPG003-Advanced%20Power%20Strips-Findings-508R.pdf | pp.2–3, Energy Savings","International: Automated plug-load shutdown – GSA facilities
Advanced power strips and schedule controls reduced plug loads by 48% on average, including nearly 50% in kitchens and printer rooms; kitchen applications achieved 0.7-year payback. [1]

Restaurants: Off-peak kitchen-equipment shutdown – Shari’s Café & Pies
Shutdown checklists for second cook lines and broiler burners supported a wider equipment-use programme that cut electricity by 6%, gas by 25% and water by more than 40% between 2008 and 2015. [2]","U.S. GSA Advanced Power Strips Findings — https://www.gsa.gov/system/files/GPG003-Advanced%20Power%20Strips-Findings-508R.pdf [1]
U.S. DOE Shari’s Café & Pies Case — https://betterbuildingssolutioncenter.energy.gov/implementation-models/easy-pie-sharis-cafe-and-pies-drives-energy-savings-through-employee-behavior [2]"
Energy & Buildings,Buildings & Refrigerants & Fugitive Emissions,"Implement power management for small-power, IT and server-room equipment",No,"Hotels, larger Restaurants/QSRs, Pubs/Bars/Breweries, Contract Caterers and Experiential Leisure with material managed IT loads",Sites with only negligible or landlord-controlled IT loads.,"Apply device sleep settings, server consolidation, efficient uninterruptible power supplies, correctly sized cooling and managed shutdown to IT and other operator-controlled electrical loads.","POS systems, office devices, displays, network equipment and local servers can create a continuous electrical and cooling load. Power management cuts unnecessary 24-hour consumption and improves control of IT assets without affecting trading availability.",Inventory devices and run hours; measure baseload; enable power-management policy; consolidate/retire equipment; optimise UPS and cooling; verify kWh.,IT and small-power kWh per site or workstation; server-room total-energy-to-IT-energy ratio where applicable,"Applying computer and server power management requires supplier services, installation and staff time; budget per site, project or equipment unit.",,,,The measured carbon result from computer and server power management is 37.72 kgCO2e/computer-year.,37.72 kgCO2e/computer-year,(33−9) kWh/month × 12 × 0.13096 = 37.72 kgCO2e/year,"33 and 9 kWh/month: https://betterbuildingssolutioncenter.energy.gov/implementation-models/ccac-computer-power-management | Results; 0.13096: https://www.gov.uk/government/publications/greenhouse-gas-reporting-conversion-factors-2026 | full-set workbook, ‘UK electricity’!E25",Calculate payback for computer and server power management as quoted implementation cost ÷ verified annual utility and maintenance savings.,Not calculable from published data,Implementation labour cost was not reported,https://betterbuildingssolutioncenter.energy.gov/implementation-models/ccac-computer-power-management | Implementation,"Applying computer power management reduced electricity use by 74%, saving 288 kWh per computer per year.",74% electricity reduction; 288 kWh/computer-year saved,"(33−9) × 12 = 288 kWh/year; (120,000−31,000) ÷ 120,000 = 74%",https://betterbuildingssolutioncenter.energy.gov/implementation-models/ccac-computer-power-management | Results,"International: Computer power management – Community College of Allegheny County
Applying central power-management settings reduced electricity use by 74%, from 33 kWh to 9 kWh per computer per month, saving 288 kWh per computer per year. [1]

International: Smart control of printers and small-power loads – UC San Diego
Static schedules cut plug-load energy by 38%–66%; print-server controls cut printer energy by 86%, and scheduled water dispensers cut energy by 32% with three-year payback. [2]","U.S. DOE CCAC Computer Power Management — https://betterbuildingssolutioncenter.energy.gov/implementation-models/ccac-computer-power-management [1]
California Energy Commission Smart Plug Load Controls — https://www.energy.ca.gov/publications/2025/smart-plug-load-controls-integrated-building-energy-management-systems [2]"
Energy & Buildings,Buildings & Refrigerants & Fugitive Emissions,Upgrade lift and escalator drives and controls,No,"Hotels, Experiential Leisure and multi-storey hospitality sites with controlled lifts/escalators",Single-storey sites and landlord-controlled vertical transport.,"Improve operator-controlled vertical transport through efficient drives, regenerative braking where viable, sleep/standby controls and optimised operating schedules.","Lifts and escalators are essential to accessibility and guest movement in hotels and multi-storey leisure venues. Efficient drives and standby controls reduce electricity and peak demand while improving reliability, ride quality and service continuity.",Obtain controller/drive data and run profiles; assess standby and regeneration; prioritise controls before replacement; procure compliant upgrade; verify kWh and service quality.,kWh per trip or operating hour; standby share; annual kWh saved,"Upgrading lift drives, regenerative braking and standby controls costs £27,500 per lift.","£27,500 per lift","£18,000 controller + £9,500 VVVF-driven main machine = £27,500","Ardent Lift Consultancy, Passenger Lift Condition Survey, 3 York Street, Manchester, PDF p.14 component budget table: controller £18,000; main machine renewed with geared/gearless machine driven by VVVF drive £9,500. Guidance-cost proxy from 2019; excludes structural, statutory and professional fees. https://docs.planning.org.uk/20220921/27/RGTDNNBCKYY00/um6x2dhupb7ey4ea.pdf",The measured carbon result from lift drive and control upgrades is 0.07334 kgCO₂e per baseline kWh.,0.07334 kgCO₂e per baseline kWh,56% × 0.13096 = 0.07334 kgCO₂e/baseline kWh,"56%: ACEEE, Advancing Elevator Energy Efficiency, report p.6, direct 20-storey Hyatt Place hotel case. https://www.aceee.org/sites/default/files/publications/researchreports/a1501.pdf | 0.13096: UK Government 2026 conversion-factor full-set XLSX, ‘Factors by Category’!J3066. https://www.gov.uk/government/publications/greenhouse-gas-reporting-conversion-factors-2026",Calculate payback for lift drive and control upgrades as quoted implementation cost ÷ verified annual utility and maintenance savings.,Site-specific,"£27,500 ÷ (baseline annual lift kWh × 56% × actual £/kWh)","Cost: Ardent Lift Consultancy survey, PDF p.14. https://docs.planning.org.uk/20220921/27/RGTDNNBCKYY00/um6x2dhupb7ey4ea.pdf | Saving: ACEEE hotel case, report p.6. https://www.aceee.org/sites/default/files/publications/researchreports/a1501.pdf",Upgrading lift drives and controls reduced lift electricity use by 56%. A separate hotel case reduced watt-hours by 45% and peak demand by 31%.,56% lower lift electricity; separate hotel case: 45% lower watt-hours and 31% lower peak demand,Published hotel-modernisation outcomes; scope and traffic profile determine transferability,"ACEEE, Advancing Elevator Energy Efficiency, report p.6. https://www.aceee.org/sites/default/files/publications/researchreports/a1501.pdf | Columbus McKinnon, Emily Morgan Hotel regenerative-drive case, Results. https://www.cmco.com/en-sx/resources/case-studies-listing-page/emily-morgan-hotel-realizes-rebates-with-quattro-drives/","Hotels: Regenerative lift modernisation – Hyatt Place Waikiki Beach
Replacing lift machines and controls with permanent-magnet motors, destination software and regenerative drives reduced lift electricity use by 56% while improving reliability and ride quality. [1]

Hotels: Regenerative lift drives – Emily Morgan Hotel
Installing regenerative lift drives reduced watt-hours by 45% and peak electrical demand by 31%. [2]","ACEEE Hyatt Place Elevator Case — https://www.aceee.org/sites/default/files/publications/researchreports/a1501.pdf [1]
Columbus McKinnon Emily Morgan Hotel Case — https://www.cmco.com/en-sx/resources/case-studies-listing-page/emily-morgan-hotel-realizes-rebates-with-quattro-drives/ [2]"
Energy & Buildings,Buildings & Refrigerants & Fugitive Emissions,"Optimise swimming-pool circulation, heating, covers and backwashing",No,Hotels and Experiential Leisure with swimming pools,All sites without pools; landlord-controlled pool plant.,"Reduce operator-controlled pool energy and water demand through covers, variable-speed circulation, efficient heating, optimised backwashing and safe temperature management.","Swimming pools are among the most energy- and water-intensive hospitality amenities. Optimising covers, circulation, heating and backwashing protects the guest offer while reducing pumping, evaporation, heating and water-treatment costs.",Submeter pool plant; review filtration/turnover and backwash; assess covers; optimise pump speed and schedules; review temperatures with safety team; verify energy and water.,Pool energy kWh/m² water surface; circulation pump kWh; water used per bather,"Installing variable-speed pool circulation and operating controls costs £3,000 per variable-speed drive.","£3,000 per variable-speed drive","1 drive × £3,000",https://www.pwtag.org/pool-circulation-pumps-variable-speed-drives/ | typical VSD installation cost,The measured carbon result from pool circulation and operating controls is 6.286 tCO2e/VSD-year in Leicester case.,6.286 tCO2e/VSD-year in Leicester case,"240,000 kWh ÷ 5 VSDs × 0.13096 ÷ 1,000 = 6.286 tCO2e/year","240,000 kWh and 5 VSDs: https://www.leicester.gov.uk/media/e3dnjnr3/4f-leicester-vsd-0223.pdf | p.12; 0.13096: https://www.gov.uk/government/publications/greenhouse-gas-reporting-conversion-factors-2026 | full-set workbook, ‘UK electricity’!E25",Installing variable-speed pool circulation and operating controls has a cited payback of 3.0 years typical; 1.11 years in Leicester case.,3.0 years typical; 1.11 years in Leicester case,"£3,000 ÷ £1,000/year = 3.0; £20,063 ÷ £18,000/year = 1.11",Typical: https://www.pwtag.org/pool-circulation-pumps-variable-speed-drives/; Leicester: https://www.leicester.gov.uk/media/e3dnjnr3/4f-leicester-vsd-0223.pdf | p.12,"Installing variable-speed pool circulation saved 48,000 kWh per VSD per year without measurable deterioration in pool-water quality.","48,000 kWh/VSD-year saved; no measurable pool-water quality deterioration","240,000 kWh ÷ 5 VSDs = 48,000 kWh/VSD-year",https://www.leicester.gov.uk/media/e3dnjnr3/4f-leicester-vsd-0223.pdf | p.12,"Leisure: Variable-speed pool circulation – Leicester
Five variable-speed drives replaced fixed-speed operation on swimming-pool circulation plant, allowing pump flow to match actual filtration demand rather than running continuously at full speed. The installation saved 240,000 kWh per year, equal to 48,000 kWh per VSD, with no measurable deterioration in pool-water quality and 1.11-year payback. [1]

Hotels: Swimming-pool heat pump – City-centre rooftop pool
The pool-heating system used a heat pump instead of relying solely on direct electric or gas-boiler heat. Measured operation delivered 49.1 MWh of heat from 24.6 MWh of electricity at an average COP of 2.0, saving 26.5–32.5 MWh per heating season versus the alternative boiler baselines. [2]","Leicester City Council Pool VSD Case — https://www.leicester.gov.uk/media/e3dnjnr3/4f-leicester-vsd-0223.pdf [1]
Hong Kong Polytechnic University Hotel Pool Heat Pump Case — https://research.polyu.edu.hk/en/publications/energy-saving-supporting-tourism-sustainability-a-case-study-of-h/ [2]"
Energy & Buildings,Buildings & Refrigerants & Fugitive Emissions,Replace high-GWP refrigerants with lower-GWP alternatives during planned plant intervention,No,"Restaurants, QSRs, Pubs/Bars/Breweries, Hotels, Contract Caterers, Experiential Leisure","Equipment where the alternative is unsafe, unlawful or incompatible without full replacement.",Move eligible refrigeration and cooling plant from high-GWP refrigerants to technically safe lower-GWP alternatives at replacement or major service points.,"Refrigeration and cooling are essential to hospitality operations, and leaked high-GWP refrigerant can be a major direct-emissions source. A planned transition reduces climate and regulatory exposure, improves refrigerant availability resilience and avoids rushed equipment decisions.",Build equipment/charge inventory; rank by charge × GWP × leakage; assess alternatives and safety class; plan conversion/replacement; recover old gas; update records and verify energy.,Weighted average refrigerant GWP; kg charge converted; tCO2e leakage risk reduced,Switching to lower-GWP refrigerants costs 11% incremental refrigeration-equipment capex.,11% incremental refrigeration-equipment capex,Low-GWP system equipment cost = conventional system equipment cost × 1.11,"https://www.ccacoalition.org/sites/default/files/resources/files/2015_11_case-studies-low-gwp-commercial-refrigeration-technologies.pdf | Sobeys case, printed p.17",Switching from R404A to R290 can avoid 3.94294 tCO2e for each kg of annual refrigerant leakage.,3.94294 tCO2e/kg annual leakage avoided (R404A→R290),"(3,943−0.06) ÷ 1,000 = 3.94294 tCO2e/kg","https://www.gov.uk/government/publications/greenhouse-gas-reporting-conversion-factors-2026 | 2026 full-set workbook, ‘Refrigerant & other’ worksheet, rows labelled R404A and R290",Switching to lower-GWP refrigerants has a cited payback of <3 years simple payback.,<3 years simple payback,Published Sobeys transcritical-CO2 system result with heat reclaim,"https://www.ccacoalition.org/sites/default/files/resources/files/2015_11_case-studies-low-gwp-commercial-refrigeration-technologies.pdf | Sobeys case, printed p.17","Switching to lower-GWP refrigerants reduced installation cost by 0%–15%, maintenance cost by 50% and heating cost by 75%–85% in the cited cases.",0–15% lower installation cost; 50% lower maintenance cost; 75–85% lower heating cost,Published Sobeys case results; not a universal hospitality benchmark,"https://www.ccacoalition.org/sites/default/files/resources/files/2015_11_case-studies-low-gwp-commercial-refrigeration-technologies.pdf | Sobeys case, printed p.17","International Retail Food: Low-GWP CO₂ refrigeration – Sobeys
Sobeys’ transcritical CO₂ systems with heat reclaim delivered 0%–15% lower installation cost, 50% lower maintenance cost, 75%–85% lower heating cost and under three-year payback in the cited cases. [1]

International Retail Food: CO₂ secondary-loop refrigeration – Loblaw Scarborough
A CO₂ secondary loop with subcooling, floating head pressure and heat recovery used 23% less energy and reduced GHG emissions by 59%, equal to 2,700 tCO₂e, versus a similar conventional supermarket. [2]","CCAC Low-GWP Commercial Refrigeration Cases — https://www.ccacoalition.org/sites/default/files/resources/files/2015_11_case-studies-low-gwp-commercial-refrigeration-technologies.pdf [1]
Natural Resources Canada Loblaw CO₂ Refrigeration Case — https://natural-resources.canada.ca/maps-tools-publications/publications/co2-cold-distribution-loblaw-supermarket [2]"
Energy & Buildings,Buildings & Refrigerants & Fugitive Emissions,Install refrigerant leak detection and implement rapid repair,No,"Restaurants, QSRs, Pubs/Bars/Breweries, Hotels, Contract Caterers, Experiential Leisure",Equipment with no refrigerant charge or outside the operator's maintenance control.,"Use fixed or portable detection, alarms and a defined response process to find and repair refrigerant leakage earlier.","Refrigerant leaks increase recharge cost, equipment energy use and failure risk, with potential consequences for food stock, guest comfort and trading continuity. Early detection shortens the time to repair and reduces emissions, maintenance cost and product-loss risk.","Map charge and statutory thresholds; establish baseline leakage; select detection method; set alarm/escalation; train contractors; log leak, repair and recharge data.",Annual leakage rate (% of charge); time from alarm to repair; kg refrigerant lost,"Cost benchmarks for leak detection and rapid repair are £500 single sensor; £4,000 for 2–8 probes; £5,000 for 9–16; £10,000 for up to 32; +£300 per additional probe.","£500 single sensor; £4,000 for 2–8 probes; £5,000 for 9–16; £10,000 for up to 32; +£300/additional probe (2019 ETL claim-value proxy)","1 sensor = £500; 2–8 = £4,000; 9–16 = £5,000; ≤32 = £10,000; each extra = £300","https://etl.energysecurity.gov.uk/sites/default/files/2021-06/Refrigeration-equipment-claim-value-guide.pdf | p.25, Table 23.1; 2019 ETL claim values","Detecting and repairing leaks can avoid 3.943 tCO2e/kg for R404A, 1.300 tCO2e/kg for HFC-134a and 0.00006 tCO2e/kg for R290.",R404A: 3.943 tCO2e/kg leakage avoided; HFC-134a: 1.300; R290: 0.00006,Avoided tCO2e = kg leakage avoided × refrigerant factor,"https://www.gov.uk/government/publications/greenhouse-gas-reporting-conversion-factors-2026 | 2026 full-set workbook, ‘Refrigerant & other’ worksheet, rows labelled R404A, HFC-134a and R290","Installing refrigerant leak detection and rapid repair has a cited payback of rapid-repair benchmark, 2–3 years for small leaks; <1 year for large leaks.",Rapid-repair benchmark: 2–3 years for small leaks; <1 year for large leaks,Published payback for locating and repairing commercial-refrigeration leaks,https://next.shropshire.gov.uk/media/4555/refrigeration_guide.pdf | printed p.29,Installing leak detection can reduce energy cost by up to 15%; leaking systems were 11% less efficient.,Up to 15% energy-cost saving; average annual leakage 20% of charge; leaking system 11% less efficient,Published commercial-refrigeration leakage benchmark,https://next.shropshire.gov.uk/media/4555/refrigeration_guide.pdf | printed p.29,"Commercial Refrigeration: Leak detection and rapid repair benchmark
Published refrigeration guidance indicates leaking systems can be 11% less efficient, while detection and repair can reduce energy cost by up to 15%; indicative payback is 2–3 years for small leaks and under one year for large leaks. [1]

International Food Retail: Continuous refrigerant leak detection – Spanish grocery chain
Installing continuous leak detection across 5 stores reduced refrigerant leakage by 71% and leak-location time by 90% within 4 weeks. [2]","Shropshire Commercial Refrigeration Guide — https://next.shropshire.gov.uk/media/4555/refrigeration_guide.pdf [1]
AKO Grocery Chain Refrigerant Leak Detection Case — https://monitoring.ako.com/casos-de-exito/success-story-retail-food-distribution/ [2]"
Energy & Buildings,Buildings & Refrigerants & Fugitive Emissions,Maintain a governed refrigerant inventory and leakage record,No,"Restaurants, QSRs, Pubs/Bars/Breweries, Hotels, Contract Caterers, Experiential Leisure",Equipment demonstrably outside the reporting and maintenance boundary.,"Maintain asset-level refrigerant type, charge, location, ownership, service, leakage and end-of-life status to support compliance and abatement prioritisation.","Large estates and outsourced maintenance can leave operators without reliable refrigerant charge and leakage data. A governed inventory supports compliance, exposes high-GWP and high-leak assets and directs maintenance and replacement capital to the greatest risks.",Define asset ID and ownership; collect nameplate/service records; reconcile charge and top-ups; calculate annual leakage; flag missing records/high-risk assets; audit annually.,"% of in-scope equipment with refrigerant type, charge, service and leakage data complete","Maintaining an asset-level refrigerant inventory requires data set-up, validation and ongoing administration; budget per site, asset or meter.",,,,Tracking refrigerant charge and GWP quantifies the leakage exposure in tCO₂e for each asset.,,,,Calculate payback for refrigerant inventory management as quoted implementation cost ÷ verified annual utility and maintenance savings.,,,,Maintaining a refrigerant inventory shortens alarm-to-repair time and provides complete asset-level compliance records.,Faster refrigerant-event closure; eliminates lag between detection and resolution,Centralised records + automated inspection/repair deadlines + instant action triggers,"Facilio, HelloFresh refrigerant-compliance deployment, 8 July 2025: centralised tracking across food-production facilities; instant triggers eliminate lag and streamlined execution enables faster event closure. https://facilio.com/newsroom/hellofresh-facilio-press-release/","Food Production: Central refrigerant compliance tracking – HelloFresh
HelloFresh centralised refrigerant tracking across food-production facilities, using instant triggers to remove delays between detection and action and accelerate closure of refrigerant events. [1]

International Food Retail: Refrigerant analytics and compliance records – Woolworths
Connecting refrigeration data across more than 1,200 stores automated compliance logs and prioritised faults, reducing refrigerant leaks by 37%, avoiding 1,885 service calls and cutting Scope 1 emissions by 27%. [2]","Facilio HelloFresh Refrigerant Compliance Case — https://facilio.com/newsroom/hellofresh-facilio-press-release/ [1]
Bueno Analytics Woolworths Refrigerant Leak Case — https://buenoanalytics.com/case-study/woolworths-case-study-refrigerant-leak-detection/ [2]"
Energy & Buildings,Buildings & Refrigerants & Fugitive Emissions,Recover refrigerants at equipment end of life and document transfer,No,"Restaurants, QSRs, Pubs/Bars/Breweries, Hotels, Contract Caterers, Experiential Leisure",Equipment outside the organisation's decommissioning or procurement control.,"Recover, contain and transfer refrigerants for reclamation or destruction during equipment decommissioning rather than venting or unmanaged disposal.","Hospitality equipment is regularly replaced during kitchen, refrigeration and HVAC renewal. Documented refrigerant recovery prevents high-impact end-of-life emissions, demonstrates compliant contractor control and protects the organisation from unmanaged disposal liabilities.",Include recovery in decommissioning scope; record pre-work charge; use certified contractor; weigh recovered gas; obtain waste/transfer documentation; close asset record.,% of decommissioned charge recovered; kg refrigerant transferred with compliant records,Recovering refrigerants during equipment decommissioning costs £265/visit (<20 kg); £295 (21–100 kg); £390 (101–200 kg); +£150 weekend.,£265/visit (<20 kg); £295 (21–100 kg); £390 (101–200 kg); +£150 weekend,1 visit × applicable F-gas quantity band; >201 kg = sum of applicable band charges,"Ultimate Air / Daikin UK October 2025 Price Book, PDF p.128, ‘Reclaim with Confidence’: fixed-fee trade price per visit, based on total F-gas quantity recovered; includes safe recovery/reclaim route, system sealing and certificate. Available through Daikin D1 installers; equipment removal/recharge not included. https://ultimateair.co.uk/wp-content/uploads/2025/10/Ultimate-Air-October-2025-Price-Book.pdf",The measured carbon result from end-of-life refrigerant recovery is up to 3.5487 tCO2e/kg original R404A charge at 90% WEEE treatment benchmark.,Up to 3.5487 tCO2e/kg original R404A charge at 90% WEEE treatment benchmark,"3,943 × 90% ÷ 1,000 = 3.5487 tCO2e/kg","3,943: https://www.gov.uk/government/publications/greenhouse-gas-reporting-conversion-factors-2026 | 2026 full-set workbook, ‘Refrigerant & other’ worksheet, R404A row; 90%: https://www.gov.uk/guidance/waste-electrical-and-electronic-equipment-weee-refrigerant-recovery-monitoring | Process monitoring",Evaluate end-of-life refrigerant recovery using the collection cost per visit rather than a standalone payback.,Not a standalone payback measure,"Financial case depends on contractor fee, treatment charge and any recovered-gas credit",https://www.gov.uk/guidance/recovering-ods-from-equipment | Recovery and treatment requirements,Recovering refrigerants during equipment decommissioning provides ≥90% refrigerant recovery; treatment plant designed to remove and collect >99%.,≥90% refrigerant recovery; treatment plant designed to remove and collect >99%,Recovery rate = refrigerant recovered ÷ (appliance mass loss − oil recovered) × 100,https://www.gov.uk/guidance/waste-electrical-and-electronic-equipment-weee-refrigerant-recovery-monitoring | Waste treatment and Process monitoring,"UK Treatment Benchmark: End-of-life refrigerant recovery – WEEE plants
UK guidance requires treatment systems to recover at least 90% of refrigerant, while dedicated treatment plant is designed to remove and collect more than 99%. [1]

International: End-of-life R-12 recovery and destruction – University of Rochester
Recovering and destroying 23,635 lb of R-12 from 2 retired chillers avoided 103,650 tCO₂e and generated a project credit from the recovered refrigerant. [2]","UK Government WEEE Refrigerant Recovery Guidance — https://www.gov.uk/guidance/waste-electrical-and-electronic-equipment-weee-refrigerant-recovery-monitoring [1]
Carrier University of Rochester Refrigerant Destruction Case — https://www.carrier.com/commercial/en/us/literature/case-studies/education/u-of-r/ [2]"
Energy & Buildings,Buildings & Refrigerants & Fugitive Emissions,"Upgrade refrigeration equipment, doors, seals, fans and controls",No,"Restaurants, QSRs, Pubs/Bars/Breweries, Hotels, Contract Caterers, Experiential Leisure",Landlord- or supplier-owned equipment without operator upgrade authority.,"Improve cold-storage energy performance through efficient equipment, EC fans, doors/lids, seals, insulation, defrost and control optimisation. Refrigerant GWP and leakage are separate.","Refrigeration operates continuously and directly protects food safety, beverage quality and product availability. Efficient cabinets, doors, seals, fans and controls reduce one of the largest controllable electricity loads while lowering spoilage, maintenance and failure risk.","Meter representative cabinets/plant; inspect seals, doors, fans, defrost and setpoints; repair low-cost defects; compare ETL products; replace at end-of-life; verify kWh.",Refrigeration kWh per cover or refrigerated volume; annual kWh and cost saved,"Upgrading refrigeration equipment, doors, seals, fans and controls costs £10,296.33 per fridge case-normalised project cost; £6,177.67 net of stated grant.","£10,296.33 per fridge case-normalised project cost; £6,177.67 net of stated grant","£30,889 ÷ 3 = £10,296.33; (£30,889−£12,356) ÷ 3 = £6,177.67","https://www.dorsetcouncil.gov.uk/w/washingpool-farm-shop-leads-way-with-green-technology | project cost £30,889; grant £12,356; three fridges",The measured carbon result from refrigeration upgrades is 0.18642 tCO2e/bottle-cooler-year.,0.18642 tCO2e/bottle-cooler-year,"(4.71−0.81) × 365 × 0.13096 ÷ 1,000 = 0.18642 tCO2e/year","4.71 and 0.81 kWh/day: https://etl.energysecurity.gov.uk/case-studies/etl-approved-rhino-products-keep-drinks-cool-punch-and-judy-pub | The Solution and The Result; 0.13096: https://www.gov.uk/government/publications/greenhouse-gas-reporting-conversion-factors-2026 | full-set workbook, ‘UK electricity’!E25","Upgrading refrigeration equipment, doors, seals, fans and controls has a cited payback of 2.06 years gross; 1.24 years net of stated grant.",2.06 years gross; 1.24 years net of stated grant,"£30,889 ÷ £15,000 = 2.06; (£30,889−£12,356) ÷ £15,000 = 1.24","https://www.dorsetcouncil.gov.uk/w/washingpool-farm-shop-leads-way-with-green-technology | £30,889 cost, £12,356 grant and £15,000 annual saving","Upgrading refrigeration equipment and controls reduced electricity use by 82.8%, saved 1,423.5 kWh per cooler per year and extended fan life from 4 years to nearly 8 years.","82.8% lower electricity; 1,423.5 kWh/cooler-year saved; fan life 4→nearly 8 years","(4.71−0.81) ÷ 4.71 = 82.8%; (4.71−0.81) × 365 = 1,423.5 kWh/year",https://etl.energysecurity.gov.uk/case-studies/etl-approved-rhino-products-keep-drinks-cool-punch-and-judy-pub | The Solution and The Result,"Pubs: Efficient bottle-cooler replacement – Greene King Punch and Judy
The pub replaced 8 mixed-manufacturer, older-generation double-door bottle coolers consuming 4.71 kWh per unit per day with ETL-listed Rhino units selected for rapid pull-down and lower energy use. The new coolers consume 0.81 kWh per unit per day, saving about £2,500 per year at 25p/kWh; reported fan life increased from about 4 years to nearly 8 years, with around £300 of service call-outs avoided over an appliance life. [1]

Food Retail: Door-fronted refrigeration – Washingpool Farm Shop
Three open-fronted refrigerated cabinets were replaced with door-fronted units to reduce cold-air loss into the shop. The £30,889 project was estimated to reduce refrigeration energy by 61%, saving about 54,000 kWh, £15,000 and 28 tCO₂e per year. [2]","Energy Technology List Greene King Case — https://etl.energysecurity.gov.uk/case-studies/etl-approved-rhino-products-keep-drinks-cool-punch-and-judy-pub [1]
Dorset Council Washingpool Farm Case — https://www.dorsetcouncil.gov.uk/w/washingpool-farm-shop [2]"
Energy & Buildings,Buildings & Refrigerants & Fugitive Emissions,Adopt a validated warmer freezer setpoint where product and food-safety rules allow,Switch freezer temperatures to -15.,"Restaurants, QSRs, Pubs/Bars/Breweries, Hotels, Contract Caterers, Experiential Leisure",Products/equipment requiring colder temperatures or lacking technical and food-safety approval.,"Raise freezer setpoints only for product categories and equipment validated for the change, with documented food-safety, quality and contractual approval.","Freezers run continuously, so even a small validated setpoint change can reduce annual electricity with little or no capex. The measure offers low-disruption savings where product quality, food safety requirements and equipment specifications permit.",Identify eligible products/equipment; secure technical and food-safety approval; pilot temperature stability and quality; adjust setpoint; monitor alarms and kWh; scale only after validation.,% of eligible freezer load operating at approved warmer setpoint; annual freezer kWh saved,"Raising validated freezer setpoints from −18°C to −15°C requires supplier services, installation and staff time; budget per site, project or equipment unit.",,,,The measured carbon result from the warmer freezer setpoint is 0.01310 kgCO₂e per baseline freezer kWh.,0.01310 kgCO₂e per baseline freezer kWh,10% × 0.13096 = 0.013096 kgCO₂e/baseline kWh,"10%: IESO, Energy Efficiency Studies and Demonstrations, PDF p.9, Freezer Set Point Research Study (−18°C to −15°C; >24 restaurant/hotel freezers). https://www.ieso.ca/-/media/Files/IESO/Document-Library/research/CC-Energy-Efficiency-Studies-and-Demonstrations-2019-04-25 | 0.13096: UK Government 2026 conversion-factor full-set XLSX, ‘Factors by Category’!J3066. https://www.gov.uk/government/publications/greenhouse-gas-reporting-conversion-factors-2026",Calculate payback for the warmer freezer setpoint as quoted implementation cost ÷ verified annual utility and maintenance savings.,,,,Raising validated freezer setpoints from −18°C to −15°C reduced freezer energy use by 10% on average.,10% average freezer-energy reduction for −18°C to −15°C,Field testing across >24 commercial freezers in restaurants and hotels; validate food quality and safety before adoption,"IESO, Energy Efficiency Studies and Demonstrations, PDF p.9, Freezer Set Point Research Study. https://www.ieso.ca/-/media/Files/IESO/Document-Library/research/CC-Energy-Efficiency-Studies-and-Demonstrations-2019-04-25","International Restaurants / Hotels: Warmer freezer setpoint trial – IESO
Raising freezer setpoints from −18°C to −15°C across more than 24 restaurant and hotel freezers reduced freezer energy use by 10% on average, with almost all foods remaining safe and without loss of quality. [1]",IESO Freezer Setpoint Research Study — https://www.ieso.ca/-/media/Files/IESO/Document-Library/research/CC-Energy-Efficiency-Studies-and-Demonstrations-2019-04-25 [1]
Energy & Buildings,Buildings & Refrigerants & Fugitive Emissions,Phase out fossil-fuelled patio heaters and avoid unnecessary outdoor heating,"Avoid outdoor patio heaters, or if you must use them, use infra-red electric heaters","Restaurants, Pubs/Bars/Breweries and Hotels with outdoor trading areas",Sites without outdoor heating or without authority over the equipment/energy.,"Eliminate outdoor heating where possible; where a justified customer need remains, assess targeted zonal electric infrared only after demand reduction and control.",Fossil patio heaters consume significant energy to provide a non-core service in an exposed area. Removing unnecessary heating or using targeted alternatives reduces fuel cost and emissions while retaining outdoor trading where it has clear customer value.,"Inventory heaters/fuel/run hours; challenge service need; improve shelter/blankets/controls; remove fossil units; if retained service is justified, trial targeted electric zoning; verify net energy.",Number and annual fuel use of fossil patio heaters removed; outdoor-heating hours avoided,"Cost benchmarks for outdoor-heating changes are £378–£599 per commercial infrared heater; £3,969 premium design-led unit; £300–£500 per dedicated circuit.","£378–£599 per commercial infrared heater; £3,969 per premium design-led heater; £300–£500 per dedicated outdoor circuit","1 × £378–£599; 1 × £3,969; 1 circuit × £300–£500","Herschel UK commercial outdoor infrared range: Colorado 2.5kW from £378; Rio/Rio Grande 2–3kW from £599; Hawaii Wave 2kW from £599. https://www.herschel-infrared.co.uk/commercial-heaters/ | Bromic UK Eclipse Smart-Heat Portable 3kW: £3,969 incl. VAT; integrated dimmable LED, app/remote control, up to 13m². https://www.bromic.co.uk/product/eclipse-smart-heat-electric-portable/ | MyJobQuote, Outdoor Socket Cost, updated 22 January 2026: £300–£500 for a new outdoor dedicated circuit from the consumer unit; installation-cost proxy, not a hospitality quotation. https://www.myjobquote.co.uk/costs/install-an-outdoor-socket",The measured carbon result from outdoor-heating changes is >3 tCO₂/heater/year (legacy estimate).,>3 tCO₂/heater/year (legacy estimate),Published typical annual emission estimate,"London Assembly, Patio Heaters, answer dated 24 Jun 2007; legacy estimate from Energy Saving Trust and British Gas. https://www.london.gov.uk/who-we-are/what-london-assembly-does/questions-mayor/find-an-answer/patio-heaters",Eliminating one 2-hour gas-heater use avoids £9.30 in operating cost.,£9.30 avoided per 2-hour gas-heater use eliminated,£9.30 × number of eliminated 2-hour uses,"Energy Saving Trust, How to save energy outdoors in summer, patio-heater table; July 2026 GB prices, 20m² for 2 hours. https://energysavingtrust.org.uk/summer-energy-saving/",Replacing gas patio heating with targeted infrared units reduced running cost by 66.7% in the cited comparison while directing heat toward people and objects.,66.7% lower running cost if gas is replaced by electric; infrared targets people/objects,(£9.30 − £3.10) ÷ £9.30 = 66.7%,"Energy Saving Trust, How to save energy outdoors in summer, patio-heater table; July 2026 GB prices, 20m² for 2 hours. https://energysavingtrust.org.uk/summer-energy-saving/","Hospitality Reference: Targeted electric outdoor heating – Energy Saving Trust
The published comparison indicates targeted electric infrared heating can reduce running cost by 66.7% versus gas patio heating for the same stated area and duration, while directing heat toward people and objects. [1]",Energy Saving Trust Outdoor Heating Comparison — https://energysavingtrust.org.uk/summer-energy-saving/ [1]
Energy & Buildings,Capital Goods (sub group supply chain),Conduct whole-life carbon assessments for major capital projects,No,"Restaurants, QSRs, Pubs/Bars/Breweries, Hotels, Contract Caterers, Experiential Leisure",Minor works below the organisation's approved materiality threshold.,"Assess product, construction, use-stage and end-of-life carbon for major construction, refurbishment and fit-out projects using consistent boundaries and data hierarchy.","Hospitality businesses refurbish and refit sites frequently, so operational energy alone can overlook substantial construction and material impacts. Whole-life carbon assessment identifies the design choices that drive carbon and cost before they become difficult to change.",Set the project threshold; define the baseline option; quantify materials and operational scenarios using the RICS life-cycle modules; use environmental product declarations where available; test options; update the assessment at approval stages and completion.,"% of major projects completing a RICS-aligned whole-life carbon assessment at concept, design and completion; kgCO2e/m²","Completing a RICS-aligned whole-life carbon assessment requires specialist assessment, staff time and programme management; budget per portfolio, site or project.",,,,"The whole-life carbon assessment identified a 169 kgCO₂e/m² reduction, equal to 29.2%, in the retrofit comparison.",,,,Evaluate whole-life carbon assessment using the assessment cost per project and any avoided redesign or material-change cost.,,,,"Completing a whole-life carbon assessment identified a 169 kgCO₂e/m² reduction, equal to 29.2%.",169 kgCO₂e/m² lower WLC estimate (29.2%),578 − 409 = 169; 169 ÷ 578 = 29.2%,"CISL, Building Entopia: The story behind the ultra-sustainable retrofit, PDF pp.6–12. https://www.cisl.cam.ac.uk/files/building_entopia_case_study_280922.pdf PDF p.6.","Cross-sector: Whole-life carbon assessment – Entopia Building
Whole-life carbon assessment was used to compare deep retrofit with conventional refurbishment, prioritising retention of the existing structure rather than demolition and replacement. The selected design is expected to save 80% of whole-life carbon versus a standard refurbishment, while structural retention avoided about 60% of embodied carbon. [1]

QSR: Net-zero construction benchmark – McDonald’s Market Drayton
McDonald’s tested specific lower-carbon substitutions rather than relying on a generic green-building label: sheep wool replaced man-made insulation, 250 m² of external cladding was made from recycled IT and white goods, and more than 1,000 kerbs were made from recycled bottles instead of concrete. Each kerb avoided 25 kgCO₂ compared with the concrete baseline. [2]","UKGBC Entopia Building Case — https://ukgbc.org/resources/the-entopia-building/ [1]
McDonald’s UK Net-Zero Restaurant — https://www.mcdonalds.com/gb/en-gb/newsroom/article/uk_net_zero_carbon.html [2]"
Energy & Buildings,Capital Goods (sub group supply chain),Set operational-energy and embodied-carbon targets for new construction and major refurbishment,"When undertaking new construction projects, design for performance and set embodied carbon targets","Restaurants, QSRs, Pubs/Bars/Breweries, Hotels, Experiential Leisure; Contract Caterers only where delegated asset/capital control is documented","Exclude sites where the operator does not control the relevant asset, utility, specification or capital decision.","Set measurable operational-energy and upfront/whole-life-carbon targets at project brief stage, using consistent project type and life-cycle boundaries.","New sites and major refurbishments lock in energy performance and material choices for many years. Clear operational and embodied-carbon targets give designers and suppliers accountable thresholds, reducing performance gaps and expensive future retrofit requirements.",Select peer benchmark and project boundary; set operational and embodied targets; allocate targets to design team; include in employer's requirements; track at each stage.,% of projects with approved kWh/m² and kgCO2e/m² targets before concept approval,"Setting operational-energy and embodied-carbon targets requires specialist assessment, staff time and programme management; budget per portfolio, site or project.",,,,Setting project targets quantifies the reduction in kWh/m² and kgCO₂e/m² against the approved design baseline.,,,,Compare the cost of setting energy and carbon targets and the selected-solution premium with the like-for-like baseline.,,,,"Setting operational-energy and embodied-carbon targets provides set measurable operational-energy and upfront/whole-life-carbon targets at project brief stage, using consistent project type and life-cycle boundaries.",,,,"QSR: Operational and embodied-carbon targets – McDonald’s Market Drayton
The design combined on-site renewable generation with product-level material substitutions: two wind turbines and 92 m² of solar generate 60,000 kWh per year, while sheep-wool insulation, recycled-appliance cladding and recycled-plastic kerbs reduce construction impacts. The restaurant was built to the UKGBC net-zero construction framework and used as a blueprint for future freehold new builds. [1]

Cross-sector: Performance targets – Entopia Building
The project set quantified design targets before procurement, including an 85% reduction in energy demand, an expected 80% whole-life carbon saving and embodied carbon of 408 kgCO₂e/m², then used deep retrofit and structural retention to pursue them. [2]","McDonald’s UK Net-Zero Restaurant — https://www.mcdonalds.com/gb/en-gb/newsroom/article/uk_net_zero_carbon.html [1]
UKGBC Entopia Building Case — https://ukgbc.org/resources/the-entopia-building/ [2]"
Energy & Buildings,Capital Goods (sub group supply chain),Apply carbon criteria at capital-project investment and design gates,No,"Restaurants, QSRs, Pubs/Bars/Breweries, Hotels, Experiential Leisure; Contract Caterers only where delegated asset/capital control is documented","Exclude sites where the operator does not control the relevant asset, utility, specification or capital decision.","Require project teams to demonstrate performance against approved carbon targets before funding, design freeze, procurement and completion decisions.",Hospitality brands often repeat approved designs across many locations. Carbon criteria at investment and design gates prevent high-impact options from being committed and avoid multiplying poor material or energy decisions across the estate.,Add carbon deliverables to gate checklist; define accountable approver; require baseline/options/variance; record decision and conditions; verify completion against approval.,% of project gates with documented carbon decision evidence; number/value of projects redesigned or stopped,"Applying carbon checks at funding, design and procurement gates requires specialist assessment, staff time and programme management; budget per portfolio, site or project.",,,,Applying carbon checks records the tCO₂e avoided when designs or projects change before procurement.,,,,Compare the cost of carbon checks with the redesign and rework avoided later in the project.,,,,Applying carbon checks earlier reduces late redesign and rework.,Earlier identification of carbon non-compliance; reduces late-stage redesign and rework risk,"Carbon evidence required before funding, design freeze and procurement decisions","RICS, Whole life carbon assessment for the built environment, 2nd ed. (Version 3, August 2024), PDF pp.30–31: assessments are repeated at concept, technical design, construction and post-completion; the ability to influence outcomes reduces and implementation becomes more expensive at later stages. https://www.rics.org/content/dam/ricsglobal/documents/standards/Whole_life_carbon_assessment_PS_Sept23.pdf","QSR: Carbon criteria at design approval – McDonald’s Market Drayton
Design approval selected a defined package of on-site renewables and lower-carbon materials rather than leaving sustainability requirements to later procurement. The approved specification included two wind turbines, 92 m² of solar panels, British sheep-wool insulation, 250 m² of recycled-appliance cladding and more than 1,000 lower-carbon recycled-plastic kerbs, creating a repeatable blueprint for future restaurants. [1]

Method Benchmark: Whole-life carbon decision gates – RICS
The RICS standard provides a consistent basis for comparing design options across product, construction, use and end-of-life stages before capital approval, enabling carbon performance to be assessed alongside cost and technical requirements. [2]","McDonald’s UK Net-Zero Restaurant — https://www.mcdonalds.com/gb/en-gb/newsroom/article/uk_net_zero_carbon.html [1]
RICS Whole Life Carbon Assessment Standard — https://www.rics.org/content/dam/ricsglobal/documents/standards/Whole_life_carbon_assessment_PS_Sept23.pdf [2]"
Energy & Buildings,Capital Goods (sub group supply chain),Require EPDs or product-specific carbon data for priority materials and equipment,No,"Restaurants, QSRs, Pubs/Bars/Breweries, Hotels, Contract Caterers, Experiential Leisure",Low-materiality purchases outside the approved priority list.,Collect comparable product carbon data for high-impact materials and capital equipment so procurement and WLCA can compare like-for-like options.,"Repeated procurement across common materials and equipment can create a significant aggregate footprint. Comparable EPD and product data allow buyers to distinguish genuinely lower-carbon options, use purchasing scale and support credible customer and corporate reporting.",Define priority categories; specify accepted standards and expiry; request EPDs in tender; validate declared unit/modules; store source/version; link selected product to project calculation.,% of priority spend/mass covered by valid EPD or product-specific LCA; data-quality score,"Requiring EPDs and product-specific carbon data requires criteria development, supplier screening and tender review; budget per equipment or material category.",,,,Requiring EPDs quantifies the kgCO₂e avoided for each product or functional unit selected.,Project-specific kgCO₂e avoided,(Baseline product kgCO₂e/functional unit − selected product kgCO₂e/functional unit) × quantity,"RICS, Whole life carbon assessment for the built environment, 2nd ed. (Version 3, August 2024), PDF pp.57–58: use manufacturer/product-specific EPDs for selected products. https://www.rics.org/content/dam/ricsglobal/documents/standards/Whole_life_carbon_assessment_PS_Sept23.pdf | EPD International comparability rules: same/aligned PCR, identical function and declared/functional unit, identical life-cycle scope and impact method, and valid EPDs. https://www.environdec.com/library/epd26371",Evaluate EPD requirements using data and evaluation cost per product category plus the selected-product price delta.,,,,Requiring EPDs provides product-specific kgCO₂e per declared or functional unit for like-for-like procurement comparisons.,Product-specific kgCO₂e per declared/functional unit; no universal reduction factor,Compare like-for-like EPD results using the same unit and life-cycle scope,"RICS, Whole life carbon assessment for the built environment, 2nd ed. (Version 3, Aug 2024). https://www.rics.org/content/dam/ricsglobal/documents/standards/Whole_life_carbon_assessment_PS_Sept23.pdf PDF pp.57–58.","QSR: Product-specific material selection – McDonald’s Market Drayton
McDonald’s specified named material substitutions with measurable quantities: 250 m² of cladding made from recycled IT and white goods, British sheep wool instead of man-made insulation, and more than 1,000 kerbs made from over 200,000 recycled bottles. Each kerb was reported to avoid 25 kgCO₂ versus a concrete equivalent. [1]

Method Benchmark: Product and EPD evidence – RICS
The RICS whole-life carbon method prioritises product-specific environmental data when available, allowing procurement teams to compare material and equipment options using declared product impacts rather than generic category averages. [2]","McDonald’s UK Net-Zero Restaurant — https://www.mcdonalds.com/gb/en-gb/newsroom/article/uk_net_zero_carbon.html [1]
RICS Whole Life Carbon Assessment Standard — https://www.rics.org/content/dam/ricsglobal/documents/standards/Whole_life_carbon_assessment_PS_Sept23.pdf [2]"
Energy & Buildings,Capital Goods (sub group supply chain),"Prioritise refurbishment, reuse and adaptation before new construction",No,"Restaurants, QSRs, Pubs/Bars/Breweries, Hotels, Experiential Leisure; Contract Caterers only where delegated asset/capital control is documented","Exclude sites where the operator does not control the relevant asset, utility, specification or capital decision.","Evaluate whether existing buildings, structures and fit-outs can meet the need through retention or adaptation before approving demolition and new construction.","Hotels, pubs and restaurants often refresh concepts before the building structure reaches end of life. Retaining and adapting viable assets can reduce demolition, new-material demand, planning risk, closure time and capital cost while preserving established locations.","Define service need; survey existing asset; model retain/refurbish/new-build options; compare whole-life carbon, cost, time and operational performance; document approval rationale.",% of projects evaluating retain/refurbish/new-build options; tCO2e avoided through retained structure,"Retaining and adapting existing buildings before new construction costs £4,250/m² total project cost; 8% capital-cost premium.","£4,250/m² total project cost; 8% capital-cost premium","£12.69m ÷ 2,986m² = £4,249/m² ≈ £4,250/m²; 100% + 8% = 108%","CISL, Building Entopia case study, pp.6 & 8: £12.69m total cost and 2,986m² renovated space; p.12: capital cost estimated 8% higher than a traditional fit-out. The 8% is a reported estimate, not calculated from £12.69m versus £8.9m.","The measured carbon result from retention and adaptation is 6,340 kgCO₂e/m² saved over 100 years (84%).","6,340 kgCO₂e/m² saved over 100 years (84%)",Published case comparison versus standard office fit-out,"CISL, Building Entopia: The story behind the ultra-sustainable retrofit, PDF pp.6–12. https://www.cisl.cam.ac.uk/files/building_entopia_case_study_280922.pdf PDF p.8.",Retaining and adapting existing buildings before new construction has a cited payback of 5–8 years.,5–8 years,8% capital premium recovered through lower operational-energy requirements,"CISL, Building Entopia: The story behind the ultra-sustainable retrofit, PDF pp.6–12. https://www.cisl.cam.ac.uk/files/building_entopia_case_study_280922.pdf PDF p.12.",Retaining and adapting the existing building reduced energy demand by 85% in the cited retrofit.,85% lower energy demand,Post-retrofit demand = 15% of pre-retrofit demand,"CISL, Building Entopia: The story behind the ultra-sustainable retrofit, PDF pp.6–12. https://www.cisl.cam.ac.uk/files/building_entopia_case_study_280922.pdf PDF p.10.","Cross-sector: Deep retrofit instead of replacement – Entopia Building
Retaining and adapting the existing building reduced energy demand by 85%, delivered an expected 80% whole-life carbon saving and retained the original structure, avoiding about 60% of embodied carbon. [1]

Cross-sector: Adaptive reuse and structural retention – UC Davis Walker Hall
Retaining 75% of the structure, combined with lower-carbon materials, reduced embodied carbon by 57%, diverted 86% of construction waste and avoided about 700 tCO₂e. [2]","UKGBC Entopia Building Case — https://ukgbc.org/resources/the-entopia-building/ [1]
University of California Walker Hall Adaptive Reuse Case — https://lowcarbonbuilding.universityofcalifornia.edu/case-studies/walker-hall.html [2]"
Energy & Buildings,Capital Goods (sub group supply chain),Require component reuse and material recovery in building and fit-out projects,Adopt reuse and recycling practices in buildings and fitouts,"Restaurants, QSRs, Pubs/Bars/Breweries, Hotels, Contract Caterers, Experiential Leisure","Projects with no controlled strip-out, fit-out or material scope.","Set project requirements for retention, reuse, refurbishment, salvage and high-value recovery of building and fit-out components.","Frequent hospitality fit-outs generate furniture, flooring, partitions, equipment and finishes with remaining value. Component reuse reduces replacement purchasing and disposal, can shorten lead times and supports a visible circular-economy story for customers and clients.",Pre-demolition/strip-out audit; identify reusable components; set reuse/recovery targets; allocate storage and warranties; procure take-back; evidence final destinations and avoided products.,% of components retained/reused by mass or value; tonnes diverted; tCO2e avoided,"Reusing structural, floor-tile and fit-out components costs 56%–68% of equivalent new structural-steel cost.",56%–68% of equivalent new structural-steel cost,100% − 44% = 56%; 100% − 32% = 68%,"UKGBC, Insights on how circular economy principles can impact carbon and value, p.13: preliminary Cleveland Steel & Tubes / UKGBC research reports 32%–44% savings versus new steel where the recovered steel is already owned by the client. This is a structural-steel reuse benchmark, not a whole-project or hospitality fit-out cost.",The measured carbon result from component reuse is 2.40 tCO₂e/t reused steel.,2.40 tCO₂e/t reused steel,276 tCO₂e ÷ 115 t steel = 2.40 tCO₂e/t,"UKGBC, Timber Square case study. https://ukgbc.org/resources/timber-square/",Purchasing reused structural steel can reduce material cost by 10%–20% compared with equivalent new steel.,10%–20% cost saving when purchasing reused steel,Purchased reused-steel cost = 80%–90% of new-steel cost,"UKGBC, How Circular Economy Principles can impact carbon and value, PDF p.13. https://ukgbc.org/wp-content/uploads/2022/08/Whole-Life-Carbon-Circular-Economy-Report.pdf","Reusing structural, floor-tile and fit-out components provides ~80% original structure retained; 33,450m² floor tiles and >500 beams reused.","~80% original structure retained; 33,450m² floor tiles and >500 beams reused",Published Timber Square project quantities,"UKGBC, Timber Square case study. https://ukgbc.org/resources/timber-square/","Cross-sector: Structural and component reuse – Timber Square
Reusing about 80% of the original structure by volume saved 7,300 tCO₂; reclaimed floor tiles saved 1,362 tCO₂e and reused steel beams saved 276 tCO₂e. [1]

Restaurants: Circular fit-out and component reuse – Apricity, London
Reusing existing floors, furniture, staircase timber and skirting boards reduced fit-out emissions by 40% compared with a standard restaurant fit-out. [2]","UKGBC Timber Square Case — https://ukgbc.org/resources/timber-square/ [1]
Apricity Circular Restaurant Fit-out Case — https://www.apricityrestaurant.com/design [2]"
Energy & Buildings,Capital Goods (sub group supply chain),Specify lower-carbon and responsibly sourced construction materials,Use sustainable and locally-sourced materials in construction and maintenance,"Restaurants, QSRs, Pubs/Bars/Breweries, Hotels, Contract Caterers, Experiential Leisure",Purchases outside project/material specification control.,Use EPD/LCA and responsible-sourcing criteria to select functionally equivalent materials with lower embodied carbon and acceptable technical performance.,"Hospitality estates purchase similar materials repeatedly across new sites and refurbishments, so specification choices scale quickly. Lower-carbon and responsibly sourced materials reduce embodied emissions and supply-chain or reputation risk without changing the customer service delivered.",Identify carbon hotspots; define functional/specification requirements; establish baseline EPD; request alternatives; compare matched units/modules; approve and verify installed quantities.,Weighted kgCO2e per functional unit for priority materials; % responsibly sourced,"Cost benchmarks for lower-carbon material selection are paint £0.69–£1.37/m²; carpet tile £25.00–£27.16/m²; 100mm insulation £6.95–£7.72/m², ex VAT.",Recycled paint: £0.69–£1.37/m² ex VAT (2 coats); low-carbon carpet tile: £25.00–£27.16/m² ex VAT; 100mm rock-mineral-wool insulation: £6.95–£7.72/m² ex VAT,Paint: 2 × (£35.00 ÷ 1.20) ÷ (5L × 17m²/L) = £0.69/m²; 2 × (£69.99 ÷ 1.20) ÷ (5L × 17m²/L) = £1.37/m². Carpet tile: £25.00/m²; £32.59 ÷ 1.20 = £27.16/m². Insulation: £30.02 ÷ 4.32m² = £6.95/m²; £33.36 ÷ 4.32m² = £7.72/m²,"Paint Direct, Dulux Trade Evolve Matt: £35.00 promotional / £69.99 list incl. VAT per 5L; coverage up to 17m²/L. https://www.paint-direct.co.uk/p/dulux-trade-evolve-matt (accessed 10 Aug 2026). That Carpet Tile Company, Interface Heuga 580 II: £25.00/m² ex VAT for 100–295m². https://www.thatcarpettilecompany.co.uk/shop/carpet-tiles/nylon-carpet-tiles/interface-heuga-580-ii-carpet-tiles/; Flooring Hut: £32.59/m² incl. VAT. https://www.flooringhut.co.uk/interface/heuga-580-ii/interface-heuga-580-onyx-1267232 (accessed 10 Aug 2026). BuyMaterials, Knauf Rocksilk Flexible Slab 100mm: £30.02–£33.36 + VAT per 4.32m² pack. https://www.buymaterials.com/product/226881 (accessed 10 Aug 2026). Material only; excludes labour, delivery, fixings and waste.",Recycled paint can avoid 0.04 kgCO₂e/m² or 31%. Low-carbon carpet tiles can avoid 3.42 kgCO₂e/m² or 49%. Mineral-wool insulation can avoid 1.47 kgCO₂e/m² or 25%.,Paint: 0.04 kgCO₂e/m² avoided (31%); carpet tile: 3.42 kgCO₂e/m² avoided (49%); insulation: 1.47 kgCO₂e/m² avoided (25%),Paint: 0.13 − 0.09 = 0.04 kgCO₂e/m²; 0.04 ÷ 0.13 = 30.8%. Carpet tile: 6.95 − 3.53 = 3.42 kgCO₂e/m²; 3.42 ÷ 6.95 = 49.2%. Insulation: (2.163 × 2.70) − 4.37 = 1.47 kgCO₂e/m²; 1.47 ÷ (2.163 × 2.70) = 25.2%,"Paint: Dulux Decorator Centre carbon table—Evolve Matt 0.09 vs Vinyl Matt 0.13 kgCO₂e/m², cradle-to-gate. https://www.duluxdecoratorcentre.co.uk/sustainable-specifications/paint-carbon-data (accessed 10 Aug 2026). Carpet tile: Interface Heuga 580 II 3.53 kgCO₂e/m² A1–A3. https://shop.interface.com/GB/en-GB/carpet-tile/heuga-580-ii/1267C.html; Interface cites the EC3 Europe conservative carpet-tile benchmark of 6.95 kgCO₂e/m² A1–A3. https://www.interface.com/GB/en-GB/sustainability/embodied-carbon-values.html (accessed 10 Aug 2026). Insulation: Knauf Rocksilk Flexible Slab 100mm = 4.37 kgCO₂e/m² A1–A3 and R2.70. https://knauf.com/api/download-center/v1/assets/b8df2cec-1797-4cc4-8b66-77ae36cd4dcc?country=gb&download=true; Knauf embodied-carbon guide PIR benchmark = 2.163 kgCO₂e/m² at R1.0, normalized to R2.70 for comparison. https://assets.knauf.com/content/dam/local/gb/ki/4206/marketing/housebuilder-hub-downloads/knauf_insulation_embodied_carbon-guide-en-uk_nov22.pdf (accessed 10 Aug 2026).",Compare lower-carbon materials with conventional alternatives on a £/m² basis; no operating payback benchmark is available.,Not calculable from published data,Matched tender prices and like-for-like product EPDs are required,"RICS, Whole life carbon assessment for the built environment, 2nd ed. (Version 3, Aug 2024). https://www.rics.org/content/dam/ricsglobal/documents/standards/Whole_life_carbon_assessment_PS_Sept23.pdf PDF pp.57–58.","Specifying these materials provides 35% recycled paint content, 77% recycled carpet content with a 15-year warranty and insulation rated at R2.70 m²K/W at 100mm.","Paint: 35% recycled content at 17m²/L coverage; carpet tile: 77% recycled content, Class 33 heavy contract, 15-year warranty; insulation: R2.70 m²K/W at 100mm, Euroclass A1",Paint: 35%; 17m²/L. Carpet tile: 77%; Class 33; 15 years. Insulation: 100mm; λ0.037 W/mK; R2.70 m²K/W; A1,"Paint Direct, Dulux Trade Evolve Matt: 35% recycled paint content and up to 17m²/L coverage. https://www.paint-direct.co.uk/p/dulux-trade-evolve-matt. Interface, Heuga 580 II: 77% total recycled content, Class 33 heavy contract and 15-year warranty. https://shop.interface.com/GB/en-GB/carpet-tile/heuga-580-ii/1267C.html. Knauf, Rocksilk Flexible Slab: 100mm, λ0.037 W/mK, R2.70 m²K/W and Euroclass A1. https://knauf.com/en-GB/p/product/rocksilk-r-flexible-slab-26362_4206; https://knauf.com/api/download-center/v1/assets/b8df2cec-1797-4cc4-8b66-77ae36cd4dcc?country=gb&download=true (accessed 10 Aug 2026).","QSR: Lower-carbon construction materials – McDonald’s Market Drayton
The restaurant substituted several conventional materials: 250 m² of standard cladding was replaced with panels made from recycled IT and white goods, man-made insulation was replaced with British sheep wool, and more than 1,000 concrete kerbs were replaced with recycled-plastic units made from 182 bottles each. The kerbs reduce emissions by 25 kgCO₂ per unit versus concrete. [1]

Materials Benchmark: Paint carbon disclosure – Dulux
Product EPDs and carbon data allow paint specifications to be compared using product-specific embodied-carbon evidence; recycled paint options contain 35% recycled paint content. [2]

Materials Benchmark: Carpet tile – Interface Heuga 580 II
The carpet tile reports 3.53 kgCO₂e/m² cradle-to-gate embodied carbon, 77% recycled content and a 15-year warranty, with take-back through the ReEntry scheme. [3]

Materials Benchmark: Insulation – Knauf Rocksilk Flexible Slab
The product EPD reports approximately 1.75 kgCO₂e/m² for production stages A1–A3 for the declared flexible-slab unit. [4]","McDonald’s UK Net-Zero Restaurant — https://www.mcdonalds.com/gb/en-gb/newsroom/article/uk_net_zero_carbon.html [1]
Dulux Paint Carbon Data — https://www.duluxdecoratorcentre.co.uk/sustainable-specifications/paint-carbon-data [2]
Interface Heuga 580 II Product Carbon Data — https://shop.interface.com/GB/en-GB/carpet-tile/heuga-580-ii/1267C.html [3]
Knauf Rocksilk Flexible Slab EPD — https://knauf.com/api/download-center/v1/assets/b8df2cec-1797-4cc4-8b66-77ae36cd4dcc?country=gb&download=true [4]"
Energy & Buildings,Capital Goods (sub group supply chain),"Specify durability, repairability, modularity and supplier take-back for capital equipment",No,"Restaurants, QSRs, Pubs/Bars/Breweries, Hotels, Contract Caterers, Experiential Leisure",Consumables and low-value purchases outside the capital-equipment policy.,"Use procurement requirements that extend equipment life, enable component repair and replacement, and create a documented end-of-use route.","Kitchen, refrigeration and service equipment operates intensively and failures can immediately affect trading. Durability, repairability and take-back requirements reduce downtime, replacement capex, waste and lifetime cost while improving parts and service availability.","Prioritise equipment categories; set service-life/spares/repair/take-back requirements; score tenders; record warranty and parts availability; track failures, repairs and final route.",% of priority equipment tenders with repairability/modularity/take-back criteria; expected service-life extension,"Cost benchmarks for efficient kitchen-equipment selection are fridge £699.99 (£210.99 premium); warewasher £13,432.93 (£3,507.73 premium); WEEE take-back £500; combi oven £7,799.99, ex VAT.","600L A-rated upright fridge: £699.99/item ex VAT; incremental premium: £210.99/item. Heat-recovery pass-through warewasher: £13,432.93/item ex VAT; incremental premium: £3,507.73/item. WEEE take-back: £500/old item ex VAT. 10-grid combi oven: £7,799.99/item ex VAT.","Fridge: £699.99 − £489.00 = £210.99. Warewasher: £13,432.93 − £9,925.20 = £3,507.73. Take-back: £600 ÷ 1.20 = £500. Combi oven: £7,799.99.","Nisbets, Polar C-Series 600L fridge (£699.99 ex VAT): https://www.nisbets.co.uk/polar-c-series-upright-fridge-white-600ltr/pc005; Nisbets, HOST 600L comparator (£489.00 ex VAT): https://www.nisbets.co.uk/host-commercial-upright-fridge-stainless-steel-600l/ht214; CS Catering, Winterhalter PT-M EnergyPlus (£13,432.93 ex VAT): https://www.cs-catering-equipment.co.uk/winterhalter-pt-m-pass-through-glasswasher-energyplus; standard PT-M (£9,925.20 ex VAT) and old-unit collection (£500 ex VAT): https://www.cs-catering-equipment.co.uk/winterhalter-pt-m-pass-through-glasswasher; Nisbets, Rational iCombi Pro 10-grid (£7,799.99 ex VAT): https://www.nisbets.co.uk/rational-icombi-pro-combi-oven-icp-1011e/fn886. Accessed 10 Aug 2026. Equipment only; installation, delivery and servicing excluded unless stated.","An A-rated fridge can avoid 55.3 kgCO₂e per item per year, equal to 57.1%. A heat-recovery warewasher can reduce operational CO₂e per cycle by up to 15%, while an efficient combi oven can reduce it by about 20%.","Fridge: 55.3 kgCO₂e/item/year avoided, including grid losses (57.1%). Warewasher: up to 15% lower electricity-related operational CO₂e per cycle. Combi oven: approximately 20% lower electricity-related operational CO₂e.",Fridge: (672 − 288) × 0.14396 = 55.3 kgCO₂e/year; (672 − 288) ÷ 672 = 57.1%. Warewasher: 15% less electricity × same grid factor = up to 15% less operational CO₂e. Combi oven: 20% less electricity × same grid factor = approximately 20% less operational CO₂e.,"Fridge annual consumption: Polar 288 kWh/year and HOST 672 kWh/year, Nisbets product pages: https://www.nisbets.co.uk/polar-c-series-upright-fridge-white-600ltr/pc005 and https://www.nisbets.co.uk/host-commercial-upright-fridge-stainless-steel-600l/ht214. UK electricity consumed factor including grid losses: 0.14396 kgCO₂e/kWh, DESNZ 2026 methodology, Table 9: https://assets.publishing.service.gov.uk/media/6a2940543b15d05a7ce3202e/2026-GHG-conversion-factors-methodology-report.pdf. Warewasher energy reduction up to 15%: https://www.cs-catering-equipment.co.uk/winterhalter-pt-m-pass-through-glasswasher-energyplus. iCombi Pro 101 energy saving approximately 20% versus comparable predecessor under standardised ENERGY STAR tests: https://www.rational-online.com/media/investor-relations/veroeffentlichungen-gj-2023/rational-ag---non-financial-report-2023.pdf. Accessed 10 Aug 2026. Washer and oven figures are manufacturer benchmarks, not site-specific absolute kgCO₂e.",The A-rated fridge had a 2.3-year simple payback; warewasher and combi-oven payback requires site duty-cycle data.,Fridge: 2.3-year simple payback. Warewasher and combi oven: not reliably calculable from published data.,Fridge: (£699.99 − £489.00) ÷ [(672 − 288) kWh/year × £0.2414/kWh] = 2.28 years. Warewasher and combi oven: baseline annual kWh and site duty cycle unavailable.,"Fridge prices and annual electricity use: Nisbets product pages cited in V29. UK average non-domestic electricity price including Climate Change Levy, Q1 2026: 24.14 p/kWh, DESNZ Quarterly Energy Prices June 2026: https://www.gov.uk/government/statistics/quarterly-energy-prices-june-2026. Accessed 10 Aug 2026. Actual payback varies with tariff and operating conditions.","An A-rated fridge saves 384 kWh/year. A heat-recovery warewasher uses up to 15% less energy and 25% less water. An efficient combi oven uses about 20% less energy, raises productivity by 50% and cuts cooking time by 10%.","Fridge: 384 kWh/year less electricity. Warewasher: up to 15% less energy, up to 25% less water and 0.4 L less rinse water/cycle. Combi oven: approximately 20% less energy, 50% higher productivity and 10% shorter cooking time.",Fridge: 672 − 288 = 384 kWh/year. Warewasher: 15%; 25%; 0.4 L/cycle. Combi oven: 20%; 50%; 10%.,"Fridge energy: Nisbets product pages cited in Y29. Warewasher: https://www.cs-catering-equipment.co.uk/winterhalter-pt-m-pass-through-glasswasher-energyplus. Combi oven energy: RATIONAL 2023 non-financial report: https://www.rational-online.com/media/investor-relations/veroeffentlichungen-gj-2023/rational-ag---non-financial-report-2023.pdf; productivity and cooking time: RATIONAL, The iCombi Pro: https://www.rational-online.com/en_gb/news/the-icombi-pro-by-rational.php. Accessed 10 Aug 2026.","Hotels & Restaurants: Modular refrigerated equipment – Whitbread Oxford Beefeater
Whitbread’s all-electric “Kitchen of the Future” replaced traditional undercounter cabinets, which required more space and slower ingredient access, with Adande VCS2 and VCR2 modular drawers at key kitchen stations. Each drawer can operate as chilled or frozen storage, reusable worktops and heat shields reduce replacement waste, and energy monitors at Oxford and Reading established the baseline; the trial confirmed 46% lower refrigeration energy, 13% more gastronorm capacity and about 7 seconds saved per opening, equal to roughly 4 staff hours per kitchen per day, alongside lower meat shrinkage and easier cleaning. [1]",Energy Technology List Whitbread Refrigeration Case — https://etl.energysecurity.gov.uk/case-studies/adande-refrigeration-helps-whitbread-cut-energy-use-46-percent [1]
Energy & Buildings,Capital Goods (sub group supply chain),"Design buildings and fit-outs for adaptability, disassembly and material recovery",No,"Restaurants, QSRs, Pubs/Bars/Breweries, Hotels, Experiential Leisure; Contract Caterers only where delegated asset/capital control is documented","Exclude sites where the operator does not control the relevant asset, utility, specification or capital decision.","Design layouts, modules and reversible connections so future changes can occur with less demolition and components can be recovered intact.","Hospitality layouts and brand formats change frequently. Adaptable and demountable fit-outs allow future reconfiguration with less closure time, capex and waste, while preserving the recoverable value of partitions, finishes and components.",Define likely change scenarios; standardise modules; prefer reversible connections; document disassembly sequence and material passport; protect access for maintenance and removal.,% of projects with adaptability/disassembly plan; recoverable component value or mass,"Using demountable partitions, reusable doorsets and reconfigurable layouts requires design and supplier fees plus component and material costs; budget per project, m² or component.",,,,"Using demountable partitions and reusable doorsets can reduce embodied carbon by 91%, avoiding 11.21 tCO₂e in the cited fit-out.",91% lower embodied carbon; 11.21 tCO₂e avoided,12.32 tCO₂e − 1.11 tCO₂e = 11.21 tCO₂e; 11.21 ÷ 12.32 = 91%,"Komfort, Used to Reuse – London fit-out: 70 linear metres of glass partitioning and 14 doorsets were reinstalled; supplier calculations report 91% lower embodied carbon versus new systems, avoiding 11.21 tCO₂e across manufacturing, transport and installation. The 12.32 tCO₂e baseline and 1.11 tCO₂e reuse result are algebraically reconstructed from the published 91% and 11.21 tCO₂e figures; this is a demountable-partition case, not a whole-project average.","The reconfigurable fit-out was delivered in 12 months, while adaptability payback was not disclosed.",12-month fit-out programme; adaptability payback not disclosed,Published delivery period; no attributable adaptability cash flow,"UKGBC, JLL – Manchester office fit-out case study. https://ukgbc.org/resources/jll-manchester-office-fit-out/",Using reconfigurable layouts made 90% of the floorplate adaptable and reduced future strip-out and refit.,90% of floorplate reconfigurable; fixtures and furnishings demountable,Published JLL design outcome,"UKGBC, JLL – Manchester office fit-out case study. https://ukgbc.org/resources/jll-manchester-office-fit-out/","Cross-sector: Adaptable and demountable fit-out – JLL Manchester
A fit-out designed for reuse and reconfiguration achieved 38% lower upfront embodied carbon, reused more than 500 items, made 90% of the floorplate reconfigurable and saved £40,000 through second-hand furniture. [1]

Cross-sector: Design for disassembly and reuse – Timber Square
Reusing about 80% of the original structure saved 7,300 tCO₂ and established recoverable component strategies for future building changes. [2]","UKGBC JLL Manchester Fit-Out Case — https://ukgbc.org/resources/jll-manchester-office-fit-out/ [1]
UKGBC Timber Square Case — https://ukgbc.org/resources/timber-square/ [2]"
Energy & Buildings,Capital Goods (sub group supply chain),Commission new buildings and major refurbishments against designed operational performance,No,"Restaurants, QSRs, Pubs/Bars/Breweries, Hotels, Experiential Leisure; Contract Caterers only where delegated asset/capital control is documented","Exclude sites where the operator does not control the relevant asset, utility, specification or capital decision.","Test systems at handover and through seasonal operation, train operators and verify that controls and energy performance match design intent.","Complex building systems often consume more energy or deliver poorer comfort than the design intended. Commissioning identifies defects before they become routine, closes the design-to-operation gap and protects investment, guest comfort and operator training.",Define commissioning plan at design; witness installation/testing; validate controls and metering; train operators; complete seasonal reviews; compare 12-month energy with target and rectify defects.,% of projects with seasonal commissioning and 12-month performance verification; design-to-operation energy gap,"Commissioning BEMS, HVAC, chiller and CHP systems against operational performance requires commissioning specialist, testing, seasonal verification and operator training; budget per project.",,,,Seasonal commissioning converts measured electricity and gas savings into tCO₂e against the design-performance baseline.,,,,"Optimising BEMS, HVAC, chiller and CHP systems had a payback below 12 months in the hotel case.",<12 months,"Published ROI for BEMS, HVAC and CHP optimisation","Optimised, Radisson Blu Hotel Manchester Airport case study, sections ‘The Challenges’ and ‘The Results’. https://www.optimised.net/services/case-studies/radisson-blu","Optimising BEMS, HVAC, chiller and CHP systems reduced total energy use by 30%, including 17% electricity and 41% gas.",Case-specific result: 30% lower total energy use; electricity use reduced by 17%; gas use reduced by 41%.,Total reduction = [(baseline electricity kWh × 17%) + (baseline gas kWh × 41%)] ÷ (baseline electricity kWh + baseline gas kWh) = 30%. The source reports the measured result but does not disclose the baseline electricity/gas split.,"Optimised, Radisson Blu Hotel, East Midlands Airport case study: sub-metering data were used to monitor consumption and establish the operational baseline; HVAC, BEMS, absorption chiller and CHP systems were optimised and continually recommissioned. Reported results: 30% reduction in combined electricity and gas kWh, including 17% electricity and 41% gas reductions. https://www.optimised.net/services/case-studies/radisson-blu. Accessed 10 Aug 2026. This is a site-specific recommissioning/BEMS optimisation case, not a generic new-build commissioning benchmark.","Hotels: Operational commissioning and continuous recommissioning – Radisson Blu
The hotel used its existing submeters and Trend BEMS to collect half-hourly data, identify anomalies and coordinate HVAC, boilers, a 285 kW bio-oil CHP, an absorption chiller and electric chillers that had previously been commissioned separately. Ongoing remote monitoring and repeated retuning reduced total energy by 30%, electricity by 17% and gas by 41%, with under 12-month payback. [1]

Hotels: Existing-building commissioning – Hotel Monaco, Washington DC
The project combined commissioning with targeted efficiency upgrades rather than a single equipment replacement, addressing operating faults and building-system performance. Annual energy use fell 28% and water use 41%, while guest-room temperature complaints fell 11%, linking technical savings with guest comfort. [2]","Optimised Radisson Blu Case Study — https://www.optimised.net/services/case-studies/radisson-blu [1]
U.S. DOE Hotel Monaco Showcase Project — https://betterbuildingssolutioncenter.energy.gov/showcase-projects/general-services-administration-gsa-hotel-monaco [2]"
Energy & Buildings,Capital Goods (sub group supply chain),Apply verified energy-efficiency criteria when replacing kitchen equipment,Replace old kitchen equipment with energy efficient alternatives,"Restaurants, QSRs, Pubs/Bars/Breweries, Hotels, Contract Caterers",Sites without commercial kitchen equipment or procurement authority.,"Require replacement cooking, warewashing, refrigeration and food-service equipment to meet defined, independently verifiable energy-performance criteria.","Commercial kitchen equipment has high energy demand and remains in service for many years. Verified efficiency criteria lock lower running costs into normal replacement cycles across cooking, warewashing, refrigeration and food service without requiring a separate retrofit programme.",Identify replacement cycle and high-load categories; set test-standard/ETL criteria; compare lifetime energy and service; procure; record model; verify representative site consumption.,% of eligible replacement spend meeting ETL/equivalent criteria; annual equipment kWh saved,"Applying ETL-based kitchen-equipment procurement criteria requires criteria development, supplier screening and tender review; budget per equipment category.",ETL access/licence: £0. Internal criteria set-up: site-specific £/equipment category. Ongoing compliance verification: site-specific £/purchase event.,"Set-up cost = specification and approval hours × loaded £/hour. Ongoing unit cost = screening, verification and recording hours × loaded £/hour ÷ purchase events. External ETL fee = £0.","UK Energy Technology List purchaser guidance states that the ETL, its product database and procurement information are free to use: https://etl.energysecurity.gov.uk/purchasers. The ETL practical selection guide defines the purchaser activities: set project requirements; search and filter eligible products; compare verified performance, installation, maintenance and whole-life cost; and review supplier information: https://etl.energysecurity.gov.uk/news-events/news/practical-guide-selecting-etl-listed-products. Accessed 10 Aug 2026. No public hospitality benchmark was identified for the incremental internal hours required to embed and apply these criteria, so member-recorded staff time is required.",Selecting replacement equipment through ETL criteria converts verified equipment kWh savings into tCO₂e.,,,,"Calculate payback for ETL-based procurement as the equipment premium plus criteria and administration cost, divided by verified annual energy and maintenance savings.",,,,Applying ETL-based criteria gives procurement teams independently verified equipment performance and auditable compliance.,No standalone operational-efficiency gain directly attributable. Direct impact: higher procurement compliance and auditable energy-performance evidence.,Compliance rate = eligible replacement spend meeting ETL/equivalent criteria ÷ total eligible replacement spend. Evidence rate = purchase events with verified kWh performance data ÷ total eligible purchase events.,"UK Energy Technology List purchaser guidance defines ETL as a free procurement tool for identifying products with independently verified energy performance: https://etl.energysecurity.gov.uk/purchasers. ETL product-selection guidance requires purchasers to define requirements, compare verified performance and whole-life costs, and retain supplier information: https://etl.energysecurity.gov.uk/news-events/news/practical-guide-selecting-etl-listed-products. Accessed 10 Aug 2026. Equipment energy savings are downstream replacement outcomes and are excluded here to avoid double counting.","Pubs: Verified efficient refrigeration – Greene King Punch and Judy
Greene King used the Energy Technology List as a procurement screen, replacing 8 older mixed-manufacturer double-door bottle coolers with ETL-listed Rhino units selected for rapid pull-down, efficient components and lower energy use. Consumption fell from 4.71 kWh to 0.81 kWh per unit per day, saving about £2,500 per year; reported fan life increased from about 4 to nearly 8 years. [1]

Contract Catering Benchmark: Efficient equipment selection – Carbon Trust
The sector study recommends using verified efficiency criteria at equipment specification, supported by sub-metering to confirm operating performance and shared-investment models where the caterer operates equipment but the client controls capital budgets. This allows lower-energy kitchen equipment to be selected and its savings assigned between the parties. [2]","Energy Technology List Greene King Case — https://etl.energysecurity.gov.uk/case-studies/etl-approved-rhino-products-keep-drinks-cool-punch-and-judy-pub [1]
Carbon Trust Contract Catering Equipment Study — https://www.carbontrust.com/our-work-and-impact/guides-reports-and-tools/industrial-energy-efficiency-contract-catering-sector [2]"
Energy & Buildings,Capital Goods (sub group supply chain),Assess the feasibility of hydrogen-ready kitchen equipment,Explore installation of hydrogen-ready kitchen equipment,"Restaurants, QSRs, Pubs/Bars/Breweries, Hotels and Contract Caterers with relevant gas cooking loads","Sites without a credible hydrogen supply, safety case, infrastructure route or equipment need.","Monitor hydrogen-ready commercial-kitchen technology and assess it only where a credible fuel supply, infrastructure route, safety case and operational need exist. Do not treat the assessment as a commitment to purchase or install equipment.","Hydrogen supply, infrastructure, equipment availability and whole-system efficiency remain uncertain for commercial kitchens. A structured feasibility assessment prevents stranded investment and compares the option fairly with efficient electric alternatives before capital is committed.","Define use case; confirm supply/infrastructure horizon; assess safety, ventilation and training; compare whole-system efficiency/carbon/cost; record decision trigger and review date.","Feasibility decision documented; projected whole-system kWh, tCO2e and cost versus efficient electric baseline","Assessing hydrogen-ready kitchen equipment requires specialist assessment, staff time and programme management; budget per portfolio, site or project.",,,,Assessing hydrogen-ready equipment compares projected tCO₂e with an efficient electric-kitchen baseline.,,,,Compare the assessment and proposed-system cost for hydrogen-ready equipment with an efficient electric-kitchen baseline.,,,,Assessing hydrogen-ready equipment identifies infrastructure requirements earlier and reduces the risk of premature equipment decisions.,"improved future-readiness, earlier identification of infrastructure and operational requirements, and reduced risk of premature equipment investment.","Assess hydrogen supply horizon, equipment compatibility, safety, ventilation and training requirements; compare whole-system options; document the decision trigger and review date before capital commitment.","National Gas Metering developed a working industrial kitchen prototype powered entirely by hydrogen and reports safe operation without compromising food quality, demonstrating the value of testing equipment, safety and performance before wider adoption: https://www.nationalgas.com/metering/ngm-case-studies/national-gas-metering-develop-worlds-first-hydrogen-powered-commercial. National Gas FutureGrid uses controlled testing to develop safety standards and operational processes for future hydrogen infrastructure: https://www.nationalgas.com/future-energy/futuregrid. Accessed 10 Aug 2026. The stated impact is a prospective governance and investment-risk benefit of completing the feasibility assessment.","Commercial Kitchens: Hydrogen-powered kitchen prototype – National Gas Metering
A working industrial kitchen was developed and tested entirely on hydrogen, demonstrating equipment operation and food-quality performance before wider infrastructure investment. [1]",National Gas Metering Hydrogen Kitchen Case — https://www.nationalgas.com/metering/ngm-case-studies/national-gas-metering-develop-worlds-first-hydrogen-powered-commercial [1]
Energy & Buildings,"Leased, Tenanted & Franchised Sites",Apply environmental-performance criteria when selecting leased sites,Lease locations in low impact buildings.,"Restaurants, QSRs, Pubs/Bars/Breweries, Hotels, Contract Caterers, Experiential Leisure",Owned freehold acquisitions assessed under the capital-project process.,"Assess building energy, EPC, utility/meter access, equipment control, renewable procurement and improvement rights before selecting a leased location.","A lease decision can lock an operator into poor energy performance, limited metering and weak improvement rights for years. Screening sites before commitment exposes hidden operating and upgrade costs and avoids locations where the operator cannot control material impacts.",Set minimum criteria; request bills/EPC/meter and plant data; assess control boundary; estimate normalised energy; price required improvements; include outcome in site approval.,% of new leases assessed against energy/EPC/metering/control criteria; % meeting minimum standard,"Screening leased sites for metering, EPC, data and improvement rights requires legal review, stakeholder coordination and contract administration; budget per site or agreement.",,,,"Screening leased sites quantifies the tCO₂e avoided through stronger metering, control and improvement rights.",,,,Evaluate environmental site screening using the assessment cost per site and the cost delta between shortlisted locations.,,,,"Screening leased sites avoids locations with weak metering, data access, equipment control or improvement rights.","Avoids committing to sites with weak metering, data, control or improvement rights",Assess these rights and responsibilities before lease approval,"Better Buildings Partnership, Green Lease Toolkit: Green Lease Clauses, refreshed March 2026; topic list and legal disclaimer. https://www.betterbuildingspartnership.co.uk/green-lease-toolkit/green-lease-clauses","Cross-sector: Environmental criteria for occupied buildings – York House
The landlord and occupier converted broad environmental aims into operating criteria by forming an Environmental Management Group, assigning responsibilities, installing automatic 15-minute energy monitoring and creating an annual Environmental Action Plan. Separating landlord-controlled common-area and HVAC loads from occupier-controlled loads helped identify accountable actions, reducing annual energy by 1.1 million kWh and saving £63,000 and 416 tCO₂. [1]",Better Buildings Partnership York House Case — https://www.betterbuildingspartnership.co.uk/sites/default/files/media/attachment/BBP%20Green%20Building%20Managment%20Toolkit.pdf [1]
Energy & Buildings,"Leased, Tenanted & Franchised Sites",Apply energy and carbon criteria to lease renewals and franchise onboarding,No,"Restaurants, QSRs, Pubs/Bars/Breweries, Hotels, Contract Caterers, Experiential Leisure",Owned sites and existing franchise operations outside a renewal/onboarding event.,Use defined performance thresholds and improvement-plan requirements when renewing leases or onboarding franchise locations.,"Lease renewal and franchise onboarding are rare points of commercial leverage. Applying energy and carbon criteria before signature prevents long-term lock-in and secures data, standards or funded improvement actions while terms can still be negotiated.",Set threshold and evidence list; review historic energy and control; identify gaps; agree funded improvement plan and timeline; make approval conditional; track completion.,% of renewals/onboarding decisions passing standard or carrying an approved improvement plan,"Applying energy and carbon criteria at renewal and onboarding requires standard development, evidence review and improvement-plan administration; budget per decision.",,,,Applying renewal and onboarding criteria counts verified tCO₂e from completed funded improvement plans.,,,,Calculate payback for renewal and onboarding criteria as programme and funded improvement-plan costs divided by verified annual savings.,,,,Applying renewal and onboarding criteria links approval to performance evidence and a funded improvement plan.,Makes approval conditional on evidence and a funded improvement plan,"Use performance thresholds, responsibilities and completion dates at the decision gate","Better Buildings Partnership, Green Lease Toolkit: Green Lease Clauses, refreshed March 2026; topic list and legal disclaimer. https://www.betterbuildingspartnership.co.uk/green-lease-toolkit/green-lease-clauses","QSR Franchise: Performance criteria at onboarding – Wendy’s
Wendy’s compared two rebuilt restaurants: the control retained two high-efficiency rooftop units plus dedicated make-up air, while the upgraded design paired lower-airflow kitchen hoods with Trane Voyager rooftop units using eFlex variable-speed compressors. Total energy fell 24% at the upgraded site versus 13% at the control over 8 months, and the equipment package became a standard option for new company and franchise locations. [1]

Leased Buildings: Energy criteria at renewal – York House
The landlord and occupier created a shared baseline using automatic 15-minute monitoring, separated each party’s controlled loads and agreed an Environmental Action Plan with named actions and responsibilities. The programme reduced annual energy by 1.1 million kWh, saving £63,000 and 416 tCO₂. [2]","Trane Wendy’s HVAC Case Study — https://www.trane.com/commercial/north-america/us/en/about-us/newsroom/case-studies/retail/Wendys.html [1]
Better Buildings Partnership York House Case — https://www.betterbuildingspartnership.co.uk/sites/default/files/media/attachment/BBP%20Green%20Building%20Managment%20Toolkit.pdf [2]"
Energy & Buildings,"Leased, Tenanted & Franchised Sites","Include green performance, data and cooperation clauses in leases and franchise agreements",No,"Restaurants, QSRs, Pubs/Bars/Breweries, Hotels, Contract Caterers, Experiential Leisure",Owned sites with no lease/franchise agreement.,"Embed responsibilities for performance, data access, metering, cooperation, improvement works and evidence in the governing agreement.","Split incentives and unclear responsibilities commonly prevent landlords, tenants and franchise partners from acting. Green clauses make data sharing, access, metering, renewable procurement and cost cooperation enforceable, turning viable projects into deliverable actions.",Map operational responsibilities; select BBP-aligned clause strength; adapt to asset and commercial terms; secure legal approval; store obligations; monitor compliance and renewal triggers.,% of agreements containing approved green clauses; clause compliance rate,"Adding green clauses for data, metering, works and renewable electricity requires legal review, stakeholder coordination and contract administration; budget per site or agreement.",,,,Adding green clauses counts verified tCO₂e from the improvement works enabled by the agreement.,,,,Track the value of green clauses through their legal and administration cost and the utility savings from enabled works.,,,,"Adding green clauses clarifies responsibilities for data, metering, works, renewable energy and service charges.","Light/medium/dark clauses cover data, metering, works, renewable energy and service charges",March 2026 clauses support UK asset types; organisation-specific legal advice remains required,"Better Buildings Partnership, Green Lease Toolkit: Green Lease Clauses, refreshed March 2026; topic list and legal disclaimer. https://www.betterbuildingspartnership.co.uk/green-lease-toolkit/green-lease-clauses","Leased Buildings: Green cooperation clauses – York House
The landlord and occupier established a formal Environmental Management Group, named responsible representatives and maintained an annual Environmental Action Plan supported by shared 15-minute energy data. This governance structure turned cooperation commitments into tracked actions, reducing landlord-controlled energy by 32% and occupier-controlled energy by 9%. [1]

Lease Benchmark: Green data and cooperation clauses – Better Buildings Partnership
Model clauses provide practical wording for energy-data sharing, metering, renewable procurement and cooperation on environmental improvements, clarifying what information must be shared and how both parties approve and implement actions. [2]","Better Buildings Partnership York House Case — https://www.betterbuildingspartnership.co.uk/sites/default/files/media/attachment/BBP%20Green%20Building%20Managment%20Toolkit.pdf [1]
Better Buildings Partnership Green Lease Clauses — https://www.betterbuildingspartnership.co.uk/green-lease-toolkit/green-lease-clauses [2]"
Energy & Buildings,"Leased, Tenanted & Franchised Sites","Collect and quality-check energy and emissions data from leased, tenanted and franchised sites",No,"Restaurants, QSRs, Pubs/Bars/Breweries, Hotels, Contract Caterers, Experiential Leisure",Sites outside the agreed organisational/reporting boundary.,"Establish recurring collection, validation, estimation rules and reporting for energy and emissions across leased and franchised sites.","Leased, tenanted and franchised estates often lack complete and comparable energy data. Reliable site data identifies high-cost outliers and billing errors, supports credible disclosures and directs operational support and investment to the locations with the greatest opportunity.",Define boundary and fields; secure data rights; automate supplier/meter feeds where possible; validate completeness/outliers; document estimates; report trend by control type.,"% of sites providing complete, timely energy data; % of consumption based on primary data","Cost benchmarks for the energy-data platform are smart-meter installation/data access £0; platform £10,781.25/year for up to 2,500 meters; additional meter £82.80/year.","Smart-meter installation and data access: £0/supply point. Energy-data platform: £10,781.25/year including support, up to 2,500 meters. Additional meter: £82.80/meter/year including support. PDF invoice automation: £690/year including support plus £0.50/invoice.","£0 + £0 = £0. £9,375 × 1.15 = £10,781.25. £6 × 12 × 1.15 = £82.80. £50 × 12 × 1.15 = £690; £0.50/invoice.","DESNZ Public Sector Smart Meter Guide: suppliers generally install smart meters at no additional cost; businesses can request the previous year's smart-meter energy data free of charge: https://assets.publishing.service.gov.uk/media/666c802cfdbf70d6d79d96d0/smart-meters-public-sector-introductory-guide.pdf. SystemsLink G-Cloud 14 standard list price: Energy Manager £9,375/year for up to 2,500 meters; additional meters £6/month; PDF Auto £50/month plus £0.50/invoice; 15% support and maintenance applies to licence costs: https://assets.applytosupply.digitalmarketplace.service.gov.uk/g-cloud-14/documents/719761/261750624610855-pricing-document-2024-05-03-1321.pdf. SystemsLink states the platform supports automated imports from invoices, half-hourly meters, AMR and BMS, with data validation and tolerance checks: https://systems-link.com/software/energy-management-software/. Accessed 10 Aug 2026. G-Cloud prices are public market benchmarks, not hospitality supplier quotes; internal staff time, consent management, data cleansing, integration and exceptional meter works are excluded.",Collecting smart-meter data through a central energy-data platform is quantified using verified tCO₂e/site/year from completed actions.,Enabled downstream abatement: tCO₂e/site/year or tCO₂e/meter/year from verified reductions identified through the data system; no abatement is credited for data collection alone.,"Per site or meter = Σ[(weather/activity-adjusted baseline kWh − actual kWh) × reporting-year fuel-specific kgCO₂e/kWh] ÷ 1,000. Portfolio abatement = sum of verified site/action results.","DESNZ 2026 conversion factors convert verified electricity and fuel activity data into CO₂e: https://www.gov.uk/government/publications/greenhouse-gas-reporting-conversion-factors-2026. DESNZ smart-meter guidance states that savings are driven by organisations engaging with the data, identifying waste and acting on the insights, rather than by data collection alone: https://assets.publishing.service.gov.uk/media/666c802cfdbf70d6d79d96d0/smart-meters-public-sector-introductory-guide.pdf. Accessed 10 Aug 2026. Attribute only implemented downstream actions and avoid double counting.","The energy-data platform breaks even at 44,661 kWh for the base service, 17.9 kWh per meter at 2,500 meters and 343 kWh per additional meter.","Indicative electricity-only annual break-even: 44,661 kWh for the base platform; 17.9 kWh/meter at 2,500 meters; 343 kWh per additional meter; PDF automation 2,858 kWh plus 2.07 kWh per invoice.","£10,781.25 ÷ £0.2414/kWh = 44,661 kWh; 44,661 ÷ 2,500 = 17.9 kWh/meter. £82.80 ÷ £0.2414 = 343 kWh. £690 ÷ £0.2414 = 2,858 kWh; £0.50 ÷ £0.2414 = 2.07 kWh/invoice.","SystemsLink G-Cloud 14 pricing provides the annual platform, additional-meter and PDF automation costs used in T37: https://assets.applytosupply.digitalmarketplace.service.gov.uk/g-cloud-14/documents/719761/261750624610855-pricing-document-2024-05-03-1321.pdf. DESNZ Quarterly Energy Prices June 2026 reports a Q1-2026 average UK non-domestic electricity price including Climate Change Levy of 24.14 p/kWh: https://www.gov.uk/government/statistics/quarterly-energy-prices-june-2026. Accessed 10 Aug 2026. These are minimum enabled-saving thresholds, not observed ROI; actual thresholds are higher where internal staff, integration or exceptional meter works are required.","Using the energy-data platform costs £4.31 per meter per year at full utilisation and centrally manages up to 2,500 meters.","At full utilisation: £4.31/meter/year platform cost intensity and central management of up to 2,500 meter data points; automated readings and invoice/meter imports reduce manual collection and improve completeness, billing accuracy and auditability.","£10,781.25 ÷ 2,500 = £4.31/meter/year. Data coverage = complete and timely sites ÷ in-scope sites. Primary-data rate = verified kWh ÷ total reported kWh. Automation rate = automatically imported records ÷ total records. QA intensity = validation hours ÷ meters.","SystemsLink standard pricing defines the base capacity as up to 2,500 meter data points: https://assets.applytosupply.digitalmarketplace.service.gov.uk/g-cloud-14/documents/719761/261750624610855-pricing-document-2024-05-03-1321.pdf. SystemsLink describes automated imports from invoices, half-hourly meters, AMR and BMS plus validation and tolerance checks: https://systems-link.com/software/energy-management-software/. DESNZ guidance confirms that smart meters provide automatic readings, reduce manual meter reads and estimated billing, and improve monitoring and management: https://assets.publishing.service.gov.uk/media/666c802cfdbf70d6d79d96d0/smart-meters-public-sector-introductory-guide.pdf. Accessed 10 Aug 2026.","Leased Buildings: Shared energy-data controls – York House
Automatic meters recorded energy at 15-minute intervals and the landlord and occupier separated common-area and central-HVAC loads from tenant-controlled consumption, replacing a single undifferentiated building total with accountable datasets. The shared monitoring and action plan supported a 1.1 million kWh annual reduction, £63,000 saving and 416 tCO₂ reduction. [1]",Better Buildings Partnership York House Case — https://www.betterbuildingspartnership.co.uk/sites/default/files/media/attachment/BBP%20Green%20Building%20Managment%20Toolkit.pdf [1]
Energy & Buildings,"Leased, Tenanted & Franchised Sites",Secure rights and approval routes for environmental improvements in leased sites,No,"Restaurants, QSRs, Pubs/Bars/Breweries, Hotels, Contract Caterers, Experiential Leisure",Owned sites and leases where all relevant rights already exist.,"Agree alterations, access, reinstatement, metering and plant-control rights so qualifying tenant or landlord improvements can be implemented.","Cost-effective improvements can remain blocked by consent, access, reinstatement or plant-control restrictions. Securing clear approval routes reduces project delays and wasted feasibility work and allows operators to deliver savings during practical maintenance or refurbishment windows.","Identify blocked measures; review lease and landlord process; propose rights/consent protocol; agree evidence, access and reinstatement; record approval route and responsible contacts.",% of priority leases with improvement rights; median approval time; blocked projects released,"Securing landlord and tenant approval routes for improvement works requires legal review, stakeholder coordination and contract administration; budget per site or agreement.",,,,Securing approval routes counts verified tCO₂e from improvement projects released for delivery.,,,,"Track approval-route value through legal and administration cost, projects released and approval delays avoided.",,,,Securing approval routes shortens approvals and releases projects blocked by missing access or alteration rights.,"Clause routes cover landlord works, tenant alterations and EPC-improving alterations",Use the relevant works/alterations route to release blocked measures,"Better Buildings Partnership, Green Lease Toolkit: Green Lease Clauses, refreshed March 2026; topic list and legal disclaimer. https://www.betterbuildingspartnership.co.uk/green-lease-toolkit/green-lease-clauses","Cross-sector: Landlord-occupier approval routes – York House
A formal Environmental Management Group gave landlord and occupier representatives a route to review performance, assign responsibilities and approve an annual Environmental Action Plan using shared 15-minute energy data. Coordinated building and operational changes contributed to 32% lower landlord-controlled energy and 9% lower occupier-controlled energy. [1]

Food & Beverage / Leased Site: Green lease rights – The Coffee House
At a 10-year lease renewal, the tenant and university landlord added utility-data sharing and provisions covering lighting, windows and HVAC so identified improvements could be approved and implemented. The supporting audit identified 12% electricity and 32% gas reduction potential with 2.9-year payback. [2]","Better Buildings Partnership York House Case — https://www.betterbuildingspartnership.co.uk/sites/default/files/media/attachment/BBP%20Green%20Building%20Managment%20Toolkit.pdf [1]
City Energy Project The Coffee House Green Lease Case — https://www.cityenergyproject.org/wp-content/uploads/2018/02/The_Coffee_House_Green_Lease_Case_Study.pdf [2]"
Energy & Buildings,"Leased, Tenanted & Franchised Sites",Enable renewable electricity procurement under lease and franchise arrangements,No,"Restaurants, QSRs, Pubs/Bars/Breweries, Hotels, Contract Caterers, Experiential Leisure",Sites where electricity procurement is outside operator influence and no cooperation route exists.,"Establish landlord, tenant or franchisor routes for renewable electricity where responsibility, metering, evidence and contractual rights permit.","Electric kitchens, refrigeration and guest facilities make purchased electricity a material source of cost and emissions. An approved procurement route lets leased and franchised sites reduce market-based Scope 2 emissions without owning the building assets.",Map procurement responsibility; define quality criteria; review existing supply contract; select tariff/PPA/landlord route; secure evidence; track renewable share and renewal date.,% of eligible leased/franchised electricity under an approved renewable procurement route,Procuring renewable electricity through qualifying contracts incurs legal and procurement costs plus the tariff or PPA £/kWh delta; budget per supply point or site.,,,,"Procuring qualifying renewable electricity changes contract-specific market-based Scope 2 tCO₂e/year, with supplier-evidenced physical abatement reported separately.",Market-based Scope 2 effect: contract-specific tCO₂e/year from eligible renewable electricity. Physical/additional abatement: supplier-evidenced tCO₂e/year only.,"Market-based effect = eligible kWh × (pre-change supplier factor; otherwise residual-mix factor; otherwise grid-average factor − post-change supplier/product factor) ÷ 1,000. Landlord route: use only kWh explicitly allocated to the tenant and covered by retired certificates. Additional abatement = eligible kWh × supplier-evidenced additional kgCO₂e/kWh ÷ 1,000. Report location-based emissions separately and unchanged.","GHG Protocol Scope 2 Guidance/FAQ requires market-based emissions to use qualifying contractual instruments and the most appropriate available supplier/product-specific, residual-mix or grid-average factor, while location-based and market-based results are reported separately: https://ghgprotocol.org/scope-2-frequently-asked-questions. GHG Protocol tenant guidance requires landlord-purchased energy attribute certificates to be transparently allocated, with tenant allocations not exceeding the quantity purchased and no landlord/tenant double counting: https://ghgptechassistance.zendesk.com/hc/en-us/articles/37755237431700-Can-Tenants-Claim-Renewable-Electricity-if-Landlord-Purchases-EACs-Criteria-and-Documentation-Needed. Ofgem states that one REGO represents 1 MWh of eligible renewable generation and supports fuel-mix transparency: https://www.ofgem.gov.uk/environmental-and-social-schemes/renewable-energy-guarantees-origin-rego. UK Government 2026 conversion factors provide the reporting-year grid-average electricity factor for the separate location-based calculation: https://www.gov.uk/government/publications/greenhouse-gas-reporting-conversion-factors-2026. Accessed 10 Aug 2026. Renewable procurement does not reduce site kWh; do not describe the market-based accounting difference as physical abatement unless additional carbon savings are evidenced.",The annual cost or saving from renewable electricity procurement equals eligible kWh multiplied by the tariff or PPA £/kWh delta.,Not calculable from a public benchmark,Annual kWh × supplier tariff/PPA £/kWh delta,"Better Buildings Partnership, Green Lease Toolkit: Green Lease Clauses, refreshed March 2026; topic list and legal disclaimer. https://www.betterbuildingspartnership.co.uk/green-lease-toolkit/green-lease-clauses Renewable-energy clause topic; supplier pricing is required.",Reporting both market-based and location-based Scope 2 results strengthens renewable-procurement claims and carbon disclosure.,Dual Scope 2 reporting preserves commercial and carbon transparency,Report location-based and market-based totals separately where contractual data are available,"GHG Protocol, Scope 2 Guidance and FAQ: dual location-based and market-based reporting; supplier/product-specific factors apply to qualifying contractual instruments. https://ghgprotocol.org/scope-2-frequently-asked-questions","Hotels: Renewable electricity procurement – UK national hotel operator
A national hotel operator moved 75% of electricity demand to certified renewable supply backed by REGOs, contributing to a 22% reduction in total energy consumption and an estimated £1.1 million annual saving. [1]

Hotels: 100% renewable electricity procurement – RIU Hotels Spain
A long-term contract supplies about 70 GWh per year of 100% renewable electricity to 27 hotels and more than 11,000 rooms, avoiding 30,000 tCO₂ per year. [2]","GreenPark / Energy & Carbon Management Hotel Operator Case — https://www.greenparkhotelsandresorts.com/portfolio-items/national-hotel-operator-saving-22-in-total-energy-consumption/ [1]
Iberdrola RIU Hotels Renewable Electricity Agreement — https://www.iberdrola.com/press-room/news/detail/iberdrola-to-supply-green-energy-to-riu-hotels-and-resorts-hotels-and-headquarters-in-spain [2]"
Energy & Buildings,"Leased, Tenanted & Franchised Sites","Agree landlord-tenant decarbonisation plans with actions, funding and accountability",Engage with landlord to reduce emissions from leased facilities,"Restaurants, QSRs, Pubs/Bars/Breweries, Hotels, Contract Caterers, Experiential Leisure",Owned sites or leases with no shared building/utility responsibility.,"Agree a site-level improvement plan that allocates actions, access, funding, cost sharing, data and review responsibilities between landlord and occupier.","Shared buildings create split responsibilities in which neither landlord nor occupier can deliver the full opportunity alone. A funded joint plan aligns maintenance, capex, access and lease timing, converting engagement into accountable actions and whole-building savings.",Build shared baseline; separate owner/occupier loads; prioritise measures; assign owner/funding/timeline; agree data and review forum; track implementation and verified results.,% of priority leased sites with signed plan; actions completed; owner/occupier kWh saved,"Agreeing landlord-tenant action plans with funding and named owners requires specialist assessment, staff time and programme management; budget per portfolio, site or project.",Not publicly disclosed (£/plan and implemented measures),N/A,"Better Buildings Partnership, Green Building Management Toolkit, York House case study, PDF pp.4 and 7–8. https://www.betterbuildingspartnership.co.uk/sites/default/files/media/attachment/BBP%20Green%20Building%20Managment%20Toolkit.pdf York House publishes annual outcomes but not total programme cost.",Completing actions under the signed landlord-tenant plan produces verified tCO₂e savings per site per year.,Enabled downstream abatement: verified tCO₂e/site/year from actions completed under the signed landlord-tenant plan; no standalone abatement credited to the plan itself.,"Σ completed actions [(weather/activity-adjusted baseline kWh − actual kWh) × reporting-year fuel-specific kgCO₂e/kWh] ÷ 1,000. Separate landlord- and occupier-controlled loads; assign each action and saving once.","Better Buildings Partnership, Green Building Management Toolkit: York House reported a 1.1 million kWh annual reduction, 416 tonnes CO₂ and £63,000 saving in 2010 versus the previous year after a Green Building Management Group was formed. These are direct published whole-building outcomes, not a calculation from the current UK carbon factor and not attributable to the joint plan alone. The same guidance recommends establishing a baseline, separating central HVAC/common-area and occupier loads, maintaining an Environmental Action Plan and reporting completed actions: https://www.betterbuildingspartnership.co.uk/sites/default/files/media/attachment/BBP%20Green%20Building%20Managment%20Toolkit.pdf, pp.4 and 6–8. Accessed 10 Aug 2026. Use the case only as evidence that landlord-occupier coordination can enable results; calculate member abatement from verified completed actions.",Calculate payback for the landlord-tenant plan as recorded plan and action cost divided by verified annual benefit per site.,Plan-enabled financial benefit: verified £/site/year from completed actions; simple payback based on recorded plan-development and allocated action costs.,Annual benefit = Σ[(weather/activity-adjusted baseline kWh − actual kWh) × applicable £/kWh] + verified maintenance savings. Simple payback = (plan-development cost + allocated implemented-action cost) ÷ verified annual benefit. Assign each cost and saving once to the landlord or occupier.,"Better Buildings Partnership, Green Building Management Toolkit reports that York House achieved £63,000 annual savings alongside a 1.1 million kWh reduction after landlord-occupier coordination, but does not disclose total programme cost or isolate the financial contribution of the plan itself. The toolkit recommends a shared baseline, Environmental Action Plan, named responsibilities and reporting of completed actions: https://www.betterbuildingspartnership.co.uk/sites/default/files/media/attachment/BBP%20Green%20Building%20Managment%20Toolkit.pdf, pp.4 and 6–8. Accessed 10 Aug 2026. Use verified member tariffs, action costs and measured savings rather than the York House figure.","Agreeing funded landlord-tenant action plans improves completion, accountability and the release of blocked projects.","Direct impact: higher action-completion and accountability, faster resolution of landlord-occupier dependencies, and more blocked improvement projects released into delivery.",Action-completion rate = completed actions ÷ agreed actions. Funded-action rate = actions with confirmed funding ÷ agreed actions. On-time rate = actions completed by agreed date ÷ actions due. Released-project rate = previously blocked projects approved ÷ blocked projects identified. Median delivery time = completion date − plan approval date.,"Better Buildings Partnership, Green Building Management Toolkit recommends creating and maintaining an Environmental Action Plan that assigns actions to landlord and occupier, records timeframes and priorities, monitors progress and reports annually; York House used a Green Building Management Group and action plan to coordinate measures: https://www.betterbuildingspartnership.co.uk/sites/default/files/media/attachment/BBP%20Green%20Building%20Managment%20Toolkit.pdf, pp.6–8. Accessed 10 Aug 2026. Energy and cost outcomes from completed measures are tracked separately to avoid double counting.","Cross-sector: Funded landlord-tenant decarbonisation plan – York House
The landlord and occupier built a common evidence base through automatic 15-minute monitoring, formed an Environmental Management Group and assigned actions through an annual plan, enabling responsibilities and benefits to be split between the parties. The programme reduced annual energy by 1.1 million kWh, saving £63,000 and avoiding 416 tCO₂. [1]

Cross-sector: Green lease and funded refurbishment plan – Hollywood House
A green lease and memorandum of understanding allocated the scope of works, capital contributions, savings and payback responsibilities for a £3.2 million refurbishment, converting cooperation into a funded delivery plan. The completed works reduced energy by 45%, carbon by 55% and water use by 55%. [2]","Better Buildings Partnership York House Case — https://www.betterbuildingspartnership.co.uk/sites/default/files/media/attachment/BBP%20Green%20Building%20Managment%20Toolkit.pdf [1]
CIBSE Hollywood House Green Lease Case — https://www.cibse.org/knowledge-research/knowledge-portal/cibse-case-study-green-lease-on-1980s-block/ [2]"
Energy & Buildings,"Leased, Tenanted & Franchised Sites",Set and monitor energy-performance standards for franchisees,No,"Restaurants, QSRs, Pubs/Bars/Breweries, Hotels and Experiential Leisure with franchise models",Contract Caterers and organisations without franchise operations.,"Define minimum operating, equipment, data and improvement standards for existing franchisees and monitor performance with proportionate escalation.","Franchise estates can have a large aggregate footprint but dispersed operational control. Minimum standards, normalised benchmarking and corrective plans scale proven practices, protect brand consistency and help franchisees reduce energy bills and equipment risk.",Segment franchise archetypes; define minimum standards and evidence; provide tools/training; collect normalised data; benchmark peers; require corrective plan; recognise and escalate performance.,% of franchise sites meeting standard; normalised kWh/site or per cover; corrective plans closed,"Setting franchise HVAC and kitchen standards and monitoring performance requires standard development, franchise engagement, data review and assurance; budget per franchisee or site.",,,,"Applying franchise HVAC and kitchen standards reduced energy use by 21% across 159 restaurants, with carbon calculated from measured fuel and electricity savings.",,,,Calculate programme payback as franchise standard-setting and monitoring cost divided by verified annual utility savings across franchise sites.,,,,"Applying franchise standards reduced energy use by 21% across 159 restaurants; 47 franchisees covering 2,170 restaurants committed to a 20% reduction per transaction over 10 years.","21% energy reduction across 159 restaurants; 47 franchisees/2,170 restaurants committed to 20% per transaction over 10 years",Published Wendy’s franchise programme outcomes,"U.S. DOE Better Buildings Solution Center, ‘Wendy’s Franchisee Carlisle, LLC: Improving Energy Efficiency with Leading Edge HVAC and Kitchen Technology’, published 25 June 2025; Overview. https://betterbuildingssolutioncenter.energy.gov/solutions-at-a-glance/wendys-franchisee-carlisle-llc-improving-energy-efficiency-leading-edge-hvac","QSR Franchise: Energy-performance standards – Wendy’s Carlisle LLC
Applying leading-edge HVAC and kitchen technologies reduced energy use by 21% across 159 restaurants; 47 franchisees representing 2,170 restaurants committed to a 20% reduction per transaction over 10 years. [1]

QSR Network: Green restaurant standards – McDonald’s China
Scaling LEED restaurant design standards across more than 5,000 certified locations by May 2026 standardised lower-impact materials and energy-efficient building systems across the network. [2]","U.S. DOE Wendy’s Franchisee Case — https://betterbuildingssolutioncenter.energy.gov/solutions-at-a-glance/wendys-franchisee-carlisle-llc-improving-energy-efficiency-leading-edge-hvac [1]
McDonald’s China Green Restaurant Programme — https://www.mcdonalds.com.cn/index/News/greenrestaurant5000 [2]"
,,,,,,,,,,,,,,,,,,,,,,,,,,,
,,,,,,,,,,,,,,,,,,,,,,,,,,,
,,,,,,,,,,,,,,,,,,,,,,,,,,,
,,,,,,,,,,,,,,,,,,,,,,,,,,,
,,,,,,,,,,,,,,,,,,,,,,,,,,,
,,,,,,,,,,,,,,,,,,,,,,,,,,,
,,,,,,,,,,,,,,,,,,,,,,,,,,,
,,,,,,,,,,,,,,,,,,,,,,,,,,,
,,,,,,,,,,,,,,,,,,,,,,,,,,,
,,,,,,,,,,,,,,,,,,,,,,,,,,,
,,,,,,,,,,,,,,,,,,,,,,,,,,,
,,,,,,,,,,,,,,,,,,,,,,,,,,,
,,,,,,,,,,,,,,,,,,,,,,,,,,,
,,,,,,,,,,,,,,,,,,,,,,,,,,,
,,,,,,,,,,,,,,,,,,,,,,,,,,,
,,,,,,,,,,,,,,,,,,,,,,,,,,,
,,,,,,,,,,,,,,,,,,,,,,,,,,,
,,,,,,,,,,,,,,,,,,,,,,,,,,,
